# Simplified demo mesh. See README.md for source/license.
# Simplification: vertex clustering grid=0.0020m, degenerate faces removed.
v 0.268825 -0.023928 0.407119
v 0.272254 0.018920 0.408038
v 0.210144 -0.000223 0.391396
v 0.239632 0.010827 0.372064
v 0.239395 0.005302 0.371759
v 0.262176 -0.000203 0.392244
v 0.263379 -0.000223 0.386911
v 0.263002 0.005302 0.386824
v 0.266138 0.015598 0.392541
v 0.266685 0.015599 0.390120
v 0.266749 0.021376 0.389999
v 0.228536 -0.021737 0.382947
v 0.229469 -0.015985 0.380073
v 0.229437 -0.021809 0.380001
v 0.235680 0.021376 0.369174
v 0.235689 0.026433 0.369167
v 0.249516 -0.034746 0.401946
v 0.254800 -0.033920 0.404339
v 0.268825 0.023482 0.407119
v 0.264717 0.027397 0.406019
v 0.216205 0.020546 0.393563
v 0.213829 0.015667 0.392383
v 0.274912 -0.014282 0.408750
v 0.277644 -0.003113 0.409482
v 0.254929 0.032881 0.403396
v 0.228536 0.021291 0.382947
v 0.229437 0.021376 0.380001
v 0.229074 0.015627 0.381261
v 0.222169 0.015565 0.384316
v 0.225976 0.014278 0.385164
v 0.224383 0.014712 0.385168
v 0.227313 0.017922 0.385824
v 0.226475 0.015813 0.385933
v 0.227171 0.016762 0.385682
v 0.223825 0.014727 0.384756
v 0.226598 -0.012423 0.385423
v 0.226325 -0.014101 0.385206
v 0.217383 -0.010052 0.382956
v 0.226390 0.012193 0.385368
v 0.217383 0.009606 0.382956
v 0.222463 -0.015710 0.384369
v 0.219231 -0.014663 0.383451
v 0.227888 -0.012249 0.385666
v 0.226255 -0.015901 0.385539
v 0.223465 -0.015207 0.384676
v 0.221268 -0.017987 0.384233
v 0.221990 -0.020126 0.384280
v 0.224630 -0.021298 0.385400
v 0.224265 -0.021609 0.384844
v 0.227193 -0.019248 0.385688
v 0.226942 -0.017470 0.386552
v 0.227203 -0.018071 0.386063
v 0.225555 -0.021306 0.385208
v 0.221202 -0.018222 0.385014
v 0.221752 -0.016416 0.385162
v 0.235451 0.010859 0.377175
v 0.235105 0.005302 0.377007
v 0.232627 0.005319 0.384392
v 0.233963 0.010847 0.381447
v 0.234269 0.005302 0.379125
v 0.267901 0.014523 0.396479
v 0.269428 0.014665 0.396936
v 0.267138 0.012569 0.396288
v 0.274541 0.013795 0.398332
v 0.275846 0.009167 0.398621
v 0.271162 -0.016316 0.397440
v 0.274055 -0.014767 0.398159
v 0.270551 -0.015719 0.397267
v 0.269244 -0.015109 0.396935
v 0.268139 -0.015118 0.396577
v 0.267719 -0.014477 0.396430
v 0.262564 -0.005730 0.392211
v 0.266616 -0.015716 0.390053
v 0.265964 -0.015795 0.392973
v 0.266056 -0.021736 0.393000
v 0.265697 -0.017791 0.396285
v 0.266311 -0.019979 0.395959
v 0.269850 -0.021164 0.397103
v 0.269347 -0.021360 0.396931
v 0.271717 -0.019592 0.397778
v 0.271661 -0.018044 0.397861
v 0.267921 -0.021606 0.396499
v 0.267314 -0.020946 0.396438
v 0.266341 -0.020285 0.397109
v 0.267095 -0.020919 0.397311
v 0.268263 -0.015207 0.397624
v 0.266686 -0.015804 0.397202
v 0.270471 -0.020606 0.397737
v 0.272082 0.018380 0.397746
v 0.266056 0.021291 0.393000
v 0.265713 0.018050 0.396242
v 0.271386 0.016321 0.397633
v 0.270352 0.015259 0.397625
v 0.267739 0.020720 0.396465
v 0.269447 0.020849 0.396960
v 0.266594 0.019916 0.395960
v 0.268184 0.014795 0.397603
v 0.267095 0.015081 0.397311
v 0.266506 0.020025 0.397153
v 0.270429 0.020324 0.397533
v 0.269969 0.014936 0.397426
v 0.229446 0.015736 0.379994
v 0.228615 -0.015806 0.382966
v 0.226072 0.020189 0.385534
v 0.221922 0.019653 0.384253
v 0.221275 0.018070 0.384150
v 0.224009 0.020808 0.385500
v 0.222235 0.015516 0.385291
v 0.221202 0.017025 0.385014
v 0.222406 0.020266 0.385337
v 0.227378 0.021291 0.384525
v 0.227377 0.019253 0.384525
v 0.233494 -0.021809 0.371470
v 0.233489 -0.026832 0.371476
v 0.229660 -0.013951 0.383723
v 0.230328 -0.014368 0.380433
v 0.250352 -0.027407 0.364399
v 0.250344 -0.021809 0.364391
v 0.242889 0.033794 0.383605
v 0.246808 0.033716 0.379533
v 0.241739 0.032889 0.378174
v 0.231586 0.029102 0.377924
v 0.231410 0.028812 0.377311
v 0.229988 0.028269 0.380136
v 0.230660 0.027774 0.377105
v 0.232347 0.028234 0.374467
v 0.233968 0.028060 0.371884
v 0.238214 0.021376 0.367268
v 0.239209 0.015373 0.366743
v 0.241590 0.015614 0.365600
v 0.247534 0.015664 0.364350
v 0.250531 0.015476 0.364454
v 0.258795 0.015211 0.367395
v 0.261152 0.015310 0.369144
v 0.253462 0.015776 0.364960
v 0.247187 0.027588 0.364480
v 0.250339 0.027535 0.364483
v 0.261685 0.026709 0.369543
v 0.261395 0.028105 0.369889
v 0.263530 0.027905 0.372141
v 0.265242 0.027809 0.374744
v 0.265959 0.028406 0.377802
v 0.267007 0.028044 0.380685
v 0.266975 0.028399 0.383747
v 0.267423 0.027661 0.383769
v 0.266555 0.028689 0.386075
v 0.264541 0.029225 0.393698
v 0.264914 0.028899 0.394178
v 0.257573 0.032528 0.393061
v 0.250867 0.034116 0.396786
v 0.256251 0.032704 0.398229
v 0.228604 0.030962 0.396342
v 0.225566 0.027942 0.390007
v 0.223592 0.028497 0.395814
v 0.227418 0.028012 0.385708
v 0.228340 0.027953 0.384155
v 0.229437 0.029108 0.384000
v 0.229187 0.028746 0.383526
v 0.228669 0.015595 0.382599
v 0.227816 0.015837 0.384072
v 0.228346 0.014163 0.384319
v 0.227676 0.013615 0.385105
v 0.226836 0.015438 0.384857
v 0.226239 0.014672 0.384971
v 0.228147 0.012107 0.385613
v 0.228538 0.010957 0.385939
v 0.230124 -0.000133 0.386226
v 0.229990 0.005167 0.386232
v 0.229974 0.011888 0.385816
v 0.229486 0.013817 0.383562
v 0.228854 0.014927 0.382563
v 0.230042 0.014331 0.380273
v 0.230508 0.014355 0.378244
v 0.229882 0.014104 0.381821
v 0.232361 0.011896 0.384212
v 0.231699 0.011393 0.385683
v 0.230400 0.010662 0.386267
v 0.230325 -0.005480 0.386132
v 0.230183 -0.011730 0.385817
v 0.218827 -0.014871 0.383379
v 0.222011 -0.020186 0.385232
v 0.226226 -0.020515 0.385788
v 0.227088 -0.016959 0.385660
v 0.223828 -0.015179 0.385718
v 0.227808 -0.016073 0.384123
v 0.228597 -0.014681 0.384034
v 0.227994 -0.013712 0.385240
v 0.226792 -0.015834 0.384878
v 0.231079 -0.011432 0.385169
v 0.231443 -0.011753 0.383932
v 0.230831 -0.012446 0.384729
v 0.232306 -0.011768 0.381175
v 0.233950 -0.011843 0.376272
v 0.233154 -0.011413 0.378748
v 0.239158 -0.000223 0.371454
v 0.237705 0.005302 0.373285
v 0.234502 0.010887 0.379682
v 0.234060 0.011665 0.379720
v 0.235399 0.011190 0.377151
v 0.236401 0.011512 0.375146
v 0.237813 0.011503 0.373389
v 0.233141 0.011451 0.383708
v 0.231866 0.010810 0.385773
v 0.233677 0.011255 0.382227
v 0.232781 0.010874 0.384920
v 0.230138 -0.010849 0.386163
v 0.231418 -0.000140 0.385617
v 0.232098 -0.000193 0.384625
v 0.231784 0.005294 0.385545
v 0.231883 -0.005730 0.384186
v 0.232469 0.012371 0.382578
v 0.231146 0.013203 0.382126
v 0.231987 0.013178 0.378427
v 0.231875 0.014155 0.375445
v 0.234227 0.012392 0.376585
v 0.235615 0.013494 0.371308
v 0.237567 0.013557 0.369403
v 0.238056 0.012314 0.371978
v 0.238574 0.012640 0.370701
v 0.232530 0.012689 0.380168
v 0.236043 0.011991 0.374899
v 0.239501 0.011445 0.371896
v 0.243449 0.011410 0.369784
v 0.245473 0.012088 0.368514
v 0.245618 0.011303 0.369233
v 0.247816 0.011782 0.368554
v 0.252655 0.012563 0.367970
v 0.254511 0.011714 0.369859
v 0.256358 0.011360 0.371205
v 0.261293 0.011741 0.375807
v 0.262202 0.011501 0.377900
v 0.260943 0.011191 0.376016
v 0.262798 0.011506 0.380085
v 0.263386 0.011761 0.382292
v 0.263851 0.012400 0.379834
v 0.263500 0.012164 0.386938
v 0.264052 0.012534 0.387452
v 0.265971 0.014336 0.390229
v 0.264633 0.013034 0.388741
v 0.266341 0.014106 0.388146
v 0.263093 0.012690 0.391804
v 0.262077 0.011547 0.390186
v 0.263623 0.012806 0.390407
v 0.262600 0.011603 0.388157
v 0.262775 0.011401 0.386771
v 0.261855 0.011721 0.392274
v 0.262131 0.011498 0.393877
v 0.262090 0.010732 0.394223
v 0.262186 0.005276 0.394130
v 0.262347 -0.000133 0.393996
v 0.262654 -0.005517 0.394408
v 0.262800 -0.011444 0.394103
v 0.262823 -0.010884 0.394754
v 0.263942 -0.011703 0.395294
v 0.263322 -0.010837 0.395209
v 0.265346 -0.011920 0.395776
v 0.266070 -0.014000 0.395666
v 0.263381 -0.012326 0.394439
v 0.261797 0.005316 0.392301
v 0.261405 0.010860 0.392350
v 0.262888 -0.011540 0.392693
v 0.263130 -0.012028 0.392264
v 0.264389 -0.011990 0.387024
v 0.264535 -0.011455 0.384539
v 0.264108 -0.005748 0.384628
v 0.263314 0.005302 0.382296
v 0.263322 -0.000223 0.379959
v 0.262946 0.005302 0.380048
v 0.262632 0.010950 0.386738
v 0.262955 0.010890 0.384545
v 0.262976 0.011076 0.384547
v 0.263553 0.011763 0.384589
v 0.262246 0.005302 0.377882
v 0.261555 -0.000223 0.375649
v 0.261224 0.005302 0.375847
v 0.258566 -0.000223 0.372076
v 0.256906 -0.005748 0.370348
v 0.256698 -0.000223 0.370673
v 0.252335 0.005302 0.369167
v 0.250139 -0.000223 0.368365
v 0.250097 0.005302 0.368749
v 0.245485 -0.000223 0.368571
v 0.243369 0.005302 0.369566
v 0.245561 0.005302 0.368950
v 0.246041 -0.012005 0.367446
v 0.243680 -0.011930 0.368017
v 0.251426 -0.012063 0.367521
v 0.253884 -0.011605 0.368378
v 0.248852 -0.012788 0.366859
v 0.248471 -0.011625 0.367400
v 0.258363 -0.012089 0.370572
v 0.260017 -0.011614 0.372310
v 0.262009 -0.012081 0.374541
v 0.264348 -0.012301 0.379276
v 0.265070 -0.012787 0.381704
v 0.263908 -0.012319 0.389600
v 0.265372 -0.014551 0.394108
v 0.264345 -0.013346 0.394475
v 0.265993 -0.015793 0.394230
v 0.266418 -0.016015 0.395575
v 0.264239 -0.013517 0.392644
v 0.265443 -0.014738 0.392821
v 0.267270 -0.015709 0.387134
v 0.267437 -0.016305 0.386901
v 0.267619 -0.015761 0.384136
v 0.266623 -0.027694 0.389958
v 0.265846 -0.028194 0.392931
v 0.267332 -0.027943 0.386020
v 0.267467 -0.027270 0.380605
v 0.266437 -0.028083 0.377623
v 0.263761 -0.027511 0.371925
v 0.261548 -0.028093 0.369708
v 0.261140 -0.029240 0.370193
v 0.258919 -0.028980 0.368048
v 0.247184 -0.027947 0.364529
v 0.244281 -0.029494 0.365954
v 0.244121 -0.028688 0.365248
v 0.238411 -0.028460 0.367625
v 0.236013 -0.028539 0.369590
v 0.232040 -0.028187 0.374307
v 0.231553 -0.028712 0.375772
v 0.229470 -0.029388 0.383361
v 0.230386 -0.029308 0.380246
v 0.236262 -0.031441 0.376702
v 0.234601 -0.029396 0.372399
v 0.237868 -0.030629 0.372072
v 0.233720 -0.027978 0.371680
v 0.232644 -0.029148 0.374622
v 0.236543 -0.029373 0.370216
v 0.238778 -0.029292 0.368265
v 0.247204 -0.029336 0.365204
v 0.251872 -0.031957 0.370897
v 0.246274 -0.033070 0.374324
v 0.247694 -0.031661 0.369777
v 0.262922 -0.029430 0.372656
v 0.263184 -0.029125 0.372442
v 0.266254 -0.029268 0.380805
v 0.266742 -0.028837 0.380727
v 0.258895 -0.032798 0.387894
v 0.258255 -0.033000 0.382595
v 0.262487 -0.031441 0.383729
v 0.256251 -0.033150 0.398229
v 0.269897 -0.024426 0.399571
v 0.273019 -0.020616 0.400157
v 0.268042 -0.026133 0.398100
v 0.267167 -0.027129 0.398112
v 0.266566 -0.027689 0.397680
v 0.265926 -0.028026 0.395638
v 0.265802 -0.027957 0.394124
v 0.265756 -0.029339 0.389724
v 0.265165 -0.029316 0.392752
v 0.266898 -0.028885 0.385259
v 0.267310 -0.028372 0.383762
v 0.264667 -0.029722 0.392628
v 0.264725 -0.029463 0.394339
v 0.265063 -0.029129 0.395118
v 0.266067 -0.018062 0.394386
v 0.266073 -0.021736 0.394089
v 0.277217 -0.000223 0.398988
v 0.278249 0.004764 0.399853
v 0.278159 -0.000223 0.399480
v 0.275239 0.014177 0.398782
v 0.273300 0.019603 0.399977
v 0.272467 0.019206 0.398289
v 0.271746 0.022164 0.399675
v 0.269903 0.023966 0.399496
v 0.276725 0.008369 0.409236
v 0.276549 0.014589 0.404416
v 0.274912 0.013836 0.408750
v 0.275900 0.014654 0.400128
v 0.279116 -0.000223 0.400547
v 0.274714 -0.015140 0.398522
v 0.269434 -0.024270 0.397996
v 0.268671 -0.024346 0.397172
v 0.266826 -0.026369 0.396020
v 0.266129 -0.026840 0.394619
v 0.266149 -0.019272 0.394656
v 0.268103 -0.023874 0.396610
v 0.267454 -0.025733 0.396586
v 0.277599 -0.010792 0.400319
v 0.278229 -0.005457 0.399971
v 0.279409 -0.000223 0.402104
v 0.279019 -0.005655 0.401842
v 0.276725 -0.008815 0.409236
v 0.276127 -0.014208 0.403555
v 0.277931 -0.008769 0.404038
v 0.267690 0.025942 0.397768
v 0.268987 0.024952 0.399117
v 0.269213 0.024274 0.398227
v 0.266472 0.027766 0.397896
v 0.266106 0.027522 0.396005
v 0.265707 0.027812 0.394103
v 0.265798 0.027836 0.392918
v 0.266365 0.027995 0.389883
v 0.266079 0.015674 0.394401
v 0.265556 0.014365 0.394010
v 0.264657 0.013391 0.394069
v 0.263529 0.012320 0.394544
v 0.263244 -0.005464 0.395205
v 0.263266 -0.000148 0.395200
v 0.263771 0.010589 0.395372
v 0.264141 0.011625 0.395323
v 0.265811 0.012529 0.395789
v 0.266110 0.014030 0.395478
v 0.266508 0.015696 0.395583
v 0.266446 0.015587 0.397137
v 0.266056 0.017843 0.394347
v 0.266082 0.026450 0.394232
v 0.266625 0.025855 0.395627
v 0.268670 0.024361 0.397449
v 0.267575 0.025399 0.396772
v 0.267836 0.023641 0.396484
v 0.266688 0.021291 0.395585
v 0.268347 0.022357 0.396645
v 0.271246 0.021538 0.398197
v 0.266084 0.021291 0.394365
v 0.268033 0.020698 0.397563
v 0.265729 0.014567 0.392223
v 0.264459 0.013512 0.392453
v 0.265985 0.013351 0.382080
v 0.266212 0.013488 0.384782
v 0.263930 0.012883 0.377195
v 0.258326 0.011772 0.372349
v 0.260014 0.011804 0.373902
v 0.259224 0.012662 0.371329
v 0.260435 0.013799 0.369955
v 0.262628 0.014052 0.371722
v 0.264146 0.013902 0.374092
v 0.265931 0.014570 0.376378
v 0.266422 0.014166 0.379220
v 0.267319 0.014575 0.381972
v 0.267122 0.015258 0.388025
v 0.267401 0.014684 0.384869
v 0.267609 0.015211 0.384886
v 0.255977 0.014235 0.366537
v 0.258270 0.013932 0.368215
v 0.255648 0.013478 0.367282
v 0.247656 0.014091 0.365034
v 0.250530 0.014607 0.364761
v 0.250407 0.013505 0.365898
v 0.252974 0.013226 0.366783
v 0.250317 0.012994 0.366724
v 0.242766 0.012847 0.367926
v 0.245159 0.012994 0.366954
v 0.239664 0.013855 0.367561
v 0.242169 0.014015 0.366302
v 0.244755 0.014680 0.364953
v 0.244846 0.014117 0.365402
v 0.236831 0.014903 0.368454
v 0.239268 0.014903 0.366848
v 0.247639 0.014634 0.364644
v 0.253377 0.014619 0.365281
v 0.261041 0.014791 0.369269
v 0.264933 0.015475 0.373620
v 0.266209 0.015211 0.376266
v 0.267646 0.015612 0.381948
v 0.267493 0.026496 0.380592
v 0.266755 0.021376 0.377500
v 0.266755 0.026433 0.377500
v 0.263238 0.015614 0.371216
v 0.261693 0.021376 0.369551
v 0.263812 0.021376 0.371909
v 0.267335 0.027574 0.385968
v 0.232862 0.014791 0.372700
v 0.230030 0.015483 0.378186
v 0.231710 0.026578 0.374126
v 0.233512 0.026826 0.371507
v 0.232708 0.015373 0.372595
v 0.234551 0.015572 0.370303
v 0.240590 0.012699 0.369235
v 0.264661 0.013309 0.376896
v 0.268471 -0.025885 0.399333
v 0.228502 -0.029317 0.385541
v 0.231528 -0.031076 0.386083
v 0.218731 -0.020650 0.386078
v 0.216065 -0.016003 0.385126
v 0.223915 -0.025763 0.386286
v 0.222501 -0.026029 0.386503
v 0.225993 -0.027684 0.386479
v 0.225752 -0.026286 0.385500
v 0.227623 -0.028704 0.385681
v 0.228140 -0.027847 0.384032
v 0.228751 -0.029179 0.384539
v 0.228558 -0.027454 0.382948
v 0.229628 -0.028022 0.380040
v 0.224016 -0.024207 0.385269
v 0.227609 -0.026703 0.384343
v 0.227571 -0.021737 0.384287
v 0.226726 -0.020445 0.384876
v 0.225455 -0.024142 0.385075
v 0.216440 -0.010354 0.382890
v 0.215656 -0.005294 0.382566
v 0.222847 0.014965 0.384471
v 0.224542 0.020920 0.384895
v 0.223959 0.024148 0.385522
v 0.225680 0.024454 0.385125
v 0.225650 0.021291 0.385062
v 0.226703 0.021291 0.384885
v 0.226451 0.020215 0.384960
v 0.227814 0.026532 0.384112
v 0.226108 0.027425 0.386665
v 0.225733 0.026230 0.385712
v 0.224247 0.026239 0.387205
v 0.224123 0.025621 0.386439
v 0.218731 0.020204 0.386078
v 0.215977 0.015555 0.385340
v 0.216711 0.015360 0.384204
v 0.220203 0.019514 0.384374
v 0.222553 0.024353 0.386452
v 0.226735 0.025576 0.384889
v 0.215251 0.010252 0.383256
v 0.214256 0.005052 0.382837
v 0.213499 -0.005593 0.383343
v 0.213261 -0.000223 0.383079
v 0.212813 -0.005661 0.384255
v 0.214359 -0.010904 0.384139
v 0.212286 -0.000223 0.384430
v 0.212119 -0.005669 0.386403
v 0.211705 -0.000223 0.386293
v 0.214437 0.010442 0.384028
v 0.213347 0.005164 0.383514
v 0.220046 0.024526 0.394049
v 0.218127 0.020240 0.388013
v 0.219979 -0.020095 0.384500
v 0.217854 -0.015328 0.383554
v 0.215652 -0.010588 0.383060
v 0.214475 -0.005467 0.382775
v 0.214524 -0.000223 0.382577
v 0.215806 0.004824 0.382588
v 0.215424 -0.000223 0.382467
v 0.230959 -0.026892 0.375581
v 0.230390 -0.021809 0.376974
v 0.231715 -0.021809 0.374094
v 0.230989 -0.027327 0.375576
v 0.230551 -0.027889 0.377087
v 0.235692 -0.026880 0.369164
v 0.235680 -0.021809 0.369174
v 0.238214 -0.021809 0.367268
v 0.243014 -0.015766 0.365217
v 0.240194 -0.015759 0.366282
v 0.251947 -0.015500 0.364815
v 0.248608 -0.015872 0.364409
v 0.254875 -0.015705 0.365512
v 0.257668 -0.016164 0.366646
v 0.264243 -0.015549 0.372786
v 0.265791 -0.015816 0.375350
v 0.267501 -0.026832 0.380582
v 0.266749 -0.021809 0.389999
v 0.267437 -0.021809 0.386901
v 0.267472 -0.015761 0.381125
v 0.266809 -0.014569 0.381319
v 0.265792 -0.013788 0.387076
v 0.264772 -0.013397 0.389744
v 0.264155 -0.013397 0.376301
v 0.265670 -0.013975 0.378666
v 0.262063 -0.014777 0.370766
v 0.262338 -0.015442 0.370468
v 0.254657 -0.014569 0.366148
v 0.257409 -0.014777 0.367176
v 0.243203 -0.014368 0.366057
v 0.240363 -0.014777 0.366755
v 0.240660 -0.013974 0.367474
v 0.237662 -0.015989 0.367680
v 0.235354 -0.015893 0.369567
v 0.231714 -0.015322 0.374593
v 0.230383 -0.015897 0.377225
v 0.229421 -0.013144 0.385238
v 0.231212 -0.013462 0.380746
v 0.232753 -0.012557 0.378458
v 0.231815 -0.012787 0.380964
v 0.234466 -0.013592 0.373129
v 0.232816 -0.013782 0.375364
v 0.235789 -0.014375 0.370422
v 0.233344 -0.015302 0.372080
v 0.233780 -0.014509 0.372502
v 0.238112 -0.014167 0.368739
v 0.241487 -0.012265 0.368720
v 0.251758 -0.014185 0.365789
v 0.248903 -0.013975 0.365680
v 0.254263 -0.013399 0.367277
v 0.256769 -0.013399 0.368401
v 0.260957 -0.013204 0.371901
v 0.258950 -0.013204 0.370069
v 0.239913 -0.011480 0.369972
v 0.241316 -0.011460 0.369162
v 0.237109 -0.011682 0.372113
v 0.238635 -0.013203 0.369607
v 0.236381 -0.013462 0.371145
v 0.259216 -0.021809 0.367572
v 0.256448 -0.021809 0.366027
v 0.244065 -0.027482 0.364853
v 0.253426 -0.028226 0.365096
v 0.253459 -0.027539 0.364974
v 0.253463 -0.016305 0.364957
v 0.224203 -0.026743 0.387455
v 0.224980 -0.027293 0.387259
v 0.249375 -0.034265 0.380216
v 0.243558 -0.034343 0.383785
v 0.244893 -0.033947 0.379015
v 0.264530 -0.011537 0.381961
v 0.263699 -0.005748 0.379869
v 0.264085 -0.005748 0.382233
v 0.252535 -0.005748 0.368420
v 0.254794 -0.005748 0.369217
v 0.241297 0.005302 0.370508
v 0.252241 0.011077 0.369517
v 0.250056 0.010955 0.369126
v 0.250059 0.011116 0.369099
v 0.258057 0.010891 0.372653
v 0.256284 0.010912 0.371320
v 0.260895 0.010870 0.376045
v 0.259606 0.010891 0.374240
v 0.245638 0.010828 0.369328
v 0.247822 0.005302 0.368676
v 0.250690 0.034113 0.385696
v 0.246713 0.034405 0.390151
v 0.252218 0.033932 0.391627
v 0.243201 0.032029 0.373509
v 0.244292 0.029184 0.366113
v 0.247204 0.028890 0.365204
v 0.244148 0.028421 0.365389
v 0.253337 0.028438 0.365431
v 0.256339 0.027964 0.366271
v 0.260357 0.029285 0.370311
v 0.258989 0.030648 0.372816
v 0.264826 0.028558 0.374995
v 0.265372 0.029011 0.378013
v 0.264539 0.028862 0.375159
v 0.264214 0.029115 0.375341
v 0.244069 0.027396 0.364905
v 0.238591 0.028437 0.367940
v 0.241284 0.028533 0.366519
v 0.235876 0.027710 0.369421
v 0.231655 0.028347 0.375815
v 0.258815 0.028771 0.368216
v 0.241480 0.033978 0.388749
v 0.240072 0.034162 0.393893
v 0.235427 0.031624 0.381606
v 0.232990 0.030464 0.380953
v 0.231528 0.030630 0.386083
v 0.236855 0.031256 0.376865
v 0.230830 0.029219 0.380374
v 0.238214 0.026515 0.367268
v 0.241026 0.021376 0.365803
v 0.236760 0.015310 0.368363
v 0.253438 0.015130 0.365052
v 0.256292 0.015797 0.365962
v 0.247174 0.021376 0.364345
v 0.267716 0.026624 0.383782
v 0.266037 0.029067 0.386604
v 0.265872 0.029118 0.387385
v 0.265355 0.029219 0.389625
v 0.264667 0.029276 0.392628
v 0.265009 0.029024 0.392712
v 0.262632 0.030231 0.394417
v 0.261337 0.030395 0.399592
v 0.264857 0.028772 0.395747
v 0.233505 0.033064 0.397655
v 0.234941 0.032887 0.392519
v 0.230066 0.030796 0.391212
v 0.225692 0.028443 0.387233
v 0.228917 0.029059 0.385197
v 0.228600 0.027297 0.382955
v 0.229437 0.026656 0.380001
v 0.228536 0.026716 0.382947
v 0.227850 0.017855 0.384126
v 0.230565 0.012845 0.384489
v 0.227880 -0.018125 0.384095
v 0.235626 -0.005748 0.374608
v 0.234409 -0.005748 0.376671
v 0.234757 -0.000223 0.376839
v 0.237982 0.010891 0.373549
v 0.235944 -0.000223 0.374827
v 0.233074 0.010825 0.384321
v 0.233530 -0.005748 0.378899
v 0.231404 -0.005643 0.385222
v 0.231458 0.013306 0.379711
v 0.234230 0.013225 0.373644
v 0.235055 0.014091 0.370778
v 0.237159 0.014091 0.368877
v 0.236700 0.012662 0.372336
v 0.233274 0.012483 0.378820
v 0.241413 0.011413 0.370718
v 0.264363 0.013270 0.390764
v 0.262282 0.010899 0.388226
v 0.265204 0.010902 0.395770
v 0.263358 0.005147 0.395235
v 0.276872 0.004525 0.398896
v 0.261935 0.010885 0.389726
v 0.263337 0.005302 0.384572
v 0.261894 0.010954 0.378026
v 0.262962 -0.005748 0.377590
v 0.259900 0.005302 0.373995
v 0.258310 0.005302 0.372366
v 0.252435 -0.000223 0.368793
v 0.254638 -0.000223 0.369570
v 0.245408 -0.005748 0.368192
v 0.243102 -0.005748 0.368840
v 0.243236 -0.000223 0.369203
v 0.247786 -0.005748 0.367905
v 0.256256 -0.011682 0.369413
v 0.263311 -0.012005 0.376805
v 0.267418 -0.026954 0.387006
v 0.265371 -0.027838 0.374659
v 0.259139 -0.027917 0.367672
v 0.253200 -0.029482 0.365939
v 0.250206 -0.029676 0.365618
v 0.231627 -0.029539 0.377797
v 0.232989 -0.030910 0.380953
v 0.235459 -0.029416 0.371427
v 0.241422 -0.029430 0.366895
v 0.258359 -0.029889 0.368924
v 0.260721 -0.029672 0.370538
v 0.256050 -0.031661 0.372016
v 0.266483 -0.029277 0.383732
v 0.265872 -0.029564 0.387385
v 0.263927 -0.030513 0.389242
v 0.257077 -0.033384 0.387407
v 0.257573 -0.032974 0.393061
v 0.264717 -0.027843 0.406019
v 0.265987 -0.027696 0.400837
v 0.270073 -0.023802 0.401932
v 0.262632 -0.030677 0.394417
v 0.264709 -0.029375 0.395259
v 0.272931 -0.020682 0.400837
v 0.275692 -0.016027 0.401577
v 0.276537 -0.014182 0.401804
v 0.269023 -0.025150 0.398376
v 0.266486 -0.029223 0.385950
v 0.266974 -0.028845 0.383747
v 0.265201 -0.029121 0.393681
v 0.273139 0.018739 0.398526
v 0.273390 0.018993 0.399024
v 0.273484 0.018818 0.402846
v 0.265987 0.027250 0.400837
v 0.266918 0.026886 0.398625
v 0.277644 0.002667 0.409482
v 0.278845 0.002652 0.404283
v 0.277931 0.008323 0.404038
v 0.276537 0.013736 0.401804
v 0.277899 0.010045 0.401931
v 0.277551 0.009783 0.399949
v 0.266604 -0.021736 0.395455
v 0.275668 -0.015807 0.400002
v 0.279250 -0.003093 0.402530
v 0.277789 -0.010947 0.401436
v 0.266056 0.026716 0.393000
v 0.267068 0.015134 0.396027
v 0.265346 0.012994 0.382132
v 0.265371 0.012994 0.384721
v 0.259657 0.012994 0.370838
v 0.261298 0.012883 0.372831
v 0.267015 0.014903 0.379079
v 0.250174 0.012146 0.368044
v 0.267496 0.015859 0.380583
v 0.267491 0.026635 0.386429
v 0.267437 0.021376 0.386901
v 0.265515 0.015860 0.374583
v 0.263812 0.026613 0.371909
v 0.265500 0.026516 0.374556
v 0.231201 0.015491 0.375120
v 0.230387 0.015859 0.376973
v 0.230390 0.021376 0.376974
v 0.230675 0.026472 0.376277
v 0.233498 0.015860 0.371473
v 0.241480 -0.034424 0.388749
v 0.240072 -0.034608 0.393893
v 0.234941 -0.033333 0.392519
v 0.228603 -0.031408 0.396342
v 0.224080 -0.028539 0.395130
v 0.225566 -0.028388 0.390007
v 0.216601 -0.020795 0.393126
v 0.218127 -0.020686 0.388013
v 0.221904 -0.024822 0.387785
v 0.222434 -0.024704 0.386442
v 0.219286 -0.020470 0.385094
v 0.229020 -0.028815 0.383062
v 0.226741 -0.026021 0.384900
v 0.226703 -0.021737 0.384885
v 0.227573 -0.019401 0.384385
v 0.224404 -0.023190 0.384926
v 0.219231 0.014217 0.383451
v 0.218827 0.014425 0.383379
v 0.227044 0.019021 0.385648
v 0.224361 0.022784 0.384929
v 0.221808 0.024372 0.388070
v 0.213879 0.010535 0.385015
v 0.219032 0.020134 0.385462
v 0.214902 0.004962 0.382615
v 0.216295 0.009953 0.382899
v 0.216868 -0.015749 0.384046
v 0.213876 -0.010971 0.385014
v 0.212644 0.005213 0.384683
v 0.231686 -0.026851 0.374144
v 0.241025 -0.021809 0.365803
v 0.241025 -0.027058 0.365803
v 0.238240 -0.026962 0.367251
v 0.242011 -0.016164 0.365461
v 0.259961 -0.015872 0.368224
v 0.265514 -0.016305 0.374583
v 0.265507 -0.026963 0.374569
v 0.267501 -0.021809 0.380582
v 0.267500 -0.016305 0.380582
v 0.267729 -0.026848 0.383802
v 0.267641 -0.026887 0.385411
v 0.266801 -0.015490 0.378213
v 0.263602 -0.014375 0.373301
v 0.265368 -0.014777 0.375627
v 0.266142 -0.013782 0.384293
v 0.264912 -0.013203 0.378951
v 0.261237 -0.013593 0.371614
v 0.262968 -0.013593 0.373785
v 0.232091 -0.013397 0.378124
v 0.246092 -0.013782 0.366039
v 0.243501 -0.013204 0.367224
v 0.259185 -0.013593 0.369745
v 0.256506 -0.012788 0.368909
v 0.236862 -0.011273 0.372488
v 0.238824 -0.012787 0.369929
v 0.230390 -0.016305 0.376974
v 0.256442 -0.027291 0.366024
v 0.253463 -0.021809 0.364957
v 0.239108 -0.033384 0.382592
v 0.242888 -0.034240 0.383605
v 0.248093 -0.034664 0.385000
v 0.264540 -0.029310 0.375158
v 0.263705 -0.029603 0.374470
v 0.262218 -0.011273 0.375251
v 0.241482 0.010891 0.370842
v 0.243502 0.010827 0.369927
v 0.245332 0.034591 0.395303
v 0.248093 0.034218 0.385000
v 0.251941 0.033716 0.380908
v 0.250186 0.029379 0.365799
v 0.247240 0.029444 0.365944
v 0.249477 0.031419 0.370267
v 0.245840 0.029403 0.366088
v 0.250245 0.028950 0.365251
v 0.253148 0.029276 0.366135
v 0.258466 0.029320 0.368760
v 0.255961 0.029255 0.367144
v 0.263418 0.029179 0.374002
v 0.262627 0.029235 0.372894
v 0.265822 0.028970 0.379572
v 0.244071 0.026710 0.364813
v 0.247174 0.026792 0.364345
v 0.236622 0.029011 0.370309
v 0.238961 0.029115 0.368574
v 0.236249 0.037309 0.406232
v 0.230742 0.035759 0.404583
v 0.232553 0.038359 0.405242
v 0.210380 -0.015302 0.393089
v 0.205684 -0.015311 0.391830
v 0.206745 -0.015311 0.387870
v 0.224538 -0.033652 0.403094
v 0.224897 -0.033212 0.402673
v 0.234653 -0.036576 0.399593
v 0.233414 -0.036172 0.404610
v 0.246537 -0.042175 0.398532
v 0.245476 -0.042169 0.402493
v 0.245930 -0.037638 0.402615
v 0.244390 -0.039887 0.411519
v 0.244127 -0.036598 0.411449
v 0.241216 -0.036723 0.410669
v 0.233533 -0.040629 0.395048
v 0.233484 -0.034332 0.395035
v 0.238019 -0.035571 0.396250
v 0.222111 -0.032394 0.378219
v 0.225213 -0.020054 0.374598
v 0.228780 -0.021549 0.375553
v 0.225083 -0.027566 0.374563
v 0.228183 -0.029316 0.377782
v 0.228312 -0.031627 0.375635
v 0.206745 0.014865 0.387870
v 0.205684 0.014865 0.391830
v 0.210379 0.014853 0.393089
v 0.277582 -0.009517 0.417307
v 0.277243 -0.009395 0.416699
v 0.270196 -0.025619 0.409116
v 0.268772 -0.025619 0.414429
v 0.258353 -0.033893 0.405943
v 0.260060 -0.039056 0.402156
v 0.260060 -0.032472 0.402156
v 0.253724 -0.034518 0.409361
v 0.269024 -0.021549 0.388407
v 0.269023 -0.028827 0.388412
v 0.272318 -0.026319 0.389510
v 0.270689 -0.032540 0.387389
v 0.269692 -0.031368 0.386584
v 0.266339 -0.032596 0.403838
v 0.270452 -0.032596 0.404940
v 0.268074 -0.034483 0.404303
v 0.276178 -0.015306 0.410719
v 0.275401 -0.018070 0.410511
v 0.276177 0.014865 0.406581
v 0.275922 0.014856 0.410651
v 0.277160 0.023851 0.388566
v 0.275359 0.022521 0.390289
v 0.273109 0.019608 0.387431
v 0.269542 0.021103 0.386475
v 0.273926 0.027967 0.387883
v 0.269581 0.030590 0.386510
v 0.270680 0.032083 0.387379
v 0.274158 0.018865 0.410178
v 0.274088 0.018865 0.405915
v 0.262863 0.031904 0.407151
v 0.262863 0.029710 0.407151
v 0.259918 0.032368 0.406288
v 0.243544 0.035777 0.401975
v 0.241613 0.037224 0.401457
v 0.243544 0.037277 0.401975
v 0.228271 0.033777 0.397882
v 0.227947 0.032149 0.397796
v 0.221397 0.023591 0.373599
v 0.221894 0.022469 0.375925
v 0.227400 0.032031 0.375751
v 0.228777 0.030419 0.375562
v 0.225287 0.036709 0.392838
v 0.224281 0.036713 0.396592
v 0.224216 0.032021 0.396655
v 0.225083 0.027120 0.374563
v 0.228780 0.021103 0.375553
v 0.225213 0.019608 0.374598
v 0.238061 0.041227 0.396261
v 0.242674 0.035721 0.397497
v 0.238019 0.035125 0.396250
v 0.256952 -0.019311 0.359666
v 0.253878 -0.019311 0.355681
v 0.253088 -0.019311 0.358631
v 0.245946 -0.036131 0.402619
v 0.246051 -0.036161 0.384892
v 0.241613 -0.036163 0.401457
v 0.246051 -0.042161 0.384892
v 0.258505 -0.015311 0.353870
v 0.254641 -0.019311 0.352835
v 0.254641 -0.015311 0.352835
v 0.253878 -0.015311 0.355681
v 0.257742 0.018865 0.356717
v 0.253878 0.014865 0.355681
v 0.257742 0.014865 0.356717
v 0.254641 0.014865 0.352835
v 0.253878 0.018865 0.355681
v 0.254641 0.018865 0.352835
v 0.245476 0.041723 0.402493
v 0.246051 0.041715 0.384892
v 0.241613 0.041715 0.401457
v 0.241613 0.035719 0.401457
v 0.218032 0.018865 0.365544
v 0.222073 0.018865 0.370090
v 0.225490 0.018865 0.366386
v 0.211997 0.018452 0.393522
v 0.212450 0.014865 0.391592
v 0.212450 0.018865 0.391592
v 0.210311 0.018865 0.381030
v 0.208806 0.014865 0.386644
v 0.208806 0.018865 0.386644
v 0.258505 0.018865 0.353870
v 0.279761 0.018865 0.411679
v 0.279788 0.014865 0.411686
v 0.276177 0.018865 0.406617
v 0.269712 0.018865 0.366136
v 0.273576 0.014865 0.367171
v 0.273576 0.018865 0.367171
v 0.234939 0.018865 0.356818
v 0.238802 0.014865 0.357854
v 0.238802 0.018865 0.357854
v 0.252696 -0.015311 0.358565
v 0.247935 -0.015311 0.358041
v 0.212450 -0.015311 0.391592
v 0.212963 -0.019311 0.389679
v 0.212963 -0.015311 0.389679
v 0.207301 -0.019311 0.392264
v 0.208806 -0.015311 0.386644
v 0.208806 -0.019311 0.386644
v 0.257742 -0.019311 0.356717
v 0.257742 -0.015311 0.356717
v 0.279788 -0.015311 0.411686
v 0.281294 -0.019311 0.406067
v 0.281294 -0.015311 0.406067
v 0.276177 -0.019311 0.406617
v 0.275665 -0.015311 0.408531
v 0.276177 -0.015311 0.406569
v 0.272510 -0.019311 0.371149
v 0.273576 -0.015311 0.367171
v 0.273576 -0.019311 0.367171
v 0.238802 -0.019311 0.357854
v 0.238450 -0.015311 0.359170
v 0.238802 -0.015311 0.357854
v 0.228133 0.036715 0.397673
v 0.237605 0.033537 0.362321
v 0.236820 0.030736 0.365251
v 0.237211 0.029532 0.363793
v 0.234939 0.014865 0.356818
v 0.271839 0.030083 0.373654
v 0.272649 0.032637 0.370629
v 0.272527 0.014865 0.371086
v 0.268677 0.018865 0.369999
v 0.268677 0.014865 0.369999
v 0.262992 0.036715 0.406668
v 0.263567 0.036715 0.389068
v 0.259129 0.036715 0.405633
v 0.268605 -0.033709 0.370270
v 0.267496 -0.031595 0.374407
v 0.267980 -0.030483 0.372599
v 0.269712 -0.019311 0.366136
v 0.269712 -0.015311 0.366136
v 0.233396 -0.029794 0.362576
v 0.233920 -0.033435 0.360618
v 0.233149 -0.030703 0.363498
v 0.233883 -0.015311 0.360758
v 0.237767 -0.019311 0.361717
v 0.237767 -0.015311 0.361717
v 0.224329 -0.037161 0.396413
v 0.232658 -0.037161 0.380786
v 0.228155 -0.037161 0.397593
v 0.278245 0.005722 0.417485
v 0.276900 0.011520 0.417124
v 0.279268 0.009511 0.417759
v 0.278352 0.012700 0.417513
v 0.274336 0.017327 0.416179
v 0.277207 0.015741 0.417207
v 0.271600 0.022015 0.415531
v 0.274183 0.021534 0.416396
v 0.267978 0.026225 0.414389
v 0.270277 0.026731 0.415350
v 0.257434 0.036225 0.411908
v 0.260272 0.034790 0.412669
v 0.258619 0.033457 0.412019
v 0.254445 0.037431 0.411107
v 0.253459 0.035633 0.410585
v 0.238816 0.039441 0.406920
v 0.241991 0.039577 0.407770
v 0.242043 0.037577 0.407578
v 0.235705 0.039041 0.406086
v 0.220964 0.033096 0.402136
v 0.223710 0.034789 0.402872
v 0.225327 0.033635 0.403305
v 0.218385 0.031189 0.401445
v 0.220245 0.029971 0.401648
v 0.208181 0.018719 0.398711
v 0.209800 0.021533 0.399145
v 0.209287 0.017028 0.399007
v 0.205630 0.012699 0.398028
v 0.206775 0.015740 0.398334
v 0.207473 0.011629 0.398234
v 0.204715 0.009510 0.397782
v 0.226548 0.036224 0.403633
v 0.245166 0.039441 0.408621
v 0.247734 0.037309 0.409309
v 0.205631 -0.013146 0.398028
v 0.204715 -0.009957 0.397782
v 0.206743 -0.009447 0.398030
v 0.206776 -0.016187 0.398335
v 0.207421 -0.012521 0.398378
v 0.215954 -0.029505 0.400794
v 0.213706 -0.027177 0.400191
v 0.214985 -0.025958 0.400534
v 0.218385 -0.031636 0.401445
v 0.219559 -0.030116 0.401630
v 0.232725 -0.038107 0.405288
v 0.229538 -0.037877 0.404434
v 0.230196 -0.036016 0.404437
v 0.235706 -0.039487 0.406086
v 0.245079 -0.037782 0.408274
v 0.241992 -0.040023 0.407771
v 0.242065 -0.037937 0.407495
v 0.257435 -0.036670 0.411909
v 0.254446 -0.037877 0.411108
v 0.256736 -0.035022 0.411721
v 0.263019 -0.033542 0.413405
v 0.260273 -0.035235 0.412669
v 0.259400 -0.033452 0.412200
v 0.265598 -0.031635 0.414096
v 0.264435 -0.029990 0.413489
v 0.270278 -0.027176 0.415350
v 0.268029 -0.029504 0.414747
v 0.268998 -0.025958 0.415007
v 0.274062 -0.018138 0.415994
v 0.274183 -0.021979 0.416396
v 0.272617 -0.020886 0.415770
v 0.279911 -0.006773 0.417931
v 0.279268 -0.009956 0.417759
v 0.278196 -0.006478 0.417472
v 0.280435 -0.000223 0.418072
v 0.280308 -0.003459 0.418037
v 0.278575 -0.003314 0.417573
v 0.223711 -0.035236 0.402872
v 0.222112 -0.031826 0.402185
v 0.204072 -0.006774 0.397610
v 0.206090 -0.006437 0.397892
v 0.275419 -0.015339 0.416404
v 0.276708 -0.012562 0.417073
v 0.278353 -0.013145 0.417513
v 0.270957 -0.023563 0.415532
v 0.272330 -0.024668 0.415900
v 0.217132 -0.028180 0.401109
v 0.262067 -0.032035 0.413150
v 0.226549 -0.036671 0.403633
v 0.227247 -0.035022 0.403820
v 0.238817 -0.039887 0.406920
v 0.236108 -0.037430 0.405899
v 0.238960 -0.038093 0.406958
v 0.204187 0.009963 0.391429
v 0.203279 0.004909 0.391186
v 0.207816 0.005949 0.392402
v 0.204187 -0.010409 0.391429
v 0.209285 -0.012399 0.392795
v 0.203279 -0.005355 0.391186
v 0.207816 -0.006395 0.392402
v 0.207923 -0.003232 0.392430
v 0.208422 -0.009395 0.392564
v 0.208940 -0.015264 0.398397
v 0.212113 -0.017833 0.393553
v 0.211973 -0.015311 0.393515
v 0.213729 -0.020165 0.393986
v 0.215123 -0.019311 0.390115
v 0.212223 -0.019311 0.393583
v 0.209887 -0.023672 0.392956
v 0.212855 -0.027691 0.393752
v 0.214960 -0.023256 0.394316
v 0.216268 -0.031313 0.394666
v 0.220077 -0.034483 0.395687
v 0.221303 -0.029821 0.396015
v 0.224103 -0.031862 0.396766
v 0.219684 -0.027431 0.395582
v 0.240554 -0.037595 0.401174
v 0.237622 -0.037218 0.400388
v 0.237000 -0.041673 0.400221
v 0.228090 -0.039056 0.397834
v 0.232472 -0.040629 0.399008
v 0.231811 -0.035701 0.398831
v 0.258999 -0.039056 0.406116
v 0.255279 -0.035701 0.405119
v 0.246537 -0.036167 0.398532
v 0.241613 -0.042170 0.401457
v 0.242674 -0.042175 0.397497
v 0.241613 -0.037670 0.401457
v 0.279659 -0.000223 0.420969
v 0.276355 -0.003190 0.420084
v 0.279532 -0.003459 0.420935
v 0.277576 -0.013145 0.420411
v 0.278492 -0.009956 0.420657
v 0.274561 -0.012073 0.419603
v 0.275026 -0.019165 0.419728
v 0.276431 -0.016186 0.420104
v 0.273511 -0.014862 0.419322
v 0.273407 -0.021979 0.419294
v 0.270738 -0.020175 0.418579
v 0.262242 -0.033542 0.416303
v 0.264822 -0.031635 0.416994
v 0.260499 -0.030779 0.415836
v 0.256658 -0.036670 0.414806
v 0.259496 -0.035235 0.415567
v 0.257981 -0.032332 0.415161
v 0.253670 -0.037877 0.414006
v 0.252637 -0.034754 0.413729
v 0.238041 -0.039887 0.409818
v 0.241216 -0.040023 0.410668
v 0.238304 -0.036598 0.409888
v 0.231778 -0.038805 0.408140
v 0.234929 -0.039487 0.408984
v 0.235451 -0.036232 0.409124
v 0.228761 -0.037877 0.407331
v 0.229794 -0.034755 0.407608
v 0.215178 -0.029505 0.403692
v 0.217609 -0.031636 0.404343
v 0.217337 -0.027077 0.404270
v 0.210878 -0.024669 0.402539
v 0.212929 -0.027177 0.403089
v 0.215275 -0.024942 0.403718
v 0.209024 -0.021980 0.402043
v 0.211693 -0.020176 0.402758
v 0.203296 -0.006774 0.400508
v 0.203939 -0.009957 0.400680
v 0.206440 -0.006231 0.401350
v 0.202771 -0.000223 0.400367
v 0.202899 -0.003460 0.400401
v 0.206076 -0.003192 0.401253
v 0.222935 -0.035236 0.405770
v 0.227053 -0.033649 0.406874
v 0.224451 -0.032333 0.406176
v 0.279135 -0.006773 0.420829
v 0.275991 -0.006229 0.419986
v 0.275401 -0.009149 0.419828
v 0.225773 -0.036671 0.406531
v 0.213393 -0.022642 0.403213
v 0.272223 -0.017594 0.418977
v 0.267253 -0.029504 0.417645
v 0.267156 -0.024941 0.417619
v 0.265094 -0.027076 0.417067
v 0.221932 -0.030780 0.405501
v 0.220189 -0.033542 0.405034
v 0.246981 -0.036232 0.412213
v 0.226321 -0.033212 0.397360
v 0.227730 -0.032279 0.397738
v 0.228284 -0.033721 0.397713
v 0.229151 -0.032472 0.393874
v 0.229151 -0.039056 0.393874
v 0.242674 -0.036167 0.397497
v 0.238061 -0.041673 0.396261
v 0.224225 -0.031196 0.392554
v 0.224225 -0.029391 0.392554
v 0.225287 -0.030156 0.392838
v 0.221138 -0.034483 0.391727
v 0.218760 -0.032596 0.391089
v 0.222872 -0.032596 0.392191
v 0.225879 -0.032596 0.375976
v 0.223711 -0.032596 0.376787
v 0.223103 -0.032596 0.377221
v 0.216594 -0.024261 0.390509
v 0.221398 -0.024018 0.373598
v 0.218936 -0.030604 0.381767
v 0.221047 -0.026158 0.373890
v 0.219979 -0.030540 0.377877
v 0.220836 -0.028115 0.374677
v 0.220508 -0.029634 0.375900
v 0.222001 -0.022831 0.375854
v 0.224695 -0.020054 0.376529
v 0.220404 -0.023077 0.380866
v 0.219161 -0.023077 0.385503
v 0.221711 -0.023050 0.376092
v 0.216594 -0.030604 0.390509
v 0.213916 -0.027691 0.389791
v 0.228780 -0.030617 0.375553
v 0.228260 -0.028868 0.377494
v 0.225648 -0.029391 0.387241
v 0.226890 -0.029391 0.382605
v 0.228262 -0.021549 0.377485
v 0.226899 -0.020054 0.377120
v 0.211268 -0.010459 0.389082
v 0.213034 -0.015311 0.389555
v 0.205248 -0.010409 0.387469
v 0.210193 -0.005395 0.388794
v 0.213034 0.014865 0.389555
v 0.211267 0.010013 0.389082
v 0.214062 0.018865 0.394075
v 0.212561 0.016120 0.393673
v 0.203295 0.006327 0.400508
v 0.206393 0.005486 0.401338
v 0.203938 0.009510 0.400680
v 0.207404 0.018719 0.401609
v 0.205999 0.015740 0.401232
v 0.209801 0.016347 0.402251
v 0.210877 0.024222 0.402539
v 0.209023 0.021533 0.402043
v 0.212692 0.021230 0.403026
v 0.215177 0.029058 0.403692
v 0.212929 0.026730 0.403089
v 0.216285 0.025586 0.403988
v 0.220188 0.033096 0.405034
v 0.217608 0.031189 0.404343
v 0.220491 0.029306 0.405115
v 0.222934 0.034789 0.405770
v 0.225209 0.032298 0.406379
v 0.238040 0.039441 0.409817
v 0.234928 0.039041 0.408984
v 0.235700 0.035828 0.409190
v 0.241215 0.039577 0.410668
v 0.241215 0.036277 0.410668
v 0.256657 0.036225 0.414806
v 0.253669 0.037431 0.414005
v 0.252109 0.034491 0.413587
v 0.259495 0.034790 0.415566
v 0.257221 0.032299 0.414957
v 0.271552 0.024223 0.418797
v 0.269501 0.026731 0.418247
v 0.269738 0.021232 0.418311
v 0.273406 0.021534 0.419294
v 0.279135 0.006328 0.420829
v 0.278491 0.009511 0.420656
v 0.276037 0.005487 0.419999
v 0.279532 0.003014 0.420935
v 0.276431 0.015741 0.420104
v 0.272628 0.016348 0.419086
v 0.274746 0.011056 0.419653
v 0.266145 0.025587 0.417348
v 0.267252 0.029059 0.417645
v 0.261938 0.029306 0.416221
v 0.231777 0.038359 0.408139
v 0.230320 0.034490 0.407749
v 0.250652 0.038359 0.413197
v 0.246730 0.035828 0.412146
v 0.278066 -0.003256 0.416746
v 0.281405 -0.015311 0.412120
v 0.282902 -0.010409 0.412521
v 0.277804 -0.012398 0.411155
v 0.279647 -0.003272 0.411649
v 0.284113 -0.000223 0.412845
v 0.279767 -0.000223 0.411681
v 0.279273 0.005949 0.411548
v 0.282902 0.009963 0.412521
v 0.278667 0.008948 0.411386
v 0.281405 0.014865 0.412120
v 0.277804 0.011953 0.411155
v 0.279273 -0.006394 0.411548
v 0.277824 -0.009173 0.411160
v 0.263357 -0.031616 0.407284
v 0.262863 -0.031944 0.407151
v 0.267012 -0.034483 0.408263
v 0.265787 -0.029820 0.407935
v 0.270821 -0.031312 0.409284
v 0.268078 -0.027812 0.408549
v 0.277202 -0.023671 0.410994
v 0.279752 -0.019311 0.411677
v 0.273875 -0.019311 0.410102
v 0.259949 -0.033187 0.406112
v 0.260080 -0.031892 0.406406
v 0.258999 -0.032472 0.406116
v 0.251192 -0.035571 0.399780
v 0.251150 -0.041673 0.399768
v 0.255678 -0.040629 0.400981
v 0.269542 -0.021549 0.386476
v 0.269542 -0.030617 0.386476
v 0.264987 -0.031196 0.403476
v 0.266410 -0.029391 0.398163
v 0.267653 -0.029391 0.393527
v 0.268939 -0.029329 0.388726
v 0.271659 -0.023498 0.405263
v 0.277159 -0.024333 0.388570
v 0.274139 -0.023077 0.395265
v 0.276715 -0.023787 0.388398
v 0.273109 -0.020054 0.387431
v 0.275272 -0.022845 0.390143
v 0.275402 -0.023044 0.390425
v 0.272591 -0.020054 0.389363
v 0.270387 -0.020054 0.388773
v 0.273776 -0.028211 0.387729
v 0.275879 -0.030604 0.393350
v 0.276227 -0.030276 0.392049
v 0.274960 -0.030604 0.396779
v 0.277109 -0.025614 0.388757
v 0.275589 -0.030279 0.390292
v 0.272794 -0.032596 0.396199
v 0.272010 -0.032596 0.388442
v 0.273770 -0.032596 0.391779
v 0.273359 -0.032596 0.390143
v 0.263924 -0.037155 0.403191
v 0.264721 -0.029582 0.403405
v 0.274088 -0.019311 0.405915
v 0.280742 -0.019311 0.407698
v 0.278263 -0.023671 0.407033
v 0.274127 -0.017356 0.410170
v 0.284871 -0.005355 0.408804
v 0.283963 -0.010409 0.408561
v 0.279018 -0.005394 0.407236
v 0.282466 0.014865 0.408159
v 0.283963 0.009963 0.408561
v 0.277944 0.010013 0.406948
v 0.279018 0.004949 0.407236
v 0.282466 -0.015311 0.408159
v 0.275277 0.018245 0.410477
v 0.274528 0.016121 0.410277
v 0.278263 0.023226 0.407033
v 0.280742 0.018865 0.407698
v 0.275295 0.027245 0.406238
v 0.272617 0.023815 0.405520
v 0.276715 0.023341 0.388398
v 0.271406 0.022714 0.405196
v 0.268953 0.028859 0.388673
v 0.269024 0.021103 0.388407
v 0.269018 0.028468 0.388430
v 0.267652 0.028945 0.393527
v 0.264349 0.030126 0.403305
v 0.270387 0.019608 0.388773
v 0.272591 0.019608 0.389363
v 0.274960 0.030158 0.396779
v 0.277109 0.025168 0.388756
v 0.277032 0.026256 0.389047
v 0.275652 0.030377 0.393289
v 0.276859 0.027668 0.389689
v 0.275514 0.030091 0.390520
v 0.276030 0.030038 0.392077
v 0.266339 0.032150 0.403838
v 0.270452 0.032150 0.404940
v 0.271875 0.032150 0.399628
v 0.271842 0.032150 0.388291
v 0.273776 0.032150 0.392030
v 0.272794 0.032150 0.396199
v 0.273412 0.032150 0.390266
v 0.273000 0.032150 0.389536
v 0.263924 0.036709 0.403191
v 0.267012 0.034037 0.408263
v 0.262863 0.036713 0.407151
v 0.270821 0.030866 0.409284
v 0.265787 0.029375 0.407935
v 0.277202 0.023226 0.410994
v 0.274234 0.027245 0.410198
v 0.272129 0.022810 0.409634
v 0.270196 0.025173 0.409116
v 0.254617 0.040183 0.404942
v 0.250089 0.041227 0.403729
v 0.252436 0.036130 0.404358
v 0.245688 0.037209 0.402550
v 0.258999 0.033692 0.406116
v 0.258999 0.032370 0.406116
v 0.260060 0.032026 0.402156
v 0.255678 0.040183 0.400981
v 0.260060 0.038610 0.402156
v 0.255728 0.033886 0.400995
v 0.246537 0.041729 0.398532
v 0.245476 0.035721 0.402493
v 0.237000 0.041227 0.400221
v 0.232472 0.040183 0.399008
v 0.234652 0.036130 0.399592
v 0.228090 0.038610 0.397834
v 0.231810 0.035255 0.398831
v 0.224226 0.029710 0.396799
v 0.229151 0.032026 0.393874
v 0.210948 0.023225 0.388996
v 0.213916 0.027245 0.389791
v 0.216594 0.023815 0.390509
v 0.219161 0.022631 0.385503
v 0.217872 0.022797 0.390851
v 0.220403 0.022631 0.380866
v 0.220306 0.030421 0.377961
v 0.220349 0.029608 0.376493
v 0.218936 0.030158 0.381767
v 0.221047 0.025712 0.373890
v 0.220615 0.028823 0.375499
v 0.222872 0.032150 0.392191
v 0.221102 0.032150 0.382348
v 0.225953 0.032150 0.375960
v 0.223847 0.032150 0.376709
v 0.222253 0.032150 0.378393
v 0.223103 0.032150 0.377221
v 0.224225 0.030750 0.392554
v 0.228213 0.028721 0.377670
v 0.228262 0.021103 0.377485
v 0.226890 0.028945 0.382605
v 0.221138 0.034037 0.391727
v 0.225287 0.029710 0.392838
v 0.213213 0.020276 0.393848
v 0.209887 0.023225 0.392956
v 0.220076 0.034037 0.395687
v 0.216268 0.030866 0.394666
v 0.221302 0.029375 0.396015
v 0.216893 0.025173 0.394834
v 0.219012 0.027367 0.395402
v 0.227417 0.019608 0.375188
v 0.226899 0.019608 0.377120
v 0.224695 0.019608 0.376529
v 0.225118 0.025642 0.376645
v 0.229151 0.038610 0.393874
v 0.233533 0.040183 0.395048
v 0.233484 0.033886 0.395035
v 0.254582 -0.023553 0.353054
v 0.254376 -0.027724 0.353822
v 0.252905 -0.025676 0.359313
v 0.254196 -0.029797 0.354495
v 0.252642 -0.028537 0.360295
v 0.253971 -0.031666 0.355335
v 0.252359 -0.030253 0.361349
v 0.252474 -0.037758 0.360922
v 0.252000 -0.038757 0.362692
v 0.251308 -0.033384 0.365274
v 0.251484 -0.039599 0.364616
v 0.250429 -0.040785 0.368555
v 0.250833 -0.034128 0.367046
v 0.248250 -0.041915 0.376686
v 0.247151 -0.042109 0.380787
v 0.247983 -0.035968 0.377684
v 0.249900 -0.035085 0.370528
v 0.251756 -0.032399 0.363599
v 0.247017 -0.036120 0.381287
v 0.253675 -0.033493 0.356440
v 0.249915 -0.042161 0.385927
v 0.251015 -0.042109 0.381822
v 0.250881 -0.036120 0.382322
v 0.253209 -0.041508 0.373635
v 0.254292 -0.040785 0.369590
v 0.253764 -0.035085 0.371564
v 0.255348 -0.039599 0.365651
v 0.255863 -0.038757 0.363727
v 0.255172 -0.033384 0.366309
v 0.256338 -0.037758 0.361958
v 0.256789 -0.036529 0.360271
v 0.255729 -0.032083 0.364228
v 0.257192 -0.035101 0.358768
v 0.257539 -0.033493 0.357475
v 0.256154 -0.030586 0.362644
v 0.257835 -0.031666 0.356370
v 0.258060 -0.029797 0.355531
v 0.256506 -0.028537 0.361330
v 0.256746 -0.026012 0.360434
v 0.258240 -0.027724 0.354857
v 0.256898 -0.023036 0.359865
v 0.258446 -0.023553 0.354089
v 0.252809 -0.035651 0.375127
v 0.251846 -0.035968 0.378719
v 0.252114 -0.041915 0.377721
v 0.258505 -0.019311 0.353870
v 0.258446 0.023107 0.354089
v 0.256815 0.024558 0.360177
v 0.258240 0.027278 0.354857
v 0.256700 0.026238 0.360606
v 0.256506 0.028091 0.361330
v 0.257835 0.031220 0.356370
v 0.256243 0.029713 0.362309
v 0.257539 0.033047 0.357475
v 0.255863 0.038311 0.363727
v 0.255348 0.039153 0.365651
v 0.255172 0.032938 0.366309
v 0.253209 0.041062 0.373635
v 0.252114 0.041469 0.377721
v 0.252809 0.035205 0.375127
v 0.251015 0.041663 0.381822
v 0.249915 0.041715 0.385927
v 0.250881 0.035674 0.382322
v 0.256338 0.037313 0.361958
v 0.255693 0.031757 0.364365
v 0.256898 0.022590 0.359865
v 0.251846 0.035522 0.378719
v 0.256789 0.036083 0.360271
v 0.258505 0.014865 0.353870
v 0.247151 0.041663 0.380787
v 0.248250 0.041469 0.376686
v 0.247983 0.035522 0.377684
v 0.249345 0.041062 0.372600
v 0.250429 0.040339 0.368555
v 0.249900 0.034639 0.370528
v 0.251484 0.039153 0.364616
v 0.252000 0.038311 0.362692
v 0.251308 0.032938 0.365274
v 0.252926 0.036083 0.359236
v 0.253329 0.034655 0.357732
v 0.252200 0.030478 0.361944
v 0.253675 0.033047 0.356440
v 0.253971 0.031220 0.355335
v 0.254196 0.029351 0.354495
v 0.254376 0.027278 0.353822
v 0.252836 0.026238 0.359570
v 0.253088 0.018865 0.358631
v 0.253034 0.022590 0.358830
v 0.252642 0.028091 0.360295
v 0.248945 0.035205 0.374091
v 0.251911 0.031533 0.363022
v 0.269712 0.014865 0.366136
v 0.269359 0.014865 0.367452
v 0.265752 0.014865 0.364300
v 0.275098 0.014865 0.375505
v 0.280149 0.014865 0.372202
v 0.273270 0.014865 0.362876
v 0.243149 0.014865 0.358244
v 0.238450 0.014865 0.359170
v 0.231861 0.014865 0.355158
v 0.233876 0.014865 0.360783
v 0.226731 0.014865 0.357888
v 0.243069 0.014865 0.352216
v 0.237351 0.014865 0.353252
v 0.277896 0.014865 0.396055
v 0.284032 0.014865 0.394768
v 0.281294 0.014865 0.406067
v 0.275664 0.014865 0.408531
v 0.282798 0.014865 0.400453
v 0.277203 0.014865 0.402790
v 0.282428 0.014865 0.377547
v 0.263874 0.014865 0.356094
v 0.268835 0.014865 0.359120
v 0.261709 0.014865 0.361731
v 0.248879 0.014865 0.352076
v 0.247935 0.014865 0.358041
v 0.277706 0.014865 0.400875
v 0.222084 0.014865 0.361379
v 0.229454 0.014865 0.363274
v 0.222073 0.014865 0.370090
v 0.218032 0.014865 0.365544
v 0.225490 0.014865 0.366386
v 0.207301 0.014865 0.392264
v 0.211949 0.014865 0.393509
v 0.212085 0.014865 0.375490
v 0.219289 0.014865 0.374291
v 0.217211 0.014865 0.378882
v 0.216609 0.014865 0.379940
v 0.213988 0.014865 0.385851
v 0.213475 0.014865 0.387765
v 0.284393 0.014865 0.388968
v 0.278392 0.014865 0.390128
v 0.278082 0.014865 0.385098
v 0.283854 0.014865 0.383181
v 0.276974 0.014865 0.380182
v 0.272500 0.018865 0.371187
v 0.277071 0.018865 0.367272
v 0.275098 0.018865 0.375505
v 0.276974 0.018865 0.380182
v 0.282428 0.018865 0.377547
v 0.273270 0.018865 0.362876
v 0.238450 0.018865 0.359170
v 0.243149 0.018865 0.358244
v 0.226731 0.018865 0.357888
v 0.233883 0.018865 0.360758
v 0.231861 0.018865 0.355158
v 0.237351 0.018865 0.353252
v 0.243069 0.018865 0.352216
v 0.277919 0.018865 0.396097
v 0.284032 0.018865 0.394768
v 0.278082 0.018865 0.397784
v 0.282798 0.018865 0.400453
v 0.275664 0.018865 0.408531
v 0.284393 0.018865 0.388968
v 0.278392 0.018865 0.390128
v 0.283854 0.018865 0.383181
v 0.263874 0.018865 0.356094
v 0.261709 0.018865 0.361731
v 0.248879 0.018865 0.352076
v 0.222084 0.018865 0.361379
v 0.229454 0.018865 0.363274
v 0.214672 0.018865 0.370286
v 0.212085 0.018865 0.375490
v 0.219289 0.018865 0.374291
v 0.213988 0.018865 0.385851
v 0.212963 0.018865 0.389679
v 0.247935 0.018865 0.358041
v 0.214510 0.018865 0.383942
v 0.215322 0.018865 0.381760
v 0.216383 0.018865 0.380228
v 0.217211 0.018865 0.378882
v 0.213475 0.018865 0.387765
v 0.210311 0.014865 0.381030
v 0.276690 0.018865 0.404703
v 0.265752 -0.019311 0.364300
v 0.261709 -0.019311 0.361731
v 0.268835 -0.019311 0.359120
v 0.273270 -0.019311 0.362876
v 0.282428 -0.019311 0.377548
v 0.275098 -0.019311 0.375505
v 0.280149 -0.019311 0.372202
v 0.233873 -0.019311 0.360796
v 0.229454 -0.019311 0.363274
v 0.226731 -0.019311 0.357888
v 0.247935 -0.019311 0.358041
v 0.243149 -0.019311 0.358244
v 0.243069 -0.019311 0.352216
v 0.225490 -0.019311 0.366386
v 0.222084 -0.019311 0.361379
v 0.277865 -0.019311 0.395753
v 0.284032 -0.019311 0.394768
v 0.278392 -0.019311 0.390128
v 0.276690 -0.019311 0.404703
v 0.277203 -0.019311 0.402790
v 0.275665 -0.019311 0.408531
v 0.278099 -0.019311 0.397899
v 0.282798 -0.019311 0.400453
v 0.283854 -0.019311 0.383181
v 0.276975 -0.019311 0.380182
v 0.277071 -0.019311 0.367272
v 0.263874 -0.019311 0.356094
v 0.248879 -0.019311 0.352076
v 0.218032 -0.019311 0.365545
v 0.216378 -0.019311 0.380186
v 0.210311 -0.019311 0.381030
v 0.212085 -0.019311 0.375490
v 0.212450 -0.019311 0.391592
v 0.252696 -0.019311 0.358565
v 0.284393 -0.019311 0.388968
v 0.278082 -0.019311 0.385098
v 0.217211 -0.019311 0.378882
v 0.257323 -0.019311 0.359805
v 0.277071 -0.015311 0.367272
v 0.272508 -0.015311 0.371157
v 0.280149 -0.015311 0.372202
v 0.265752 -0.015311 0.364300
v 0.268835 -0.015311 0.359120
v 0.261709 -0.015311 0.361731
v 0.234939 -0.015311 0.356818
v 0.231861 -0.015311 0.355158
v 0.243149 -0.015311 0.358244
v 0.243069 -0.015311 0.352216
v 0.248879 -0.015311 0.352076
v 0.277855 -0.015311 0.395854
v 0.284032 -0.015311 0.394768
v 0.278392 -0.015311 0.390128
v 0.277203 -0.015311 0.402790
v 0.276690 -0.015311 0.404703
v 0.277706 -0.015311 0.400875
v 0.282798 -0.015311 0.400453
v 0.284393 -0.015311 0.388968
v 0.283854 -0.015311 0.383181
v 0.278082 -0.015311 0.385098
v 0.282428 -0.015311 0.377548
v 0.275098 -0.015311 0.375505
v 0.263874 -0.015311 0.356094
v 0.222084 -0.015311 0.361379
v 0.218032 -0.015311 0.365545
v 0.225490 -0.015311 0.366386
v 0.216420 -0.015311 0.380155
v 0.210311 -0.015311 0.381030
v 0.215643 -0.015311 0.381137
v 0.207301 -0.015311 0.392264
v 0.213475 -0.015311 0.387765
v 0.212085 -0.015311 0.375490
v 0.257323 -0.015311 0.359805
v 0.238450 -0.019311 0.359170
v 0.234839 0.025989 0.357190
v 0.234926 0.022436 0.356864
v 0.233815 0.025388 0.361011
v 0.234588 0.029417 0.358126
v 0.234737 0.027782 0.357572
v 0.233661 0.027555 0.361587
v 0.234078 0.032362 0.360030
v 0.234367 0.031011 0.358950
v 0.233374 0.029445 0.362659
v 0.233641 0.033772 0.361661
v 0.233149 0.030257 0.363498
v 0.232927 0.035160 0.364326
v 0.232605 0.031355 0.365525
v 0.231330 0.032398 0.370284
v 0.231563 0.036321 0.369415
v 0.232165 0.031865 0.367170
v 0.228794 0.032715 0.379750
v 0.230486 0.032629 0.373434
v 0.230642 0.036606 0.372853
v 0.232658 0.032715 0.380786
v 0.237767 0.018865 0.361717
v 0.237767 0.014865 0.361717
v 0.237757 0.022135 0.361755
v 0.238600 0.027782 0.358607
v 0.238452 0.029417 0.359162
v 0.237534 0.027502 0.362589
v 0.238177 0.031297 0.360185
v 0.237825 0.032839 0.361501
v 0.237204 0.034477 0.363820
v 0.236336 0.035692 0.367057
v 0.235427 0.036321 0.370451
v 0.236028 0.031865 0.368205
v 0.233582 0.036702 0.377336
v 0.232658 0.036715 0.380786
v 0.233504 0.032705 0.377627
v 0.234506 0.036606 0.373888
v 0.234350 0.032629 0.374469
v 0.235194 0.032398 0.371319
v 0.236469 0.031355 0.366561
v 0.258999 0.036715 0.406116
v 0.273563 0.022436 0.367217
v 0.273476 0.025989 0.367543
v 0.272452 0.025388 0.371364
v 0.273225 0.029417 0.368479
v 0.273004 0.031011 0.369303
v 0.272253 0.027966 0.372105
v 0.272077 0.029155 0.372764
v 0.272379 0.033537 0.371638
v 0.271977 0.034477 0.373137
v 0.271564 0.035160 0.374678
v 0.271242 0.031355 0.375878
v 0.270200 0.036321 0.379768
v 0.269279 0.036606 0.383206
v 0.269967 0.032398 0.380637
v 0.267431 0.036715 0.390103
v 0.267431 0.032715 0.390103
v 0.262992 0.032715 0.406668
v 0.269123 0.032629 0.383787
v 0.268355 0.036702 0.386654
v 0.268277 0.032705 0.386945
v 0.273374 0.027782 0.367924
v 0.270802 0.031865 0.377523
v 0.263567 0.032715 0.389068
v 0.264492 0.036702 0.385618
v 0.265415 0.036606 0.382170
v 0.265260 0.032629 0.382752
v 0.266336 0.036321 0.378733
v 0.267246 0.035692 0.375339
v 0.266938 0.031865 0.376488
v 0.267700 0.035160 0.373643
v 0.268113 0.034477 0.372102
v 0.267379 0.031355 0.374843
v 0.268515 0.033537 0.370603
v 0.268792 0.032628 0.369569
v 0.268043 0.029828 0.372362
v 0.269096 0.031250 0.368434
v 0.269361 0.029417 0.367444
v 0.268355 0.028276 0.371202
v 0.269612 0.025989 0.366508
v 0.269700 0.022436 0.366182
v 0.268588 0.025388 0.370328
v 0.268666 0.022135 0.370037
v 0.266104 0.032398 0.379602
v 0.273563 -0.022882 0.367217
v 0.272530 -0.022581 0.371073
v 0.273374 -0.028228 0.367924
v 0.273476 -0.026435 0.367543
v 0.272452 -0.025834 0.371364
v 0.273004 -0.031457 0.369303
v 0.273225 -0.029863 0.368479
v 0.272256 -0.028395 0.372094
v 0.272759 -0.032669 0.370221
v 0.272077 -0.029601 0.372764
v 0.271865 -0.030442 0.373555
v 0.272557 -0.033435 0.370971
v 0.271110 -0.036138 0.376374
v 0.271242 -0.031801 0.375878
v 0.270802 -0.032311 0.377523
v 0.269967 -0.032843 0.380637
v 0.270200 -0.036767 0.379768
v 0.267431 -0.037161 0.390103
v 0.268277 -0.033151 0.386945
v 0.267431 -0.033161 0.390103
v 0.268355 -0.037148 0.386654
v 0.269123 -0.033075 0.383787
v 0.262992 -0.033161 0.406668
v 0.263567 -0.033161 0.389068
v 0.268677 -0.019311 0.369999
v 0.268677 -0.015311 0.369999
v 0.268666 -0.022581 0.370037
v 0.269510 -0.028228 0.366889
v 0.269361 -0.029863 0.367444
v 0.268478 -0.027589 0.370739
v 0.269074 -0.031815 0.368517
v 0.268857 -0.032834 0.369325
v 0.268113 -0.034923 0.372102
v 0.267700 -0.035606 0.373643
v 0.266336 -0.036767 0.378733
v 0.265415 -0.037052 0.382170
v 0.266104 -0.032843 0.379602
v 0.264492 -0.037148 0.385618
v 0.263567 -0.037161 0.389068
v 0.264414 -0.033151 0.385909
v 0.259129 -0.037161 0.405633
v 0.258999 -0.037161 0.406116
v 0.267246 -0.036138 0.375339
v 0.266938 -0.032311 0.376488
v 0.269700 -0.022882 0.366182
v 0.268588 -0.025834 0.370328
v 0.262992 -0.037161 0.406668
v 0.234939 -0.019311 0.356818
v 0.234926 -0.022882 0.356864
v 0.234839 -0.026435 0.357190
v 0.233815 -0.025834 0.361011
v 0.234588 -0.029863 0.358126
v 0.234367 -0.031457 0.358950
v 0.233593 -0.028602 0.361841
v 0.234174 -0.032437 0.359672
v 0.233581 -0.034359 0.361886
v 0.232927 -0.035606 0.364326
v 0.232605 -0.031801 0.365525
v 0.231563 -0.036767 0.369415
v 0.230642 -0.037052 0.372853
v 0.231330 -0.032843 0.370284
v 0.228794 -0.037161 0.379750
v 0.228794 -0.033161 0.379750
v 0.224312 -0.033161 0.396477
v 0.230486 -0.033075 0.373434
v 0.229718 -0.037148 0.376301
v 0.229640 -0.033151 0.376592
v 0.233893 -0.022581 0.360720
v 0.233582 -0.037148 0.377336
v 0.234506 -0.037052 0.373888
v 0.234350 -0.033075 0.374469
v 0.235427 -0.036767 0.370451
v 0.236336 -0.036138 0.367057
v 0.236028 -0.032311 0.368205
v 0.236791 -0.035606 0.365361
v 0.237204 -0.034923 0.363820
v 0.236703 -0.031388 0.365688
v 0.237665 -0.033800 0.362099
v 0.237214 -0.029949 0.363780
v 0.237948 -0.032834 0.361043
v 0.238142 -0.031934 0.360318
v 0.237418 -0.028929 0.363020
v 0.238452 -0.029863 0.359162
v 0.237545 -0.027828 0.362545
v 0.238703 -0.026435 0.358226
v 0.238790 -0.022882 0.357900
v 0.237679 -0.025834 0.362046
v 0.237757 -0.022581 0.361755
v 0.236300 0.036789 0.405728
v 0.233229 0.036129 0.404905
v 0.217588 0.027367 0.400714
v 0.209846 0.016801 0.398640
v 0.208940 0.014818 0.398397
v 0.205516 -0.000223 0.397803
v 0.205713 -0.003293 0.397791
v 0.210264 -0.018071 0.398752
v 0.213537 -0.023256 0.399628
v 0.211612 -0.020813 0.399285
v 0.215470 -0.025619 0.400146
v 0.216893 -0.025619 0.394834
v 0.217588 -0.027813 0.400714
v 0.227571 -0.034564 0.403389
v 0.239130 -0.037595 0.406486
v 0.236655 -0.035985 0.404788
v 0.240674 -0.036100 0.401206
v 0.237859 -0.035739 0.400452
v 0.225730 -0.032113 0.401860
v 0.228315 -0.033420 0.402553
v 0.223229 -0.030571 0.401190
v 0.232351 -0.034307 0.398976
v 0.236308 -0.035421 0.400036
v 0.224376 -0.030259 0.396839
v 0.225287 -0.037155 0.392838
v 0.220657 -0.031238 0.378148
v 0.221102 -0.032596 0.382348
v 0.221931 -0.030536 0.375872
v 0.222924 -0.029738 0.374973
v 0.224151 -0.028567 0.374519
v 0.223465 -0.029244 0.374694
v 0.216104 -0.022335 0.394622
v 0.216945 -0.023410 0.394848
v 0.217827 -0.023188 0.390839
v 0.223451 -0.026450 0.381683
v 0.224803 -0.026365 0.376811
v 0.224682 -0.026439 0.377044
v 0.225069 -0.026139 0.376644
v 0.216617 -0.024773 0.399419
v 0.217959 -0.024604 0.395120
v 0.218665 -0.026893 0.399967
v 0.219566 -0.029032 0.404868
v 0.220879 -0.028834 0.400561
v 0.211585 -0.017476 0.398070
v 0.208919 -0.014864 0.402015
v 0.210208 -0.017595 0.402360
v 0.209262 -0.011994 0.397448
v 0.211691 -0.014663 0.393440
v 0.210655 -0.011912 0.393162
v 0.207030 -0.009150 0.401508
v 0.207869 -0.012075 0.401733
v 0.207842 -0.006190 0.397067
v 0.207481 -0.003171 0.396971
v 0.208047 -0.000223 0.392463
v 0.207365 -0.000223 0.396939
v 0.204341 -0.005355 0.387226
v 0.209832 -0.000223 0.388697
v 0.204037 -0.000223 0.387144
v 0.204341 0.004909 0.387226
v 0.210273 0.010235 0.393060
v 0.209199 0.005407 0.392772
v 0.207796 0.005446 0.397055
v 0.203548 -0.000223 0.397470
v 0.204072 0.006327 0.397610
v 0.211653 0.024222 0.399642
v 0.225772 0.036224 0.406530
v 0.229537 0.037430 0.404433
v 0.247501 0.039041 0.412353
v 0.244389 0.039441 0.411519
v 0.262242 0.033096 0.416302
v 0.265598 0.031190 0.414096
v 0.263018 0.033096 0.413405
v 0.272329 0.024223 0.415899
v 0.279911 0.006328 0.417931
v 0.271553 -0.024668 0.418797
v 0.250653 -0.038805 0.413197
v 0.248278 -0.039487 0.409455
v 0.251216 -0.037933 0.410243
v 0.208181 -0.019166 0.398711
v 0.209800 -0.021980 0.399145
v 0.204854 -0.013146 0.400926
v 0.203675 -0.003460 0.397504
v 0.277849 -0.006395 0.416861
v 0.270705 -0.023255 0.414947
v 0.272129 -0.023255 0.409634
v 0.253856 -0.035701 0.410432
v 0.256671 -0.034564 0.411187
v 0.249831 -0.035627 0.403660
v 0.252259 -0.035848 0.404311
v 0.248106 -0.035985 0.407856
v 0.245272 -0.036349 0.407097
v 0.250976 -0.035364 0.408625
v 0.249871 -0.035606 0.412988
v 0.259030 -0.032112 0.410783
v 0.255378 -0.033648 0.414463
v 0.266095 -0.026892 0.412676
v 0.262865 -0.029031 0.416469
v 0.262763 -0.030224 0.407124
v 0.264898 -0.028636 0.407697
v 0.272897 -0.023077 0.399901
v 0.269850 -0.026450 0.399085
v 0.271092 -0.026450 0.394448
v 0.274794 -0.029573 0.388730
v 0.277032 -0.026702 0.389047
v 0.275419 -0.031115 0.391824
v 0.275198 -0.031261 0.393167
v 0.270012 -0.022487 0.413726
v 0.272663 -0.019901 0.409777
v 0.270986 -0.022334 0.409328
v 0.273175 -0.017475 0.414573
v 0.274455 -0.014762 0.414916
v 0.276332 -0.009087 0.415419
v 0.276883 -0.010459 0.410908
v 0.277882 -0.005896 0.411175
v 0.278203 -0.003149 0.411262
v 0.279379 -0.000223 0.407332
v 0.283809 -0.005355 0.412764
v 0.283809 0.004909 0.412764
v 0.284871 0.004909 0.408804
v 0.273578 0.016234 0.414681
v 0.277957 0.004949 0.411196
v 0.278318 -0.000223 0.411292
v 0.277964 -0.000223 0.416477
v 0.276963 0.005448 0.415588
v 0.276471 -0.000223 0.420115
v 0.275681 0.010979 0.415245
v 0.267139 0.025410 0.412956
v 0.262960 0.029104 0.411836
v 0.263983 0.028902 0.407452
v 0.266734 0.026603 0.408189
v 0.264987 0.028945 0.403476
v 0.268111 0.026304 0.404312
v 0.271676 0.020938 0.409513
v 0.270144 0.022964 0.409102
v 0.272325 0.025884 0.389537
v 0.274903 0.029292 0.388901
v 0.272433 0.030335 0.405471
v 0.272452 0.020276 0.415415
v 0.268077 0.027367 0.408549
v 0.266654 0.027367 0.413861
v 0.251013 0.036129 0.409670
v 0.247939 0.036382 0.408502
v 0.256671 0.034118 0.411186
v 0.254415 0.033972 0.404888
v 0.251192 0.035125 0.399780
v 0.245112 0.037149 0.408089
v 0.237912 0.035909 0.400465
v 0.225676 0.033190 0.402881
v 0.227571 0.034118 0.403389
v 0.231559 0.034253 0.403422
v 0.232799 0.034015 0.399096
v 0.236958 0.035125 0.400210
v 0.236902 0.035581 0.404854
v 0.258276 0.032076 0.410581
v 0.253199 0.034253 0.409221
v 0.217620 0.025409 0.399687
v 0.224225 0.028945 0.392554
v 0.222209 0.026004 0.386319
v 0.218017 0.030158 0.385196
v 0.216594 0.030158 0.390509
v 0.217329 0.030866 0.390706
v 0.221875 0.030129 0.375942
v 0.220770 0.028099 0.374923
v 0.223779 0.028492 0.374600
v 0.211790 0.020276 0.399160
v 0.212643 0.021916 0.399561
v 0.212855 0.027245 0.393752
v 0.214052 0.021083 0.398731
v 0.224815 0.025910 0.376801
v 0.224689 0.026000 0.377046
v 0.223451 0.026004 0.381683
v 0.270706 0.022235 0.414602
v 0.277861 0.005873 0.416864
v 0.277243 0.008949 0.416699
v 0.274395 0.016802 0.415935
v 0.275302 0.014818 0.416178
v 0.279647 0.002827 0.411649
v 0.278223 0.002827 0.416961
v 0.268143 -0.024772 0.413225
v 0.261532 -0.030570 0.411453
v 0.250089 -0.041673 0.403729
v 0.209285 0.011953 0.392795
v 0.206205 0.005739 0.397793
v 0.207442 0.002827 0.392301
v 0.254697 -0.034128 0.368081
v 0.252926 -0.036529 0.359236
v 0.254582 0.023107 0.353054
v 0.252474 0.037312 0.360922
v 0.250833 0.033682 0.367046
v 0.254697 0.033682 0.368081
v 0.252951 0.024558 0.359142
v 0.215482 0.014865 0.381448
v 0.268835 0.018865 0.359120
v 0.280149 0.018865 0.372202
v 0.277706 0.018865 0.400875
v 0.278081 0.014865 0.398166
v 0.278082 0.018865 0.385098
v 0.269359 0.018865 0.367452
v 0.265752 0.018865 0.364300
v 0.252696 0.018865 0.358565
v 0.229454 -0.015311 0.363274
v 0.219289 -0.015311 0.374291
v 0.222073 -0.019311 0.370090
v 0.222073 -0.015311 0.370090
v 0.213988 -0.015311 0.385851
v 0.214510 -0.019311 0.383942
v 0.214510 -0.015311 0.383942
v 0.214672 -0.015311 0.370286
v 0.231861 -0.019311 0.355158
v 0.277706 -0.019311 0.400875
v 0.278112 -0.015311 0.397721
v 0.229640 0.032705 0.376592
v 0.233893 0.022135 0.360720
v 0.238703 0.025989 0.358226
v 0.236791 0.035160 0.365361
v 0.272530 0.022135 0.371073
v 0.271593 -0.031182 0.374569
v 0.268355 -0.028722 0.371202
v 0.269612 -0.026435 0.366508
v 0.271977 -0.034923 0.373137
v 0.233504 -0.033151 0.377627
v 0.232165 -0.032311 0.367170
v 0.234737 -0.028228 0.357572
v 0.238600 -0.028228 0.358607
v 0.232473 -0.036138 0.366022
v 0.239130 0.037149 0.406486
v 0.222309 0.031171 0.401979
v 0.216273 0.026470 0.400620
v 0.213537 0.022810 0.399628
v 0.210264 0.017625 0.398752
v 0.206019 0.002827 0.397614
v 0.202976 -0.000223 0.391105
v 0.209710 -0.018309 0.399121
v 0.243545 -0.037723 0.401975
v 0.251013 -0.036575 0.409670
v 0.248044 -0.037218 0.408875
v 0.249468 -0.037218 0.403562
v 0.239489 -0.036349 0.405547
v 0.231037 -0.034518 0.403282
v 0.232561 -0.035606 0.408349
v 0.229577 -0.033191 0.398232
v 0.221416 -0.027049 0.391801
v 0.222192 -0.028637 0.396254
v 0.217329 -0.031313 0.390706
v 0.218017 -0.030604 0.385196
v 0.220183 -0.032596 0.385777
v 0.219993 -0.026709 0.395665
v 0.220785 -0.026450 0.391632
v 0.214748 -0.022489 0.398918
v 0.210305 -0.014763 0.397727
v 0.208428 -0.009089 0.397224
v 0.205959 -0.000223 0.401221
v 0.209827 -0.009028 0.392941
v 0.210206 -0.010459 0.393042
v 0.211181 0.016233 0.397962
v 0.209078 0.010978 0.397399
v 0.209132 0.004948 0.392754
v 0.210193 0.004948 0.388794
v 0.203675 0.003013 0.397504
v 0.204854 0.012699 0.400925
v 0.215954 0.029058 0.400794
v 0.213705 0.026730 0.400191
v 0.251429 0.038359 0.410299
v 0.248277 0.039041 0.409455
v 0.268029 0.029059 0.414747
v 0.277576 0.012700 0.420411
v 0.280308 0.003014 0.418037
v 0.275802 -0.019165 0.416830
v 0.269502 -0.027176 0.418248
v 0.247502 -0.039487 0.412353
v 0.245167 -0.039887 0.408621
v 0.220965 -0.033542 0.402137
v 0.211654 -0.024669 0.399642
v 0.207405 -0.019166 0.401609
v 0.205999 -0.016187 0.401232
v 0.278697 -0.000223 0.417606
v 0.276160 -0.012297 0.416150
v 0.266720 -0.027935 0.414051
v 0.261933 -0.031616 0.412596
v 0.256446 -0.033419 0.410091
v 0.263881 -0.028833 0.412083
v 0.267795 -0.027049 0.404228
v 0.267097 -0.026708 0.408286
v 0.269130 -0.024602 0.408831
v 0.268426 -0.026450 0.404397
v 0.276794 -0.028545 0.389935
v 0.273000 -0.032596 0.389536
v 0.272617 -0.030604 0.405520
v 0.275296 -0.027691 0.406238
v 0.274234 -0.027691 0.410198
v 0.270144 -0.023410 0.409102
v 0.271700 -0.020038 0.414178
v 0.276434 -0.011911 0.410788
v 0.276917 -0.006188 0.415576
v 0.277944 -0.010459 0.406948
v 0.276749 0.010457 0.410872
v 0.277890 0.005409 0.411178
v 0.269850 0.026004 0.399085
v 0.274139 0.022631 0.395265
v 0.271092 0.026004 0.394448
v 0.274041 0.030158 0.400208
v 0.273875 0.020276 0.410102
v 0.263356 0.031171 0.407284
v 0.263412 0.030115 0.412992
v 0.263965 0.029947 0.413399
v 0.259345 0.032766 0.411903
v 0.261933 0.031171 0.412596
v 0.249910 0.035674 0.403681
v 0.255279 0.035255 0.405119
v 0.248983 0.035334 0.403432
v 0.242380 0.036027 0.406322
v 0.251150 0.041227 0.399768
v 0.240553 0.037149 0.401174
v 0.226320 0.032766 0.397360
v 0.232422 0.033886 0.398995
v 0.226483 0.032076 0.402062
v 0.221798 0.029103 0.400807
v 0.220355 0.026603 0.395762
v 0.220785 0.026004 0.391632
v 0.221416 0.026603 0.391801
v 0.216945 0.022964 0.394848
v 0.220183 0.032150 0.385777
v 0.221095 0.030634 0.377071
v 0.218759 0.032150 0.391089
v 0.214960 0.022810 0.394316
v 0.218955 0.025232 0.395386
v 0.276444 0.011757 0.416484
v 0.262863 -0.037155 0.407151
v 0.255959 0.030932 0.363371
v 0.252696 0.014865 0.358565
v 0.219289 -0.019311 0.374291
v 0.215643 -0.019311 0.381137
v 0.213988 -0.019311 0.385851
v 0.214672 -0.019311 0.370286
v 0.226731 -0.015311 0.357888
v 0.232472 0.035692 0.366022
v 0.229718 0.036702 0.376301
v 0.264414 0.032705 0.385909
v 0.265260 -0.033075 0.382752
v 0.271564 -0.035606 0.374678
v 0.269279 -0.037052 0.383206
v 0.232658 -0.033161 0.380786
v 0.235194 -0.032843 0.371319
v 0.232956 -0.031182 0.364216
v 0.283034 -0.000223 0.446915
v 0.283034 -0.001631 0.447026
v 0.283034 -0.013223 0.426532
v 0.283034 0.000025 0.500884
v 0.283034 -0.001296 0.504871
v 0.282034 0.003406 0.463060
v 0.282034 0.004116 0.472396
v 0.282034 0.001834 0.463637
v 0.282034 -0.007537 0.472643
v 0.282034 -0.007815 0.473232
v 0.282034 -0.009223 0.471415
v 0.282034 0.007827 0.472246
v 0.282034 0.007329 0.474034
v 0.282034 0.003904 0.476415
v 0.282034 0.004005 0.474079
v 0.282034 0.006292 0.472400
v 0.282034 0.006131 0.473933
v 0.282034 -0.001711 0.471874
v 0.282034 0.000002 0.472561
v 0.282034 0.002018 0.474123
v 0.282034 -0.004311 0.471940
v 0.282034 -0.003818 0.474231
v 0.281534 -0.002125 0.496022
v 0.281534 -0.004140 0.494115
v 0.281534 0.000302 0.487462
v 0.282006 -0.000257 0.498592
v 0.282007 0.001929 0.498203
v 0.283034 0.012777 0.473915
v 0.283034 0.008777 0.473915
v 0.283034 0.008777 0.471415
v 0.283034 0.008777 0.455915
v 0.283034 -0.013223 0.473915
v 0.283034 -0.009223 0.455915
v 0.283034 -0.009223 0.471415
v 0.283034 0.012777 0.426532
v 0.283034 0.008502 0.453820
v 0.283034 -0.009112 0.454507
v 0.283034 0.007796 0.451829
v 0.283034 -0.008782 0.453134
v 0.283034 0.007058 0.450625
v 0.283034 -0.007504 0.450625
v 0.283034 -0.008242 0.451829
v 0.283034 -0.006587 0.449551
v 0.283034 0.006141 0.449551
v 0.283034 0.005067 0.448634
v 0.283034 0.003863 0.447896
v 0.283034 -0.003657 0.447626
v 0.283034 -0.005513 0.448634
v 0.283034 0.002558 0.447356
v 0.283034 -0.009223 0.473915
v 0.283034 -0.009223 0.476415
v 0.283034 -0.013223 0.491915
v 0.283034 -0.013046 0.494055
v 0.283034 -0.009223 0.491915
v 0.283034 -0.011656 0.498102
v 0.283034 -0.012519 0.496136
v 0.283034 -0.008138 0.496199
v 0.283034 -0.008735 0.494837
v 0.283034 -0.010482 0.499900
v 0.283034 -0.007325 0.497443
v 0.283034 -0.006318 0.498537
v 0.283034 -0.007333 0.502798
v 0.283034 -0.009028 0.501479
v 0.283034 -0.003414 0.504517
v 0.283034 -0.002432 0.500640
v 0.283034 0.002969 0.504517
v 0.283034 0.000851 0.504871
v 0.283034 0.001986 0.500640
v 0.283034 0.006887 0.502798
v 0.283034 0.004999 0.503820
v 0.283034 0.004046 0.499803
v 0.283034 0.010036 0.499900
v 0.283034 0.008582 0.501479
v 0.283034 0.006208 0.498172
v 0.283034 0.011210 0.498102
v 0.283034 0.012600 0.494055
v 0.283034 0.012073 0.496136
v 0.283034 0.008508 0.493972
v 0.283034 0.008777 0.491915
v 0.283034 0.012777 0.491915
v 0.283034 0.008777 0.476415
v 0.283034 -0.003838 0.500157
v 0.283034 -0.005145 0.499449
v 0.283034 0.007692 0.496199
v 0.283034 -0.005445 0.503820
v 0.282034 -0.009223 0.491915
v 0.282005 -0.007316 0.491914
v 0.282001 -0.007264 0.493222
v 0.282034 -0.009100 0.493396
v 0.282034 -0.007796 0.495552
v 0.281996 -0.006054 0.495743
v 0.282034 -0.006192 0.497733
v 0.282034 -0.007325 0.497443
v 0.282034 -0.002357 0.499912
v 0.282034 -0.003838 0.500157
v 0.281997 -0.003960 0.497740
v 0.282034 -0.000228 0.500566
v 0.282034 0.003833 0.499555
v 0.282034 0.001895 0.500038
v 0.282034 0.006063 0.497856
v 0.281995 0.004037 0.497434
v 0.282034 0.007692 0.496199
v 0.281999 0.005614 0.495734
v 0.282034 0.008063 0.493727
v 0.282034 0.008495 0.491915
v 0.282034 -0.009223 0.455915
v 0.282034 -0.008209 0.455900
v 0.282034 -0.007995 0.457867
v 0.282034 -0.006506 0.472413
v 0.282034 -0.005643 0.461780
v 0.282034 0.001689 0.471720
v 0.282034 -0.000238 0.463929
v 0.282034 -0.001985 0.463708
v 0.282034 -0.004051 0.462956
v 0.282034 -0.007568 0.459120
v 0.282034 -0.006940 0.460285
v 0.282034 0.006476 0.460272
v 0.282034 0.005438 0.461587
v 0.282034 0.008580 0.455915
v 0.282034 0.007545 0.457782
v 0.282034 0.004480 0.462404
v 0.282034 -0.006315 0.476035
v 0.282034 -0.007922 0.475592
v 0.282034 -0.009223 0.476415
v 0.282034 0.008024 0.453936
v 0.282034 0.007058 0.450625
v 0.282034 0.007796 0.451829
v 0.282034 0.006658 0.451853
v 0.282034 0.005795 0.449902
v 0.282034 0.001771 0.447672
v 0.282034 0.003644 0.448337
v 0.282034 0.005067 0.448634
v 0.282034 0.004495 0.449437
v 0.282034 -0.000208 0.447901
v 0.282034 -0.002082 0.447744
v 0.282034 -0.000223 0.446915
v 0.282034 -0.003934 0.448173
v 0.282034 -0.005827 0.449828
v 0.282034 -0.005513 0.448634
v 0.282034 -0.007899 0.452255
v 0.282034 -0.007504 0.450625
v 0.282034 -0.006924 0.451519
v 0.282034 -0.009112 0.454507
v 0.282034 -0.008306 0.453613
v 0.282034 0.006617 0.476415
v 0.282034 0.008777 0.476415
v 0.282034 0.001718 0.476415
v 0.282034 0.007517 0.489930
v 0.281999 0.005605 0.488087
v 0.282034 0.001858 0.484199
v 0.282034 0.003425 0.484779
v 0.282002 0.003856 0.486481
v 0.282034 0.005449 0.486254
v 0.282034 -0.003747 0.476415
v 0.282034 -0.001715 0.475569
v 0.282034 -0.001848 0.484088
v 0.281998 -0.006047 0.488095
v 0.282034 -0.005621 0.486028
v 0.282034 -0.007556 0.488682
v 0.281998 -0.007146 0.490730
v 0.281984 -0.000256 0.484923
v 0.282034 -0.000443 0.475310
v 0.282034 -0.000350 0.474385
v 0.282034 -0.002129 0.474608
v 0.282034 -0.005975 0.473309
v 0.279534 0.007498 0.489848
v 0.279534 0.007791 0.491915
v 0.279534 0.007643 0.493374
v 0.279534 0.006915 0.495557
v 0.279534 0.005438 0.497587
v 0.279534 0.004480 0.498404
v 0.279534 0.003406 0.499060
v 0.279534 0.001323 0.499759
v 0.279534 -0.001985 0.499708
v 0.279534 -0.004051 0.498956
v 0.279534 -0.005805 0.497631
v 0.279534 -0.007568 0.495120
v 0.279534 -0.007995 0.493867
v 0.279534 -0.008211 0.492562
v 0.279534 -0.007988 0.489933
v 0.279534 -0.007556 0.488682
v 0.279534 -0.006924 0.487519
v 0.279534 -0.005458 0.485879
v 0.279534 -0.002383 0.484223
v 0.279534 -0.000208 0.483901
v 0.279534 0.001655 0.484150
v 0.279534 0.004495 0.485437
v 0.279534 0.003425 0.484779
v 0.279534 0.005449 0.486254
v 0.279534 0.006592 0.487745
v 0.281534 -0.004767 0.491844
v 0.281534 -0.004262 0.489960
v 0.281965 -0.004489 0.488043
v 0.281534 -0.002125 0.487808
v 0.281534 0.002295 0.488053
v 0.281754 0.004271 0.489483
v 0.281534 0.004285 0.491910
v 0.281722 0.004197 0.494354
v 0.281534 0.002234 0.495698
v 0.281534 0.000230 0.496414
v 0.281996 -0.004189 0.496257
v 0.282031 -0.006149 0.492390
v 0.282014 -0.006291 0.494255
v 0.282010 -0.002059 0.498175
v 0.282031 0.003735 0.496357
v 0.282002 0.006283 0.493710
v 0.282012 0.006262 0.492098
v 0.282008 0.006137 0.490167
v 0.282002 0.004109 0.487984
v 0.282006 0.001906 0.485619
v 0.282031 -0.000250 0.485534
v 0.282011 -0.002028 0.485657
v 0.282000 -0.003938 0.486223
v 0.282013 -0.006304 0.489764
v 0.277534 0.002136 0.485355
v 0.277534 -0.000527 0.484939
v 0.277534 -0.003892 0.486022
v 0.277534 -0.005973 0.487938
v 0.277534 -0.006859 0.489642
v 0.277534 -0.006142 0.495634
v 0.277534 -0.003892 0.497808
v 0.277534 -0.001957 0.498701
v 0.277534 -0.000238 0.498891
v 0.277534 0.002209 0.498450
v 0.277534 0.004046 0.497420
v 0.277534 0.005497 0.495892
v 0.277534 0.006762 0.491915
v 0.277534 0.006496 0.490090
v 0.277534 0.005602 0.488100
v 0.277534 0.006524 0.493627
v 0.277534 -0.007143 0.493067
v 0.277534 -0.007238 0.491915
v 0.277534 0.003894 0.486292
v 0.277534 -0.001957 0.485129
v 0.277534 -0.007143 0.490763
v 0.277534 -0.006859 0.494188
v 0.166701 0.138564 0.015494
v 0.165264 0.131386 0.015980
v 0.166121 0.135024 0.015858
v 0.166702 0.145838 0.015495
v 0.166897 0.142209 0.015372
v 0.158033 0.125300 0.020897
v 0.162223 0.127456 0.018235
v 0.153368 0.160467 0.023456
v 0.153283 0.123883 0.023504
v 0.129971 0.145916 0.038090
v 0.143679 0.160614 0.029426
v 0.139398 0.158952 0.032661
v 0.132098 0.152888 0.037145
v 0.131296 0.149373 0.037753
v 0.127629 0.150540 0.031387
v 0.125357 0.145756 0.029221
v 0.124479 0.145976 0.029627
v 0.139396 0.125449 0.032658
v 0.129985 0.138486 0.038063
v 0.131905 0.131414 0.037145
v 0.130728 0.146346 0.008240
v 0.131066 0.145627 0.009190
v 0.131552 0.146598 0.008872
v 0.131009 0.138898 0.009243
v 0.130832 0.137855 0.008183
v 0.131549 0.137743 0.008648
v 0.128857 0.138309 0.009966
v 0.129406 0.138026 0.010353
v 0.142290 0.138327 0.002046
v 0.161972 0.150556 0.009750
v 0.158023 0.158952 0.020952
v 0.165156 0.152833 0.016400
v 0.166322 0.149458 0.015639
v 0.142340 0.145982 0.002315
v 0.137709 0.150517 0.004363
v 0.137978 0.150504 0.005190
v 0.135282 0.127650 0.035244
v 0.148570 0.123744 0.026583
v 0.157824 0.124547 0.020242
v 0.145348 0.122564 0.021502
v 0.142607 0.122391 0.017098
v 0.147560 0.122644 0.013672
v 0.149948 0.122730 0.017804
v 0.154984 0.124046 0.015079
v 0.157616 0.126843 0.009866
v 0.159444 0.126815 0.012654
v 0.162082 0.126699 0.017676
v 0.166506 0.134627 0.015483
v 0.166481 0.134779 0.014745
v 0.167074 0.138442 0.014332
v 0.167050 0.138501 0.015117
v 0.148597 0.160655 0.026628
v 0.139239 0.159399 0.032627
v 0.138855 0.159850 0.032187
v 0.135284 0.156751 0.035247
v 0.134765 0.157410 0.035254
v 0.130340 0.149678 0.037712
v 0.131532 0.153195 0.037125
v 0.134296 0.157578 0.034734
v 0.131112 0.153201 0.036687
v 0.128353 0.153222 0.032207
v 0.126220 0.145977 0.032749
v 0.131304 0.157588 0.030347
v 0.129577 0.154612 0.030664
v 0.128978 0.155080 0.031030
v 0.129955 0.157393 0.028395
v 0.126883 0.150799 0.031764
v 0.128058 0.152055 0.031372
v 0.124641 0.150433 0.027547
v 0.125445 0.150159 0.027391
v 0.125606 0.152167 0.025691
v 0.125383 0.149987 0.026967
v 0.124201 0.147950 0.026129
v 0.124469 0.146393 0.026835
v 0.123908 0.145687 0.027454
v 0.124747 0.142101 0.028724
v 0.125912 0.142221 0.030718
v 0.125445 0.142215 0.031336
v 0.125397 0.138545 0.029201
v 0.126220 0.138426 0.032748
v 0.124485 0.138233 0.029541
v 0.126875 0.133502 0.031764
v 0.128109 0.131905 0.031727
v 0.130357 0.134614 0.037700
v 0.129724 0.142174 0.038290
v 0.131297 0.135022 0.037750
v 0.131111 0.131201 0.036685
v 0.134607 0.126900 0.035276
v 0.134295 0.126824 0.034731
v 0.138829 0.124533 0.032145
v 0.131306 0.126814 0.030348
v 0.135426 0.124045 0.027379
v 0.129751 0.126911 0.027923
v 0.137456 0.122653 0.019804
v 0.140319 0.122851 0.024450
v 0.127661 0.131689 0.030179
v 0.126866 0.131694 0.030323
v 0.125958 0.131295 0.028054
v 0.125633 0.131979 0.025541
v 0.125547 0.131806 0.023291
v 0.125566 0.134012 0.027399
v 0.124463 0.135565 0.025758
v 0.125307 0.132234 0.022730
v 0.124364 0.133759 0.024486
v 0.123927 0.138403 0.027319
v 0.124447 0.137942 0.026915
v 0.122599 0.139541 0.024427
v 0.122413 0.142064 0.023763
v 0.122539 0.139357 0.022163
v 0.124041 0.142237 0.029342
v 0.122673 0.145696 0.023858
v 0.123600 0.139577 0.027585
v 0.125017 0.142202 0.028979
v 0.124347 0.150510 0.024564
v 0.122633 0.145759 0.021753
v 0.125673 0.151973 0.019350
v 0.124266 0.147814 0.018312
v 0.124232 0.146869 0.018945
v 0.124386 0.150242 0.019724
v 0.125328 0.152043 0.022644
v 0.125004 0.150488 0.019925
v 0.123674 0.145710 0.021747
v 0.123776 0.145791 0.019537
v 0.125453 0.145930 0.014127
v 0.126510 0.153173 0.015455
v 0.127202 0.152873 0.016159
v 0.129264 0.156852 0.014487
v 0.130273 0.157854 0.014395
v 0.129561 0.157988 0.016192
v 0.134867 0.160749 0.014486
v 0.129976 0.158773 0.017674
v 0.132519 0.157107 0.010477
v 0.131256 0.154433 0.011398
v 0.130581 0.154654 0.010783
v 0.134216 0.158094 0.009997
v 0.131224 0.153222 0.009623
v 0.129400 0.153144 0.011303
v 0.129164 0.155209 0.012850
v 0.126927 0.153144 0.014677
v 0.128842 0.146070 0.009967
v 0.128020 0.150679 0.012243
v 0.130888 0.150098 0.008778
v 0.130356 0.150643 0.009670
v 0.131974 0.150324 0.007937
v 0.131587 0.150327 0.009582
v 0.133578 0.150361 0.007715
v 0.133874 0.152116 0.008213
v 0.138286 0.152093 0.005429
v 0.131533 0.152418 0.009712
v 0.129711 0.152282 0.011748
v 0.133394 0.150750 0.006910
v 0.134998 0.145100 0.004979
v 0.129586 0.142069 0.010377
v 0.128884 0.142164 0.009655
v 0.127525 0.142080 0.011681
v 0.129558 0.145999 0.010653
v 0.122459 0.142044 0.021227
v 0.125452 0.138476 0.014126
v 0.123842 0.138263 0.019454
v 0.128085 0.133594 0.012349
v 0.129548 0.131709 0.011614
v 0.126400 0.131742 0.016042
v 0.124322 0.136392 0.018386
v 0.129425 0.127636 0.014241
v 0.127215 0.131511 0.016159
v 0.129152 0.129491 0.012643
v 0.130287 0.126408 0.014341
v 0.129978 0.125483 0.017739
v 0.129611 0.126291 0.016011
v 0.132342 0.127435 0.010489
v 0.126139 0.128968 0.020620
v 0.126042 0.129919 0.017688
v 0.125627 0.131805 0.018208
v 0.124941 0.131830 0.018442
v 0.125584 0.132218 0.019319
v 0.124528 0.131515 0.022420
v 0.124664 0.131342 0.023230
v 0.126255 0.128551 0.021670
v 0.127208 0.127726 0.023630
v 0.128180 0.126571 0.022251
v 0.128282 0.127298 0.025568
v 0.124944 0.131674 0.025902
v 0.131934 0.124237 0.022066
v 0.129262 0.127042 0.027226
v 0.130609 0.129697 0.010776
v 0.134067 0.125904 0.010311
v 0.139628 0.123031 0.012239
v 0.135180 0.125866 0.009338
v 0.137718 0.125890 0.007699
v 0.143721 0.123769 0.008683
v 0.137897 0.124168 0.009755
v 0.133667 0.127732 0.009244
v 0.131412 0.131688 0.009662
v 0.133817 0.131769 0.007765
v 0.135639 0.131639 0.006237
v 0.140557 0.131657 0.003638
v 0.137722 0.131206 0.004820
v 0.141215 0.131590 0.004272
v 0.143622 0.132253 0.003307
v 0.138550 0.132284 0.005281
v 0.142882 0.131115 0.002759
v 0.142448 0.130071 0.004312
v 0.141825 0.133579 0.003520
v 0.140361 0.133970 0.003598
v 0.133529 0.133807 0.007584
v 0.137922 0.133680 0.005220
v 0.135379 0.133562 0.005587
v 0.133478 0.133562 0.006876
v 0.139570 0.137625 0.002670
v 0.134958 0.139474 0.004974
v 0.140435 0.139307 0.002175
v 0.130112 0.139307 0.008661
v 0.137558 0.133594 0.004283
v 0.131507 0.134045 0.009625
v 0.130118 0.133518 0.009992
v 0.130874 0.133957 0.008819
v 0.131973 0.133907 0.007937
v 0.140218 0.138206 0.003444
v 0.142026 0.142132 0.002204
v 0.140377 0.133833 0.002938
v 0.144068 0.133565 0.001904
v 0.147364 0.138476 0.000351
v 0.147364 0.145930 0.000352
v 0.154724 0.141984 0.000690
v 0.153017 0.138476 0.000462
v 0.143159 0.131304 0.002634
v 0.148088 0.131369 0.002306
v 0.154617 0.141998 0.001719
v 0.156678 0.142273 0.002486
v 0.155225 0.138437 0.001467
v 0.154822 0.138255 0.001895
v 0.152514 0.138010 0.001493
v 0.152704 0.134019 0.001835
v 0.153218 0.133918 0.001468
v 0.157306 0.133702 0.003676
v 0.156783 0.133835 0.004259
v 0.157799 0.139488 0.002281
v 0.157292 0.142062 0.001820
v 0.155833 0.139765 0.001854
v 0.157795 0.145350 0.002333
v 0.160585 0.139275 0.004684
v 0.160369 0.138287 0.006208
v 0.159918 0.137866 0.004258
v 0.160860 0.142214 0.006358
v 0.162249 0.142078 0.008238
v 0.161485 0.138564 0.006501
v 0.163070 0.141995 0.007670
v 0.163806 0.145976 0.009105
v 0.161598 0.146028 0.006305
v 0.159677 0.150374 0.005663
v 0.157731 0.152147 0.005519
v 0.158273 0.148586 0.004273
v 0.158908 0.149993 0.005950
v 0.161730 0.153175 0.009892
v 0.161075 0.155080 0.010864
v 0.162735 0.153201 0.011279
v 0.159447 0.157589 0.012661
v 0.162211 0.157407 0.017608
v 0.166465 0.149629 0.014697
v 0.165325 0.153169 0.015472
v 0.157887 0.159750 0.020371
v 0.167075 0.145961 0.014332
v 0.163806 0.138426 0.009104
v 0.167300 0.142209 0.014573
v 0.167051 0.145900 0.015117
v 0.162731 0.131201 0.011274
v 0.158433 0.126686 0.011366
v 0.161074 0.129323 0.010862
v 0.160570 0.131919 0.009431
v 0.161563 0.131473 0.009913
v 0.157720 0.132126 0.005455
v 0.159566 0.131132 0.006944
v 0.157863 0.131452 0.004991
v 0.157800 0.127266 0.009393
v 0.156449 0.127299 0.007858
v 0.161300 0.131701 0.008718
v 0.154740 0.127854 0.005868
v 0.155531 0.131618 0.003807
v 0.152043 0.126580 0.005665
v 0.152602 0.128587 0.003966
v 0.153730 0.128570 0.004400
v 0.150431 0.131739 0.002296
v 0.150153 0.130092 0.002422
v 0.147236 0.126595 0.004686
v 0.151532 0.132118 0.002445
v 0.145377 0.126360 0.004866
v 0.148148 0.125772 0.005599
v 0.151567 0.136441 0.000554
v 0.152114 0.136324 0.001712
v 0.146046 0.127936 0.003693
v 0.144605 0.129197 0.003141
v 0.140584 0.125986 0.006222
v 0.141177 0.127532 0.005248
v 0.139770 0.127377 0.006031
v 0.138920 0.126528 0.006477
v 0.159605 0.133868 0.005777
v 0.158268 0.136168 0.004593
v 0.158932 0.134308 0.005907
v 0.162213 0.133678 0.009576
v 0.151920 0.124170 0.010045
v 0.149948 0.161498 0.017809
v 0.154986 0.160358 0.015087
v 0.157605 0.157401 0.009765
v 0.147356 0.161625 0.013831
v 0.151890 0.160195 0.010150
v 0.148309 0.158743 0.005813
v 0.153682 0.157419 0.006285
v 0.152060 0.157567 0.005635
v 0.145384 0.157784 0.004819
v 0.147278 0.157811 0.004690
v 0.152531 0.155676 0.003933
v 0.153660 0.155763 0.004430
v 0.155617 0.153170 0.003566
v 0.155468 0.152408 0.003962
v 0.151599 0.152134 0.002519
v 0.148528 0.152613 0.002620
v 0.150299 0.152249 0.002579
v 0.152680 0.150205 0.001899
v 0.156772 0.150416 0.004241
v 0.151787 0.147883 0.001662
v 0.150067 0.153915 0.002334
v 0.151649 0.147756 0.000566
v 0.153017 0.145930 0.000462
v 0.148044 0.153190 0.001901
v 0.146018 0.156265 0.003639
v 0.143709 0.153717 0.002781
v 0.144199 0.150695 0.002042
v 0.143482 0.152299 0.003421
v 0.142900 0.153144 0.002759
v 0.140372 0.150446 0.002941
v 0.140313 0.145891 0.003381
v 0.144095 0.142070 0.000819
v 0.144373 0.142168 0.001779
v 0.139895 0.145966 0.002470
v 0.135567 0.150617 0.006016
v 0.140318 0.150236 0.003557
v 0.141894 0.150575 0.003493
v 0.140607 0.152348 0.003846
v 0.142014 0.153926 0.004097
v 0.135568 0.152419 0.006125
v 0.133886 0.153203 0.007258
v 0.135621 0.153499 0.006191
v 0.139240 0.156695 0.005613
v 0.137730 0.153115 0.004844
v 0.140570 0.153116 0.003551
v 0.141284 0.152692 0.004274
v 0.137621 0.158409 0.007766
v 0.138848 0.157935 0.006747
v 0.140193 0.158010 0.006282
v 0.141030 0.157100 0.005127
v 0.139580 0.161333 0.012306
v 0.137529 0.161624 0.020009
v 0.143895 0.160293 0.008230
v 0.142610 0.162013 0.017102
v 0.139992 0.161498 0.024069
v 0.145460 0.161775 0.021641
v 0.135424 0.160357 0.027380
v 0.132317 0.160194 0.022450
v 0.127836 0.152391 0.030030
v 0.127312 0.153127 0.030529
v 0.126784 0.152433 0.030273
v 0.125990 0.153145 0.027856
v 0.128282 0.157105 0.025569
v 0.125301 0.153325 0.025590
v 0.127251 0.156517 0.023769
v 0.128040 0.157522 0.022565
v 0.128162 0.157604 0.020228
v 0.124781 0.153185 0.023251
v 0.125530 0.152404 0.023258
v 0.126713 0.156178 0.021410
v 0.126488 0.155778 0.020273
v 0.125637 0.153451 0.017753
v 0.125541 0.152419 0.018247
v 0.124978 0.152483 0.018461
v 0.124377 0.152425 0.022388
v 0.124705 0.153133 0.022202
v 0.124508 0.152641 0.023194
v 0.124963 0.152477 0.026010
v 0.138048 0.160122 0.009959
v 0.144605 0.155211 0.003144
v 0.135151 0.158363 0.009362
v 0.133460 0.156284 0.009207
v 0.152676 0.146028 0.001490
v 0.154643 0.146404 0.001714
v 0.155568 0.146008 0.001556
v 0.155075 0.142203 0.000769
v 0.153202 0.150800 0.001581
v 0.157370 0.150400 0.003784
v 0.159775 0.146196 0.004623
v 0.159949 0.145793 0.005676
v 0.161509 0.142046 0.005887
v 0.154771 0.156455 0.005790
v 0.157746 0.153291 0.005295
v 0.159563 0.153115 0.006953
v 0.161348 0.152535 0.008791
v 0.160553 0.152355 0.009417
v 0.161936 0.152093 0.010014
v 0.158525 0.157384 0.011081
v 0.160409 0.154612 0.011281
v 0.156213 0.157462 0.008412
v 0.126959 0.131203 0.014667
v 0.124402 0.137489 0.018970
v 0.124458 0.133934 0.019700
v 0.122776 0.137704 0.021356
v 0.123693 0.138572 0.021727
v 0.123388 0.142061 0.023528
v 0.123459 0.142244 0.021386
v 0.124625 0.133808 0.027524
v 0.125386 0.134085 0.026937
v 0.127581 0.133734 0.031674
v 0.128687 0.129656 0.031204
v 0.129570 0.129547 0.030639
v 0.143675 0.123751 0.029385
v 0.139606 0.124602 0.032439
v 0.134561 0.127387 0.035586
v 0.156519 0.131941 0.005011
v 0.160489 0.133709 0.008078
v 0.159630 0.135940 0.005737
v 0.159532 0.148061 0.005913
v 0.158546 0.155583 0.009455
v 0.155545 0.154662 0.005909
v 0.156740 0.152497 0.005429
v 0.154403 0.154357 0.004410
v 0.153176 0.151924 0.003214
v 0.154814 0.150350 0.003205
v 0.150052 0.149998 0.001745
v 0.149027 0.154790 0.003659
v 0.153561 0.139898 0.001520
v 0.150897 0.135383 0.001727
v 0.150011 0.133891 0.001948
v 0.156239 0.130105 0.005638
v 0.154280 0.129649 0.004527
v 0.153734 0.126708 0.006339
v 0.153606 0.136128 0.001822
v 0.155855 0.144299 0.001787
v 0.159922 0.144467 0.005495
v 0.161961 0.144573 0.006733
v 0.128205 0.154804 0.028460
v 0.127685 0.130093 0.015671
v 0.127530 0.129318 0.017193
v 0.126377 0.129567 0.024265
v 0.125861 0.129598 0.022323
v 0.125745 0.133689 0.017320
v 0.125047 0.135301 0.017985
v 0.123860 0.136061 0.020440
v 0.123432 0.144214 0.022388
v 0.123614 0.143759 0.020555
v 0.124007 0.148184 0.020354
v 0.125058 0.148778 0.017973
v 0.125671 0.150232 0.017402
v 0.128029 0.154194 0.015635
v 0.126200 0.154056 0.024515
v 0.126174 0.154525 0.022226
v 0.126209 0.150442 0.029746
v 0.125179 0.136576 0.028235
v 0.123441 0.139759 0.022278
v 0.123621 0.140158 0.020479
v 0.125234 0.137662 0.028838
v 0.125321 0.139644 0.029558
v 0.125367 0.144154 0.029693
v 0.129999 0.147921 0.009654
v 0.129894 0.150457 0.011244
v 0.129682 0.143604 0.009442
v 0.129809 0.136424 0.009921
v 0.130055 0.133595 0.011076
v 0.131527 0.129223 0.011278
v 0.132795 0.129528 0.009934
v 0.131680 0.128386 0.011101
v 0.140261 0.129528 0.005239
v 0.140001 0.135676 0.003830
v 0.143147 0.139658 0.002199
v 0.140901 0.144489 0.003013
v 0.132176 0.155787 0.010239
v 0.128751 0.139783 0.011267
v 0.128006 0.139766 0.010602
v 0.128601 0.131989 0.011764
v 0.124308 0.134661 0.017436
v 0.122897 0.138724 0.019534
v 0.122644 0.142344 0.019918
v 0.122743 0.144450 0.019860
v 0.124431 0.149652 0.017312
v 0.126071 0.151840 0.016421
v 0.128607 0.155815 0.014324
v 0.127784 0.155797 0.016322
v 0.153915 0.139994 0.000529
v 0.152503 0.137622 0.000492
v 0.150348 0.134151 0.000946
v 0.140831 0.135789 0.002362
v 0.141910 0.150499 0.002386
v 0.141690 0.155517 0.005004
v 0.141222 0.156216 0.004616
v 0.132754 0.135216 0.008241
v 0.130511 0.139564 0.009548
v 0.132153 0.148345 0.007982
v 0.138754 0.148835 0.004468
v 0.153799 0.148379 0.001502
v 0.155210 0.150668 0.002319
v 0.160169 0.140159 0.005697
v 0.159172 0.136432 0.003962
v 0.154814 0.133702 0.003206
v 0.124170 0.133543 0.022191
v 0.123700 0.134261 0.025228
v 0.130961 0.152583 0.009460
v 0.140553 0.130683 0.003653
v 0.159754 0.152307 0.006696
v 0.159124 0.151890 0.007356
v 0.153867 0.152427 0.002505
v 0.127376 0.154475 0.017306
v 0.126262 0.155346 0.023931
v 0.126533 0.151890 0.027873
v 0.128223 0.155962 0.028022
v 0.129378 0.156026 0.030097
v 0.130256 0.157127 0.029419
v 0.125171 0.147786 0.028064
v 0.124318 0.136793 0.028912
v 0.126592 0.133709 0.029410
v 0.153924 0.131657 0.002511
v 0.159126 0.132172 0.007354
v 0.158969 0.129266 0.009540
v 0.160260 0.128672 0.010489
v 0.160362 0.129531 0.011281
v 0.161244 0.133385 0.007507
v 0.161502 0.139864 0.007400
v 0.162617 0.143440 0.007150
v 0.161314 0.150583 0.007553
v 0.123171 0.135419 0.023792
v 0.123116 0.135419 0.021843
v 0.123116 0.148635 0.021842
v 0.123150 0.148635 0.023576
v 0.123683 0.150668 0.022177
v 0.122729 0.137602 0.023787
v 0.122465 0.144245 0.023783
v 0.164138 0.142027 0.009313
v 0.163746 0.147666 0.009712
v 0.164038 0.144859 0.009414
v 0.164039 0.139195 0.009414
v 0.161914 0.136388 0.007069
v 0.162180 0.139195 0.006731
v 0.167607 0.140432 0.014865
v 0.163746 0.136388 0.009711
v 0.167567 0.144407 0.014890
v 0.167135 0.148011 0.015162
v 0.127394 0.153027 0.013855
v 0.126103 0.133640 0.014439
v 0.126330 0.142027 0.012471
v 0.125184 0.150414 0.016092
v 0.125585 0.147666 0.014243
v 0.124618 0.147666 0.015923
v 0.123464 0.144859 0.017605
v 0.124283 0.144859 0.015818
v 0.123342 0.142027 0.017577
v 0.125585 0.136388 0.014243
v 0.127936 0.136388 0.011154
v 0.125279 0.139195 0.014123
v 0.124618 0.136388 0.015923
v 0.124283 0.139195 0.015818
v 0.126424 0.139195 0.012516
v 0.126701 0.136388 0.012652
v 0.123464 0.139195 0.017606
v 0.122862 0.139195 0.019475
v 0.126103 0.150414 0.014439
v 0.126424 0.144859 0.012516
v 0.127711 0.131027 0.013374
v 0.126701 0.147666 0.012652
v 0.155743 0.135419 0.001940
v 0.155210 0.133385 0.002319
v 0.159866 0.142027 0.003837
v 0.157445 0.148635 0.002890
v 0.155743 0.148635 0.001940
v 0.157445 0.135419 0.002890
v 0.157642 0.137602 0.002490
v 0.133350 0.137602 0.006171
v 0.138345 0.146452 0.003214
v 0.138272 0.142027 0.003014
v 0.131688 0.144245 0.007218
v 0.131650 0.142027 0.007180
v 0.130147 0.142027 0.008437
v 0.133221 0.142027 0.006008
v 0.134851 0.142027 0.004921
v 0.138345 0.137602 0.003214
v 0.138290 0.139808 0.003064
v 0.136536 0.142027 0.003922
v 0.135098 0.148635 0.005315
v 0.134961 0.146452 0.005096
v 0.147204 0.150414 0.001160
v 0.145335 0.133640 0.001445
v 0.143459 0.147666 0.001389
v 0.141621 0.147666 0.001980
v 0.142933 0.144288 0.001212
v 0.143434 0.144859 0.001097
v 0.141621 0.136388 0.001980
v 0.145341 0.142027 0.000512
v 0.149246 0.142027 0.000000
v 0.151187 0.139195 0.000150
v 0.149229 0.139195 0.000116
v 0.143459 0.136388 0.001389
v 0.145341 0.136388 0.000925
v 0.147255 0.136388 0.000608
v 0.147204 0.133640 0.001160
v 0.149178 0.136388 0.000463
v 0.147280 0.139195 0.000280
v 0.142339 0.133385 0.002280
v 0.147255 0.147666 0.000608
v 0.145341 0.147666 0.000925
v 0.145335 0.150414 0.001445
v 0.150198 0.150140 0.000995
v 0.145916 0.153027 0.002099
v 0.149229 0.144859 0.000116
v 0.151187 0.144859 0.000150
v 0.132427 0.152666 0.008205
v 0.157737 0.152803 0.004994
v 0.153722 0.153338 0.002905
v 0.124849 0.153027 0.019936
v 0.124729 0.139850 0.030614
v 0.126255 0.139195 0.033179
v 0.126122 0.142027 0.033225
v 0.126255 0.144859 0.033179
v 0.124321 0.148128 0.028472
v 0.129988 0.147292 0.038541
v 0.125068 0.136388 0.030261
v 0.125068 0.147666 0.030261
v 0.126651 0.147666 0.033044
v 0.129619 0.143388 0.038774
v 0.146968 0.154892 0.003697
v 0.153239 0.144738 0.001481
v 0.153464 0.144830 0.000483
v 0.130961 0.131305 0.009522
v 0.129505 0.128058 0.030336
v 0.127287 0.130939 0.030491
v 0.127037 0.127538 0.021173
v 0.124740 0.130940 0.023236
v 0.132456 0.131243 0.008232
v 0.167252 0.136765 0.015088
v 0.145230 0.123380 0.028949
v 0.147680 0.123233 0.027406
v 0.150965 0.123299 0.025339
v 0.152010 0.160673 0.024681
v 0.137781 0.124881 0.033637
v 0.165493 0.130629 0.016196
v 0.137058 0.158854 0.034092
v 0.135979 0.158265 0.034771
v 0.130105 0.136042 0.038468
v 0.133971 0.156652 0.036035
v 0.135800 0.160595 0.025931
v 0.137054 0.160962 0.025171
v 0.134349 0.160764 0.022231
v 0.130126 0.153659 0.034576
v 0.128930 0.154548 0.012687
v 0.132303 0.157804 0.011529
v 0.132499 0.153027 0.008272
v 0.136534 0.157942 0.008021
v 0.137898 0.160868 0.012199
v 0.140422 0.161521 0.013787
v 0.139248 0.160648 0.028375
v 0.141758 0.161074 0.026859
v 0.131851 0.156325 0.033500
v 0.125261 0.153991 0.020609
v 0.132696 0.157291 0.032858
v 0.130707 0.159405 0.019994
v 0.129586 0.158711 0.020794
v 0.130414 0.159124 0.022474
v 0.126836 0.155533 0.025614
v 0.129989 0.158557 0.024388
v 0.128419 0.157513 0.024073
v 0.136318 0.161347 0.017904
v 0.137290 0.161455 0.016404
v 0.132224 0.159796 0.016251
v 0.131178 0.159478 0.017547
v 0.131908 0.160009 0.019215
v 0.131354 0.159386 0.024158
v 0.132393 0.158894 0.028235
v 0.136167 0.159072 0.009531
v 0.134238 0.155781 0.008127
v 0.136077 0.155855 0.006885
v 0.131371 0.158392 0.013658
v 0.136316 0.161309 0.021126
v 0.142356 0.161648 0.022236
v 0.133844 0.160720 0.018107
v 0.134041 0.160821 0.020163
v 0.134598 0.160133 0.026700
v 0.135099 0.160847 0.015389
v 0.138033 0.160334 0.029141
v 0.144332 0.161274 0.025360
v 0.135793 0.160571 0.013108
v 0.136493 0.161111 0.014740
v 0.139569 0.161750 0.017409
v 0.140468 0.161794 0.019038
v 0.142022 0.161815 0.016330
v 0.135227 0.159788 0.011559
v 0.133739 0.160487 0.016071
v 0.133458 0.159568 0.027471
v 0.153773 0.160441 0.014624
v 0.153562 0.160125 0.012436
v 0.164304 0.155420 0.016944
v 0.162114 0.156056 0.014482
v 0.151220 0.153695 0.002396
v 0.152434 0.154677 0.003252
v 0.156459 0.156051 0.006823
v 0.158015 0.155858 0.008150
v 0.159998 0.156206 0.011324
v 0.159593 0.156323 0.010917
v 0.163766 0.153027 0.013044
v 0.163494 0.156414 0.017454
v 0.160956 0.157291 0.015072
v 0.160562 0.158664 0.019299
v 0.158840 0.158861 0.016211
v 0.157690 0.159457 0.016857
v 0.155297 0.160334 0.018276
v 0.154080 0.160648 0.019040
v 0.156411 0.160059 0.021911
v 0.149560 0.160820 0.026224
v 0.149163 0.161274 0.022319
v 0.146428 0.161395 0.023333
v 0.142942 0.161593 0.013101
v 0.137613 0.155937 0.006031
v 0.137884 0.153870 0.005020
v 0.140083 0.160434 0.009713
v 0.146181 0.160182 0.008170
v 0.145392 0.159328 0.006628
v 0.143736 0.158612 0.005888
v 0.148402 0.159744 0.007770
v 0.146611 0.158735 0.005865
v 0.143093 0.157227 0.004748
v 0.146670 0.155153 0.002931
v 0.150201 0.156515 0.004049
v 0.154858 0.158653 0.009488
v 0.156919 0.158894 0.012799
v 0.148646 0.161535 0.015777
v 0.152141 0.160962 0.015676
v 0.151115 0.161017 0.014013
v 0.150045 0.160978 0.012379
v 0.151424 0.158711 0.007049
v 0.152582 0.159124 0.008523
v 0.153755 0.158366 0.007926
v 0.151274 0.160549 0.011551
v 0.158916 0.154741 0.007862
v 0.139556 0.158735 0.007176
v 0.142987 0.160251 0.008366
v 0.142978 0.161111 0.010658
v 0.144167 0.160847 0.009682
v 0.146550 0.160925 0.010171
v 0.147701 0.161187 0.011684
v 0.147771 0.160516 0.009282
v 0.147201 0.161648 0.019186
v 0.144718 0.161699 0.020614
v 0.138423 0.159072 0.008111
v 0.141810 0.160571 0.009321
v 0.141803 0.161287 0.011664
v 0.146478 0.161457 0.012624
v 0.144054 0.161750 0.014586
v 0.150219 0.159405 0.007714
v 0.149028 0.158838 0.006360
v 0.148852 0.155548 0.003155
v 0.133536 0.124079 0.014214
v 0.135099 0.123207 0.015389
v 0.133613 0.130183 0.007708
v 0.129037 0.128948 0.031005
v 0.132204 0.129765 0.037147
v 0.129647 0.131027 0.034506
v 0.132696 0.126762 0.032858
v 0.136678 0.125389 0.034331
v 0.136098 0.124435 0.030428
v 0.139248 0.123405 0.028375
v 0.141758 0.122979 0.026859
v 0.140226 0.122574 0.013477
v 0.138605 0.123114 0.011904
v 0.139430 0.122902 0.012211
v 0.136382 0.124482 0.010239
v 0.133835 0.128429 0.008352
v 0.128591 0.128404 0.014171
v 0.125377 0.129891 0.020472
v 0.126836 0.128520 0.025614
v 0.126534 0.130515 0.028538
v 0.128229 0.127834 0.027504
v 0.142270 0.122224 0.016724
v 0.138238 0.122507 0.015977
v 0.142057 0.122401 0.014039
v 0.131816 0.124726 0.015173
v 0.131178 0.124575 0.017547
v 0.132192 0.123930 0.019780
v 0.132008 0.126062 0.012243
v 0.133894 0.124642 0.012213
v 0.128930 0.129505 0.012687
v 0.133739 0.123567 0.016071
v 0.129586 0.125342 0.020794
v 0.128566 0.126203 0.019418
v 0.127410 0.127539 0.018393
v 0.127118 0.128533 0.016917
v 0.129340 0.126235 0.025723
v 0.131903 0.125553 0.028608
v 0.142356 0.122405 0.022236
v 0.140468 0.122259 0.019038
v 0.134349 0.123289 0.022231
v 0.129368 0.125688 0.023275
v 0.132495 0.124035 0.023375
v 0.128419 0.126541 0.024073
v 0.127078 0.129312 0.027900
v 0.126205 0.129641 0.026332
v 0.135227 0.124265 0.011559
v 0.135884 0.122818 0.017063
v 0.133179 0.123537 0.018466
v 0.134041 0.123232 0.020163
v 0.130524 0.126844 0.029695
v 0.133458 0.124485 0.027471
v 0.137054 0.123091 0.025171
v 0.136493 0.122942 0.014740
v 0.137909 0.122766 0.014115
v 0.135376 0.122866 0.019441
v 0.130707 0.124648 0.019994
v 0.157524 0.127682 0.008332
v 0.136623 0.126380 0.007754
v 0.155899 0.123916 0.017912
v 0.157581 0.124265 0.021175
v 0.155814 0.123879 0.022288
v 0.149163 0.122780 0.022319
v 0.147007 0.122790 0.024253
v 0.164098 0.128359 0.017073
v 0.163521 0.129972 0.013805
v 0.164837 0.129430 0.016609
v 0.160977 0.129149 0.010866
v 0.149027 0.126728 0.004574
v 0.148473 0.128025 0.003471
v 0.144218 0.125661 0.005572
v 0.141896 0.126249 0.005491
v 0.143093 0.126826 0.004748
v 0.141324 0.128069 0.004456
v 0.162757 0.128803 0.014164
v 0.155975 0.126235 0.008960
v 0.152582 0.124929 0.008523
v 0.151424 0.125342 0.007049
v 0.153755 0.125688 0.007926
v 0.155864 0.127892 0.006463
v 0.149630 0.125576 0.006040
v 0.158713 0.130844 0.006215
v 0.152434 0.129377 0.003252
v 0.151220 0.130358 0.002396
v 0.153475 0.130405 0.002979
v 0.138423 0.124981 0.008111
v 0.141803 0.122766 0.011664
v 0.148402 0.124310 0.007770
v 0.150218 0.124648 0.007714
v 0.156919 0.125159 0.012799
v 0.154858 0.125401 0.009488
v 0.139556 0.125319 0.007176
v 0.150201 0.127539 0.004049
v 0.146611 0.125318 0.005865
v 0.135868 0.129181 0.006553
v 0.138180 0.128351 0.005631
v 0.136500 0.127706 0.006892
v 0.144295 0.127464 0.004073
v 0.147357 0.129584 0.002549
v 0.146721 0.131027 0.001991
v 0.145135 0.122259 0.016101
v 0.146098 0.122670 0.012121
v 0.150907 0.122811 0.016518
v 0.150157 0.123699 0.009963
v 0.151274 0.123504 0.011551
v 0.148928 0.123232 0.010793
v 0.142987 0.123802 0.008366
v 0.141810 0.123483 0.009321
v 0.140658 0.124265 0.008141
v 0.146550 0.123129 0.010171
v 0.147701 0.122866 0.011684
v 0.153975 0.123689 0.014499
v 0.151628 0.122979 0.020648
v 0.140083 0.123620 0.009713
v 0.144054 0.122304 0.014586
v 0.137884 0.130183 0.005020
v 0.139704 0.128859 0.004681
v 0.145978 0.123796 0.008315
v 0.153693 0.124667 0.010099
v 0.166701 -0.138564 0.015494
v 0.166121 -0.135024 0.015858
v 0.165290 -0.131430 0.016125
v 0.166702 -0.145838 0.015495
v 0.166897 -0.142209 0.015372
v 0.162179 -0.127553 0.018299
v 0.158039 -0.125225 0.020871
v 0.153285 -0.160490 0.023503
v 0.153318 -0.123762 0.023351
v 0.129789 -0.145933 0.037972
v 0.139398 -0.158952 0.032661
v 0.143780 -0.160425 0.029510
v 0.131296 -0.149373 0.037753
v 0.132012 -0.152909 0.037201
v 0.127670 -0.150511 0.031360
v 0.125411 -0.145741 0.029267
v 0.124491 -0.146132 0.029562
v 0.139396 -0.125449 0.032658
v 0.131889 -0.131429 0.037110
v 0.129908 -0.138479 0.038060
v 0.130545 -0.145972 0.008374
v 0.131563 -0.146462 0.008590
v 0.131010 -0.145509 0.009243
v 0.131065 -0.138644 0.009190
v 0.131552 -0.137565 0.008872
v 0.130851 -0.137649 0.008156
v 0.128841 -0.138255 0.009967
v 0.129557 -0.138246 0.010653
v 0.142253 -0.138156 0.002227
v 0.161998 -0.150576 0.009738
v 0.158023 -0.158952 0.020952
v 0.165249 -0.152867 0.016333
v 0.166362 -0.149590 0.015634
v 0.142306 -0.145921 0.002074
v 0.137760 -0.150407 0.004387
v 0.137970 -0.150489 0.005196
v 0.128170 -0.131822 0.031626
v 0.128636 -0.130139 0.031705
v 0.129579 -0.129588 0.030662
v 0.157822 -0.124540 0.020208
v 0.148564 -0.123721 0.026574
v 0.150040 -0.122753 0.017942
v 0.145462 -0.122628 0.021636
v 0.154984 -0.124046 0.015079
v 0.159444 -0.126815 0.012654
v 0.151888 -0.124210 0.010142
v 0.157633 -0.126855 0.009864
v 0.162155 -0.126857 0.017408
v 0.166456 -0.134893 0.015490
v 0.166497 -0.134783 0.014794
v 0.167050 -0.138501 0.015117
v 0.167074 -0.138440 0.014332
v 0.148603 -0.160672 0.026637
v 0.134818 -0.157236 0.035289
v 0.139731 -0.159663 0.032379
v 0.135284 -0.156751 0.035247
v 0.130334 -0.149704 0.037744
v 0.131624 -0.153357 0.037067
v 0.138786 -0.159894 0.032090
v 0.126220 -0.145977 0.032749
v 0.128331 -0.153508 0.031819
v 0.131304 -0.157588 0.030347
v 0.128978 -0.155080 0.031030
v 0.127965 -0.151979 0.031511
v 0.125551 -0.150231 0.027350
v 0.126861 -0.150729 0.031769
v 0.124607 -0.150358 0.027507
v 0.125601 -0.152285 0.025617
v 0.125387 -0.150016 0.026937
v 0.124413 -0.148599 0.025868
v 0.123901 -0.145699 0.027390
v 0.124747 -0.142187 0.028724
v 0.125462 -0.142002 0.031346
v 0.125752 -0.142125 0.030449
v 0.126220 -0.138426 0.032748
v 0.124472 -0.138319 0.029646
v 0.130450 -0.134670 0.037810
v 0.129715 -0.142170 0.038238
v 0.131297 -0.135022 0.037750
v 0.134719 -0.126775 0.035242
v 0.134570 -0.127295 0.035589
v 0.134302 -0.126818 0.034727
v 0.138812 -0.124527 0.032130
v 0.135426 -0.124045 0.027379
v 0.131306 -0.126814 0.030348
v 0.140059 -0.122733 0.024144
v 0.137581 -0.122536 0.020144
v 0.132319 -0.124209 0.022448
v 0.129960 -0.126855 0.028381
v 0.127740 -0.131861 0.030071
v 0.126799 -0.131777 0.030286
v 0.126304 -0.131656 0.027930
v 0.125600 -0.132095 0.025666
v 0.124363 -0.133774 0.024582
v 0.125670 -0.132382 0.019349
v 0.125523 -0.133948 0.027466
v 0.125525 -0.131784 0.023267
v 0.125382 -0.134215 0.026966
v 0.124157 -0.136193 0.026200
v 0.124470 -0.138012 0.026834
v 0.125336 -0.138411 0.029246
v 0.122606 -0.139435 0.024198
v 0.123884 -0.138263 0.027259
v 0.122664 -0.138170 0.021629
v 0.124037 -0.141954 0.029334
v 0.123633 -0.139275 0.027935
v 0.125017 -0.142202 0.028979
v 0.124438 -0.146216 0.026942
v 0.124381 -0.150522 0.024466
v 0.125579 -0.152032 0.019319
v 0.125296 -0.151943 0.022735
v 0.124488 -0.150209 0.019682
v 0.125004 -0.150488 0.019925
v 0.125727 -0.152300 0.018275
v 0.126389 -0.152050 0.016375
v 0.127213 -0.152896 0.016160
v 0.123739 -0.146007 0.021589
v 0.122720 -0.146138 0.021555
v 0.123944 -0.145826 0.019500
v 0.123479 -0.142023 0.021365
v 0.122452 -0.142183 0.021225
v 0.125453 -0.145930 0.014127
v 0.124268 -0.147812 0.018367
v 0.126505 -0.153212 0.015498
v 0.129425 -0.156566 0.014243
v 0.130288 -0.157836 0.014344
v 0.129164 -0.155209 0.012850
v 0.129974 -0.158754 0.017627
v 0.129656 -0.158000 0.016038
v 0.132519 -0.157107 0.010477
v 0.134202 -0.160335 0.014350
v 0.134301 -0.158061 0.010007
v 0.131653 -0.153378 0.009841
v 0.131419 -0.154639 0.011326
v 0.129674 -0.152023 0.012077
v 0.129382 -0.153168 0.011341
v 0.128159 -0.150590 0.012369
v 0.126960 -0.153203 0.014669
v 0.128858 -0.146097 0.009966
v 0.131521 -0.150184 0.009609
v 0.130040 -0.150546 0.010107
v 0.130870 -0.150294 0.008849
v 0.131974 -0.150297 0.007938
v 0.133818 -0.152304 0.007828
v 0.135432 -0.152505 0.006171
v 0.131509 -0.152399 0.009759
v 0.133562 -0.150395 0.007659
v 0.134998 -0.145100 0.004979
v 0.135381 -0.150845 0.005589
v 0.133479 -0.150845 0.006877
v 0.128896 -0.142072 0.009651
v 0.129592 -0.142159 0.010369
v 0.127586 -0.142129 0.011736
v 0.129387 -0.146010 0.010477
v 0.125452 -0.138476 0.014126
v 0.123744 -0.138394 0.019530
v 0.124161 -0.136346 0.018276
v 0.128019 -0.133565 0.012242
v 0.126475 -0.131761 0.015973
v 0.126959 -0.131203 0.014667
v 0.127206 -0.131463 0.016159
v 0.129268 -0.127358 0.014483
v 0.129206 -0.129895 0.012270
v 0.129560 -0.126185 0.016191
v 0.130258 -0.126299 0.014403
v 0.134869 -0.123655 0.014483
v 0.132347 -0.127756 0.010356
v 0.129976 -0.125495 0.017673
v 0.126444 -0.128466 0.020316
v 0.128161 -0.126558 0.020227
v 0.128038 -0.126883 0.022562
v 0.125653 -0.131831 0.018308
v 0.125739 -0.130565 0.017726
v 0.124461 -0.131646 0.022466
v 0.124977 -0.131923 0.018459
v 0.125339 -0.132245 0.022725
v 0.124622 -0.131383 0.023214
v 0.126713 -0.128024 0.021408
v 0.127328 -0.127584 0.024036
v 0.128282 -0.127298 0.025568
v 0.124956 -0.131771 0.026001
v 0.129262 -0.127042 0.027226
v 0.131256 -0.129974 0.011397
v 0.130574 -0.129563 0.010783
v 0.134059 -0.125996 0.010194
v 0.133827 -0.127632 0.009293
v 0.139647 -0.123018 0.012389
v 0.147355 -0.122578 0.013826
v 0.143721 -0.123759 0.008683
v 0.138015 -0.124006 0.009930
v 0.135124 -0.125802 0.009371
v 0.137780 -0.125829 0.007673
v 0.131503 -0.131712 0.009717
v 0.135524 -0.131503 0.006004
v 0.133890 -0.132054 0.008051
v 0.140636 -0.131785 0.003892
v 0.138324 -0.132165 0.005410
v 0.137518 -0.131204 0.004971
v 0.139265 -0.127508 0.005829
v 0.141234 -0.131464 0.004291
v 0.143511 -0.132031 0.003397
v 0.142933 -0.131203 0.002753
v 0.144189 -0.133601 0.002089
v 0.141769 -0.133590 0.003539
v 0.140403 -0.134026 0.003664
v 0.137717 -0.133838 0.004438
v 0.137941 -0.133722 0.005217
v 0.134998 -0.139307 0.004979
v 0.135566 -0.133485 0.006015
v 0.133564 -0.133801 0.007659
v 0.141966 -0.142062 0.002013
v 0.139715 -0.137882 0.002568
v 0.130898 -0.133963 0.008818
v 0.131593 -0.133989 0.009559
v 0.132457 -0.133749 0.007544
v 0.130356 -0.133431 0.009670
v 0.129660 -0.131795 0.011690
v 0.133365 -0.133417 0.006921
v 0.140224 -0.138208 0.003440
v 0.140435 -0.139307 0.002175
v 0.140343 -0.133803 0.002957
v 0.144114 -0.142088 0.000819
v 0.147364 -0.138476 0.000351
v 0.147364 -0.145930 0.000352
v 0.151649 -0.136407 0.000566
v 0.153017 -0.138476 0.000462
v 0.148299 -0.131381 0.002237
v 0.154751 -0.142167 0.000695
v 0.155075 -0.142203 0.000769
v 0.152890 -0.138544 0.001482
v 0.154592 -0.142273 0.001715
v 0.155382 -0.138178 0.001509
v 0.155821 -0.139518 0.001536
v 0.154619 -0.137705 0.001649
v 0.152713 -0.133983 0.001828
v 0.151510 -0.132080 0.002394
v 0.153176 -0.133447 0.001582
v 0.156782 -0.133830 0.004249
v 0.157374 -0.133802 0.003762
v 0.157826 -0.139275 0.002301
v 0.157789 -0.145383 0.002340
v 0.161509 -0.142072 0.005887
v 0.157304 -0.142139 0.001833
v 0.156643 -0.141707 0.002352
v 0.160025 -0.138509 0.005753
v 0.160860 -0.141952 0.006358
v 0.160585 -0.139275 0.004684
v 0.161387 -0.138534 0.006548
v 0.162268 -0.142150 0.008245
v 0.163077 -0.142129 0.007673
v 0.163806 -0.145976 0.009105
v 0.161598 -0.146028 0.006305
v 0.160266 -0.145913 0.006065
v 0.159569 -0.150208 0.005688
v 0.158932 -0.149894 0.005908
v 0.157757 -0.152222 0.005445
v 0.161564 -0.152471 0.010111
v 0.161708 -0.153175 0.009716
v 0.161075 -0.155080 0.010864
v 0.162735 -0.153201 0.011279
v 0.159447 -0.157589 0.012661
v 0.165394 -0.153186 0.015716
v 0.162140 -0.157482 0.017797
v 0.157825 -0.159826 0.020250
v 0.162137 -0.156751 0.018366
v 0.166507 -0.149619 0.014829
v 0.167086 -0.145958 0.014367
v 0.167271 -0.142209 0.014562
v 0.167051 -0.145900 0.015117
v 0.162732 -0.131201 0.011274
v 0.163806 -0.138426 0.009104
v 0.161789 -0.131712 0.009919
v 0.161704 -0.130498 0.010418
v 0.158524 -0.126818 0.011079
v 0.160422 -0.129626 0.011282
v 0.160538 -0.131837 0.009436
v 0.159627 -0.131325 0.006862
v 0.156449 -0.127299 0.007858
v 0.157803 -0.131350 0.004991
v 0.158289 -0.128074 0.009456
v 0.161341 -0.131673 0.008780
v 0.157651 -0.132189 0.005549
v 0.155488 -0.131669 0.003954
v 0.153724 -0.126783 0.006297
v 0.153660 -0.128508 0.004428
v 0.152060 -0.126595 0.005634
v 0.148308 -0.125664 0.005808
v 0.152432 -0.128467 0.003968
v 0.147404 -0.126608 0.004680
v 0.149972 -0.130034 0.002393
v 0.150464 -0.131814 0.002443
v 0.146018 -0.127837 0.003638
v 0.145394 -0.126376 0.004829
v 0.151824 -0.136198 0.001682
v 0.144605 -0.129197 0.003141
v 0.143190 -0.131203 0.002680
v 0.142314 -0.129917 0.003733
v 0.140323 -0.126073 0.006288
v 0.141359 -0.127895 0.005064
v 0.138864 -0.126260 0.006711
v 0.158273 -0.135684 0.004272
v 0.159649 -0.133952 0.005635
v 0.158903 -0.134116 0.005957
v 0.162287 -0.133567 0.009511
v 0.159457 -0.137968 0.004724
v 0.154986 -0.160358 0.015087
v 0.150134 -0.161525 0.018088
v 0.157603 -0.157359 0.009809
v 0.147561 -0.161558 0.013677
v 0.151913 -0.160022 0.010073
v 0.148213 -0.158597 0.005687
v 0.153810 -0.157464 0.006335
v 0.145389 -0.157866 0.004867
v 0.143895 -0.160266 0.008230
v 0.147330 -0.157807 0.004689
v 0.152604 -0.155657 0.003968
v 0.152043 -0.157522 0.005666
v 0.155506 -0.152436 0.003907
v 0.155588 -0.153207 0.003556
v 0.153746 -0.155515 0.004380
v 0.150333 -0.153746 0.002257
v 0.151528 -0.152135 0.002557
v 0.156791 -0.150293 0.004268
v 0.152547 -0.146120 0.001491
v 0.152694 -0.150187 0.001797
v 0.152114 -0.147839 0.001713
v 0.150377 -0.152343 0.002278
v 0.151595 -0.147678 0.000559
v 0.147774 -0.153358 0.001990
v 0.146045 -0.156199 0.003720
v 0.144516 -0.155590 0.003409
v 0.143188 -0.153203 0.002683
v 0.142934 -0.153203 0.002755
v 0.144115 -0.150637 0.001993
v 0.140449 -0.150567 0.002943
v 0.140193 -0.146170 0.003462
v 0.144358 -0.142129 0.001781
v 0.139756 -0.146215 0.002560
v 0.138573 -0.152090 0.005277
v 0.140416 -0.150181 0.003757
v 0.141504 -0.150591 0.003639
v 0.143605 -0.152084 0.003321
v 0.141214 -0.152559 0.004257
v 0.140491 -0.152455 0.003700
v 0.141854 -0.153610 0.004206
v 0.137517 -0.153203 0.004975
v 0.135715 -0.153607 0.006176
v 0.140712 -0.153247 0.003538
v 0.139731 -0.156447 0.005481
v 0.140172 -0.158033 0.006344
v 0.138920 -0.157801 0.006512
v 0.137849 -0.158397 0.007613
v 0.139606 -0.161330 0.012357
v 0.142609 -0.162013 0.017101
v 0.137428 -0.161667 0.019738
v 0.145302 -0.161703 0.021451
v 0.135424 -0.160357 0.027380
v 0.140316 -0.161552 0.024452
v 0.148256 -0.161137 0.026085
v 0.129496 -0.157408 0.027513
v 0.127750 -0.152425 0.030108
v 0.127343 -0.153199 0.030491
v 0.126866 -0.152507 0.030324
v 0.125522 -0.153588 0.025750
v 0.126227 -0.153296 0.028171
v 0.128282 -0.157105 0.025569
v 0.132125 -0.160079 0.022259
v 0.128145 -0.157553 0.022330
v 0.125537 -0.152394 0.023272
v 0.128301 -0.157693 0.020045
v 0.126256 -0.155583 0.021672
v 0.124742 -0.153203 0.022312
v 0.124767 -0.153148 0.023257
v 0.126140 -0.155435 0.020621
v 0.125964 -0.154013 0.017703
v 0.124942 -0.152373 0.018443
v 0.124455 -0.152554 0.022586
v 0.124568 -0.152733 0.023219
v 0.124950 -0.152491 0.025901
v 0.134315 -0.157593 0.034723
v 0.137897 -0.159883 0.009755
v 0.141607 -0.157534 0.005370
v 0.133541 -0.156314 0.009233
v 0.135182 -0.158338 0.009340
v 0.148312 -0.152623 0.002535
v 0.153017 -0.145930 0.000462
v 0.155294 -0.145758 0.001406
v 0.154836 -0.145909 0.001865
v 0.157308 -0.150596 0.003733
v 0.153208 -0.149927 0.001360
v 0.158324 -0.147888 0.004615
v 0.160047 -0.145944 0.004569
v 0.157981 -0.152659 0.004986
v 0.157935 -0.153191 0.005305
v 0.154740 -0.156349 0.005870
v 0.159588 -0.153202 0.006923
v 0.161296 -0.152512 0.008700
v 0.160555 -0.152271 0.009428
v 0.158434 -0.157617 0.011369
v 0.160411 -0.154583 0.011279
v 0.156292 -0.157326 0.008229
v 0.130112 -0.139307 0.008661
v 0.142607 -0.122391 0.017098
v 0.124164 -0.137391 0.018933
v 0.124356 -0.133973 0.019732
v 0.123654 -0.138619 0.021790
v 0.123392 -0.142080 0.023536
v 0.122410 -0.142162 0.023803
v 0.122719 -0.146144 0.023910
v 0.124402 -0.146915 0.018971
v 0.124623 -0.133814 0.027531
v 0.126875 -0.133484 0.031764
v 0.127562 -0.133708 0.031798
v 0.143676 -0.123722 0.029445
v 0.139235 -0.124999 0.032623
v 0.135282 -0.127650 0.035244
v 0.131111 -0.131201 0.036685
v 0.156519 -0.152059 0.005011
v 0.160489 -0.150291 0.008078
v 0.159630 -0.148060 0.005737
v 0.159532 -0.135939 0.005913
v 0.155545 -0.129338 0.005909
v 0.156740 -0.131503 0.005429
v 0.154403 -0.129644 0.004410
v 0.153176 -0.132076 0.003214
v 0.154814 -0.133650 0.003205
v 0.150052 -0.134002 0.001745
v 0.149027 -0.129210 0.003659
v 0.153561 -0.144102 0.001520
v 0.155842 -0.144154 0.001963
v 0.150897 -0.148617 0.001727
v 0.150011 -0.150109 0.001948
v 0.156239 -0.153895 0.005638
v 0.154280 -0.154351 0.004527
v 0.153606 -0.147872 0.001822
v 0.159922 -0.139533 0.005495
v 0.161961 -0.139427 0.006733
v 0.128205 -0.129196 0.028460
v 0.127685 -0.153907 0.015671
v 0.127530 -0.154682 0.017193
v 0.129544 -0.154531 0.030633
v 0.126377 -0.154433 0.024265
v 0.125861 -0.154402 0.022323
v 0.125745 -0.150311 0.017320
v 0.125047 -0.148699 0.017985
v 0.123860 -0.147939 0.020440
v 0.123432 -0.139786 0.022388
v 0.123614 -0.140241 0.020555
v 0.124007 -0.135816 0.020354
v 0.125058 -0.135222 0.017973
v 0.125671 -0.133768 0.017402
v 0.128029 -0.129806 0.015635
v 0.126200 -0.129944 0.024515
v 0.126174 -0.129475 0.022226
v 0.126209 -0.133558 0.029746
v 0.125179 -0.147424 0.028235
v 0.123441 -0.144241 0.022278
v 0.123621 -0.143842 0.020479
v 0.125234 -0.146338 0.028838
v 0.125321 -0.144356 0.029558
v 0.125367 -0.139846 0.029693
v 0.129999 -0.136079 0.009654
v 0.129894 -0.133543 0.011244
v 0.129682 -0.140396 0.009442
v 0.129809 -0.147576 0.009921
v 0.130055 -0.150405 0.011076
v 0.131680 -0.155614 0.011101
v 0.140261 -0.154472 0.005239
v 0.141327 -0.156245 0.005373
v 0.140001 -0.148324 0.003830
v 0.143147 -0.144342 0.002199
v 0.140901 -0.139511 0.003013
v 0.128751 -0.144217 0.011267
v 0.128006 -0.144234 0.010602
v 0.128601 -0.152010 0.011764
v 0.131810 -0.156155 0.010532
v 0.124308 -0.149339 0.017436
v 0.122897 -0.145276 0.019534
v 0.122644 -0.141656 0.019918
v 0.122743 -0.139550 0.019860
v 0.124431 -0.134348 0.017312
v 0.126274 -0.130973 0.015767
v 0.128607 -0.128185 0.014324
v 0.127784 -0.128203 0.016322
v 0.153915 -0.144006 0.000529
v 0.152503 -0.146378 0.000492
v 0.150348 -0.149849 0.000946
v 0.142832 -0.152973 0.002766
v 0.140831 -0.148211 0.002362
v 0.141910 -0.133501 0.002386
v 0.142832 -0.130973 0.002766
v 0.141222 -0.127784 0.004616
v 0.132754 -0.148784 0.008241
v 0.130511 -0.144436 0.009548
v 0.132153 -0.135655 0.007982
v 0.138754 -0.135165 0.004468
v 0.153799 -0.135621 0.001502
v 0.155210 -0.133332 0.002319
v 0.160169 -0.143841 0.005697
v 0.159172 -0.147568 0.003962
v 0.154814 -0.150298 0.003206
v 0.124170 -0.150456 0.022191
v 0.123700 -0.149739 0.025228
v 0.123592 -0.144348 0.027497
v 0.122413 -0.144315 0.022449
v 0.130961 -0.131417 0.009460
v 0.131203 -0.130684 0.009523
v 0.159124 -0.132110 0.007356
v 0.153867 -0.131573 0.002505
v 0.127376 -0.129525 0.017306
v 0.124699 -0.130973 0.023280
v 0.126262 -0.128654 0.023931
v 0.127275 -0.130930 0.030517
v 0.128223 -0.128038 0.028022
v 0.129378 -0.127974 0.030097
v 0.130256 -0.126873 0.029419
v 0.125171 -0.136214 0.028064
v 0.124318 -0.147207 0.028912
v 0.126592 -0.150291 0.029410
v 0.153924 -0.152343 0.002511
v 0.159126 -0.151828 0.007354
v 0.158969 -0.154734 0.009540
v 0.160260 -0.155328 0.010489
v 0.161244 -0.150615 0.007507
v 0.161502 -0.144136 0.007400
v 0.162617 -0.140560 0.007150
v 0.161314 -0.133417 0.007553
v 0.123171 -0.148581 0.023792
v 0.123116 -0.148581 0.021843
v 0.122522 -0.144192 0.024448
v 0.122670 -0.137548 0.023128
v 0.123116 -0.135365 0.021842
v 0.123150 -0.135365 0.023576
v 0.123683 -0.133332 0.022177
v 0.164138 -0.141973 0.009313
v 0.163746 -0.136334 0.009712
v 0.164038 -0.139141 0.009414
v 0.164039 -0.144805 0.009414
v 0.161914 -0.147612 0.007069
v 0.162180 -0.144805 0.006731
v 0.167607 -0.143568 0.014865
v 0.163746 -0.147612 0.009711
v 0.167567 -0.139593 0.014890
v 0.167135 -0.135989 0.015162
v 0.127394 -0.130973 0.013855
v 0.126103 -0.150360 0.014439
v 0.126330 -0.141973 0.012471
v 0.125184 -0.133586 0.016092
v 0.125585 -0.136334 0.014243
v 0.124618 -0.136334 0.015923
v 0.123464 -0.139141 0.017605
v 0.124283 -0.139141 0.015818
v 0.123342 -0.141973 0.017577
v 0.125585 -0.147612 0.014243
v 0.127936 -0.147612 0.011154
v 0.125279 -0.144805 0.014123
v 0.124618 -0.147612 0.015923
v 0.124283 -0.144805 0.015818
v 0.126424 -0.144805 0.012516
v 0.126701 -0.147612 0.012652
v 0.123464 -0.144805 0.017606
v 0.122862 -0.144805 0.019475
v 0.126103 -0.133586 0.014439
v 0.126862 -0.130973 0.014693
v 0.126424 -0.139141 0.012516
v 0.127711 -0.152973 0.013374
v 0.126701 -0.136334 0.012652
v 0.155743 -0.148581 0.001940
v 0.155210 -0.150615 0.002319
v 0.159866 -0.141973 0.003837
v 0.157445 -0.135365 0.002890
v 0.155743 -0.135365 0.001940
v 0.157642 -0.137548 0.002490
v 0.157759 -0.144192 0.002251
v 0.157445 -0.148581 0.002890
v 0.133350 -0.146398 0.006171
v 0.138345 -0.137548 0.003214
v 0.138272 -0.141973 0.003014
v 0.131688 -0.139755 0.007218
v 0.131650 -0.141973 0.007180
v 0.130147 -0.141973 0.008437
v 0.133221 -0.141973 0.006008
v 0.134851 -0.141973 0.004921
v 0.134878 -0.144192 0.004965
v 0.138345 -0.146398 0.003214
v 0.138290 -0.144192 0.003064
v 0.136536 -0.141973 0.003922
v 0.135098 -0.135365 0.005315
v 0.134961 -0.137548 0.005096
v 0.147204 -0.133586 0.001160
v 0.145335 -0.150360 0.001445
v 0.143098 -0.152495 0.002543
v 0.143459 -0.136334 0.001389
v 0.141621 -0.136334 0.001980
v 0.142933 -0.139712 0.001212
v 0.143434 -0.139141 0.001097
v 0.141621 -0.147612 0.001980
v 0.145341 -0.141973 0.000512
v 0.149246 -0.141973 0.000000
v 0.151187 -0.144805 0.000150
v 0.149229 -0.144805 0.000116
v 0.143459 -0.147612 0.001389
v 0.145341 -0.147612 0.000925
v 0.147255 -0.147612 0.000608
v 0.147204 -0.150360 0.001160
v 0.149178 -0.147612 0.000463
v 0.147280 -0.144805 0.000280
v 0.142339 -0.150615 0.002280
v 0.147255 -0.136334 0.000608
v 0.145341 -0.136334 0.000925
v 0.145335 -0.133586 0.001445
v 0.150198 -0.133860 0.000995
v 0.145916 -0.130973 0.002099
v 0.149229 -0.139141 0.000116
v 0.151187 -0.139141 0.000150
v 0.159537 -0.152973 0.006983
v 0.132427 -0.131334 0.008205
v 0.135577 -0.130206 0.006334
v 0.159537 -0.130973 0.006983
v 0.157781 -0.130665 0.005442
v 0.153722 -0.130663 0.002905
v 0.125842 -0.152613 0.028121
v 0.124849 -0.130973 0.019936
v 0.124729 -0.144151 0.030614
v 0.126255 -0.144805 0.033179
v 0.126122 -0.141973 0.033225
v 0.126255 -0.139141 0.033179
v 0.124321 -0.135872 0.028472
v 0.129988 -0.136708 0.038541
v 0.125068 -0.147612 0.030261
v 0.125068 -0.136334 0.030261
v 0.126651 -0.136334 0.033044
v 0.129619 -0.140613 0.038774
v 0.125462 -0.130511 0.025764
v 0.125906 -0.130912 0.027725
v 0.148320 -0.130973 0.001889
v 0.146968 -0.129108 0.003697
v 0.153239 -0.139262 0.001481
v 0.153464 -0.139170 0.000483
v 0.130961 -0.152695 0.009522
v 0.155710 -0.130886 0.003729
v 0.129505 -0.155941 0.030336
v 0.127037 -0.156462 0.021173
v 0.132456 -0.152757 0.008232
v 0.137926 -0.152793 0.004669
v 0.167252 -0.147235 0.015088
v 0.145230 -0.160620 0.028949
v 0.147680 -0.160767 0.027406
v 0.150965 -0.160701 0.025339
v 0.152010 -0.123327 0.024681
v 0.137781 -0.159119 0.033637
v 0.137058 -0.125146 0.034092
v 0.135979 -0.125735 0.034771
v 0.130105 -0.147958 0.038468
v 0.135800 -0.123405 0.025931
v 0.137054 -0.123038 0.025171
v 0.134349 -0.123236 0.022231
v 0.130126 -0.130341 0.034576
v 0.128930 -0.129452 0.012687
v 0.132303 -0.126196 0.011529
v 0.132499 -0.130973 0.008272
v 0.136534 -0.126058 0.008021
v 0.139160 -0.122996 0.011783
v 0.137898 -0.123132 0.012199
v 0.140422 -0.122479 0.013787
v 0.139248 -0.123352 0.028375
v 0.141758 -0.122926 0.026859
v 0.131851 -0.127675 0.033500
v 0.131747 -0.130576 0.037434
v 0.124650 -0.130973 0.022036
v 0.125261 -0.130009 0.020609
v 0.132696 -0.126709 0.032858
v 0.130707 -0.124595 0.019994
v 0.129586 -0.125289 0.020794
v 0.130414 -0.124876 0.022474
v 0.126836 -0.128467 0.025614
v 0.129989 -0.125443 0.024388
v 0.128419 -0.126487 0.024073
v 0.136318 -0.122653 0.017904
v 0.137290 -0.122545 0.016404
v 0.132224 -0.124204 0.016251
v 0.131178 -0.124522 0.017547
v 0.131908 -0.123991 0.019215
v 0.131354 -0.124614 0.024158
v 0.132393 -0.125106 0.028235
v 0.136167 -0.124928 0.009531
v 0.134238 -0.128219 0.008127
v 0.136077 -0.128145 0.006885
v 0.131371 -0.125608 0.013658
v 0.136316 -0.122691 0.021126
v 0.142356 -0.122352 0.022236
v 0.133844 -0.123280 0.018107
v 0.134041 -0.123179 0.020163
v 0.134598 -0.123867 0.026700
v 0.135099 -0.123153 0.015389
v 0.138033 -0.123666 0.029141
v 0.144332 -0.122726 0.025360
v 0.135793 -0.123429 0.013108
v 0.136493 -0.122889 0.014740
v 0.139569 -0.122250 0.017409
v 0.140468 -0.122206 0.019038
v 0.142022 -0.122185 0.016330
v 0.135227 -0.124212 0.011559
v 0.133739 -0.123513 0.016071
v 0.133458 -0.124432 0.027471
v 0.153773 -0.123559 0.014624
v 0.153562 -0.123875 0.012436
v 0.164304 -0.128580 0.016944
v 0.162114 -0.127943 0.014482
v 0.140326 -0.130951 0.003642
v 0.144057 -0.129940 0.002846
v 0.151220 -0.130305 0.002396
v 0.152434 -0.129323 0.003252
v 0.156459 -0.127949 0.006823
v 0.154692 -0.127604 0.005806
v 0.158015 -0.128142 0.008150
v 0.159998 -0.127794 0.011324
v 0.159593 -0.127677 0.010917
v 0.163766 -0.130973 0.013044
v 0.163494 -0.127586 0.017454
v 0.160956 -0.126709 0.015072
v 0.160562 -0.125336 0.019299
v 0.158840 -0.125139 0.016211
v 0.157690 -0.124543 0.016857
v 0.155297 -0.123666 0.018276
v 0.154080 -0.123352 0.019040
v 0.156411 -0.123941 0.021911
v 0.149560 -0.123180 0.026224
v 0.149163 -0.122726 0.022319
v 0.146428 -0.122605 0.023333
v 0.142942 -0.122407 0.013101
v 0.137613 -0.128063 0.006031
v 0.137884 -0.130130 0.005020
v 0.137943 -0.130973 0.004714
v 0.140083 -0.123566 0.009713
v 0.146181 -0.123818 0.008170
v 0.145392 -0.124672 0.006628
v 0.143736 -0.125388 0.005888
v 0.148402 -0.124256 0.007770
v 0.146611 -0.125265 0.005865
v 0.143093 -0.126773 0.004748
v 0.146670 -0.128847 0.002931
v 0.150201 -0.127485 0.004049
v 0.154858 -0.125347 0.009488
v 0.156919 -0.125106 0.012799
v 0.155975 -0.126182 0.008960
v 0.148646 -0.122465 0.015777
v 0.152141 -0.123038 0.015676
v 0.151115 -0.122983 0.014013
v 0.150045 -0.123022 0.012379
v 0.151424 -0.125289 0.007049
v 0.152582 -0.124876 0.008523
v 0.153755 -0.125634 0.007926
v 0.151274 -0.123451 0.011551
v 0.158916 -0.129259 0.007862
v 0.139556 -0.125265 0.007176
v 0.142987 -0.123749 0.008366
v 0.142978 -0.122889 0.010658
v 0.144167 -0.123153 0.009682
v 0.146550 -0.123075 0.010171
v 0.147701 -0.122813 0.011684
v 0.147771 -0.123484 0.009282
v 0.147201 -0.122352 0.019186
v 0.144718 -0.122301 0.020614
v 0.138423 -0.124928 0.008111
v 0.141810 -0.123429 0.009321
v 0.141803 -0.122713 0.011664
v 0.146478 -0.122543 0.012624
v 0.144054 -0.122250 0.014586
v 0.150219 -0.124595 0.007714
v 0.149028 -0.125162 0.006360
v 0.148852 -0.128453 0.003155
v 0.135099 -0.160793 0.015389
v 0.133613 -0.153817 0.007708
v 0.129037 -0.155052 0.031005
v 0.129647 -0.152973 0.034506
v 0.133746 -0.156360 0.036176
v 0.132696 -0.157238 0.032858
v 0.136678 -0.158611 0.034331
v 0.136098 -0.159565 0.030428
v 0.139248 -0.160595 0.028375
v 0.141758 -0.161021 0.026859
v 0.140226 -0.161426 0.013477
v 0.138605 -0.160886 0.011904
v 0.136382 -0.159518 0.010239
v 0.133835 -0.155571 0.008352
v 0.128591 -0.155596 0.014171
v 0.125377 -0.154109 0.020472
v 0.127321 -0.156434 0.024031
v 0.126836 -0.155480 0.025614
v 0.128229 -0.156166 0.027504
v 0.142270 -0.161776 0.016724
v 0.138238 -0.161493 0.015977
v 0.142057 -0.161599 0.014039
v 0.131816 -0.159274 0.015173
v 0.131178 -0.159425 0.017547
v 0.132192 -0.160070 0.019780
v 0.132008 -0.157938 0.012243
v 0.133894 -0.159358 0.012213
v 0.128930 -0.154495 0.012687
v 0.133739 -0.160433 0.016071
v 0.129586 -0.158658 0.020794
v 0.127410 -0.156461 0.018393
v 0.127118 -0.155467 0.016917
v 0.129340 -0.157765 0.025723
v 0.131903 -0.158447 0.028608
v 0.142356 -0.161595 0.022236
v 0.140468 -0.161741 0.019038
v 0.134349 -0.160711 0.022231
v 0.129368 -0.158312 0.023275
v 0.132495 -0.159965 0.023375
v 0.128419 -0.157459 0.024073
v 0.127078 -0.154688 0.027900
v 0.135227 -0.159735 0.011559
v 0.135884 -0.161182 0.017063
v 0.133179 -0.160463 0.018466
v 0.134041 -0.160768 0.020163
v 0.130524 -0.157156 0.029695
v 0.133458 -0.159515 0.027471
v 0.137054 -0.160909 0.025171
v 0.136493 -0.161058 0.014740
v 0.137909 -0.161234 0.014115
v 0.135376 -0.161134 0.019441
v 0.130707 -0.159352 0.019994
v 0.157524 -0.156318 0.008332
v 0.136623 -0.157620 0.007754
v 0.155899 -0.160084 0.017912
v 0.157581 -0.159735 0.021175
v 0.155814 -0.160121 0.022288
v 0.149163 -0.161220 0.022319
v 0.147007 -0.161210 0.024253
v 0.164098 -0.155641 0.017073
v 0.163521 -0.154028 0.013805
v 0.164837 -0.154570 0.016609
v 0.160977 -0.154851 0.010866
v 0.158361 -0.156289 0.009256
v 0.149027 -0.157272 0.004574
v 0.148473 -0.155975 0.003471
v 0.144218 -0.158339 0.005572
v 0.143093 -0.157174 0.004748
v 0.141324 -0.155931 0.004456
v 0.162757 -0.155197 0.014164
v 0.152582 -0.159071 0.008523
v 0.151424 -0.158658 0.007049
v 0.153755 -0.158312 0.007926
v 0.155864 -0.156108 0.006463
v 0.149630 -0.158425 0.006040
v 0.152434 -0.154623 0.003252
v 0.151220 -0.153642 0.002396
v 0.153475 -0.153595 0.002979
v 0.138423 -0.159019 0.008111
v 0.139508 -0.160886 0.011336
v 0.141803 -0.161234 0.011664
v 0.148402 -0.159690 0.007770
v 0.150218 -0.159352 0.007714
v 0.156919 -0.158841 0.012799
v 0.154858 -0.158599 0.009488
v 0.139556 -0.158681 0.007176
v 0.150201 -0.156461 0.004049
v 0.146611 -0.158682 0.005865
v 0.138180 -0.155649 0.005631
v 0.136500 -0.156294 0.006892
v 0.146721 -0.152973 0.001991
v 0.145135 -0.161741 0.016101
v 0.146098 -0.161330 0.012121
v 0.150907 -0.161189 0.016518
v 0.150157 -0.160301 0.009963
v 0.151274 -0.160496 0.011551
v 0.148928 -0.160768 0.010793
v 0.142987 -0.160198 0.008366
v 0.141810 -0.160517 0.009321
v 0.140658 -0.159735 0.008141
v 0.146550 -0.160871 0.010171
v 0.147701 -0.161134 0.011684
v 0.153975 -0.160311 0.014499
v 0.151628 -0.161021 0.020648
v 0.140083 -0.160380 0.009713
v 0.144054 -0.161696 0.014586
v 0.137884 -0.153817 0.005020
v 0.139704 -0.155141 0.004681
v 0.145978 -0.160204 0.008315
v 0.153693 -0.159333 0.010099
v -0.219924 0.138533 0.015305
v -0.221536 0.131386 0.015980
v -0.220302 0.135604 0.015601
v -0.219982 0.145859 0.015369
v -0.219903 0.142209 0.015372
v -0.228767 0.125300 0.020897
v -0.224577 0.127456 0.018235
v -0.233667 0.160494 0.023604
v -0.233517 0.123883 0.023504
v -0.256329 0.145868 0.038192
v -0.242855 0.160166 0.029720
v -0.247402 0.158952 0.032661
v -0.254702 0.152888 0.037145
v -0.256247 0.149610 0.037721
v -0.259270 0.150574 0.031437
v -0.261853 0.145859 0.029410
v -0.247404 0.125449 0.032658
v -0.256379 0.138526 0.038207
v -0.254662 0.131535 0.037131
v -0.255697 0.146461 0.008527
v -0.255734 0.145627 0.009190
v -0.255791 0.138898 0.009243
v -0.255490 0.137780 0.008493
v -0.257614 0.138139 0.010198
v -0.244510 0.138327 0.002046
v -0.224813 0.150569 0.009744
v -0.228777 0.158952 0.020952
v -0.221644 0.152833 0.016400
v -0.220478 0.149458 0.015639
v -0.244460 0.145982 0.002315
v -0.248235 0.149645 0.004711
v -0.249246 0.150676 0.004300
v -0.248755 0.150513 0.005156
v -0.251643 0.127494 0.035263
v -0.238230 0.123744 0.026583
v -0.229071 0.124478 0.020089
v -0.241452 0.122564 0.021502
v -0.244193 0.122391 0.017098
v -0.239490 0.122624 0.013754
v -0.236575 0.122851 0.018218
v -0.231816 0.124046 0.015079
v -0.228575 0.126929 0.010594
v -0.227862 0.126750 0.012010
v -0.229488 0.126800 0.009501
v -0.228835 0.124651 0.020472
v -0.224601 0.126829 0.017506
v -0.220294 0.134627 0.015483
v -0.220319 0.134779 0.014745
v -0.219726 0.138442 0.014332
v -0.238115 0.160670 0.026591
v -0.247860 0.159750 0.032284
v -0.243193 0.160736 0.029346
v -0.252391 0.156685 0.035772
v -0.252035 0.157410 0.035254
v -0.255268 0.153195 0.037125
v -0.252504 0.157578 0.034734
v -0.255688 0.153201 0.036687
v -0.258447 0.153222 0.032207
v -0.260580 0.145977 0.032749
v -0.256095 0.157325 0.029816
v -0.257223 0.154612 0.030664
v -0.257822 0.155080 0.031030
v -0.256647 0.157412 0.028741
v -0.258460 0.152106 0.031083
v -0.261786 0.150306 0.027475
v -0.261477 0.152222 0.025778
v -0.261417 0.149987 0.026967
v -0.262286 0.147958 0.026081
v -0.262331 0.146393 0.026835
v -0.262322 0.145500 0.027289
v -0.261834 0.142121 0.028939
v -0.260728 0.142259 0.030986
v -0.261642 0.142184 0.031492
v -0.260781 0.142277 0.031025
v -0.261808 0.138406 0.029352
v -0.260580 0.138426 0.032748
v -0.259642 0.133595 0.031728
v -0.258465 0.131850 0.031612
v -0.256443 0.134614 0.037700
v -0.257361 0.138436 0.037884
v -0.257416 0.142159 0.038239
v -0.256650 0.142192 0.038354
v -0.257229 0.145954 0.038009
v -0.256099 0.135532 0.038109
v -0.255303 0.131204 0.037171
v -0.255689 0.131201 0.036685
v -0.252193 0.126900 0.035276
v -0.252505 0.126824 0.034731
v -0.247848 0.124624 0.032323
v -0.255690 0.126822 0.030185
v -0.251374 0.124045 0.027379
v -0.257470 0.126888 0.027128
v -0.256491 0.126766 0.028629
v -0.249344 0.122653 0.019804
v -0.246481 0.122851 0.024450
v -0.258717 0.131593 0.030071
v -0.259518 0.131727 0.030260
v -0.260744 0.131144 0.028020
v -0.261514 0.131925 0.025640
v -0.260850 0.131887 0.025567
v -0.261663 0.131591 0.023263
v -0.261736 0.133903 0.027466
v -0.262176 0.135525 0.025697
v -0.261918 0.131842 0.022561
v -0.262436 0.133759 0.024486
v -0.263321 0.138194 0.027399
v -0.262354 0.137942 0.026915
v -0.264201 0.139541 0.024427
v -0.263709 0.142062 0.023599
v -0.264004 0.139472 0.022196
v -0.262652 0.142216 0.029345
v -0.264127 0.145696 0.023858
v -0.263415 0.139675 0.027587
v -0.262047 0.138282 0.027829
v -0.263234 0.145799 0.027553
v -0.262453 0.150510 0.024564
v -0.263751 0.145740 0.021751
v -0.261126 0.151973 0.019350
v -0.262122 0.148042 0.018250
v -0.262410 0.146899 0.018968
v -0.262357 0.150291 0.019733
v -0.262043 0.152272 0.022491
v -0.262791 0.145749 0.019627
v -0.263721 0.145914 0.019266
v -0.263105 0.147847 0.018251
v -0.261347 0.145930 0.014127
v -0.260290 0.153173 0.015455
v -0.259689 0.152720 0.016216
v -0.257799 0.156437 0.014422
v -0.256390 0.157921 0.014303
v -0.257413 0.157864 0.016234
v -0.251748 0.160713 0.014210
v -0.256824 0.158773 0.017674
v -0.253452 0.157967 0.010550
v -0.255544 0.154433 0.011398
v -0.255869 0.153788 0.010021
v -0.254978 0.153023 0.010249
v -0.251977 0.158104 0.009497
v -0.257535 0.153545 0.011699
v -0.257636 0.155209 0.012850
v -0.259606 0.153077 0.014207
v -0.257600 0.146035 0.010310
v -0.258568 0.150746 0.012085
v -0.255887 0.150133 0.008767
v -0.255670 0.150443 0.009591
v -0.252878 0.150587 0.007746
v -0.253443 0.152233 0.008407
v -0.248246 0.152098 0.005286
v -0.254917 0.152178 0.009877
v -0.253582 0.150235 0.007556
v -0.257349 0.152223 0.011781
v -0.253406 0.150750 0.006910
v -0.251802 0.145100 0.004979
v -0.257510 0.142109 0.010073
v -0.258822 0.142092 0.012082
v -0.259725 0.142065 0.011608
v -0.263920 0.142128 0.021294
v -0.261348 0.138476 0.014126
v -0.263823 0.138625 0.019433
v -0.258454 0.133581 0.012199
v -0.257462 0.131771 0.011647
v -0.260200 0.131685 0.016041
v -0.263036 0.136257 0.018156
v -0.257885 0.128049 0.014400
v -0.257704 0.129494 0.012654
v -0.256513 0.126408 0.014341
v -0.256822 0.125483 0.017739
v -0.257409 0.126508 0.016027
v -0.253885 0.127823 0.009797
v -0.260661 0.128968 0.020620
v -0.261236 0.130661 0.018133
v -0.261615 0.131701 0.018221
v -0.260742 0.132000 0.018302
v -0.261216 0.132218 0.019319
v -0.260433 0.128407 0.021599
v -0.259592 0.127726 0.023630
v -0.258620 0.126571 0.022251
v -0.258518 0.127298 0.025568
v -0.253554 0.123739 0.022553
v -0.257715 0.127186 0.027416
v -0.256191 0.129697 0.010776
v -0.253161 0.125940 0.010644
v -0.247400 0.123050 0.012164
v -0.251802 0.125853 0.009533
v -0.249830 0.125992 0.008018
v -0.243318 0.123686 0.008864
v -0.248346 0.123885 0.009981
v -0.247800 0.125721 0.007110
v -0.255542 0.131578 0.009584
v -0.252499 0.131517 0.007323
v -0.251323 0.131450 0.006065
v -0.253526 0.131688 0.008033
v -0.250482 0.132126 0.006566
v -0.246082 0.131660 0.003799
v -0.249282 0.131204 0.004971
v -0.243402 0.132128 0.003403
v -0.248064 0.132326 0.005181
v -0.243751 0.131228 0.002684
v -0.244352 0.130071 0.004312
v -0.246413 0.133962 0.003607
v -0.252871 0.133652 0.007738
v -0.248857 0.133691 0.005210
v -0.251421 0.133562 0.005587
v -0.253322 0.133562 0.006876
v -0.247229 0.137625 0.002670
v -0.251842 0.139474 0.004974
v -0.246365 0.139307 0.002175
v -0.253562 0.133872 0.007444
v -0.256688 0.139307 0.008661
v -0.249242 0.133594 0.004283
v -0.255526 0.133954 0.009691
v -0.255900 0.133994 0.008800
v -0.254917 0.131988 0.009944
v -0.246390 0.138582 0.003334
v -0.244724 0.142155 0.002320
v -0.246423 0.133833 0.002938
v -0.242273 0.133565 0.001796
v -0.239436 0.138476 0.000351
v -0.239436 0.145930 0.000352
v -0.231864 0.142004 0.000744
v -0.234091 0.137963 0.000480
v -0.239568 0.131144 0.001943
v -0.232183 0.141998 0.001719
v -0.229859 0.142182 0.002201
v -0.231776 0.138346 0.001681
v -0.234286 0.138010 0.001493
v -0.234043 0.134009 0.001797
v -0.229692 0.133752 0.003897
v -0.228974 0.139275 0.002301
v -0.231732 0.139982 0.001852
v -0.228974 0.145129 0.002302
v -0.226215 0.139275 0.004684
v -0.227359 0.138388 0.005137
v -0.226882 0.137866 0.004258
v -0.225546 0.142112 0.006072
v -0.224082 0.142031 0.007913
v -0.225502 0.138471 0.006571
v -0.222994 0.145976 0.009105
v -0.225423 0.146081 0.006398
v -0.226681 0.150700 0.006000
v -0.227506 0.150164 0.005709
v -0.229512 0.152149 0.005534
v -0.228527 0.148586 0.004273
v -0.224558 0.153102 0.010614
v -0.225725 0.155080 0.010864
v -0.224065 0.153201 0.011279
v -0.227814 0.157487 0.011871
v -0.224589 0.157407 0.017608
v -0.220335 0.149629 0.014697
v -0.221475 0.153169 0.015472
v -0.228795 0.159613 0.020599
v -0.229061 0.159921 0.020087
v -0.219725 0.145961 0.014332
v -0.222994 0.138426 0.009104
v -0.219500 0.142209 0.014573
v -0.224069 0.131201 0.011274
v -0.225774 0.129236 0.010864
v -0.225952 0.131788 0.009564
v -0.228073 0.131590 0.005873
v -0.230621 0.131336 0.003847
v -0.229281 0.127043 0.009461
v -0.230060 0.127233 0.008186
v -0.225500 0.131701 0.008718
v -0.229347 0.132221 0.005538
v -0.228824 0.131602 0.004986
v -0.231873 0.128023 0.005775
v -0.231407 0.131719 0.003883
v -0.234177 0.126573 0.005959
v -0.233564 0.128584 0.004215
v -0.235759 0.131864 0.002403
v -0.236318 0.130225 0.002396
v -0.239563 0.126595 0.004686
v -0.238156 0.131727 0.002340
v -0.241423 0.126360 0.004866
v -0.238432 0.125633 0.005789
v -0.235475 0.136398 0.000538
v -0.235432 0.136154 0.001632
v -0.240570 0.127862 0.003769
v -0.242195 0.129197 0.003141
v -0.246216 0.125986 0.006222
v -0.245681 0.127427 0.005246
v -0.247564 0.127771 0.006030
v -0.247880 0.126528 0.006477
v -0.227462 0.134048 0.005756
v -0.228231 0.136256 0.004383
v -0.226715 0.133528 0.006000
v -0.224432 0.133668 0.009487
v -0.224752 0.131284 0.010159
v -0.234108 0.124304 0.010343
v -0.236574 0.161552 0.018228
v -0.231814 0.160358 0.015087
v -0.228575 0.157475 0.010595
v -0.239444 0.161625 0.013831
v -0.234910 0.160195 0.010150
v -0.229402 0.157376 0.009489
v -0.238311 0.158767 0.005950
v -0.232965 0.157521 0.006333
v -0.233995 0.157510 0.005967
v -0.241416 0.157784 0.004819
v -0.239522 0.157811 0.004690
v -0.233615 0.155720 0.004193
v -0.231855 0.153572 0.003722
v -0.230916 0.153163 0.003692
v -0.231412 0.152337 0.004037
v -0.230376 0.152797 0.003968
v -0.235659 0.152204 0.002536
v -0.238136 0.152435 0.002583
v -0.234065 0.150268 0.001866
v -0.229662 0.150431 0.003949
v -0.235257 0.147792 0.001594
v -0.236204 0.153600 0.002232
v -0.235257 0.147881 0.000563
v -0.233783 0.145930 0.000462
v -0.239539 0.153159 0.001943
v -0.237966 0.153626 0.002126
v -0.240606 0.156387 0.003697
v -0.243725 0.153154 0.002713
v -0.242229 0.150660 0.001913
v -0.243490 0.152336 0.003487
v -0.246208 0.150441 0.002857
v -0.246230 0.145509 0.003237
v -0.242497 0.142062 0.000768
v -0.242427 0.142168 0.001779
v -0.246365 0.145100 0.002175
v -0.247085 0.146254 0.002568
v -0.251470 0.150757 0.005596
v -0.246415 0.150275 0.003582
v -0.246114 0.152410 0.003931
v -0.245970 0.153097 0.003770
v -0.244452 0.154265 0.003982
v -0.250214 0.152188 0.006161
v -0.251528 0.152485 0.006085
v -0.252914 0.153203 0.007258
v -0.251242 0.153144 0.006102
v -0.255448 0.152512 0.009629
v -0.247560 0.156695 0.005613
v -0.249283 0.153203 0.004975
v -0.249866 0.158279 0.008054
v -0.247744 0.157826 0.006692
v -0.247874 0.158439 0.007104
v -0.246049 0.157893 0.005860
v -0.247220 0.161333 0.012306
v -0.249271 0.161624 0.020009
v -0.243503 0.160500 0.008681
v -0.244190 0.162013 0.017102
v -0.246484 0.161552 0.024452
v -0.241339 0.161775 0.021641
v -0.251376 0.160357 0.027380
v -0.253787 0.160372 0.022528
v -0.258762 0.152580 0.030097
v -0.259488 0.153127 0.030529
v -0.259654 0.152258 0.030096
v -0.260900 0.152233 0.025681
v -0.260577 0.153400 0.028005
v -0.258518 0.157105 0.025569
v -0.261650 0.153144 0.025466
v -0.257537 0.157328 0.027186
v -0.259690 0.156350 0.023792
v -0.258760 0.157522 0.022565
v -0.258400 0.157789 0.020323
v -0.261936 0.153291 0.023394
v -0.261664 0.152495 0.023233
v -0.260087 0.156178 0.021410
v -0.260312 0.155778 0.020273
v -0.261266 0.153252 0.017753
v -0.260774 0.152227 0.018383
v -0.261575 0.152508 0.018244
v -0.261985 0.153328 0.022251
v -0.248419 0.160225 0.009950
v -0.241752 0.155554 0.003305
v -0.253590 0.156138 0.009426
v -0.234124 0.146028 0.001490
v -0.231851 0.146132 0.001592
v -0.226659 0.146069 0.004400
v -0.227233 0.145568 0.005175
v -0.227573 0.146386 0.004957
v -0.232029 0.156455 0.005790
v -0.229212 0.153142 0.005006
v -0.228501 0.152302 0.005553
v -0.227659 0.153347 0.006737
v -0.225452 0.152535 0.008791
v -0.226078 0.152305 0.009541
v -0.225468 0.153232 0.009331
v -0.226392 0.154612 0.011281
v -0.230587 0.157462 0.008412
v -0.252646 0.127063 0.009244
v -0.259340 0.131086 0.013805
v -0.262031 0.136139 0.018370
v -0.262398 0.137489 0.018970
v -0.262745 0.138202 0.019503
v -0.262342 0.133934 0.019700
v -0.263607 0.138099 0.021524
v -0.261414 0.134085 0.026937
v -0.258113 0.129656 0.031204
v -0.257230 0.129547 0.030639
v -0.243203 0.123640 0.029282
v -0.242890 0.124084 0.029693
v -0.225052 0.133707 0.009845
v -0.225934 0.133547 0.007792
v -0.227781 0.135827 0.005416
v -0.226763 0.136015 0.005951
v -0.227268 0.148061 0.005913
v -0.225051 0.150345 0.009844
v -0.227992 0.155768 0.009820
v -0.231255 0.154662 0.005909
v -0.233624 0.151924 0.003214
v -0.231986 0.150350 0.003205
v -0.234241 0.152210 0.002589
v -0.236426 0.149859 0.001978
v -0.237773 0.154790 0.003659
v -0.233488 0.139451 0.001487
v -0.233913 0.135559 0.002017
v -0.236657 0.133970 0.002017
v -0.237448 0.133497 0.001605
v -0.230561 0.130105 0.005638
v -0.232520 0.129649 0.004527
v -0.232281 0.136437 0.001581
v -0.231398 0.144291 0.002141
v -0.233646 0.148057 0.001986
v -0.227056 0.144879 0.005353
v -0.226226 0.144085 0.006214
v -0.258219 0.154825 0.028647
v -0.258863 0.129935 0.015741
v -0.260103 0.129471 0.017375
v -0.260052 0.129457 0.024066
v -0.260223 0.129412 0.022084
v -0.261706 0.134179 0.017477
v -0.259283 0.130198 0.015624
v -0.260928 0.133521 0.017137
v -0.262638 0.136383 0.020387
v -0.263368 0.144214 0.022388
v -0.263477 0.143989 0.020323
v -0.262544 0.148034 0.020289
v -0.261381 0.150084 0.017417
v -0.260843 0.150699 0.017060
v -0.258771 0.154194 0.015635
v -0.260308 0.153964 0.024431
v -0.260222 0.154636 0.022088
v -0.260449 0.150451 0.029631
v -0.262113 0.136700 0.028622
v -0.263559 0.139677 0.019977
v -0.261775 0.139747 0.030086
v -0.261433 0.144154 0.029693
v -0.252228 0.152070 0.007677
v -0.244470 0.150540 0.003332
v -0.256656 0.152380 0.011693
v -0.256617 0.147985 0.009630
v -0.254806 0.150579 0.009275
v -0.256906 0.150457 0.011244
v -0.256678 0.143642 0.009855
v -0.254806 0.133475 0.009275
v -0.256448 0.136460 0.010092
v -0.256745 0.133595 0.011076
v -0.255273 0.129223 0.011278
v -0.254005 0.129528 0.009934
v -0.254805 0.128485 0.011110
v -0.244573 0.133486 0.003372
v -0.246539 0.129528 0.005239
v -0.246205 0.135473 0.003602
v -0.243653 0.139658 0.002199
v -0.245899 0.144489 0.003013
v -0.247690 0.135980 0.004173
v -0.247806 0.137341 0.003495
v -0.249072 0.133577 0.005315
v -0.250026 0.150476 0.005870
v -0.255191 0.155961 0.010556
v -0.257364 0.150541 0.010273
v -0.258049 0.139783 0.011267
v -0.258794 0.139766 0.010602
v -0.261087 0.131937 0.016165
v -0.264156 0.142344 0.019918
v -0.263520 0.146694 0.018803
v -0.261312 0.151727 0.016340
v -0.258281 0.156011 0.015731
v -0.232885 0.139994 0.000529
v -0.234992 0.136485 0.000570
v -0.236452 0.134151 0.000946
v -0.245706 0.135989 0.002235
v -0.243884 0.150541 0.002079
v -0.245110 0.155517 0.005004
v -0.245578 0.156216 0.004616
v -0.254046 0.135216 0.008241
v -0.256289 0.139564 0.009548
v -0.257412 0.143578 0.009167
v -0.254646 0.148345 0.007982
v -0.248046 0.148835 0.004468
v -0.247729 0.146554 0.003442
v -0.245060 0.142003 0.001549
v -0.231590 0.150668 0.002319
v -0.226631 0.140159 0.005697
v -0.231986 0.133702 0.003206
v -0.263117 0.133385 0.022177
v -0.262144 0.133702 0.022206
v -0.263301 0.135805 0.026121
v -0.263100 0.134261 0.025228
v -0.262339 0.139184 0.027576
v -0.263331 0.147932 0.026240
v -0.263163 0.149442 0.019645
v -0.246247 0.130683 0.003653
v -0.227676 0.151890 0.007356
v -0.259985 0.154558 0.017532
v -0.259506 0.155654 0.016716
v -0.260267 0.151890 0.027873
v -0.258412 0.155996 0.028292
v -0.257422 0.156026 0.030097
v -0.259306 0.151953 0.031950
v -0.262196 0.148014 0.028336
v -0.260208 0.133709 0.029410
v -0.259233 0.132036 0.032005
v -0.232723 0.131627 0.002579
v -0.232965 0.128636 0.004358
v -0.227674 0.132172 0.007354
v -0.227831 0.129266 0.009540
v -0.227923 0.128236 0.009191
v -0.226438 0.129531 0.011281
v -0.225298 0.139864 0.007400
v -0.224183 0.143440 0.007150
v -0.225486 0.150583 0.007553
v -0.224479 0.152084 0.009996
v -0.263629 0.135419 0.023792
v -0.263543 0.135419 0.020548
v -0.263684 0.135419 0.021843
v -0.263543 0.148635 0.020548
v -0.263684 0.148635 0.021842
v -0.263650 0.148635 0.023576
v -0.263117 0.150668 0.022177
v -0.263753 0.142027 0.027045
v -0.264070 0.137602 0.023787
v -0.264335 0.144245 0.023783
v -0.222662 0.142027 0.009313
v -0.224611 0.144688 0.006719
v -0.223054 0.147666 0.009712
v -0.222762 0.144859 0.009414
v -0.222761 0.139195 0.009414
v -0.224886 0.136388 0.007069
v -0.224620 0.139195 0.006731
v -0.219193 0.140432 0.014865
v -0.223054 0.136388 0.009711
v -0.219233 0.144407 0.014890
v -0.219665 0.148011 0.015162
v -0.260697 0.133640 0.014439
v -0.257293 0.133555 0.010188
v -0.261616 0.150414 0.016092
v -0.261215 0.147666 0.014243
v -0.262182 0.147666 0.015923
v -0.263336 0.144859 0.017605
v -0.262517 0.144859 0.015818
v -0.263458 0.142027 0.017577
v -0.259629 0.133640 0.012875
v -0.261215 0.136388 0.014243
v -0.258864 0.136388 0.011154
v -0.257533 0.136388 0.009751
v -0.261521 0.139195 0.014123
v -0.262182 0.136388 0.015923
v -0.262517 0.139195 0.015818
v -0.260376 0.139195 0.012516
v -0.260099 0.136388 0.012652
v -0.263336 0.139195 0.017606
v -0.260697 0.150414 0.014439
v -0.257533 0.147666 0.009750
v -0.260376 0.144859 0.012516
v -0.259629 0.150414 0.012875
v -0.260099 0.147666 0.012652
v -0.229911 0.135419 0.002554
v -0.231590 0.133385 0.002319
v -0.226934 0.142027 0.003837
v -0.229911 0.148635 0.002554
v -0.228857 0.149797 0.003641
v -0.232465 0.148635 0.001376
v -0.230492 0.144308 0.001433
v -0.229614 0.139808 0.001913
v -0.229915 0.146452 0.002041
v -0.229158 0.137602 0.002490
v -0.253450 0.137602 0.006171
v -0.248528 0.142027 0.003014
v -0.255112 0.144245 0.007218
v -0.255651 0.142027 0.007599
v -0.253579 0.142027 0.006008
v -0.251949 0.142027 0.004921
v -0.248510 0.139808 0.003064
v -0.250264 0.142027 0.003922
v -0.251702 0.148635 0.005315
v -0.251839 0.146452 0.005096
v -0.237716 0.150414 0.001046
v -0.239596 0.150414 0.001160
v -0.233633 0.142027 0.000287
v -0.243341 0.147666 0.001389
v -0.245179 0.147666 0.001980
v -0.243617 0.144573 0.001155
v -0.237554 0.142027 0.000000
v -0.235613 0.139195 0.000150
v -0.237571 0.139195 0.000116
v -0.243341 0.136388 0.001389
v -0.241459 0.136388 0.000925
v -0.243690 0.133555 0.002012
v -0.239545 0.136388 0.000608
v -0.239596 0.133640 0.001160
v -0.237622 0.136388 0.000463
v -0.239520 0.139195 0.000280
v -0.239545 0.147666 0.000608
v -0.241459 0.147666 0.000925
v -0.234991 0.147567 0.000570
v -0.236602 0.150140 0.000995
v -0.241828 0.153787 0.002550
v -0.237571 0.144859 0.000116
v -0.235613 0.144859 0.000150
v -0.234090 0.131387 0.002266
v -0.232733 0.152486 0.002603
v -0.232830 0.153027 0.002831
v -0.261134 0.131747 0.028157
v -0.261704 0.153605 0.020340
v -0.260545 0.139195 0.033179
v -0.260678 0.142027 0.033225
v -0.260545 0.144859 0.033179
v -0.256812 0.147292 0.038541
v -0.261732 0.136388 0.030261
v -0.261015 0.150414 0.030093
v -0.261732 0.147666 0.030261
v -0.260149 0.147666 0.033044
v -0.257181 0.143388 0.038774
v -0.239832 0.154892 0.003697
v -0.233561 0.144738 0.001481
v -0.233336 0.144830 0.000483
v -0.257295 0.128058 0.030336
v -0.259513 0.130939 0.030491
v -0.261613 0.130363 0.023949
v -0.248307 0.131147 0.004420
v -0.241570 0.123380 0.028949
v -0.239120 0.123233 0.027406
v -0.235835 0.123299 0.025339
v -0.232439 0.160406 0.023202
v -0.249019 0.124881 0.033637
v -0.221635 0.130029 0.016403
v -0.250281 0.158559 0.034432
v -0.225539 0.125788 0.018859
v -0.251300 0.160479 0.026123
v -0.249746 0.160962 0.025171
v -0.251812 0.160978 0.021855
v -0.257153 0.153027 0.034506
v -0.256355 0.154081 0.034623
v -0.254497 0.157804 0.011529
v -0.254301 0.153027 0.008272
v -0.248195 0.160939 0.011904
v -0.246379 0.161521 0.013787
v -0.247552 0.160648 0.028375
v -0.245042 0.161074 0.026859
v -0.254949 0.156325 0.033500
v -0.256199 0.158735 0.015941
v -0.254104 0.157291 0.032858
v -0.256093 0.159405 0.019994
v -0.256386 0.159124 0.022474
v -0.259964 0.155533 0.025614
v -0.259073 0.155858 0.027212
v -0.257907 0.157940 0.023674
v -0.256500 0.158653 0.024944
v -0.260595 0.154413 0.026332
v -0.261119 0.153209 0.027005
v -0.250482 0.161347 0.017904
v -0.249510 0.161455 0.016404
v -0.249609 0.160797 0.012494
v -0.254197 0.159969 0.016206
v -0.255622 0.159478 0.017547
v -0.254892 0.160009 0.019215
v -0.255446 0.159386 0.024158
v -0.254407 0.158894 0.028235
v -0.250184 0.159200 0.009410
v -0.252158 0.155937 0.007901
v -0.249955 0.155896 0.006458
v -0.250991 0.154561 0.006461
v -0.250484 0.161309 0.021126
v -0.247132 0.161443 0.023686
v -0.244444 0.161648 0.022236
v -0.253621 0.160516 0.018466
v -0.252759 0.160821 0.020163
v -0.252291 0.160925 0.017749
v -0.251701 0.160847 0.015389
v -0.248767 0.160334 0.029141
v -0.242468 0.161274 0.025360
v -0.250307 0.161111 0.014740
v -0.247231 0.161750 0.017409
v -0.246332 0.161794 0.019038
v -0.244778 0.161815 0.016330
v -0.253369 0.155468 0.008578
v -0.251573 0.159788 0.011559
v -0.253342 0.159568 0.027471
v -0.233432 0.160595 0.014874
v -0.232218 0.160133 0.014123
v -0.233238 0.160125 0.012436
v -0.222496 0.155420 0.016944
v -0.224686 0.156056 0.014482
v -0.233325 0.153648 0.002979
v -0.234366 0.154677 0.003252
v -0.230341 0.156051 0.006823
v -0.228785 0.155858 0.008150
v -0.226802 0.156206 0.011324
v -0.223034 0.153027 0.013044
v -0.223306 0.156414 0.017454
v -0.225844 0.157291 0.015072
v -0.226238 0.158664 0.019299
v -0.227960 0.158861 0.016211
v -0.229110 0.159457 0.016857
v -0.231503 0.160334 0.018276
v -0.232720 0.160648 0.019040
v -0.230389 0.160059 0.021911
v -0.237637 0.161274 0.022319
v -0.240372 0.161395 0.023333
v -0.243858 0.161593 0.013101
v -0.248916 0.153870 0.005020
v -0.248015 0.153027 0.004318
v -0.242024 0.160161 0.008108
v -0.240214 0.160030 0.007880
v -0.241408 0.159328 0.006628
v -0.243787 0.158943 0.006363
v -0.242582 0.158392 0.005572
v -0.238397 0.159744 0.007770
v -0.240189 0.158735 0.005865
v -0.243707 0.157227 0.004748
v -0.240130 0.155153 0.002931
v -0.235388 0.157317 0.005165
v -0.236030 0.156073 0.003828
v -0.231942 0.158653 0.009488
v -0.229881 0.158894 0.012799
v -0.238154 0.161535 0.015777
v -0.237129 0.161443 0.017390
v -0.234659 0.160962 0.015676
v -0.235685 0.161017 0.014013
v -0.236141 0.160764 0.011965
v -0.235376 0.158711 0.007049
v -0.234218 0.159124 0.008523
v -0.233045 0.158366 0.007926
v -0.227884 0.154741 0.007862
v -0.243822 0.161111 0.010658
v -0.242633 0.160847 0.009682
v -0.239640 0.160720 0.009726
v -0.239710 0.161322 0.012154
v -0.239599 0.161648 0.019186
v -0.242082 0.161699 0.020614
v -0.248377 0.159072 0.008111
v -0.244990 0.160571 0.009321
v -0.246148 0.160797 0.010316
v -0.244997 0.161287 0.011664
v -0.242746 0.161750 0.014586
v -0.236581 0.159405 0.007714
v -0.237948 0.155548 0.003155
v -0.253707 0.124218 0.014443
v -0.252377 0.123802 0.013756
v -0.251701 0.123207 0.015389
v -0.253187 0.130183 0.007708
v -0.257763 0.128948 0.031005
v -0.254596 0.129765 0.037147
v -0.257153 0.131027 0.034506
v -0.253054 0.127640 0.036176
v -0.254104 0.126762 0.032858
v -0.250122 0.125389 0.034331
v -0.251081 0.124596 0.030685
v -0.245971 0.123995 0.031719
v -0.247552 0.123405 0.028375
v -0.245042 0.122979 0.026859
v -0.246259 0.122496 0.013977
v -0.247370 0.122902 0.012211
v -0.249807 0.124479 0.009775
v -0.252158 0.128116 0.007901
v -0.253369 0.128585 0.008578
v -0.256814 0.127464 0.013079
v -0.261423 0.129891 0.020472
v -0.261416 0.129722 0.022483
v -0.259964 0.128520 0.025614
v -0.259994 0.129914 0.028219
v -0.259073 0.128195 0.027212
v -0.244530 0.122224 0.016724
v -0.248088 0.122461 0.015764
v -0.254343 0.124340 0.015472
v -0.256199 0.125318 0.015941
v -0.255622 0.124575 0.017547
v -0.254608 0.123930 0.019780
v -0.254346 0.125679 0.012221
v -0.252240 0.124453 0.011886
v -0.255750 0.128188 0.011084
v -0.255685 0.126826 0.012287
v -0.257826 0.125858 0.019969
v -0.259390 0.127539 0.018393
v -0.259682 0.128533 0.016917
v -0.257460 0.126235 0.025723
v -0.254407 0.125159 0.028235
v -0.244444 0.122405 0.022236
v -0.246332 0.122259 0.019038
v -0.251812 0.123075 0.021855
v -0.257748 0.125972 0.023541
v -0.254305 0.124035 0.023375
v -0.255251 0.124265 0.021684
v -0.260595 0.129641 0.026332
v -0.249510 0.122598 0.016404
v -0.250916 0.122818 0.017063
v -0.253621 0.123537 0.018466
v -0.252759 0.123232 0.020163
v -0.253342 0.124485 0.027471
v -0.249945 0.124112 0.029913
v -0.249746 0.123091 0.025171
v -0.250307 0.122942 0.014740
v -0.248891 0.122766 0.014115
v -0.251424 0.122866 0.019441
v -0.256093 0.124648 0.019994
v -0.228785 0.128195 0.008150
v -0.231503 0.123720 0.018276
v -0.230102 0.124072 0.021732
v -0.237637 0.122780 0.022319
v -0.239793 0.122790 0.024253
v -0.222702 0.128359 0.017073
v -0.223279 0.129972 0.013805
v -0.226252 0.128642 0.010944
v -0.237229 0.129690 0.002524
v -0.237773 0.126728 0.004574
v -0.238327 0.128025 0.003471
v -0.241907 0.127810 0.003770
v -0.242582 0.125661 0.005572
v -0.244904 0.126249 0.005491
v -0.243707 0.126826 0.004748
v -0.245476 0.128069 0.004456
v -0.224043 0.128803 0.014164
v -0.230825 0.126235 0.008960
v -0.234218 0.124929 0.008523
v -0.235376 0.125342 0.007049
v -0.233045 0.125688 0.007926
v -0.230842 0.127486 0.006993
v -0.235978 0.126336 0.005443
v -0.228087 0.130844 0.006215
v -0.234366 0.129377 0.003252
v -0.233325 0.130405 0.002979
v -0.248377 0.124981 0.008111
v -0.244997 0.122766 0.011664
v -0.238397 0.124310 0.007770
v -0.236582 0.124648 0.007714
v -0.229881 0.125159 0.012799
v -0.231942 0.125401 0.009488
v -0.236030 0.127980 0.003828
v -0.240189 0.125318 0.005865
v -0.250932 0.129181 0.006553
v -0.249744 0.127911 0.006462
v -0.239443 0.129584 0.002549
v -0.241665 0.122259 0.016101
v -0.239914 0.122686 0.012311
v -0.237987 0.122745 0.013261
v -0.235893 0.122811 0.016518
v -0.236032 0.123982 0.009584
v -0.235526 0.123504 0.011551
v -0.237872 0.123232 0.010793
v -0.244990 0.123483 0.009321
v -0.246142 0.124265 0.008141
v -0.240250 0.123129 0.010171
v -0.241463 0.122818 0.011114
v -0.232218 0.123920 0.014123
v -0.230298 0.124112 0.017547
v -0.233432 0.123458 0.014874
v -0.235172 0.122979 0.020648
v -0.237129 0.122610 0.017390
v -0.246148 0.123257 0.010316
v -0.243858 0.122461 0.013101
v -0.242746 0.122304 0.014586
v -0.248916 0.130183 0.005020
v -0.247096 0.128859 0.004681
v -0.242024 0.123892 0.008108
v -0.240214 0.124024 0.007880
v -0.219924 -0.138533 0.015306
v -0.220172 -0.135507 0.015510
v -0.221510 -0.131430 0.016125
v -0.220028 -0.145850 0.015419
v -0.219903 -0.142209 0.015372
v -0.224358 -0.127560 0.018130
v -0.228761 -0.125225 0.020871
v -0.233515 -0.160490 0.023503
v -0.233717 -0.123736 0.023499
v -0.256329 -0.145868 0.038192
v -0.247402 -0.158952 0.032661
v -0.242839 -0.160091 0.029730
v -0.256226 -0.149621 0.037747
v -0.254723 -0.152899 0.037150
v -0.259234 -0.150539 0.031413
v -0.261849 -0.145937 0.029415
v -0.247404 -0.125449 0.032658
v -0.254704 -0.131513 0.037142
v -0.256330 -0.138532 0.038192
v -0.255746 -0.146217 0.008482
v -0.255790 -0.145509 0.009243
v -0.255735 -0.138644 0.009190
v -0.255599 -0.137607 0.008514
v -0.257601 -0.138250 0.010310
v -0.244547 -0.138156 0.002227
v -0.224793 -0.150587 0.009734
v -0.228777 -0.158952 0.020952
v -0.221551 -0.152867 0.016333
v -0.220438 -0.149590 0.015634
v -0.244494 -0.145921 0.002074
v -0.248235 -0.149645 0.004711
v -0.248810 -0.150495 0.005186
v -0.249260 -0.150615 0.004299
v -0.258486 -0.131773 0.031557
v -0.258164 -0.130139 0.031705
v -0.257221 -0.129588 0.030662
v -0.228835 -0.124651 0.020472
v -0.238136 -0.123667 0.026539
v -0.236575 -0.122851 0.018218
v -0.241338 -0.122628 0.021636
v -0.231816 -0.124046 0.015079
v -0.229050 -0.124484 0.020076
v -0.227970 -0.126817 0.011604
v -0.234912 -0.124210 0.010142
v -0.229463 -0.126818 0.009500
v -0.224646 -0.126857 0.017408
v -0.220344 -0.134893 0.015490
v -0.220303 -0.134783 0.014794
v -0.219726 -0.138440 0.014332
v -0.238197 -0.160672 0.026637
v -0.243201 -0.160759 0.029289
v -0.251982 -0.157236 0.035289
v -0.247915 -0.159794 0.032245
v -0.251516 -0.156751 0.035247
v -0.255321 -0.153138 0.037047
v -0.257400 -0.145969 0.037847
v -0.260580 -0.145977 0.032749
v -0.258469 -0.153508 0.031819
v -0.255691 -0.157480 0.030184
v -0.257802 -0.155071 0.031022
v -0.258503 -0.151991 0.031100
v -0.261767 -0.150301 0.027436
v -0.261557 -0.152329 0.025720
v -0.261414 -0.150016 0.026937
v -0.262159 -0.148700 0.025804
v -0.262074 -0.145829 0.027772
v -0.261825 -0.142210 0.028946
v -0.261626 -0.142054 0.031503
v -0.260763 -0.141899 0.031031
v -0.260728 -0.142201 0.030986
v -0.260580 -0.138426 0.032748
v -0.261896 -0.138365 0.029446
v -0.257267 -0.138443 0.037973
v -0.256350 -0.134670 0.037810
v -0.257457 -0.142156 0.038187
v -0.256526 -0.142192 0.038316
v -0.256157 -0.135865 0.038145
v -0.252081 -0.126775 0.035242
v -0.255324 -0.131262 0.037044
v -0.252027 -0.127397 0.035490
v -0.252498 -0.126818 0.034727
v -0.247894 -0.124632 0.032240
v -0.251374 -0.124045 0.027379
v -0.256194 -0.126853 0.029728
v -0.246481 -0.122851 0.024450
v -0.249219 -0.122536 0.020144
v -0.254133 -0.124020 0.022488
v -0.256622 -0.126868 0.028797
v -0.258766 -0.131705 0.030102
v -0.259581 -0.131910 0.030139
v -0.260497 -0.131656 0.027930
v -0.261489 -0.131986 0.025720
v -0.260914 -0.132173 0.025691
v -0.262437 -0.133774 0.024582
v -0.261130 -0.132382 0.019349
v -0.261760 -0.133877 0.027501
v -0.261757 -0.131570 0.023239
v -0.261418 -0.134215 0.026966
v -0.262299 -0.136255 0.026180
v -0.262330 -0.138012 0.026834
v -0.264194 -0.139435 0.024198
v -0.263272 -0.137958 0.027241
v -0.263755 -0.138343 0.021691
v -0.262655 -0.141956 0.029338
v -0.263167 -0.139275 0.027935
v -0.262322 -0.138770 0.027289
v -0.263280 -0.145783 0.027491
v -0.262362 -0.146216 0.026942
v -0.262419 -0.150522 0.024466
v -0.261221 -0.152032 0.019319
v -0.262008 -0.152309 0.022646
v -0.262268 -0.150233 0.019703
v -0.260755 -0.152189 0.018329
v -0.260213 -0.152124 0.016393
v -0.263656 -0.146083 0.021569
v -0.262751 -0.145813 0.019527
v -0.263741 -0.142088 0.021308
v -0.261347 -0.145930 0.014127
v -0.263852 -0.145439 0.019471
v -0.262020 -0.148006 0.018345
v -0.263036 -0.148014 0.018157
v -0.259958 -0.153409 0.015540
v -0.257885 -0.156086 0.014401
v -0.256512 -0.157836 0.014344
v -0.257636 -0.155209 0.012850
v -0.256826 -0.158754 0.017627
v -0.257414 -0.157805 0.016065
v -0.253449 -0.157987 0.010612
v -0.252044 -0.160611 0.014304
v -0.254589 -0.153603 0.010123
v -0.255381 -0.154639 0.011326
v -0.257394 -0.152020 0.011999
v -0.257547 -0.153547 0.011726
v -0.258394 -0.150648 0.012243
v -0.259840 -0.153203 0.014669
v -0.257519 -0.146028 0.010374
v -0.255508 -0.150251 0.009709
v -0.255903 -0.150288 0.008824
v -0.253546 -0.152482 0.008004
v -0.250134 -0.152129 0.006347
v -0.254903 -0.152213 0.009883
v -0.252900 -0.150542 0.007758
v -0.253519 -0.150302 0.007530
v -0.251802 -0.145100 0.004979
v -0.251419 -0.150845 0.005589
v -0.253321 -0.150845 0.006877
v -0.257556 -0.142115 0.010010
v -0.258815 -0.142109 0.012077
v -0.259768 -0.142110 0.011650
v -0.261348 -0.138476 0.014126
v -0.263717 -0.138386 0.019269
v -0.263089 -0.136422 0.018237
v -0.258569 -0.133559 0.012084
v -0.259967 -0.131607 0.016023
v -0.259841 -0.131203 0.014667
v -0.257863 -0.127771 0.014404
v -0.257673 -0.129768 0.012389
v -0.257414 -0.126338 0.016233
v -0.256383 -0.126200 0.014297
v -0.251700 -0.123599 0.014139
v -0.253778 -0.127818 0.009711
v -0.256824 -0.125495 0.017673
v -0.260356 -0.128466 0.020316
v -0.258401 -0.126346 0.020322
v -0.258762 -0.126883 0.022562
v -0.260815 -0.132108 0.018488
v -0.261233 -0.130968 0.017716
v -0.261548 -0.131627 0.018194
v -0.262088 -0.131817 0.022540
v -0.260088 -0.128024 0.021408
v -0.259685 -0.127798 0.024015
v -0.258518 -0.127298 0.025568
v -0.258062 -0.127619 0.027865
v -0.257493 -0.126817 0.027133
v -0.255544 -0.129974 0.011397
v -0.255957 -0.130044 0.010243
v -0.253182 -0.126038 0.010569
v -0.251956 -0.125886 0.009557
v -0.252240 -0.127062 0.009468
v -0.247500 -0.123032 0.012227
v -0.239445 -0.122578 0.013826
v -0.243318 -0.123675 0.008864
v -0.248385 -0.123883 0.009918
v -0.247906 -0.125789 0.007095
v -0.249867 -0.125877 0.008052
v -0.254936 -0.131850 0.009989
v -0.251365 -0.131487 0.006069
v -0.252456 -0.131688 0.007535
v -0.255516 -0.131618 0.009571
v -0.246063 -0.131716 0.003989
v -0.248227 -0.132212 0.005277
v -0.249282 -0.131204 0.004971
v -0.247535 -0.127508 0.005829
v -0.243443 -0.131957 0.003458
v -0.243781 -0.131203 0.002729
v -0.242184 -0.133599 0.001935
v -0.246320 -0.133993 0.003683
v -0.248236 -0.134762 0.004710
v -0.248804 -0.133778 0.005192
v -0.249337 -0.133561 0.004357
v -0.251802 -0.139307 0.004979
v -0.251471 -0.133447 0.005595
v -0.253580 -0.133873 0.007468
v -0.244794 -0.142073 0.002094
v -0.247085 -0.137882 0.002568
v -0.255895 -0.133975 0.008811
v -0.255646 -0.133818 0.009575
v -0.253475 -0.132130 0.008392
v -0.257321 -0.131861 0.011688
v -0.252912 -0.133598 0.007767
v -0.253435 -0.133417 0.006921
v -0.246470 -0.138424 0.003383
v -0.246365 -0.139307 0.002175
v -0.246119 -0.133749 0.002827
v -0.242574 -0.142077 0.000791
v -0.239436 -0.138476 0.000351
v -0.239436 -0.145930 0.000352
v -0.235257 -0.136389 0.000563
v -0.233783 -0.138476 0.000462
v -0.238225 -0.131600 0.002336
v -0.231846 -0.142191 0.000746
v -0.233910 -0.138544 0.001482
v -0.232208 -0.142273 0.001715
v -0.231851 -0.138099 0.001515
v -0.231173 -0.139449 0.001576
v -0.234063 -0.133955 0.001815
v -0.235725 -0.131929 0.002393
v -0.229601 -0.133795 0.003893
v -0.228974 -0.139275 0.002301
v -0.228974 -0.145129 0.002302
v -0.225546 -0.142025 0.006072
v -0.229790 -0.141947 0.002064
v -0.227219 -0.138770 0.005183
v -0.226215 -0.139275 0.004684
v -0.225679 -0.138337 0.006614
v -0.224112 -0.142139 0.007948
v -0.222994 -0.145976 0.009105
v -0.225508 -0.146043 0.006481
v -0.227460 -0.150097 0.005676
v -0.229359 -0.152098 0.005555
v -0.226002 -0.152290 0.009666
v -0.224725 -0.153201 0.010278
v -0.225988 -0.155219 0.010904
v -0.224065 -0.153201 0.011279
v -0.228028 -0.157608 0.011800
v -0.221485 -0.153384 0.015843
v -0.224572 -0.157409 0.017691
v -0.229061 -0.159921 0.020087
v -0.228802 -0.159636 0.020577
v -0.224663 -0.156751 0.018366
v -0.220293 -0.149619 0.014829
v -0.219714 -0.145958 0.014367
v -0.219529 -0.142209 0.014562
v -0.224068 -0.131201 0.011274
v -0.222994 -0.138426 0.009104
v -0.224575 -0.131586 0.010152
v -0.225564 -0.130118 0.010151
v -0.226378 -0.129626 0.011282
v -0.225880 -0.131834 0.009556
v -0.228575 -0.126929 0.010594
v -0.228148 -0.131755 0.005936
v -0.230351 -0.127299 0.007858
v -0.230358 -0.131246 0.004072
v -0.229281 -0.127043 0.009461
v -0.225459 -0.131673 0.008780
v -0.229482 -0.132125 0.005550
v -0.228803 -0.131650 0.004981
v -0.231434 -0.131794 0.004045
v -0.232968 -0.126883 0.006330
v -0.233572 -0.128504 0.004258
v -0.233996 -0.126606 0.005966
v -0.238348 -0.125564 0.005918
v -0.239396 -0.126608 0.004680
v -0.236213 -0.130402 0.002294
v -0.240606 -0.127749 0.003695
v -0.241406 -0.126376 0.004829
v -0.235289 -0.136347 0.001599
v -0.239339 -0.131203 0.001923
v -0.242195 -0.129197 0.003141
v -0.244486 -0.129917 0.003733
v -0.246146 -0.126106 0.006110
v -0.245441 -0.127895 0.005064
v -0.247781 -0.126164 0.006747
v -0.228527 -0.135684 0.004272
v -0.227500 -0.134063 0.005691
v -0.226589 -0.133573 0.006103
v -0.224334 -0.133538 0.009400
v -0.227574 -0.138019 0.004957
v -0.226882 -0.137866 0.004258
v -0.231814 -0.160358 0.015087
v -0.236574 -0.161552 0.018228
v -0.229446 -0.157313 0.009495
v -0.228575 -0.157475 0.010595
v -0.239489 -0.161619 0.013760
v -0.234308 -0.159922 0.010297
v -0.238452 -0.158628 0.005799
v -0.232965 -0.157521 0.006333
v -0.241411 -0.157866 0.004867
v -0.243503 -0.160474 0.008681
v -0.239471 -0.157807 0.004689
v -0.233634 -0.155673 0.004173
v -0.234176 -0.157529 0.005960
v -0.231348 -0.152398 0.003966
v -0.230943 -0.153210 0.003704
v -0.232310 -0.154037 0.004182
v -0.236261 -0.153662 0.002241
v -0.230923 -0.152694 0.003503
v -0.235784 -0.152298 0.002448
v -0.229677 -0.150488 0.003924
v -0.234253 -0.146120 0.001491
v -0.234080 -0.150173 0.001774
v -0.235432 -0.148008 0.001633
v -0.235366 -0.147801 0.000551
v -0.238094 -0.153486 0.002043
v -0.238094 -0.152304 0.002379
v -0.240597 -0.156300 0.003793
v -0.242067 -0.155646 0.003422
v -0.239413 -0.153446 0.002054
v -0.243697 -0.153203 0.002707
v -0.242277 -0.150637 0.001897
v -0.246351 -0.150567 0.002943
v -0.246470 -0.145983 0.003384
v -0.242442 -0.142129 0.001781
v -0.246365 -0.145100 0.002175
v -0.247270 -0.146587 0.002688
v -0.248061 -0.152100 0.005189
v -0.246305 -0.150241 0.003765
v -0.243460 -0.152167 0.003433
v -0.246098 -0.152471 0.003873
v -0.245975 -0.153186 0.003775
v -0.251477 -0.152548 0.006080
v -0.249283 -0.153203 0.004975
v -0.251136 -0.153203 0.006050
v -0.247497 -0.156132 0.005480
v -0.247713 -0.157714 0.006563
v -0.247799 -0.158453 0.007111
v -0.246175 -0.158102 0.006115
v -0.247194 -0.161330 0.012357
v -0.244191 -0.162013 0.017101
v -0.249371 -0.161667 0.019738
v -0.241498 -0.161703 0.021451
v -0.251376 -0.160357 0.027380
v -0.246484 -0.161552 0.024452
v -0.238544 -0.161137 0.026085
v -0.256338 -0.157668 0.028573
v -0.257501 -0.157382 0.027171
v -0.258759 -0.152587 0.030079
v -0.259457 -0.153199 0.030491
v -0.259564 -0.152369 0.030210
v -0.260853 -0.152347 0.025596
v -0.261620 -0.153202 0.025459
v -0.260360 -0.153644 0.028103
v -0.257989 -0.157435 0.025646
v -0.253926 -0.160315 0.022512
v -0.258655 -0.157553 0.022330
v -0.261571 -0.152502 0.023255
v -0.258178 -0.157934 0.020232
v -0.260433 -0.155709 0.021600
v -0.261737 -0.153741 0.022398
v -0.261888 -0.153325 0.023491
v -0.260660 -0.155435 0.020621
v -0.261258 -0.153428 0.018019
v -0.261641 -0.152418 0.018299
v -0.252485 -0.157593 0.034723
v -0.249838 -0.158225 0.007978
v -0.248346 -0.160196 0.009981
v -0.244399 -0.154051 0.004057
v -0.253769 -0.156033 0.009533
v -0.251958 -0.158046 0.009538
v -0.255705 -0.153154 0.009559
v -0.255461 -0.152485 0.009695
v -0.234169 -0.146266 0.000484
v -0.231649 -0.145805 0.001550
v -0.228158 -0.147768 0.004370
v -0.226548 -0.145834 0.004471
v -0.227573 -0.146386 0.004957
v -0.227291 -0.145709 0.005160
v -0.228819 -0.152659 0.004986
v -0.229945 -0.153598 0.005365
v -0.231873 -0.156139 0.005776
v -0.228349 -0.152529 0.005491
v -0.227387 -0.153193 0.006781
v -0.225504 -0.152512 0.008700
v -0.225521 -0.153432 0.009440
v -0.226389 -0.154583 0.011279
v -0.230508 -0.157326 0.008229
v -0.255900 -0.139531 0.007940
v -0.244193 -0.122391 0.017098
v -0.262415 -0.137412 0.018966
v -0.262125 -0.135981 0.018211
v -0.262407 -0.133943 0.019737
v -0.262792 -0.138396 0.019634
v -0.263664 -0.142101 0.023606
v -0.264081 -0.146144 0.023910
v -0.262398 -0.146915 0.018971
v -0.259581 -0.133596 0.031781
v -0.243191 -0.123619 0.029374
v -0.242890 -0.124084 0.029693
v -0.255689 -0.131201 0.036685
v -0.225052 -0.150293 0.009845
v -0.225934 -0.150453 0.007792
v -0.227781 -0.148173 0.005416
v -0.226763 -0.147985 0.005951
v -0.227268 -0.135939 0.005913
v -0.225051 -0.133655 0.009844
v -0.227992 -0.128232 0.009820
v -0.231255 -0.129338 0.005909
v -0.231961 -0.130058 0.004183
v -0.233624 -0.132076 0.003214
v -0.231986 -0.133650 0.003205
v -0.234241 -0.131790 0.002589
v -0.236426 -0.134141 0.001978
v -0.237773 -0.129210 0.003659
v -0.231851 -0.143900 0.001961
v -0.233488 -0.144549 0.001487
v -0.233913 -0.148442 0.002017
v -0.236657 -0.150030 0.002017
v -0.237448 -0.150503 0.001605
v -0.232281 -0.147563 0.001581
v -0.233646 -0.135943 0.001986
v -0.227056 -0.139121 0.005353
v -0.226226 -0.139915 0.006214
v -0.258219 -0.129175 0.028647
v -0.258863 -0.154065 0.015741
v -0.260103 -0.154529 0.017375
v -0.257256 -0.154531 0.030633
v -0.260052 -0.154543 0.024066
v -0.260223 -0.154588 0.022084
v -0.261706 -0.149821 0.017477
v -0.260928 -0.150479 0.017137
v -0.262638 -0.147618 0.020387
v -0.263368 -0.139786 0.022388
v -0.263477 -0.140011 0.020323
v -0.262544 -0.135966 0.020289
v -0.261381 -0.133916 0.017417
v -0.260843 -0.133301 0.017060
v -0.258771 -0.129806 0.015635
v -0.260308 -0.130036 0.024431
v -0.260222 -0.129364 0.022088
v -0.260449 -0.133549 0.029631
v -0.262113 -0.147300 0.028622
v -0.263702 -0.144266 0.022335
v -0.263559 -0.144323 0.019977
v -0.261775 -0.144253 0.030086
v -0.261433 -0.139846 0.029693
v -0.244470 -0.133460 0.003332
v -0.249882 -0.131851 0.005793
v -0.256656 -0.131620 0.011693
v -0.256617 -0.136015 0.009630
v -0.254806 -0.133421 0.009275
v -0.256906 -0.133543 0.011244
v -0.256678 -0.140358 0.009855
v -0.254806 -0.150525 0.009275
v -0.256448 -0.147540 0.010092
v -0.256745 -0.150405 0.011076
v -0.254805 -0.155515 0.011110
v -0.251877 -0.152011 0.007429
v -0.244573 -0.150514 0.003372
v -0.246539 -0.154472 0.005239
v -0.245621 -0.156493 0.005328
v -0.246205 -0.148527 0.003602
v -0.243653 -0.144342 0.002199
v -0.245899 -0.139511 0.003013
v -0.247690 -0.148020 0.004173
v -0.247806 -0.146659 0.003495
v -0.249072 -0.150423 0.005315
v -0.250026 -0.133524 0.005870
v -0.255191 -0.128039 0.010556
v -0.257364 -0.133459 0.010273
v -0.258049 -0.144217 0.011267
v -0.258794 -0.144234 0.010602
v -0.261087 -0.152063 0.016165
v -0.264156 -0.141656 0.019918
v -0.263520 -0.137306 0.018803
v -0.261312 -0.132273 0.016340
v -0.260526 -0.130973 0.015767
v -0.258281 -0.127989 0.015731
v -0.232885 -0.144006 0.000529
v -0.234992 -0.147515 0.000570
v -0.236452 -0.149849 0.000946
v -0.243835 -0.152734 0.002654
v -0.245706 -0.148011 0.002235
v -0.243884 -0.133459 0.002079
v -0.243698 -0.130945 0.002700
v -0.245578 -0.127784 0.004616
v -0.254046 -0.148784 0.008241
v -0.256289 -0.144436 0.009548
v -0.257412 -0.140422 0.009167
v -0.254646 -0.135655 0.007982
v -0.248046 -0.135165 0.004468
v -0.247729 -0.137446 0.003442
v -0.245060 -0.141997 0.001549
v -0.231590 -0.133332 0.002319
v -0.226631 -0.143841 0.005697
v -0.231986 -0.150298 0.003206
v -0.263117 -0.150615 0.022177
v -0.262144 -0.150298 0.022206
v -0.263301 -0.148195 0.026121
v -0.263100 -0.149739 0.025228
v -0.262339 -0.144816 0.027576
v -0.263331 -0.136068 0.026240
v -0.263163 -0.134558 0.019645
v -0.227676 -0.132110 0.007356
v -0.259985 -0.129441 0.017532
v -0.259506 -0.128346 0.016716
v -0.261642 -0.130367 0.023981
v -0.259525 -0.130930 0.030517
v -0.257422 -0.127974 0.030097
v -0.259306 -0.132047 0.031950
v -0.262196 -0.135986 0.028336
v -0.260208 -0.150291 0.029410
v -0.259233 -0.151964 0.032005
v -0.232723 -0.152373 0.002579
v -0.232965 -0.155364 0.004358
v -0.227674 -0.151828 0.007354
v -0.227831 -0.154734 0.009540
v -0.227923 -0.155765 0.009191
v -0.224773 -0.152688 0.010102
v -0.226639 -0.150487 0.006104
v -0.225298 -0.144136 0.007400
v -0.224183 -0.140560 0.007150
v -0.225486 -0.133417 0.007553
v -0.263498 -0.144192 0.027471
v -0.263629 -0.148581 0.023792
v -0.263543 -0.148581 0.020548
v -0.263684 -0.148581 0.021843
v -0.264278 -0.144192 0.024448
v -0.264130 -0.137548 0.023128
v -0.263543 -0.135365 0.020548
v -0.263684 -0.135365 0.021842
v -0.263650 -0.135365 0.023576
v -0.263117 -0.133332 0.022177
v -0.263753 -0.141973 0.027045
v -0.224511 -0.130973 0.010751
v -0.222662 -0.141973 0.009313
v -0.224611 -0.139312 0.006719
v -0.223054 -0.136334 0.009712
v -0.222762 -0.139141 0.009414
v -0.222761 -0.144805 0.009414
v -0.224886 -0.147612 0.007069
v -0.224620 -0.144805 0.006731
v -0.219193 -0.143568 0.014865
v -0.223054 -0.147612 0.009711
v -0.219233 -0.139593 0.014890
v -0.259512 -0.130973 0.014023
v -0.260697 -0.150360 0.014439
v -0.257293 -0.150445 0.010188
v -0.261616 -0.133586 0.016092
v -0.261215 -0.136334 0.014243
v -0.262182 -0.136334 0.015923
v -0.263336 -0.139141 0.017605
v -0.262517 -0.139141 0.015818
v -0.263458 -0.141973 0.017577
v -0.259629 -0.150360 0.012875
v -0.261215 -0.147612 0.014243
v -0.258864 -0.147612 0.011154
v -0.257533 -0.147612 0.009751
v -0.261521 -0.144805 0.014123
v -0.262182 -0.147612 0.015923
v -0.262517 -0.144805 0.015818
v -0.260376 -0.144805 0.012516
v -0.260099 -0.147612 0.012652
v -0.263336 -0.144805 0.017606
v -0.260697 -0.133586 0.014439
v -0.257533 -0.136334 0.009750
v -0.260376 -0.139141 0.012516
v -0.259089 -0.152973 0.013374
v -0.259629 -0.133586 0.012875
v -0.260099 -0.136334 0.012652
v -0.229911 -0.148581 0.002554
v -0.231590 -0.150615 0.002319
v -0.226934 -0.141973 0.003837
v -0.229911 -0.135365 0.002554
v -0.228857 -0.134203 0.003641
v -0.232465 -0.135365 0.001376
v -0.230492 -0.139692 0.001433
v -0.229614 -0.144192 0.001913
v -0.229915 -0.137548 0.002041
v -0.229158 -0.146398 0.002490
v -0.253450 -0.146398 0.006171
v -0.248528 -0.141973 0.003014
v -0.255651 -0.141973 0.007599
v -0.253579 -0.141973 0.006008
v -0.251949 -0.141973 0.004921
v -0.251922 -0.144192 0.004965
v -0.248510 -0.144192 0.003064
v -0.250264 -0.141973 0.003922
v -0.251702 -0.135365 0.005315
v -0.251839 -0.137548 0.005096
v -0.237716 -0.133586 0.001046
v -0.239596 -0.133586 0.001160
v -0.233633 -0.141973 0.000287
v -0.243341 -0.136334 0.001389
v -0.245179 -0.136334 0.001980
v -0.243617 -0.139427 0.001155
v -0.237554 -0.141973 0.000000
v -0.235613 -0.144805 0.000150
v -0.237571 -0.144805 0.000116
v -0.243341 -0.147612 0.001389
v -0.241459 -0.147612 0.000925
v -0.243690 -0.150445 0.002012
v -0.239545 -0.147612 0.000608
v -0.239596 -0.150360 0.001160
v -0.237622 -0.147612 0.000463
v -0.239520 -0.144805 0.000280
v -0.239545 -0.136334 0.000608
v -0.241459 -0.136334 0.000925
v -0.234991 -0.136433 0.000570
v -0.236602 -0.133860 0.000995
v -0.241828 -0.130213 0.002550
v -0.237571 -0.139141 0.000116
v -0.235613 -0.139141 0.000150
v -0.234090 -0.152613 0.002266
v -0.251455 -0.130973 0.006207
v -0.227883 -0.130581 0.006644
v -0.229278 -0.130903 0.005010
v -0.232733 -0.131514 0.002603
v -0.232830 -0.130973 0.002831
v -0.261134 -0.152253 0.028157
v -0.261704 -0.130395 0.020340
v -0.260545 -0.144805 0.033179
v -0.260678 -0.141973 0.033225
v -0.260545 -0.139141 0.033179
v -0.261732 -0.147612 0.030261
v -0.261015 -0.133586 0.030093
v -0.261732 -0.136334 0.030261
v -0.260149 -0.136334 0.033044
v -0.257181 -0.140613 0.038774
v -0.261710 -0.130973 0.025480
v -0.260428 -0.130402 0.028023
v -0.237543 -0.129969 0.002366
v -0.239832 -0.129108 0.003697
v -0.233561 -0.139262 0.001481
v -0.233336 -0.139170 0.000483
v -0.252849 -0.156936 0.009132
v -0.257295 -0.155941 0.030336
v -0.248307 -0.152853 0.004420
v -0.219548 -0.147235 0.015088
v -0.241570 -0.160620 0.028949
v -0.239120 -0.160767 0.027406
v -0.235835 -0.160701 0.025339
v -0.232439 -0.123594 0.023202
v -0.249019 -0.159119 0.033637
v -0.250281 -0.125441 0.034432
v -0.225539 -0.158212 0.018859
v -0.255239 -0.152973 0.037552
v -0.256695 -0.147958 0.038468
v -0.251300 -0.123520 0.026123
v -0.249746 -0.123038 0.025171
v -0.251812 -0.123022 0.021855
v -0.257153 -0.130973 0.034506
v -0.256355 -0.129919 0.034623
v -0.254497 -0.126196 0.011529
v -0.254301 -0.130973 0.008272
v -0.247640 -0.122996 0.011783
v -0.246379 -0.122479 0.013787
v -0.247552 -0.123352 0.028375
v -0.245042 -0.122926 0.026859
v -0.254949 -0.127675 0.033500
v -0.255053 -0.130576 0.037434
v -0.261911 -0.130548 0.022191
v -0.256199 -0.125265 0.015941
v -0.254104 -0.126709 0.032858
v -0.256093 -0.124595 0.019994
v -0.256386 -0.124876 0.022474
v -0.259964 -0.128467 0.025614
v -0.259073 -0.128142 0.027212
v -0.257907 -0.126060 0.023674
v -0.256500 -0.125347 0.024944
v -0.260595 -0.129587 0.026332
v -0.261119 -0.130791 0.027005
v -0.250482 -0.122653 0.017904
v -0.249510 -0.122545 0.016404
v -0.249609 -0.123203 0.012494
v -0.254197 -0.124031 0.016206
v -0.255622 -0.124522 0.017547
v -0.254892 -0.123991 0.019215
v -0.255446 -0.124614 0.024158
v -0.254407 -0.125106 0.028235
v -0.250184 -0.124800 0.009410
v -0.252158 -0.128063 0.007901
v -0.249955 -0.128104 0.006458
v -0.250991 -0.129439 0.006461
v -0.250484 -0.122691 0.021126
v -0.247132 -0.122557 0.023686
v -0.244444 -0.122352 0.022236
v -0.253621 -0.123484 0.018466
v -0.252759 -0.123179 0.020163
v -0.252291 -0.123075 0.017749
v -0.251701 -0.123153 0.015389
v -0.248767 -0.123666 0.029141
v -0.242468 -0.122726 0.025360
v -0.250307 -0.122889 0.014740
v -0.247231 -0.122250 0.017409
v -0.246332 -0.122206 0.019038
v -0.244778 -0.122185 0.016330
v -0.253369 -0.128532 0.008578
v -0.251573 -0.124212 0.011559
v -0.253342 -0.124432 0.027471
v -0.233432 -0.123405 0.014874
v -0.232218 -0.123867 0.014123
v -0.233238 -0.123875 0.012436
v -0.222496 -0.128580 0.016944
v -0.224686 -0.127943 0.014482
v -0.246241 -0.130944 0.003549
v -0.240145 -0.130973 0.001998
v -0.241309 -0.128102 0.003466
v -0.233325 -0.130352 0.002979
v -0.234366 -0.129323 0.003252
v -0.230341 -0.127949 0.006823
v -0.232108 -0.127604 0.005806
v -0.228785 -0.128142 0.008150
v -0.226802 -0.127794 0.011324
v -0.223034 -0.130973 0.013044
v -0.225844 -0.126709 0.015072
v -0.226238 -0.125336 0.019299
v -0.227960 -0.125139 0.016211
v -0.229110 -0.124543 0.016857
v -0.231503 -0.123666 0.018276
v -0.232720 -0.123352 0.019040
v -0.230389 -0.123941 0.021911
v -0.237637 -0.122726 0.022319
v -0.240372 -0.122605 0.023333
v -0.243858 -0.122407 0.013101
v -0.248916 -0.130130 0.005020
v -0.248015 -0.130973 0.004318
v -0.242024 -0.123839 0.008108
v -0.240214 -0.123970 0.007880
v -0.241408 -0.124672 0.006628
v -0.243787 -0.125057 0.006363
v -0.242582 -0.125608 0.005572
v -0.238397 -0.124256 0.007770
v -0.240189 -0.125265 0.005865
v -0.243707 -0.126773 0.004748
v -0.240130 -0.128847 0.002931
v -0.235388 -0.126683 0.005165
v -0.236030 -0.127926 0.003828
v -0.231942 -0.125347 0.009488
v -0.229881 -0.125106 0.012799
v -0.230825 -0.126182 0.008960
v -0.238154 -0.122465 0.015777
v -0.237129 -0.122557 0.017390
v -0.234659 -0.123038 0.015676
v -0.235685 -0.122983 0.014013
v -0.236141 -0.123236 0.011965
v -0.235376 -0.125289 0.007049
v -0.234218 -0.124876 0.008523
v -0.233045 -0.125634 0.007926
v -0.227884 -0.129259 0.007862
v -0.243822 -0.122889 0.010658
v -0.242633 -0.123153 0.009682
v -0.239640 -0.123280 0.009726
v -0.239710 -0.122678 0.012154
v -0.239599 -0.122352 0.019186
v -0.242082 -0.122301 0.020614
v -0.248377 -0.124928 0.008111
v -0.244990 -0.123429 0.009321
v -0.246148 -0.123203 0.010316
v -0.244997 -0.122713 0.011664
v -0.242746 -0.122250 0.014586
v -0.236581 -0.124595 0.007714
v -0.237948 -0.128453 0.003155
v -0.253707 -0.159782 0.014443
v -0.251701 -0.160793 0.015389
v -0.253187 -0.153817 0.007708
v -0.254596 -0.154235 0.037147
v -0.257153 -0.152973 0.034506
v -0.253054 -0.156360 0.036176
v -0.254104 -0.157238 0.032858
v -0.250122 -0.158611 0.034331
v -0.251081 -0.159404 0.030685
v -0.245971 -0.160005 0.031719
v -0.247552 -0.160595 0.028375
v -0.245042 -0.161021 0.026859
v -0.246259 -0.161504 0.013977
v -0.247894 -0.160886 0.011715
v -0.249807 -0.159521 0.009775
v -0.252158 -0.155884 0.007901
v -0.253369 -0.155415 0.008578
v -0.256814 -0.156536 0.013079
v -0.261423 -0.154109 0.020472
v -0.259479 -0.156434 0.024031
v -0.259964 -0.155480 0.025614
v -0.260781 -0.152973 0.028085
v -0.259073 -0.155805 0.027212
v -0.258070 -0.156527 0.027795
v -0.244530 -0.161776 0.016724
v -0.248088 -0.161539 0.015764
v -0.254343 -0.159660 0.015472
v -0.256199 -0.158682 0.015941
v -0.255622 -0.159425 0.017547
v -0.254608 -0.160070 0.019780
v -0.254346 -0.158321 0.012221
v -0.252240 -0.159546 0.011886
v -0.255750 -0.155812 0.011084
v -0.255685 -0.157174 0.012287
v -0.259390 -0.156461 0.018393
v -0.259682 -0.155467 0.016917
v -0.254407 -0.158841 0.028235
v -0.244444 -0.161595 0.022236
v -0.246332 -0.161741 0.019038
v -0.251812 -0.160925 0.021855
v -0.257748 -0.158028 0.023541
v -0.254305 -0.159965 0.023375
v -0.255251 -0.159735 0.021684
v -0.260595 -0.154359 0.026332
v -0.249510 -0.161402 0.016404
v -0.250916 -0.161182 0.017063
v -0.253621 -0.160463 0.018466
v -0.252759 -0.160768 0.020163
v -0.253342 -0.159515 0.027471
v -0.249945 -0.159888 0.029913
v -0.249746 -0.160909 0.025171
v -0.250307 -0.161058 0.014740
v -0.248891 -0.161234 0.014115
v -0.251424 -0.161134 0.019441
v -0.256093 -0.159352 0.019994
v -0.229768 -0.156832 0.008514
v -0.228785 -0.155805 0.008150
v -0.231503 -0.160280 0.018276
v -0.230102 -0.159928 0.021732
v -0.237637 -0.161220 0.022319
v -0.239793 -0.161210 0.024253
v -0.222702 -0.155641 0.017073
v -0.223279 -0.154028 0.013805
v -0.237773 -0.157272 0.004574
v -0.238327 -0.155975 0.003471
v -0.242582 -0.158339 0.005572
v -0.244904 -0.157751 0.005491
v -0.243707 -0.157174 0.004748
v -0.245476 -0.155931 0.004456
v -0.224043 -0.155197 0.014164
v -0.234218 -0.159071 0.008523
v -0.235376 -0.158658 0.007049
v -0.233045 -0.158312 0.007926
v -0.230842 -0.156514 0.006993
v -0.235978 -0.157664 0.005443
v -0.234366 -0.154623 0.003252
v -0.233325 -0.153595 0.002979
v -0.248377 -0.159019 0.008111
v -0.244997 -0.161234 0.011664
v -0.238397 -0.159690 0.007770
v -0.236582 -0.159352 0.007714
v -0.229881 -0.158841 0.012799
v -0.231942 -0.158599 0.009488
v -0.236030 -0.156020 0.003828
v -0.240189 -0.158682 0.005865
v -0.250932 -0.154819 0.006553
v -0.249744 -0.156089 0.006462
v -0.239889 -0.152973 0.001973
v -0.241665 -0.161741 0.016101
v -0.239914 -0.161314 0.012311
v -0.237987 -0.161255 0.013261
v -0.235893 -0.161189 0.016518
v -0.236032 -0.160018 0.009584
v -0.235526 -0.160496 0.011551
v -0.237872 -0.160768 0.010793
v -0.244990 -0.160517 0.009321
v -0.246142 -0.159735 0.008141
v -0.240250 -0.160871 0.010171
v -0.241463 -0.161182 0.011114
v -0.232218 -0.160080 0.014123
v -0.230298 -0.159888 0.017547
v -0.233432 -0.160542 0.014874
v -0.235172 -0.161021 0.020648
v -0.237129 -0.161390 0.017390
v -0.246148 -0.160743 0.010316
v -0.243858 -0.161539 0.013101
v -0.242746 -0.161696 0.014586
v -0.248916 -0.153817 0.005020
v -0.247096 -0.155141 0.004681
v -0.242024 -0.160108 0.008108
v -0.240214 -0.159976 0.007880
f 1 2 3
f 6 7 8
f 9 10 11
f 12 13 14
f 17 18 1
f 2 19 20
f 21 22 3
f 1 23 24
f 2 25 3
f 26 27 28
f 36 37 38
f 36 38 43
f 44 51 52
f 46 54 55
f 58 59 60
f 63 64 65
f 69 70 71
f 7 6 72
f 73 74 75
f 81 80 88
f 93 101 97
f 89 92 91
f 12 103 13
f 119 120 121
f 16 128 15
f 138 139 140
f 143 144 145
f 149 150 151
f 152 153 154
f 26 159 160
f 30 163 164
f 183 51 44
f 115 186 187
f 190 115 191
f 195 196 5
f 197 56 57
f 198 199 56
f 189 190 179
f 211 170 212
f 213 214 215
f 223 224 225
f 230 231 232
f 238 239 240
f 241 242 243
f 252 253 254
f 6 259 250
f 263 264 265
f 266 267 268
f 245 271 272
f 236 237 244
f 273 274 275
f 276 277 278
f 279 280 281
f 282 283 284
f 287 289 290
f 304 305 303
f 313 314 312
f 315 316 317
f 324 325 326
f 327 328 320
f 332 333 334
f 335 313 336
f 337 310 338
f 339 340 341
f 17 342 18
f 350 306 351
f 352 353 308
f 354 350 351
f 359 360 361
f 89 362 64
f 363 365 366
f 367 368 369
f 348 376 375
f 374 379 378
f 384 385 386
f 89 370 362
f 387 388 389
f 414 100 95
f 416 408 409
f 11 10 432
f 432 433 434
f 435 436 437
f 438 439 440
f 227 440 441
f 443 444 224
f 446 447 448
f 449 129 450
f 457 458 459
f 460 461 462
f 480 477 486
f 105 107 110
f 35 108 31
f 498 499 104
f 501 155 502
f 517 518 519
f 522 523 21
f 526 527 491
f 528 529 530
f 531 532 533
f 536 537 538
f 310 547 309
f 303 548 549
f 551 305 550
f 556 545 557
f 560 561 562
f 569 570 192
f 573 574 575
f 286 562 577
f 291 582 583
f 544 589 590
f 592 117 593
f 594 541 543
f 597 598 599
f 600 601 602
f 288 603 604
f 4 605 5
f 606 607 608
f 229 609 610
f 613 614 284
f 615 616 617
f 120 618 121
f 619 620 621
f 627 628 629
f 635 624 139
f 616 636 637
f 638 639 640
f 127 126 641
f 124 642 122
f 16 643 128
f 644 130 129
f 649 145 463
f 146 650 651
f 394 652 653
f 654 653 147
f 655 656 657
f 655 149 151
f 658 659 660
f 152 660 153
f 662 157 156
f 664 665 663
f 161 164 163
f 529 40 168
f 40 39 168
f 187 37 43
f 185 188 44
f 669 670 671
f 672 4 5
f 672 201 222
f 673 671 57
f 203 205 58
f 208 207 209
f 675 194 192
f 677 174 172
f 215 214 678
f 216 679 680
f 237 236 272
f 246 247 248
f 401 686 687
f 400 687 688
f 6 250 251
f 259 8 689
f 264 600 602
f 270 690 266
f 242 689 685
f 232 231 691
f 267 601 692
f 612 693 694
f 695 696 604
f 697 698 699
f 294 600 295
f 298 258 254
f 257 299 297
f 302 74 73
f 75 358 349
f 308 703 306
f 312 314 705
f 315 317 591
f 325 710 326
f 318 330 319
f 707 706 332
f 712 713 714
f 335 713 313
f 337 715 341
f 716 350 717
f 718 339 719
f 720 721 722
f 723 355 724
f 722 343 725
f 726 727 385
f 729 715 730
f 729 350 716
f 377 357 76
f 357 299 76
f 82 83 85
f 67 80 81
f 359 361 381
f 390 735 736
f 737 738 739
f 358 743 375
f 77 743 358
f 743 82 378
f 24 384 386
f 390 736 387
f 408 747 393
f 9 395 396
f 396 404 397
f 63 403 61
f 411 387 410
f 405 748 404
f 396 397 419
f 749 750 272
f 471 430 235
f 429 753 430
f 438 451 439
f 227 754 442
f 217 680 445
f 449 645 129
f 462 759 760
f 133 134 453
f 761 465 762
f 766 767 768
f 769 770 771
f 772 773 774
f 480 479 477
f 12 484 482
f 487 482 480
f 778 779 488
f 488 779 489
f 106 782 783
f 164 35 31
f 35 29 108
f 502 155 500
f 520 787 506
f 495 785 508
f 514 528 527
f 522 786 523
f 524 791 525
f 533 794 531
f 794 320 534
f 795 796 797
f 802 803 550
f 549 548 703
f 804 805 308
f 807 808 546
f 702 294 810
f 811 812 807
f 560 539 540
f 588 573 575
f 575 574 565
f 285 814 815
f 581 583 816
f 817 291 583
f 263 296 553
f 822 593 117
f 823 824 766
f 597 825 598
f 600 294 601
f 277 291 701
f 611 275 693
f 830 613 284
f 831 150 617
f 832 615 833
f 834 835 836
f 838 834 839
f 625 842 843
f 142 627 844
f 627 142 628
f 630 621 136
f 845 846 648
f 847 848 631
f 849 850 851
f 852 853 854
f 859 860 861
f 862 863 864
f 865 866 867
f 869 870 871
f 874 875 876
f 881 882 883
f 885 886 887
f 890 891 892
f 899 900 901
f 906 907 908
f 909 910 911
f 918 919 920
f 921 922 923
f 924 925 926
f 927 928 929
f 930 931 932
f 933 932 931
f 934 935 936
f 937 934 936
f 938 939 940
f 941 942 943
f 944 945 946
f 945 947 946
f 948 949 950
f 951 952 953
f 954 955 956
f 957 940 938
f 958 896 959
f 960 368 895
f 961 962 963
f 964 965 966
f 967 937 968
f 969 970 971
f 972 973 974
f 975 937 976
f 977 978 979
f 980 981 982
f 983 984 985
f 986 987 988
f 989 920 913
f 990 991 992
f 993 966 965
f 996 997 998
f 999 1000 1001
f 1002 1003 1004
f 984 1005 1006
f 1007 1008 1009
f 1010 1011 1012
f 1013 1014 1015
f 1016 1017 1018
f 1019 1018 1017
f 1020 1021 1017
f 1022 1023 1020
f 1024 1025 1022
f 1026 1027 1028
f 1029 1026 1030
f 1031 1032 1033
f 1034 1031 849
f 1035 1036 1037
f 1038 1035 1039
f 1040 1041 1042
f 1043 1044 1045
f 1046 1043 1045
f 1044 1042 1045
f 1037 1047 850
f 1026 1028 1030
f 1048 1049 1033
f 1050 1051 1052
f 1053 1050 1054
f 1055 1056 1057
f 1058 1055 1059
f 1060 1061 1062
f 1064 1065 1066
f 1067 1068 1069
f 1070 1071 1072
f 1073 1070 1074
f 1075 1076 1077
f 1078 1079 1080
f 1081 1082 1083
f 1084 1085 1086
f 1083 1086 1085
f 1072 1067 1069
f 1087 1088 855
f 1089 1090 1052
f 1091 1092 1093
f 1094 1080 1095
f 1055 1096 1059
f 1072 1097 1070
f 1098 1099 1062
f 1100 1101 1102
f 1103 1104 1105
f 1106 853 1107
f 1108 1109 1110
f 1106 1107 1111
f 1115 1116 1117
f 1118 1119 1120
f 1121 1122 1123
f 1121 1123 1125
f 1126 1127 1128
f 1129 1130 1131
f 1132 881 1133
f 1134 859 861
f 1135 1136 1137
f 1138 1139 1140
f 1141 1142 1143
f 1144 1145 1146
f 1147 1144 1148
f 1149 1150 1151
f 1152 1153 1154
f 1155 1152 1156
f 1157 1158 1159
f 1160 1161 1162
f 1163 1160 1164
f 1165 1166 1167
f 1168 1169 1170
f 1171 1168 1172
f 1173 1174 1175
f 1176 1177 1178
f 1178 1173 1175
f 1179 1180 1181
f 1154 1149 1151
f 1182 1183 1184
f 1185 1164 1180
f 1186 1168 1170
f 1144 1187 1148
f 1188 1189 1190
f 1181 1191 1192
f 862 1193 863
f 1194 1124 1195
f 1196 1195 1197
f 1198 1197 866
f 867 1199 1200
f 1201 1202 1203
f 1204 1205 1206
f 1207 873 868
f 1209 1208 868
f 1210 1211 1212
f 1201 1206 873
f 871 1211 869
f 1217 1218 869
f 1219 1210 1220
f 1211 1219 1221
f 1217 1211 1221
f 1210 1222 1223
f 1224 870 1225
f 1202 1201 1226
f 872 1227 873
f 1228 1229 1218
f 1230 1231 854
f 1230 1232 1233
f 874 1234 1235
f 1234 874 876
f 951 1236 1237
f 1238 1239 1240
f 1241 1242 1243
f 1244 1245 1246
f 1247 1248 1249
f 1250 1251 1252
f 1253 1250 1254
f 1255 1256 1257
f 1258 1255 1259
f 1260 1261 1262
f 1263 1260 1264
f 1265 1266 1267
f 1268 1265 1267
f 1269 1270 1271
f 1272 1269 1271
f 1273 1274 1275
f 1276 1277 1278
f 1279 1280 1257
f 1262 1281 1282
f 1284 1285 1286
f 1287 1288 1289
f 1290 1291 1292
f 1293 896 1294
f 1295 1296 1285
f 1297 1298 1299
f 1300 1301 1302
f 1303 1304 1305
f 1300 1297 1299
f 1298 1306 1307
f 883 1308 881
f 1134 1309 1310
f 1311 1310 1309
f 886 885 1312
f 1314 1315 1316
f 889 1316 1317
f 1318 1319 1320
f 1321 1322 1323
f 1325 1326 885
f 1327 1313 1312
f 888 890 1314
f 1331 1319 1330
f 890 888 1333
f 892 1337 890
f 1339 1340 1341
f 1342 893 894
f 1343 1344 1345
f 1346 1347 1348
f 1349 1348 1347
f 982 1350 893
f 1351 896 1352
f 1353 1354 905
f 1355 1353 1356
f 1357 897 898
f 1356 1358 365
f 900 1360 1361
f 1362 390 1363
f 1359 1362 902
f 1360 1364 1365
f 901 1357 899
f 1356 897 1366
f 1367 1368 1369
f 1371 1372 1369
f 1373 1374 1375
f 903 1373 1378
f 1379 1380 1377
f 1382 1383 906
f 1384 1382 1385
f 1386 1387 1388
f 1388 1387 1389
f 1354 958 904
f 1390 1391 1392
f 1394 1395 1396
f 1397 1398 1399
f 1393 944 1400
f 1393 1401 909
f 910 947 925
f 1402 1403 1404
f 1405 912 1406
f 913 1407 920
f 913 912 1408
f 1409 1410 1411
f 1412 1413 1411
f 1411 1414 1412
f 1414 914 915
f 1418 914 1417
f 1416 1419 1415
f 1420 916 1421
f 1422 1423 1424
f 1423 1425 1424
f 1426 917 916
f 1427 1428 922
f 661 1429 1426
f 1430 918 1420
f 920 1407 1431
f 951 1432 1433
f 1434 1435 1436
f 920 919 1434
f 1437 1438 1435
f 923 914 921
f 1439 1440 1441
f 1442 1441 1428
f 1443 1444 1445
f 907 906 1363
f 927 975 928
f 1446 1447 1448
f 1448 1449 1450
f 1451 1452 1450
f 1453 1454 1455
f 1456 1457 1458
f 1459 1460 1461
f 1457 1462 1458
f 1463 1453 1455
f 1460 1464 1461
f 1466 1467 1468
f 1469 1470 1471
f 1472 1473 1474
f 1475 1476 1477
f 1478 1479 1480
f 1481 1482 1483
f 975 1486 1487
f 1488 1489 1490
f 1478 1480 1477
f 930 860 1466
f 860 1135 933
f 976 975 1491
f 938 957 1492
f 1493 1494 1495
f 1496 1497 1498
f 1500 1501 1502
f 1503 1504 1505
f 1506 1507 1508
f 1509 1502 1510
f 938 1492 1511
f 1512 1505 1504
f 943 957 1514
f 1515 1516 1517
f 1518 1519 1520
f 1521 1522 1523
f 1524 1525 1526
f 1527 1528 1526
f 1529 1530 1531
f 942 1532 1533
f 1529 1531 1534
f 1535 1518 1520
f 1536 1524 1526
f 944 946 947
f 1537 1538 1539
f 1540 996 1541
f 962 1537 1542
f 1543 1544 965
f 1545 1546 1547
f 1548 965 1549
f 895 368 1552
f 1553 895 1552
f 1554 1552 1555
f 1541 1556 1540
f 1557 1558 1559
f 1548 1560 1561
f 1554 1555 1562
f 1563 1547 1564
f 1565 1566 1567
f 1568 955 952
f 952 1569 1568
f 1570 1571 1572
f 1570 1572 1573
f 1574 1575 955
f 1576 1577 1578
f 1579 1578 1580
f 963 1581 1582
f 1583 1584 1585
f 961 963 1586
f 966 1587 1588
f 1589 1590 1591
f 1592 966 1593
f 1594 1596 1595
f 1595 1596 1597
f 1598 1351 958
f 1595 1599 1600
f 1601 1585 1584
f 1582 1586 963
f 1602 938 1603
f 942 943 1604
f 1589 1605 1606
f 1607 1608 1609
f 954 956 1610
f 953 1611 956
f 942 1604 1612
f 954 1613 1614
f 1608 1616 1609
f 1574 1610 1617
f 951 1569 952
f 954 1618 955
f 957 1514 940
f 958 1351 896
f 960 1619 368
f 961 1537 962
f 1590 1546 993
f 1620 1621 1622
f 985 1005 1623
f 1624 1625 1626
f 1627 1628 1629
f 1630 1631 1632
f 1628 1633 1634
f 1635 1637 1636
f 1638 1639 978
f 1304 1640 978
f 1624 1643 1644
f 1623 1645 985
f 975 1646 1621
f 1647 935 928
f 1648 1634 1633
f 1649 1650 1651
f 1117 972 1652
f 970 1652 974
f 928 975 1653
f 1654 1637 1655
f 1651 1656 1649
f 975 1657 1653
f 1658 1659 1660
f 1661 1006 1662
f 1663 1661 1662
f 1010 1664 1665
f 988 1666 1667
f 1667 968 1668
f 1671 1669 1670
f 1672 1673 979
f 982 981 979
f 1674 1672 1675
f 1676 1677 1678
f 1679 1660 1680
f 1681 934 976
f 937 936 1668
f 1682 1683 1684
f 1685 1686 1687
f 973 1688 969
f 971 1689 973
f 1671 1676 1678
f 1663 976 1691
f 937 1668 968
f 969 1652 970
f 972 1688 973
f 975 928 937
f 977 1304 978
f 980 1640 981
f 983 1659 984
f 986 1692 987
f 989 919 920
f 1693 1694 1695
f 1696 1697 1698
f 1699 1700 1701
f 1702 1699 1703
f 1704 1702 1705
f 1706 1707 1708
f 1709 920 919
f 1701 1700 1698
f 1710 1711 1706
f 920 1709 1712
f 1713 1714 965
f 1713 966 1715
f 1716 1717 1718
f 990 1721 991
f 1722 1723 1724
f 1725 1726 1727
f 1728 1729 1730
f 1722 1724 1731
f 1723 1730 1724
f 1713 1590 1546
f 1383 1732 1395
f 1733 1734 1735
f 1736 1737 1738
f 995 1740 994
f 1741 1742 1743
f 1744 1745 1746
f 1747 999 1748
f 906 1749 999
f 1750 1751 1752
f 1735 1753 1738
f 1744 1746 1754
f 1749 906 1395
f 1755 908 1000
f 1395 1732 1001
f 1756 1757 1758
f 1759 1760 1761
f 1762 1763 1764
f 1765 1766 1767
f 1766 1768 1767
f 1768 1769 1770
f 1771 1772 1773
f 1774 961 997
f 1775 1759 1761
f 1537 962 996
f 1732 1383 999
f 1776 985 1777
f 1778 1779 1780
f 1781 1782 1783
f 1788 1789 1790
f 1791 1792 1790
f 1793 1794 1795
f 1784 1785 1786
f 1794 1796 1797
f 1798 1795 1799
f 1800 1801 1006
f 1800 1005 1802
f 1803 1804 1805
f 1806 1807 1004
f 1808 1809 1003
f 1810 1811 1812
f 1813 1814 1815
f 1816 1817 1306
f 1818 1819 1003
f 1802 1820 1821
f 1810 1812 1819
f 1659 984 1006
f 1816 1814 1822
f 1664 1823 1010
f 1824 1825 1826
f 1827 1828 1829
f 1008 1831 1009
f 1831 1832 1833
f 1834 1835 1836
f 1837 1013 1838
f 1840 1841 1842
f 1627 1823 1843
f 1844 1845 1846
f 1847 1848 1849
f 1850 1851 1852
f 1855 1856 1854
f 1857 1858 1859
f 1860 1861 1862
f 986 988 1012
f 986 1011 1863
f 1856 1857 1854
f 1012 988 1664
f 849 1864 1865
f 1042 1867 1868
f 1110 1090 1870
f 1109 1052 1090
f 852 1871 1112
f 1115 1872 1873
f 1057 1872 1874
f 1875 1876 1874
f 1123 1088 1059
f 1064 1066 861
f 1879 1880 1881
f 858 1162 1879
f 1882 1180 1883
f 1884 1181 1882
f 1130 1198 865
f 866 1885 1886
f 1888 1122 1204
f 1889 868 1890
f 1213 1893 1894
f 1895 1896 1897
f 1222 1121 1119
f 1898 1220 478
f 1900 1221 1219
f 1901 1217 1899
f 1902 1903 1896
f 1904 1905 1906
f 1907 1908 1909
f 1910 1911 1912
f 1910 1913 1914
f 1915 1178 1175
f 1916 1917 1918
f 1232 1108 1919
f 1921 1104 1922
f 1868 1867 876
f 1235 1923 1924
f 1925 1924 1923
f 1238 1046 1927
f 1241 1044 1242
f 1248 1928 1244
f 1250 1038 1251
f 1929 1930 1047
f 1255 1034 1256
f 1931 1048 1932
f 1260 1029 1261
f 1933 1934 1935
f 1268 1936 1265
f 1273 1019 1021
f 1272 1937 1269
f 1140 1081 1085
f 1145 1093 1141
f 1938 1079 1147
f 1150 1076 1188
f 1152 1071 1153
f 1939 1940 1941
f 1158 1100 1065
f 1163 1060 1160
f 1192 1087 1179
f 1165 1056 1055
f 1171 1942 1943
f 1174 1050 1944
f 1176 1945 1177
f 878 1286 1296
f 1309 1951 1952
f 1953 930 1954
f 1955 1193 1956
f 1957 1958 1154
f 1959 1960 1190
f 1961 1962 1338
f 1318 1963 1964
f 887 1316 1965
f 888 1327 1966
f 1967 1327 1331
f 1334 1966 1332
f 1329 1969 1968
f 891 1301 1299
f 1340 1303 1341
f 1970 1971 1972
f 1973 1146 1974
f 1975 1296 1976
f 1975 1977 1296
f 1978 1979 1345
f 1344 1980 1285
f 1347 1981 1982
f 1983 1352 896
f 1984 1985 1986
f 1987 1988 1271
f 1989 1271 1275
f 1990 1267 1276
f 1991 1992 1993
f 1994 1995 1992
f 1996 1997 1358
f 1376 1999 901
f 1374 1382 1384
f 2000 1384 1387
f 904 2001 1020
f 2002 2003 1024
f 1392 2005 2004
f 1394 2006 1028
f 2007 2008 1399
f 1393 1033 2009
f 1390 1398 1397
f 1404 1864 2010
f 2011 2012 912
f 2013 2014 2015
f 2016 1259 1257
f 2017 1262 2018
f 2017 908 907
f 2019 1252 1249
f 1407 154 2020
f 1413 1412 2021
f 2022 2023 2024
f 1419 2025 2026
f 1434 918 1430
f 1438 1039 1436
f 1432 2028 2029
f 2030 1409 1433
f 2019 1246 2031
f 2027 1422 916
f 2034 1412 1414
f 925 947 2010
f 1443 1403 1444
f 1022 2035 1024
f 1016 2036 2037
f 2038 2039 896
f 1986 2040 2041
f 1377 1369 1372
f 1380 1371 1376
f 1091 1078 893
f 1959 1189 2042
f 1299 1337 892
f 2043 1307 1957
f 860 1310 2044
f 1045 876 2045
f 2046 1105 2047
f 1208 1891 1207
f 1458 1471 2048
f 1464 1489 1461
f 1460 1490 1467
f 1457 1472 1470
f 2049 1475 1453
f 1465 1481 1479
f 1446 1485 1447
f 1530 1492 2050
f 1528 1499 1497
f 2051 1513 1524
f 1519 1501 1521
f 1515 1504 1516
f 1517 1505 1512
f 2052 1502 2053
f 1526 1510 1536
f 1534 1498 1526
f 1533 1493 2054
f 1606 1567 1564
f 1616 1571 1609
f 1608 1618 954
f 948 1563 1566
f 1591 1549 1545
f 1604 941 1560
f 1542 2056 1586
f 1556 2057 1585
f 1551 1599 1595
f 2058 2059 1562
f 1594 2059 1596
f 2060 1580 1578
f 1539 2061 2062
f 1561 2063 1612
f 1627 2064 1628
f 2065 2066 2067
f 1687 1649 1685
f 2068 2069 2070
f 1648 2071 1683
f 1629 1665 2072
f 1647 1667 1668
f 1662 1646 1681
f 1658 1626 1645
f 1677 1654 1643
f 1639 1674 2073
f 1678 1637 1671
f 1659 1625 1680
f 1657 1663 1691
f 1631 968 1666
f 1729 2075 1710
f 1731 1708 1705
f 2076 1713 1715
f 1697 2077 1693
f 1699 1719 1700
f 1702 1720 1699
f 1704 1722 2078
f 1711 1725 1728
f 1752 1758 1750
f 1754 1764 1743
f 1735 1774 2079
f 1771 1733 1772
f 1769 1737 1736
f 1762 1741 1763
f 1757 1744 1759
f 1799 1794 1815
f 1819 1791 1790
f 1004 2080 1786
f 1821 1777 1802
f 1776 2082 1820
f 1781 1804 1782
f 1787 1807 1784
f 2083 1809 1808
f 1792 1811 1810
f 1838 2084 1842
f 1836 1849 2085
f 1009 1852 1854
f 1829 1854 1857
f 1826 1859 1862
f 1824 986 1861
f 1858 2086 2087
f 1855 1830 1856
f 1851 1831 1853
f 1847 2088 1848
f 1014 1841 1844
f 849 1033 2089
f 1867 1042 2093
f 1926 1869 1870
f 1104 2095 1917
f 1109 1111 1052
f 852 1113 1871
f 1117 1115 1873
f 1873 2096 1871
f 1120 1875 1874
f 1059 1096 1876
f 1131 857 858
f 1137 2097 1066
f 2098 1941 2099
f 861 2100 2099
f 867 1886 1881
f 1880 2101 932
f 2101 1159 864
f 2102 1164 2103
f 1883 2102 1885
f 1884 1191 1181
f 1197 1195 2104
f 1136 1135 1128
f 858 1879 1886
f 2105 1125 2106
f 1124 1194 856
f 1121 2107 1205
f 2108 2109 2107
f 1212 1214 1889
f 1891 1208 1209
f 1894 873 1207
f 1895 1116 1115
f 1119 1223 1222
f 1903 2110 2111
f 478 2111 2105
f 478 1226 1227
f 1902 1904 2110
f 1902 2112 1186
f 1906 1905 1191
f 1907 2113 1908
f 1911 2113 1114
f 2113 1910 1914
f 1910 2114 1913
f 1915 1916 1178
f 1916 1918 2115
f 1233 1920 1110
f 2116 2117 1230
f 1919 1921 1920
f 1230 2117 1912
f 1232 1106 1108
f 1921 2095 1104
f 2093 951 1867
f 2118 2119 1569
f 2120 2121 1924
f 1924 1925 2120
f 1925 1239 2115
f 2122 1926 1176
f 2123 1043 1046
f 1241 1245 1041
f 1247 2124 2125
f 1250 1253 1036
f 1279 851 1930
f 1258 1032 1031
f 1281 2126 2127
f 1260 1263 1027
f 1277 2128 1934
f 1268 1023 1936
f 1273 2129 1019
f 1272 2130 1937
f 1182 1142 1082
f 1145 1144 2131
f 1938 2132 1075
f 1150 1149 1070
f 1152 1155 1068
f 2133 862 2134
f 1157 1161 1063
f 1163 1185 1098
f 1166 1058 2135
f 1169 1168 2136
f 2137 2138 1053
f 1174 1173 1089
f 1283 1986 2139
f 1283 1086 1946
f 1083 877 878
f 1283 1946 1295
f 877 1092 2140
f 1947 1948 1080
f 2141 1302 880
f 1300 1302 2141
f 1947 1094 880
f 2142 1297 1074
f 1298 1297 2142
f 2098 1952 1949
f 2100 1952 2098
f 1950 1069 1949
f 1072 1069 1950
f 1952 1955 18
f 1953 1955 1951
f 1951 1309 930
f 1953 1954 863
f 2143 884 1156
f 2144 2043 1151
f 2043 2144 1961
f 2145 1338 1962
f 2146 2147 2148
f 2148 1964 2145
f 887 1317 1316
f 1312 885 1326
f 1327 889 1313
f 2149 1332 1966
f 2150 1334 1332
f 1968 1335 1332
f 1330 1333 1969
f 1329 1328 1969
f 1299 892 891
f 2151 2152 2153
f 1971 1305 1339
f 1970 2155 1971
f 1973 1187 1146
f 2156 2140 1976
f 1975 1184 1183
f 1296 1977 1345
f 2157 1283 1977
f 1976 2158 2156
f 1285 1284 1350
f 1982 1981 1288
f 1989 1983 896
f 1349 1984 2160
f 1987 2160 1984
f 1987 1986 1988
f 1989 1987 1271
f 1990 2035 1267
f 1352 1983 904
f 1991 1990 1276
f 907 1363 1994
f 1995 2161 1358
f 1358 905 1996
f 2162 2163 1998
f 2163 2161 390
f 1368 1367 901
f 901 903 1376
f 1387 1355 2000
f 1020 1351 904
f 2165 1388 1022
f 1389 2002 1024
f 1385 2166 2167
f 2169 1028 2170
f 2005 1049 2004
f 2169 908 1028
f 1399 1396 1395
f 1395 2017 2007
f 2008 2171 2173
f 2005 2174 1401
f 2175 1400 944
f 1033 911 910
f 2176 2010 1864
f 1404 1406 850
f 912 2177 2011
f 2014 2013 2178
f 2014 2178 1445
f 2013 2016 1257
f 2005 1282 1259
f 2007 2018 2171
f 1992 1991 907
f 2016 2010 947
f 913 2179 1407
f 2180 2019 2181
f 2020 1431 1407
f 2182 2183 2181
f 2021 2182 1413
f 2184 21 1413
f 2030 1435 2023
f 1417 2022 2185
f 1435 1434 2187
f 1438 1866 1039
f 1437 2188 2092
f 2028 1432 951
f 2030 1410 1409
f 2189 2019 2184
f 2031 1246 1243
f 1424 1425 2025
f 2033 1427 1429
f 1429 661 2021
f 926 925 2010
f 1443 1405 1403
f 906 908 2169
f 896 2039 2190
f 1292 2037 2036
f 1986 1289 2040
f 1078 894 893
f 1973 1974 893
f 2042 2147 2146
f 1299 2191 1337
f 2043 1961 1307
f 884 2143 881
f 1458 1462 1471
f 1464 1468 1489
f 1460 1459 1490
f 1457 1456 1472
f 2049 1476 1475
f 1465 1451 1481
f 1446 1487 1485
f 1530 1494 1492
f 1528 1527 1499
f 2051 1522 1500
f 1519 1518 1503
f 1515 945 1507
f 1517 1535 1505
f 2052 1523 1502
f 1526 2192 1510
f 1534 1496 1498
f 1533 1511 1493
f 1606 950 1567
f 1616 1572 1571
f 1608 1570 1618
f 948 1605 1563
f 1591 1592 1549
f 1604 943 941
f 1542 1558 2056
f 1556 1541 2057
f 1551 1576 1599
f 2058 1596 2059
f 1594 1550 2059
f 1550 1594 1600
f 1583 1540 1580
f 1559 1539 2062
f 1561 2193 2063
f 1627 1010 2064
f 2065 2194 2066
f 1687 2195 1649
f 2068 2196 2069
f 1648 2197 2071
f 1629 2198 1665
f 1647 1632 1667
f 1662 1622 1646
f 1658 1660 1626
f 1677 1676 1654
f 1639 1672 1674
f 1678 1655 1637
f 1659 983 1625
f 1657 1621 1663
f 987 1692 1631
f 1729 1710 1706
f 991 1731 1705
f 2076 1590 1713
f 1697 1716 2077
f 1702 990 1720
f 1704 2199 1722
f 1711 2200 1725
f 1752 2201 1758
f 1754 1761 1764
f 1735 1773 1774
f 1771 1734 1733
f 1769 1768 1737
f 1762 1742 1741
f 1757 1745 1744
f 2202 1815 1794
f 1819 1790 1789
f 1821 1780 1777
f 1776 1779 2082
f 1781 1806 1804
f 1787 1002 1807
f 2083 2203 1809
f 1792 2204 1811
f 1838 2205 2084
f 1836 2206 1849
f 1009 2207 1852
f 1829 1007 1854
f 1826 1829 1859
f 1824 1823 986
f 1858 1827 2086
f 1847 1834 2088
f 2208 2209 2210
f 2213 2214 2215
f 2216 2217 2218
f 2230 2231 2232
f 2235 2236 2237
f 2235 2237 2238
f 2239 2210 2240
f 2241 2239 2240
f 2242 2238 2243
f 2244 2240 2210
f 2242 2243 2245
f 2246 2244 2210
f 2242 2245 2247
f 2248 2249 2210
f 2250 2248 2210
f 2242 2251 2252
f 2242 2252 2253
f 2254 2255 2210
f 2242 2253 2256
f 2209 2254 2210
f 2239 2257 2258
f 2239 2258 2259
f 2260 2259 2261
f 2262 2263 2264
f 2264 2263 2265
f 2266 2262 2267
f 2268 2266 2267
f 2269 2270 2268
f 2212 2271 2272
f 2273 2274 2275
f 2274 2212 2211
f 2276 2277 2278
f 2277 2273 2278
f 2279 2280 2281
f 2280 2276 2281
f 2282 2279 2281
f 2283 2284 2285
f 2286 2283 2285
f 2235 2287 2288
f 2286 2288 2287
f 2271 2289 2272
f 2269 2268 2290
f 2281 2276 2278
f 2291 2285 2284
f 2292 2290 2289
f 2278 2273 2275
f 2294 2295 2296
f 2301 2302 2303
f 2307 2305 2308
f 2309 2307 2310
f 2299 2300 2298
f 2313 2314 2315
f 2316 2218 2317
f 2318 2225 2319
f 2225 2228 2320
f 2228 2316 2321
f 2218 2322 2323
f 2218 2323 2317
f 2223 2214 2213
f 2324 2219 2325
f 2228 2321 2320
f 2326 2219 2327
f 2225 2320 2319
f 2328 2223 2213
f 2316 2329 2330
f 2216 2316 2217
f 2218 2316 2216
f 2330 2329 2331
f 2217 2331 2218
f 2333 2334 2335
f 2334 2332 2335
f 2338 2339 2340
f 2342 2343 2341
f 2347 2348 2349
f 2351 2314 2350
f 2345 2349 2348
f 2345 2346 2344
f 2223 2219 2224
f 2352 2224 2220
f 2219 2353 2220
f 2224 2214 2223
f 2224 2352 2222
f 2352 2221 2222
f 2221 2354 2227
f 2222 2221 2227
f 2353 2312 2355
f 2356 2353 2355
f 2354 2221 2357
f 2358 2352 2359
f 2353 2356 2360
f 2361 2362 2363
f 2364 2331 2365
f 2331 2329 2365
f 2331 2366 2293
f 2221 2358 2357
f 2367 2294 2293
f 2366 2367 2293
f 2354 2357 2368
f 2362 2368 2363
f 2354 2362 2369
f 2370 2362 2371
f 2370 2227 2369
f 2370 2371 2226
f 2225 2318 2226
f 2227 2370 2226
f 2361 2229 2362
f 2229 2371 2362
f 2361 2329 2229
f 2228 2229 2372
f 2373 2374 2375
f 2377 2378 2379
f 2384 2385 2386
f 2387 2388 2389
f 2392 2393 2394
f 2393 2395 2394
f 2394 2396 2397
f 2397 2373 2394
f 2377 2379 2380
f 2380 2381 2377
f 2382 2383 2384
f 2384 2386 2387
f 2390 2391 2387
f 2373 2375 2382
f 2375 2377 2382
f 2392 2394 2382
f 2394 2373 2382
f 2399 2400 2401
f 2408 2231 2230
f 2231 2398 2399
f 2401 2232 2231
f 2403 2404 2407
f 2404 2405 2407
f 2294 2409 2295
f 2308 2234 2412
f 2413 2310 2412
f 2298 2410 2408
f 2303 2408 2411
f 2359 2356 2416
f 2421 2364 2400
f 2409 2294 2367
f 2421 2409 2367
f 2356 2415 2416
f 2407 2234 2233
f 2407 2411 2230
f 2402 2417 2359
f 2403 2415 2404
f 2414 2404 2415
f 2232 2417 2402
f 2232 2419 2418
f 2401 2400 2420
f 2310 2308 2412
f 2368 2422 2417
f 2364 2424 2420
f 2367 2426 2421
f 2303 2427 2298
f 2411 2428 2303
f 2233 2429 2411
f 2234 2430 2233
f 2308 2431 2234
f 2434 2415 2435
f 2356 2435 2415
f 2359 2436 2356
f 2414 2437 2413
f 2410 2438 2295
f 2439 2295 2438
f 2398 2421 2399
f 2231 2410 2409
f 2406 2412 2234
f 2230 2411 2408
f 2231 2408 2410
f 2405 2404 2414
f 2402 2359 2416
f 2401 2420 2419
f 2298 2408 2303
f 2417 2422 2440
f 2419 2441 2423
f 2420 2424 2441
f 2364 2425 2424
f 2421 2426 2425
f 2367 2442 2426
f 2294 2439 2442
f 2368 2418 2419
f 2298 2427 2443
f 2411 2429 2428
f 2310 2433 2432
f 2413 2437 2433
f 2434 2414 2415
f 2356 2436 2435
f 2414 2434 2437
f 2410 2443 2438
f 2412 2405 2413
f 2444 2445 2446
f 2447 2444 2448
f 2445 2449 2450
f 2451 2452 2447
f 2453 2454 2455
f 2453 2456 2457
f 2461 2462 2463
f 2464 2465 2466
f 2467 2468 2469
f 2474 2447 2475
f 2475 2447 2476
f 2461 2463 2480
f 2484 2485 2486
f 2487 2488 2489
f 2450 2482 2490
f 2490 2445 2450
f 2491 2492 2493
f 2494 2446 2491
f 2496 2454 2497
f 2496 2498 2455
f 2499 2501 2456
f 2500 2501 2503
f 2504 2500 2503
f 2504 2505 2500
f 2502 2506 2504
f 2507 2508 2509
f 2458 2510 2504
f 2511 2504 2507
f 2514 2515 2513
f 2513 2516 2459
f 2459 2517 2518
f 2519 2520 2459
f 2521 2505 2460
f 2522 2521 2520
f 2523 2521 2524
f 2523 2525 2526
f 2523 2526 2527
f 2525 2523 2524
f 2463 2527 2530
f 2531 2532 2533
f 2531 2463 2532
f 2537 2538 2535
f 2541 2539 2540
f 2539 2526 2542
f 2544 2542 2526
f 2542 2544 2545
f 2547 2542 2545
f 2548 2545 2549
f 2550 2551 2552
f 2553 2554 2550
f 2555 2548 2519
f 2549 2522 2548
f 2519 2553 2556
f 2554 2553 2518
f 2557 2554 2518
f 2557 2558 2554
f 2559 2560 2561
f 2557 2559 2562
f 2564 2559 2562
f 2562 2561 2565
f 2565 2561 2566
f 2560 2567 2566
f 2569 2570 2568
f 2570 2569 2571
f 2569 2572 2571
f 2573 2571 2574
f 2575 2576 2577
f 2576 2575 2578
f 2579 2576 2578
f 2576 2580 2577
f 2580 2581 2577
f 2580 2567 2582
f 2581 2582 2568
f 2583 2584 2585
f 2585 2586 2587
f 2587 2588 2585
f 2589 2590 2591
f 2590 2588 2593
f 2595 2589 2594
f 2589 2464 2466
f 2465 2464 2596
f 2598 2567 2583
f 2583 2599 2598
f 2599 2585 2588
f 2599 2583 2585
f 2600 2601 2602
f 2601 2603 2604
f 2607 2608 2605
f 2609 2610 2607
f 2610 2611 2612
f 2613 2610 2609
f 2612 2611 2614
f 2612 2614 2615
f 2620 2619 2621
f 2621 2619 2614
f 2622 2542 2623
f 2624 2542 2622
f 2626 2627 2624
f 2536 2539 2627
f 2609 2628 2613
f 2630 2629 2631
f 2632 2633 2634
f 2636 2637 2635
f 2638 2635 2637
f 2639 2640 2638
f 2642 2639 2643
f 2644 2645 2642
f 2643 2646 2642
f 2643 2638 2637
f 2643 2648 2649
f 2649 2648 2650
f 2650 2648 2651
f 2652 2653 2654
f 2653 2651 2648
f 2653 2468 2655
f 2597 2595 2653
f 2655 2467 2596
f 2469 2657 2471
f 2603 2658 2657
f 2657 2637 2604
f 2648 2657 2469
f 2654 2661 2652
f 2662 2472 2661
f 2647 2661 2472
f 2472 2663 2647
f 2665 2664 2472
f 2666 2667 2665
f 2665 2667 2668
f 2669 2665 2670
f 2671 2672 2673
f 2678 2676 2677
f 2678 2673 2680
f 2681 2680 2682
f 2680 2681 2683
f 2684 2685 2686
f 2687 2688 2689
f 2690 2689 2688
f 2473 2691 2692
f 2694 2693 2695
f 2698 2699 2697
f 2700 2701 2699
f 2702 2699 2703
f 2451 2474 2704
f 2701 2475 2703
f 2702 2475 2476
f 2705 2493 2706
f 2691 2702 2705
f 2494 2493 2707
f 2708 2448 2707
f 2708 2705 2476
f 2490 2709 2445
f 2490 2489 2709
f 2489 2710 2711
f 2712 2713 2710
f 2714 2715 2716
f 2715 2717 2718
f 2713 2715 2719
f 2720 2714 2716
f 2722 2723 2724
f 2723 2725 2721
f 2723 2726 2725
f 2725 2726 2727
f 2728 2721 2725
f 2728 2670 2725
f 2670 2727 2729
f 2725 2731 2732
f 2728 2732 2675
f 2670 2733 2734
f 2670 2734 2669
f 2734 2735 2736
f 2645 2736 2735
f 2737 2645 2735
f 2738 2737 2632
f 2735 2729 2633
f 2730 2485 2633
f 2716 2718 2720
f 2739 2714 2740
f 2714 2739 2713
f 2739 2740 2685
f 2717 2743 2718
f 2744 2451 2704
f 2745 2704 2700
f 2746 2745 2700
f 2747 2745 2748
f 2749 2750 2751
f 2752 2749 2753
f 2754 2751 2755
f 2755 2756 2754
f 2759 2758 2760
f 2758 2762 2761
f 2758 2763 2760
f 2764 2758 2760
f 2759 2753 2760
f 2753 2754 2764
f 2765 2760 2763
f 2666 2765 2766
f 2666 2769 2767
f 2666 2770 2769
f 2771 2772 2770
f 2770 2666 2477
f 2477 2662 2774
f 2477 2775 2776
f 2777 2774 2662
f 2595 2478 2777
f 2479 2591 2478
f 2778 2479 2478
f 2773 2477 2779
f 2780 2771 2770
f 2662 2776 2472
f 2783 2784 2785
f 2783 2590 2592
f 2785 2786 2787
f 2786 2790 2791
f 2793 2782 2792
f 2792 2794 2796
f 2797 2798 2799
f 2798 2497 2454
f 2800 2795 2801
f 2800 2509 2506
f 2803 2804 2802
f 2804 2514 2802
f 2804 2805 2514
f 2511 2802 2514
f 2806 2807 2805
f 2805 2803 2509
f 2807 2806 2808
f 2514 2808 2809
f 2809 2574 2810
f 2812 2813 2811
f 2810 2814 2813
f 2814 2572 2815
f 2572 2569 2816
f 2817 2559 2818
f 2817 2819 2815
f 2811 2819 2818
f 2808 2514 2807
f 2822 2573 2794
f 2792 2823 2793
f 2823 2772 2782
f 2824 2573 2790
f 2790 2825 2578
f 2784 2579 2825
f 2768 2759 2767
f 2672 2671 2828
f 2683 2681 2828
f 2830 2828 2761
f 2761 2831 2830
f 2762 2694 2831
f 2831 2694 2695
f 2683 2831 2832
f 2832 2833 2687
f 2694 2757 2750
f 2694 2835 2836
f 2837 2694 2836
f 2694 2838 2839
f 2697 2839 2838
f 2746 2839 2697
f 2841 2700 2698
f 2840 2841 2842
f 2843 2837 2836
f 2679 2728 2676
f 2635 2629 2631
f 2484 2537 2630
f 2609 2605 2844
f 2618 2845 2606
f 2618 2846 2845
f 2848 2552 2849
f 2552 2848 2847
f 2849 2552 2551
f 2558 2565 2849
f 2514 2557 2516
f 2544 2524 2522
f 2544 2525 2851
f 2851 2544 2852
f 2544 2526 2853
f 2854 2855 2536
f 2854 2534 2526
f 2856 2538 2483
f 2538 2856 2533
f 2856 2483 2481
f 2857 2480 2858
f 2858 2480 2463
f 2526 2532 2530
f 2453 2457 2500
f 2505 2510 2460
f 2713 2712 2742
f 2841 2863 2746
f 2867 2868 2758
f 2675 2871 2674
f 2720 2876 2875
f 2696 2831 2762
f 2880 2834 2687
f 2882 2612 2883
f 2884 2542 2543
f 2884 2885 2623
f 2887 2846 2606
f 2850 2889 2890
f 2891 2561 2566
f 2893 2562 2816
f 2895 2896 2812
f 2557 2514 2812
f 2881 2511 2507
f 2899 2850 2900
f 2547 2546 2543
f 2548 2549 2901
f 2850 2849 2889
f 2599 2904 2466
f 2586 2905 2593
f 2599 2465 2906
f 2907 2469 2657
f 2658 2603 2908
f 2909 2910 2911
f 2909 2636 2910
f 2648 2643 2637
f 2912 2736 2735
f 2645 2641 2642
f 2914 2662 2776
f 2662 2915 2477
f 2782 2771 2789
f 2649 2647 2639
f 2589 2592 2590
f 2598 2917 2918
f 2911 2613 2909
f 2920 2887 2606
f 2850 2890 2922
f 2560 2892 2924
f 2926 2894 2927
f 2731 2675 2732
f 2930 2873 2725
f 2931 2913 2472
f 2932 2780 2770
f 2772 2771 2782
f 2933 2792 2934
f 2648 2935 2660
f 2596 2597 2936
f 2937 2587 2464
f 2777 2938 2774
f 2913 2656 2652
f 2877 2677 2676
f 2672 2681 2682
f 2939 2761 2827
f 2830 2761 2940
f 2687 2834 2879
f 2678 2679 2943
f 2889 2558 2565
f 2552 2849 2899
f 2888 2847 2848
f 2783 2591 2590
f 2641 2947 2639
f 2697 2839 2840
f 2694 2948 2949
f 2758 2950 2867
f 2563 2818 2559
f 2820 2812 2811
f 2810 2813 2896
f 2802 2804 2953
f 2509 2954 2881
f 2507 2955 2956
f 2459 2460 2957
f 2901 2958 2902
f 2898 2958 2901
f 2851 2544 2959
f 2616 2617 2618
f 2712 2719 2961
f 2962 2963 2712
f 2688 2690 2966
f 2690 2688 2967
f 2696 2693 2862
f 2971 2972 2973
f 2974 2548 2550
f 2970 2969 2974
f 2557 2972 2516
f 2554 2972 2971
f 2880 2977 2978
f 2979 2980 2981
f 2981 2690 2979
f 2979 2982 2983
f 2984 2978 2985
f 2580 2593 2986
f 2989 2990 2991
f 2992 2560 2993
f 2922 2923 2994
f 2603 2987 2995
f 2996 2907 2658
f 2997 2998 2999
f 3000 3001 2997
f 2994 3002 3003
f 3004 2582 2986
f 3005 2598 2988
f 2603 3006 2987
f 2990 2584 3007
f 3000 2988 2598
f 2907 2471 2659
f 3011 2831 2695
f 2681 2682 2673
f 2683 2828 3012
f 2942 3013 3014
f 2673 2877 2674
f 3010 2680 2681
f 3016 2777 3017
f 2906 3018 3019
f 2597 2906 3020
f 3021 3022 2653
f 3019 3015 2469
f 2652 3023 3024
f 3024 3025 3017
f 3026 2478 3027
f 3022 3024 2653
f 2759 2869 3028
f 2664 3029 2669
f 3030 3031 2932
f 3032 3030 3033
f 3034 2931 2472
f 3036 3037 3038
f 3039 3040 2664
f 3041 3042 3029
f 3038 3043 3044
f 3046 3047 3048
f 3028 3048 3050
f 3030 2770 3047
f 3036 3051 3052
f 3053 2592 2946
f 2837 3054 2836
f 3055 2757 2950
f 2815 2816 3056
f 2521 3057 3058
f 2521 3059 3060
f 2513 2512 3061
f 2458 3062 2500
f 3063 2958 2544
f 2958 3063 3057
f 2897 3061 3064
f 3064 3060 3065
f 2853 2525 2526
f 2807 2514 2805
f 2767 3067 2759
f 3049 2869 2765
f 2826 3068 3069
f 3067 2768 2752
f 2697 2863 2839
f 3054 2694 2865
f 2870 2764 2760
f 2855 3071 2854
f 2885 2621 3073
f 2883 2615 2616
f 3075 2637 2638
f 3066 2491 3076
f 3066 3077 3078
f 3079 2452 3066
f 2982 2451 3080
f 2528 3081 2857
f 3066 3082 2445
f 2982 3083 3084
f 2527 2463 3085
f 2982 2499 3086
f 3087 3088 3089
f 2926 2570 2571
f 3093 2579 2916
f 2794 3095 3096
f 3097 2454 3098
f 2499 3099 3086
f 2819 3100 3056
f 2956 3099 3101
f 3102 3103 3104
f 3105 2954 2808
f 2819 2896 3100
f 3110 3111 3112
f 3113 3106 3114
f 2927 2815 2814
f 2572 2810 2574
f 2822 2790 3115
f 3116 3117 2785
f 2577 2580 3091
f 3118 2571 3110
f 2795 3108 3119
f 2795 2798 3120
f 3123 3087 3089
f 3121 3108 3124
f 3087 3125 3088
f 2798 3126 3120
f 3095 3127 3128
f 3129 3130 3131
f 3115 2578 3132
f 3133 3110 3121
f 3134 3113 3114
f 3055 3140 2866
f 2750 3141 2835
f 2746 2863 3142
f 2841 3143 3144
f 3146 3138 3147
f 3148 3149 3150
f 3151 3152 3153
f 3154 3155 3156
f 3131 3157 3096
f 3158 3159 2785
f 3159 2788 2787
f 3161 3164 3165
f 2752 3163 3162
f 3168 2754 2764
f 3169 3170 2843
f 3171 2744 3172
f 2747 3173 3174
f 3175 3176 3177
f 3173 3136 3178
f 3176 3169 3177
f 3141 3142 3179
f 2790 3180 2792
f 3181 3182 3183
f 3184 3185 3186
f 3138 3143 3147
f 3149 3170 3150
f 3151 3135 3152
f 3156 3187 3188
f 3190 3160 3191
f 3192 3193 2747
f 3164 3194 3195
f 3140 2754 2755
f 2637 3199 3075
f 3201 3202 2854
f 2858 3203 2531
f 3204 3205 3081
f 2857 3206 3207
f 3208 3209 3210
f 2637 2638 3199
f 2609 3006 2919
f 2610 3213 2607
f 3214 2885 2619
f 2885 3214 2621
f 3072 2541 3216
f 3218 3219 3220
f 3209 3211 2634
f 3221 2612 2610
f 3222 3223 2611
f 3226 2911 3224
f 3221 3197 3227
f 3230 2615 3231
f 2483 3234 3235
f 3228 3237 2623
f 3236 3238 2626
f 3237 3232 3239
f 3215 3240 3241
f 3198 3219 3243
f 3244 3245 3223
f 3203 3071 3246
f 3206 3248 3207
f 2631 3211 2629
f 3249 3250 3219
f 3251 2537 3236
f 2611 3252 3229
f 3255 3256 3257
f 3258 3259 2483
f 3260 3261 3262
f 2488 3253 2717
f 3266 3267 3268
f 3267 2737 3269
f 2963 3261 3270
f 3253 2488 3271
f 3272 3273 3274
f 3273 3276 2722
f 3277 2714 2715
f 3278 2726 3279
f 2630 3282 3208
f 3285 3286 2710
f 3265 2723 3288
f 2730 3276 3289
f 3290 3291 3292
f 2729 3293 2733
f 3294 3295 2670
f 3268 3293 2729
f 2485 3296 3297
f 3299 3300 3301
f 3302 3303 3304
f 3305 3306 3297
f 3298 3308 2486
f 3220 3297 3310
f 3311 3312 3291
f 3281 2632 3287
f 3315 3316 3317
f 3318 3319 3315
f 3317 3320 3321
f 3322 3318 3323
f 3324 3325 3326
f 3324 3327 3328
f 3332 3333 3334
f 3335 3336 3337
f 3338 3339 3340
f 3345 3346 3318
f 3346 3347 3318
f 3351 3352 3353
f 3321 3354 3323
f 3323 3356 3357
f 3358 3356 3354
f 3354 3359 3358
f 3360 3358 3361
f 3354 3362 3359
f 3363 3364 3317
f 3363 3365 3366
f 3365 3315 3319
f 3368 3369 3370
f 3371 3372 3328
f 3376 3375 3377
f 3329 3378 3375
f 3378 3329 3379
f 3380 3381 3329
f 3381 3383 3379
f 3379 3384 3382
f 3379 3381 3331
f 3386 3385 3330
f 3331 3387 3330
f 3389 3374 3324
f 3324 3392 3334
f 3391 3334 3393
f 3333 3395 3394
f 3398 3399 3397
f 3400 3398 3397
f 3401 3402 3398
f 3406 3407 3405
f 3407 3404 3405
f 3408 3407 3409
f 3412 3410 3407
f 3413 3414 3415
f 3416 3417 3408
f 3418 3416 3408
f 3419 3420 3416
f 3416 3420 3417
f 3421 3386 3419
f 3388 3386 3421
f 3386 3419 3385
f 3385 3423 3384
f 3382 3424 3425
f 3426 3427 3424
f 3424 3429 3430
f 3431 3426 3432
f 3433 3434 3435
f 3436 3433 3435
f 3437 3438 3429
f 3440 3439 3441
f 3442 3443 3440
f 3444 3445 3440
f 3447 3448 3449
f 3450 3449 3448
f 3452 3450 3441
f 3436 3452 3438
f 3454 3455 3456
f 3456 3457 3454
f 3449 3458 3460
f 3454 3461 3458
f 3462 3463 3464
f 3461 3335 3462
f 3462 3335 3465
f 3466 3468 3467
f 3468 3337 3336
f 3436 3469 3467
f 3469 3470 3471
f 3472 3341 3469
f 3473 3474 3469
f 3476 3477 3473
f 3478 3479 3475
f 3479 3480 3481
f 3482 3483 3484
f 3402 3482 3485
f 3475 3486 3478
f 3487 3478 3486
f 3483 3487 3486
f 3486 3488 3483
f 3488 3489 3409
f 3488 3490 3411
f 3492 3491 3411
f 3483 3492 3484
f 3407 3485 3411
f 3485 3493 3494
f 3402 3496 3403
f 3497 3498 3481
f 3480 3499 3481
f 3502 3503 3501
f 3501 3504 3505
f 3500 3499 3506
f 3506 3508 3500
f 3508 3510 3511
f 3513 3512 3508
f 3516 3517 3515
f 3515 3517 3518
f 3511 3518 3519
f 3511 3520 3521
f 3522 3523 3520
f 3522 3340 3524
f 3462 3522 3525
f 3340 3339 3524
f 3342 3338 3466
f 3527 3528 3342
f 3472 3527 3341
f 3527 3530 3528
f 3528 3472 3531
f 3507 3509 3531
f 3531 3497 3507
f 3477 3498 3531
f 3509 3524 3528
f 3533 3525 3534
f 3519 3533 3520
f 3343 3535 3517
f 3536 3343 3537
f 3536 3537 3538
f 3539 3540 3537
f 3541 3539 3537
f 3544 3542 3540
f 3545 3544 3546
f 3548 3546 3544
f 3548 3549 3546
f 3546 3549 3551
f 3549 3552 3553
f 3554 3547 3546
f 3555 3554 3556
f 3547 3557 3558
f 3559 3560 3561
f 3560 3559 3562
f 3565 3566 3564
f 3566 3568 3567
f 3568 3569 3570
f 3568 3344 3571
f 3572 3571 3344
f 3565 3572 3344
f 3573 3574 3575
f 3574 3576 3577
f 3575 3577 3578
f 3578 3577 3579
f 3346 3579 3577
f 3347 3580 3581
f 3366 3582 3581
f 3582 3365 3319
f 3584 3364 3585
f 3584 3586 3587
f 3588 3589 3586
f 3590 3361 3588
f 3592 3591 3593
f 3591 3594 3586
f 3595 3590 3596
f 3595 3586 3590
f 3597 3598 3596
f 3597 3599 3600
f 3598 3600 3601
f 3597 3602 3599
f 3601 3602 3603
f 3605 3550 3541
f 3606 3607 3541
f 3608 3605 3550
f 3609 3610 3516
f 3516 3611 3609
f 3612 3506 3503
f 3513 3506 3612
f 3506 3614 3513
f 3503 3601 3607
f 3601 3360 3598
f 3360 3592 3598
f 3586 3596 3590
f 3596 3615 3553
f 3596 3616 3617
f 3550 3596 3552
f 3562 3616 3618
f 3585 3618 3586
f 3586 3618 3616
f 3559 3619 3615
f 3564 3585 3565
f 3621 3620 3578
f 3623 3620 3621
f 3624 3625 3626
f 3625 3624 3623
f 3627 3625 3628
f 3629 3630 3625
f 3626 3631 3632
f 3635 3633 3630
f 3636 3570 3632
f 3637 3570 3636
f 3636 3638 3639
f 3636 3640 3638
f 3635 3629 3641
f 3638 3640 3642
f 3643 3642 3641
f 3644 3645 3643
f 3645 3646 3643
f 3646 3647 3648
f 3538 3348 3536
f 3525 3652 3462
f 3652 3650 3349
f 3653 3349 3654
f 3461 3463 3350
f 3655 3654 3649
f 3655 3656 3653
f 3648 3655 3649
f 3536 3651 3343
f 3656 3657 3658
f 3656 3659 3657
f 3653 3658 3459
f 3660 3459 3658
f 3660 3661 3459
f 3662 3663 3660
f 3662 3657 3659
f 3662 3658 3657
f 3664 3665 3663
f 3663 3659 3664
f 3664 3666 3665
f 3667 3668 3669
f 3668 3667 3623
f 3670 3668 3621
f 3671 3672 3373
f 3671 3669 3672
f 3326 3673 3367
f 3675 3676 3674
f 3382 3678 3679
f 3674 3680 3681
f 3681 3680 3682
f 3683 3684 3682
f 3683 3685 3684
f 3686 3685 3687
f 3684 3688 3442
f 3442 3688 3443
f 3428 3443 3689
f 3690 3428 3689
f 3691 3690 3686
f 3691 3692 3683
f 3691 3683 3425
f 3692 3687 3683
f 3681 3442 3669
f 3373 3694 3376
f 3669 3445 3667
f 3666 3695 3445
f 3664 3645 3627
f 3645 3696 3659
f 3661 3666 3697
f 3447 3697 3446
f 3699 3627 3644
f 3700 3542 3638
f 3638 3701 3702
f 3701 3638 3545
f 3545 3542 3543
f 3701 3639 3702
f 3556 3706 3555
f 3703 3637 3639
f 3570 3707 3708
f 3709 3626 3570
f 3710 3570 3711
f 3713 3622 3712
f 3573 3713 3714
f 3622 3715 3710
f 3715 3709 3708
f 3517 3516 3610
f 3535 3519 3518
f 3716 3465 3466
f 3506 3513 3508
f 3497 3500 3507
f 3499 3480 3501
f 3477 3531 3474
f 3475 3473 3409
f 3718 3471 3470
f 3408 3719 3418
f 3418 3719 3720
f 3720 3470 3434
f 3721 3720 3434
f 3435 3434 3470
f 3432 3722 3721
f 3449 3451 3454
f 3410 3725 3726
f 3725 3412 3410
f 3410 3727 3351
f 3352 3403 3353
f 3352 3351 3399
f 3728 3357 3400
f 3400 3397 3728
f 3728 3355 3357
f 3729 3395 3730
f 3395 3333 3730
f 3351 3731 3396
f 3324 3371 3327
f 3374 3331 3380
f 3571 3712 3344
f 3588 3594 3361
f 3739 3740 3550
f 3638 3743 3702
f 3709 3626 3748
f 3617 3553 3552
f 3751 3556 3560
f 3753 3443 3754
f 3756 3382 3683
f 3756 3757 3682
f 3759 3426 3437
f 3434 3761 3762
f 3763 3718 3470
f 3765 3719 3486
f 3767 3768 3411
f 3408 3407 3411
f 3752 3351 3353
f 3771 3434 3772
f 3423 3425 3683
f 3385 3422 3773
f 3434 3721 3761
f 3342 3776 3339
f 3530 3777 3531
f 3342 3338 3778
f 3779 3336 3454
f 3455 3451 3780
f 3448 3447 3781
f 3448 3460 3447
f 3461 3653 3458
f 3782 3783 3664
f 3785 3525 3651
f 3525 3786 3343
f 3611 3515 3514
f 3350 3654 3658
f 3524 3507 3509
f 3467 3787 3788
f 3781 3790 3448
f 3791 3759 3437
f 3434 3762 3793
f 3471 3764 3795
f 3797 3766 3798
f 3801 3746 3641
f 3803 3784 3348
f 3804 3518 3517
f 3805 3515 3611
f 3613 3612 3806
f 3461 3807 3457
f 3466 3465 3808
f 3809 3529 3340
f 3526 3810 3533
f 3784 3349 3652
f 3749 3704 3639
f 3558 3557 3744
f 3811 3549 3548
f 3551 3549 3812
f 3560 3556 3750
f 3703 3637 3815
f 3761 3418 3720
f 3819 3721 3771
f 3760 3432 3431
f 3508 3511 3509
f 3666 3665 3663
f 3587 3590 3586
f 3596 3591 3822
f 3550 3823 3739
f 3490 3488 3409
f 3491 3411 3825
f 3484 3492 3768
f 3404 3405 3406
f 3403 3828 3752
f 3353 3829 3830
f 3415 3390 3831
f 3773 3832 3774
f 3770 3832 3773
f 3381 3379 3833
f 3428 3690 3424
f 3712 3711 3835
f 3836 3837 3712
f 3563 3564 3839
f 3564 3563 3840
f 3617 3616 3735
f 3846 3847 3848
f 3723 3385 3844
f 3843 3842 3723
f 3408 3847 3413
f 3845 3847 3846
f 3751 3850 3851
f 3852 3853 3854
f 3854 3564 3852
f 3852 3855 3856
f 3857 3851 3858
f 3477 3531 3859
f 3862 3863 3864
f 3865 3471 3866
f 3793 3794 3867
f 3451 3860 3868
f 3869 3779 3455
f 3870 3871 3872
f 3873 3874 3870
f 3867 3875 3876
f 3877 3878 3859
f 3879 3467 3861
f 3451 3880 3860
f 3863 3472 3881
f 3873 3861 3467
f 3779 3468 3456
f 3885 3553 3615
f 3557 3744 3701
f 3887 3546 3886
f 3888 3744 3557
f 3814 3889 3555
f 3701 3749 3702
f 3884 3888 3557
f 3891 3526 3892
f 3778 3893 3894
f 3465 3778 3895
f 3896 3897 3898
f 3894 3890 3336
f 3652 3899 3900
f 3900 3901 3892
f 3902 3520 3903
f 3897 3900 3898
f 3541 3741 3904
f 3648 3905 3906
f 3907 3908 3804
f 3909 3907 3910
f 3911 3803 3348
f 3913 3914 3915
f 3916 3917 3648
f 3918 3919 3905
f 3915 3920 3921
f 3923 3924 3925
f 3904 3925 3927
f 3907 3517 3924
f 3913 3928 3929
f 3931 3507 3820
f 3933 3593 3934
f 3935 3597 3823
f 3487 3486 3937
f 3387 3938 3939
f 3387 3940 3941
f 3410 3725 3942
f 3727 3943 3391
f 3944 3832 3379
f 3832 3944 3938
f 3769 3942 3945
f 3945 3941 3946
f 3329 3380 3378
f 3948 3407 3949
f 3950 3951 3541
f 3926 3741 3539
f 3544 3952 3953
f 3951 3606 3607
f 3587 3594 3590
f 3593 3596 3737
f 3742 3604 3605
f 3755 3956 3375
f 3757 3685 3957
f 3754 3689 3428
f 3958 3458 3459
f 3947 3347 3960
f 3947 3961 3962
f 3963 3322 3947
f 3855 3323 3964
f 3392 3965 3369
f 3947 3576 3346
f 3855 3966 3967
f 3371 3328 3968
f 3855 3394 3395
f 3969 3970 3971
f 3797 3476 3479
f 3975 3821 3481
f 3977 3978 3979
f 3980 3728 3981
f 3394 3982 3395
f 3984 3985 3937
f 3830 3982 3986
f 3987 3988 3989
f 3990 3828 3493
f 3984 3768 3985
f 3995 3996 3997
f 3998 3991 3999
f 3798 3487 3483
f 3478 3484 3482
f 3504 3506 4000
f 4001 4002 3932
f 3498 3477 3973
f 4003 3479 3995
f 3401 3993 4004
f 3401 3400 4005
f 4008 3969 3971
f 4006 3993 4009
f 3969 4010 3970
f 3400 4011 4005
f 3978 4012 4013
f 4014 4015 4016
f 4000 3499 4017
f 4018 3995 4006
f 4019 3998 3999
f 3935 4027 3738
f 3598 4028 4029
f 3361 3594 4030
f 3588 4031 4032
f 4034 4023 4035
f 4036 4037 4038
f 4039 4040 4041
f 4042 4043 4044
f 4016 4045 3979
f 4046 4047 3932
f 4047 4024 4048
f 4050 4053 4054
f 3607 4052 4051
f 4057 3602 3604
f 4058 4059 4060
f 4061 3356 4062
f 3502 4063 4064
f 4065 4066 4067
f 4063 4021 4068
f 4066 4058 4067
f 4028 4030 4069
f 3506 4070 3612
f 4071 4072 4073
f 4074 4075 4076
f 4023 4031 4035
f 4037 4059 4038
f 4039 4020 4040
f 4044 4077 4078
f 4080 4049 4081
f 4082 4083 3502
f 4053 4084 4085
f 4027 3602 3599
f 3458 4088 3958
f 3372 4090 3375
f 4091 4092 3368
f 4093 4094 3965
f 3369 4095 4096
f 4097 4098 3667
f 3458 3459 4088
f 3450 3880 3789
f 3440 4101 3439
f 4102 3757 3691
f 3757 4102 3685
f 3676 3936 3679
f 4106 4107 4108
f 4098 4099 3695
f 4109 3443 3440
f 4110 4111 3442
f 4114 3781 4112
f 4109 3445 4115
f 4117 3689 4118
f 3670 4121 4122
f 4116 4124 3682
f 4123 4125 3681
f 4124 4119 4126
f 4104 4127 3678
f 4087 4107 4129
f 4130 4131 4111
f 4092 3956 4132
f 4095 4134 4096
f 3698 4099 3446
f 4135 4136 4107
f 4137 3669 4123
f 3442 4138 3684
f 4141 4142 4143
f 4144 4145 3670
f 4146 4147 4148
f 3622 4139 4150
f 4153 3696 4154
f 3696 3663 4155
f 3837 4147 4156
f 4139 3622 3715
f 4157 4158 4159
f 4158 4161 3631
f 3708 3570 3930
f 4162 3635 4163
f 4166 4167 4097
f 4170 4171 3713
f 4152 3630 4173
f 3625 4161 4174
f 3661 4175 4176
f 3627 3645 3644
f 3643 4177 3699
f 4154 3645 3627
f 3623 4178 4179
f 4181 4182 4183
f 4184 4185 4186
f 4187 4188 4179
f 4180 4190 3621
f 4108 4179 4192
f 4193 4194 4175
f 4165 3666 4172
f 4197 4198 4199
f 4200 4197 4201
f 4198 4202 4203
f 4204 4205 4200
f 4206 4207 4208
f 4206 4209 4210
f 4213 4214 4215
f 4223 4200 4224
f 4224 4200 4225
f 4227 4228 4229
f 4213 4215 4230
f 4234 4235 4236
f 4237 4238 4239
f 4237 4240 4238
f 4203 4241 4242
f 4242 4198 4203
f 4243 4244 4245
f 4197 4199 4243
f 4247 4249 4208
f 4250 4251 4209
f 4210 4251 4253
f 4254 4210 4253
f 4254 4255 4210
f 4252 4256 4254
f 4257 4258 4259
f 4260 4254 4257
f 4262 4263 4261
f 4261 4264 4212
f 4212 4265 4266
f 4267 4268 4212
f 4269 4255 4212
f 4270 4269 4268
f 4271 4269 4268
f 4272 4269 4271
f 4272 4273 4274
f 4272 4274 4275
f 4273 4272 4271
f 4278 4279 4277
f 4206 4279 4278
f 4214 4276 4275
f 4281 4275 4282
f 4283 4284 4285
f 4283 4281 4284
f 4288 4287 4289
f 4290 4291 4287
f 4289 4292 4288
f 4293 4295 4296
f 4293 4274 4295
f 4295 4297 4296
f 4298 4295 4274
f 4295 4298 4299
f 4301 4295 4299
f 4302 4299 4303
f 4304 4305 4306
f 4307 4308 4304
f 4309 4310 4267
f 4303 4271 4310
f 4308 4307 4311
f 4312 4308 4311
f 4312 4313 4308
f 4314 4315 4316
f 4312 4314 4317
f 4317 4316 4313
f 4313 4316 4319
f 4320 4319 4316
f 4321 4322 4320
f 4321 4316 4315
f 4324 4325 4323
f 4325 4324 4326
f 4324 4327 4326
f 4328 4326 4329
f 4330 4331 4332
f 4333 4331 4334
f 4331 4335 4332
f 4335 4336 4332
f 4335 4322 4337
f 4336 4337 4323
f 4338 4339 4340
f 4342 4343 4344
f 4343 4341 4347
f 4349 4346 4348
f 4217 4216 4350
f 4220 4352 4351
f 4352 4322 4338
f 4338 4340 4341
f 4353 4354 4355
f 4354 4356 4357
f 4361 4362 4360
f 4362 4363 4364
f 4365 4362 4361
f 4364 4363 4366
f 4364 4366 4367
f 4297 4300 4371
f 4371 4300 4366
f 4372 4296 4373
f 4374 4295 4372
f 4375 4376 4374
f 4288 4292 4376
f 4361 4377 4365
f 4379 4378 4380
f 4381 4382 4383
f 4385 4386 4365
f 4387 4365 4386
f 4387 4388 4389
f 4390 4391 4387
f 4392 4390 4393
f 4394 4395 4392
f 4393 4396 4392
f 4393 4389 4388
f 4393 4397 4398
f 4398 4397 4399
f 4399 4397 4400
f 4401 4402 4403
f 4402 4400 4404
f 4402 4219 4405
f 4350 4349 4402
f 4405 4218 4350
f 4219 4407 4220
f 4407 4388 4357
f 4357 4385 4409
f 4388 4385 4409
f 4404 4407 4219
f 4397 4404 4400
f 4403 4410 4401
f 4411 4221 4410
f 4396 4410 4221
f 4221 4412 4396
f 4414 4413 4221
f 4415 4416 4414
f 4414 4416 4417
f 4394 4414 4418
f 4419 4420 4421
f 4424 4421 4425
f 4420 4425 4426
f 4425 4420 4427
f 4428 4429 4430
f 4431 4432 4433
f 4436 4435 4437
f 4222 4434 4435
f 4438 4437 4439
f 4222 4436 4437
f 4441 4442 4440
f 4443 4444 4442
f 4445 4442 4446
f 4447 4444 4448
f 4447 4448 4204
f 4204 4223 4447
f 4444 4224 4446
f 4445 4224 4225
f 4449 4245 4450
f 4434 4445 4449
f 4197 4245 4451
f 4200 4201 4451
f 4200 4449 4225
f 4242 4452 4198
f 4242 4239 4452
f 4455 4457 4458
f 4454 4455 4459
f 4460 4454 4455
f 4460 4455 4461
f 4462 4460 4456
f 4465 4466 4463
f 4465 4467 4466
f 4466 4467 4468
f 4469 4468 4470
f 4469 4472 4473
f 4466 4473 4422
f 4418 4474 4475
f 4418 4475 4394
f 4475 4476 4477
f 4395 4477 4476
f 4478 4395 4476
f 4479 4478 4384
f 4384 4381 4479
f 4476 4470 4382
f 4463 4456 4465
f 4471 4235 4382
f 4456 4458 4462
f 4480 4460 4481
f 4460 4480 4454
f 4480 4481 4433
f 4457 4485 4458
f 4486 4204 4448
f 4487 4448 4443
f 4488 4487 4443
f 4489 4487 4490
f 4492 4493 4494
f 4495 4492 4496
f 4499 4500 4501
f 4502 4505 4504
f 4502 4506 4503
f 4503 4496 4502
f 4496 4497 4507
f 4508 4503 4506
f 4415 4508 4509
f 4510 4512 4511
f 4415 4513 4510
f 4415 4514 4513
f 4515 4513 4514
f 4514 4415 4226
f 4226 4411 4517
f 4226 4518 4519
f 4520 4517 4411
f 4349 4228 4521
f 4229 4344 4227
f 4522 4229 4228
f 4516 4226 4523
f 4523 4515 4514
f 4411 4519 4221
f 4515 4525 4526
f 4528 4529 4530
f 4528 4343 4531
f 4343 4528 4527
f 4530 4532 4533
f 4532 4534 4535
f 4526 4525 4535
f 4537 4538 4540
f 4541 4542 4543
f 4542 4247 4248
f 4544 4539 4545
f 4544 4259 4256
f 4548 4550 4262
f 4260 4548 4262
f 4551 4552 4550
f 4550 4547 4553
f 4552 4551 4554
f 4549 4554 4555
f 4555 4329 4556
f 4558 4559 4557
f 4556 4560 4559
f 4560 4327 4561
f 4327 4324 4562
f 4561 4562 4563
f 4563 4314 4318
f 4563 4564 4561
f 4557 4564 4318
f 4554 4549 4552
f 4565 4328 4538
f 4565 4536 4534
f 4566 4513 4526
f 4334 4328 4534
f 4534 4567 4334
f 4529 4332 4567
f 4345 4347 4531
f 4531 4343 4345
f 4512 4503 4511
f 4420 4419 4569
f 4427 4420 4569
f 4505 4438 4439
f 4427 4505 4570
f 4571 4570 4572
f 4570 4571 4431
f 4572 4435 4571
f 4438 4500 4493
f 4438 4573 4574
f 4576 4575 4574
f 4575 4577 4578
f 4579 4578 4577
f 4491 4578 4579
f 4488 4578 4491
f 4578 4443 4580
f 4581 4576 4574
f 4424 4466 4423
f 4234 4290 4379
f 4361 4358 4583
f 4359 4358 4584
f 4370 4585 4584
f 4586 4355 4585
f 4370 4587 4585
f 4588 4306 4305
f 4262 4312 4264
f 4298 4274 4273
f 4292 4274 4293
f 4590 4591 4289
f 4590 4286 4274
f 4592 4291 4233
f 4291 4592 4285
f 4592 4233 4231
f 4285 4592 4593
f 4274 4284 4282
f 4255 4211 4212
f 4597 4429 4433
f 4443 4600 4491
f 4602 4603 4604
f 4422 4607 4421
f 4462 4464 4612
f 4506 4504 4615
f 4435 4616 4571
f 4619 4364 4620
f 4621 4296 4297
f 4621 4622 4373
f 4360 4619 4624
f 4353 4627 4628
f 4629 4316 4319
f 4563 4562 4630
f 4630 4317 4563
f 4633 4634 4558
f 4312 4262 4558
f 4312 4549 4262
f 4618 4260 4257
f 4306 4353 4637
f 4301 4300 4297
f 4353 4305 4627
f 4229 4527 4344
f 4345 4341 4531
f 4338 4643 4216
f 4341 4645 4642
f 4338 4217 4646
f 4648 4219 4407
f 4407 4356 4649
f 4650 4651 4652
f 4650 4385 4651
f 4397 4389 4386
f 4654 4477 4476
f 4656 4411 4519
f 4411 4657 4226
f 4398 4396 4390
f 4655 4658 4659
f 4385 4407 4409
f 4342 4345 4640
f 4642 4339 4347
f 4567 4332 4662
f 4352 4664 4665
f 4652 4365 4650
f 4623 4584 4359
f 4353 4628 4667
f 4320 4319 4668
f 4669 4324 4323
f 4325 4632 4670
f 4672 4422 4473
f 4673 4609 4469
f 4674 4655 4221
f 4675 4641 4514
f 4513 4515 4526
f 4676 4537 4677
f 4646 4680 4350
f 4681 4346 4216
f 4521 4682 4683
f 4658 4406 4401
f 4615 4504 4569
f 4688 4689 4301
f 4299 4690 4691
f 4692 4302 4310
f 4311 4266 4693
f 4694 4317 4629
f 4528 4527 4640
f 4388 4386 4387
f 4556 4559 4634
f 4633 4557 4554
f 4553 4700 4618
f 4257 4701 4256
f 4211 4702 4260
f 4310 4636 4638
f 4705 4273 4274
f 4274 4590 4705
f 4454 4459 4708
f 4709 4710 4454
f 4454 4484 4711
f 4595 4480 4482
f 4714 4599 4222
f 4317 4694 4719
f 4720 4721 4722
f 4724 4302 4304
f 4718 4716 4724
f 4312 4721 4693
f 4308 4721 4720
f 4727 4728 4729
f 4730 4731 4732
f 4732 4432 4730
f 4730 4733 4734
f 4735 4729 4736
f 4335 4347 4337
f 4737 4358 4666
f 4739 4740 4741
f 4742 4315 4743
f 4667 4628 4744
f 4745 4737 4746
f 4747 4748 4738
f 4749 4750 4751
f 4752 4753 4749
f 4744 4754 4637
f 4340 4643 4756
f 4745 4583 4737
f 4740 4758 4759
f 4748 4220 4408
f 4613 4760 4761
f 4763 4764 4439
f 4569 4504 4765
f 4420 4767 4421
f 4765 4768 4569
f 4481 4760 4769
f 4762 4767 4420
f 4683 4521 4771
f 4680 4772 4773
f 4350 4680 4773
f 4774 4775 4402
f 4773 4770 4219
f 4401 4659 4776
f 4776 4777 4771
f 4778 4228 4779
f 4775 4776 4402
f 4417 4672 4472
f 4503 4780 4781
f 4783 4784 4516
f 4673 4469 4610
f 4786 4787 4788
f 4789 4790 4791
f 4672 4673 4472
f 4792 4793 4413
f 4788 4794 4795
f 4796 4797 4514
f 4798 4508 4799
f 4781 4514 4800
f 4783 4675 4797
f 4786 4801 4802
f 4576 4501 4574
f 4805 4501 4804
f 4561 4563 4807
f 4269 4638 4808
f 4269 4809 4810
f 4211 4811 4210
f 4812 4636 4298
f 4636 4812 4638
f 4813 4703 4814
f 4814 4810 4815
f 4552 4262 4550
f 4511 4817 4503
f 4799 4605 4798
f 4568 4818 4819
f 4817 4512 4495
f 4365 4582 4380
f 4579 4600 4578
f 4606 4511 4502
f 4591 4820 4590
f 4296 4822 4295
f 4816 4243 4199
f 4816 4824 4825
f 4826 4205 4816
f 4733 4827 4204
f 4277 4828 4285
f 4816 4829 4198
f 4831 4242 4816
f 4275 4281 4280
f 4733 4250 4249
f 4832 4833 4834
f 4254 4835 4836
f 4838 4332 4567
f 4538 4839 4840
f 4841 4248 4842
f 4250 4843 4249
f 4251 4836 4835
f 4256 4843 4845
f 4846 4556 4847
f 4848 4849 4554
f 4850 4851 4847
f 4852 4552 4853
f 4565 4856 4839
f 4857 4858 4859
f 4860 4851 4861
f 4698 4697 4560
f 4327 4556 4329
f 4863 4864 4865
f 4539 4854 4866
f 4539 4867 4868
f 4869 4870 4871
f 4871 4854 4872
f 4832 4873 4833
f 4867 4874 4868
f 4856 4328 4875
f 4876 4877 4878
f 4879 4567 4863
f 4862 4334 4880
f 4881 4860 4861
f 4882 4883 4884
f 4887 4888 4498
f 4494 4889 4573
f 4491 4600 4890
f 4443 4891 4600
f 4440 4579 4892
f 4893 4886 4894
f 4895 4896 4897
f 4898 4899 4900
f 4246 4901 4902
f 4878 4903 4840
f 4864 4904 4865
f 4906 4907 4908
f 4909 4906 4910
f 4907 4911 4912
f 4910 4913 4909
f 4513 4526 4800
f 4512 4914 4566
f 4495 4910 4908
f 4917 4918 4581
f 4919 4920 4921
f 4489 4922 4923
f 4924 4925 4926
f 4922 4884 4923
f 4925 4917 4926
f 4889 4890 4927
f 4540 4928 4929
f 4886 4891 4894
f 4896 4918 4897
f 4898 4882 4899
f 4902 4932 4933
f 4536 4534 4934
f 4935 4936 4937
f 4931 4938 4489
f 4911 4939 4492
f 4941 4942 4943
f 4946 4947 4590
f 4948 4949 4283
f 4950 4951 4828
f 4952 4953 4954
f 4955 4379 4956
f 4388 4387 4944
f 4958 4959 4944
f 4361 4583 4357
f 4362 4360 4960
f 4961 4962 4300
f 4962 4961 4371
f 4821 4294 4964
f 4965 4288 4376
f 4966 4967 4955
f 4379 4957 4383
f 4968 4969 4362
f 4970 4971 4363
f 4969 4970 4364
f 4361 4974 4975
f 4977 4620 4978
f 4979 4980 4289
f 4233 4981 4982
f 4983 4375 4971
f 4976 4984 4373
f 4375 4985 4986
f 4963 4964 4987
f 4378 4380 4973
f 4943 4988 4989
f 4990 4991 4971
f 4949 4820 4286
f 4951 4992 4993
f 4953 4994 4954
f 4365 4959 4582
f 4995 4996 4967
f 4997 4290 4983
f 4363 4998 4976
f 4240 4458 4999
f 5002 5003 4233
f 5004 5005 4829
f 4240 4999 4710
f 4612 4707 4465
f 4467 5007 4466
f 5011 5012 5013
f 5012 4477 5014
f 5006 5005 5015
f 4458 4240 5016
f 5017 5018 5019
f 5020 4999 4458
f 5018 5021 4464
f 5022 4460 4455
f 5021 4465 4464
f 4379 5026 4955
f 5029 5030 4239
f 5013 5010 4470
f 4235 5036 5037
f 5038 5039 4235
f 5040 5041 5042
f 4382 5043 5044
f 5045 5037 5046
f 5047 5048 5049
f 5039 5050 5051
f 4383 5043 5052
f 5053 5037 5054
f 5055 5056 4478
f 5059 5060 5061
f 5062 5063 5059
f 5061 5064 5065
f 5066 5062 5067
f 5068 5069 5070
f 5068 5071 5072
f 5075 5076 5077
f 5085 5086 5062
f 5086 5087 5062
f 5089 5090 5091
f 5092 5093 5094
f 5065 5095 5067
f 5067 5097 5098
f 5099 5097 5100
f 5100 5101 5099
f 5102 5099 5103
f 5100 5104 5101
f 5104 5100 5095
f 5105 5106 5061
f 5105 5059 5107
f 5108 5070 5109
f 5110 5111 5112
f 5071 5113 5072
f 5117 5116 5118
f 5073 5119 5116
f 5119 5073 5120
f 5120 5123 5121
f 5125 5124 5074
f 5126 5128 5127
f 5129 5115 5114
f 5114 5133 5131
f 5134 5131 5133
f 5132 5077 5135
f 5076 5138 5136
f 5141 5142 5140
f 5143 5141 5140
f 5144 5145 5141
f 5149 5150 5148
f 5152 5150 5153
f 5156 5154 5150
f 5157 5158 5130
f 5159 5160 5152
f 5161 5159 5152
f 5162 5163 5159
f 5159 5163 5160
f 5164 5160 5163
f 5164 5158 5160
f 5125 5162 5165
f 5124 5125 5165
f 5165 5166 5124
f 5165 5167 5123
f 5121 5168 5169
f 5176 5177 5175
f 5172 5178 5179
f 5179 5180 5172
f 5182 5181 5183
f 5184 5185 5182
f 5186 5187 5182
f 5188 5189 5190
f 5191 5190 5189
f 5193 5191 5183
f 5176 5193 5180
f 5190 5197 5199
f 5195 5201 5197
f 5202 5203 5204
f 5201 5078 5202
f 5202 5078 5205
f 5205 5194 5206
f 5207 5206 5194
f 5194 5079 5078
f 5176 5208 5207
f 5208 5209 5210
f 5211 5082 5208
f 5212 5213 5208
f 5214 5215 5212
f 5216 5217 5212
f 5217 5218 5219
f 5220 5221 5222
f 5145 5220 5223
f 5212 5224 5216
f 5225 5216 5224
f 5221 5225 5226
f 5226 5227 5221
f 5227 5226 5153
f 5221 5228 5222
f 5151 5223 5155
f 5223 5229 5230
f 5231 5148 5147
f 5145 5231 5232
f 5233 5234 5219
f 5218 5235 5219
f 5235 5236 5237
f 5239 5240 5238
f 5238 5241 5236
f 5242 5243 5240
f 5219 5236 5243
f 5219 5244 5237
f 5243 5245 5219
f 5245 5248 5249
f 5251 5250 5245
f 5253 5254 5252
f 5252 5254 5255
f 5249 5256 5257
f 5259 5260 5258
f 5259 5081 5261
f 5202 5259 5262
f 5263 5258 5256
f 5082 5080 5205
f 5264 5265 5082
f 5211 5264 5082
f 5265 5211 5267
f 5244 5266 5267
f 5267 5233 5244
f 5267 5247 5244
f 5215 5234 5267
f 5266 5261 5265
f 5266 5268 5261
f 5270 5262 5271
f 5255 5270 5256
f 5083 5272 5254
f 5273 5083 5274
f 5273 5274 5275
f 5276 5277 5274
f 5278 5276 5274
f 5280 5279 5277
f 5281 5280 5282
f 5287 5283 5282
f 5288 5287 5289
f 5291 5289 5292
f 5289 5291 5293
f 5295 5296 5294
f 5297 5084 5299
f 5300 5299 5084
f 5295 5300 5084
f 5301 5302 5303
f 5302 5304 5305
f 5303 5305 5306
f 5307 5305 5308
f 5086 5308 5305
f 5087 5309 5310
f 5107 5311 5310
f 5311 5059 5063
f 5312 5106 5313
f 5312 5314 5315
f 5101 5316 5317
f 5317 5318 5101
f 5317 5103 5318
f 5320 5319 5321
f 5319 5322 5317
f 5323 5317 5319
f 5319 5325 5321
f 5326 5327 5324
f 5326 5328 5329
f 5327 5329 5330
f 5330 5328 5331
f 5333 5334 5278
f 5335 5278 5285
f 5333 5278 5336
f 5253 5338 5337
f 5339 5242 5240
f 5339 5341 5242
f 5251 5242 5341
f 5243 5341 5251
f 5240 5330 5334
f 5330 5102 5327
f 5102 5320 5327
f 5324 5342 5286
f 5285 5324 5286
f 5293 5344 5345
f 5314 5345 5317
f 5313 5345 5314
f 5317 5345 5343
f 5293 5346 5342
f 5347 5346 5291
f 5316 5314 5317
f 5294 5313 5295
f 5349 5348 5306
f 5350 5351 5348
f 5352 5348 5349
f 5353 5354 5355
f 5354 5353 5352
f 5356 5354 5357
f 5358 5359 5354
f 5355 5360 5361
f 5362 5359 5363
f 5364 5363 5359
f 5363 5361 5362
f 5361 5365 5362
f 5366 5298 5361
f 5367 5298 5366
f 5366 5368 5369
f 5366 5370 5368
f 5364 5358 5366
f 5368 5370 5371
f 5372 5371 5373
f 5374 5375 5376
f 5375 5377 5376
f 5275 5088 5273
f 5262 5382 5202
f 5383 5380 5089
f 5384 5089 5385
f 5200 5203 5090
f 5385 5386 5384
f 5378 5385 5379
f 5273 5381 5083
f 5386 5388 5387
f 5384 5387 5389
f 5390 5389 5387
f 5390 5391 5389
f 5388 5392 5390
f 5392 5388 5393
f 5394 5393 5395
f 5396 5397 5398
f 5397 5396 5352
f 5399 5397 5349
f 5400 5401 5111
f 5400 5398 5401
f 5109 5402 5108
f 5400 5403 5404
f 5405 5404 5403
f 5405 5406 5404
f 5408 5121 5407
f 5121 5409 5410
f 5404 5411 5412
f 5412 5411 5413
f 5414 5415 5413
f 5414 5416 5415
f 5414 5408 5121
f 5417 5416 5418
f 5415 5419 5184
f 5184 5419 5185
f 5171 5185 5420
f 5169 5421 5417
f 5409 5121 5408
f 5119 5407 5405
f 5412 5184 5398
f 5111 5422 5117
f 5398 5187 5396
f 5423 5424 5187
f 5395 5375 5356
f 5375 5395 5425
f 5423 5393 5394
f 5391 5423 5426
f 5188 5426 5427
f 5373 5356 5374
f 5430 5279 5368
f 5431 5368 5281
f 5433 5434 5432
f 5289 5433 5288
f 5298 5436 5437
f 5438 5355 5298
f 5439 5436 5298
f 5440 5439 5441
f 5437 5436 5439
f 5303 5351 5299
f 5301 5303 5443
f 5350 5444 5440
f 5444 5438 5437
f 5243 5251 5245
f 5233 5237 5244
f 5235 5218 5238
f 5215 5267 5213
f 5447 5448 5210
f 5447 5210 5209
f 5152 5449 5161
f 5161 5450 5175
f 5451 5161 5175
f 5209 5175 5450
f 5190 5192 5195
f 5154 5454 5092
f 5147 5148 5092
f 5093 5146 5094
f 5093 5092 5142
f 5455 5098 5143
f 5143 5140 5455
f 5455 5096 5098
f 5140 5456 5455
f 5092 5457 5139
f 5115 5074 5073
f 5461 5435 5296
f 5101 5464 5103
f 5467 5468 5469
f 5368 5473 5431
f 5438 5360 5363
f 5335 5284 5478
f 5293 5479 5291
f 5482 5185 5483
f 5485 5408 5414
f 5485 5486 5413
f 5181 5482 5180
f 5175 5490 5491
f 5492 5447 5450
f 5226 5224 5493
f 5493 5449 5226
f 5496 5497 5155
f 5152 5150 5155
f 5152 5151 5150
f 5481 5092 5094
f 5500 5175 5501
f 5167 5169 5414
f 5175 5451 5490
f 5257 5505 5249
f 5244 5265 5247
f 5082 5507 5081
f 5265 5509 5506
f 5082 5080 5510
f 5512 5078 5195
f 5195 5192 5513
f 5189 5188 5514
f 5189 5429 5188
f 5200 5198 5515
f 5517 5518 5395
f 5520 5262 5381
f 5262 5521 5083
f 5090 5385 5387
f 5519 5522 5523
f 5429 5195 5199
f 5268 5244 5246
f 5506 5211 5267
f 5219 5234 5526
f 5207 5528 5529
f 5514 5426 5189
f 5487 5178 5179
f 5175 5491 5531
f 5209 5450 5532
f 5533 5212 5534
f 5214 5495 5535
f 5537 5368 5370
f 5538 5475 5373
f 5540 5519 5088
f 5541 5504 5254
f 5542 5252 5338
f 5340 5339 5543
f 5510 5546 5205
f 5547 5261 5081
f 5263 5548 5549
f 5522 5091 5383
f 5478 5284 5282
f 5554 5555 5167
f 5123 5556 5557
f 5558 5165 5124
f 5160 5164 5559
f 5560 5449 5492
f 5245 5505 5246
f 5197 5515 5389
f 5394 5393 5392
f 5222 5228 5497
f 5496 5564 5229
f 5232 5231 5481
f 5094 5566 5142
f 5454 5567 5092
f 5124 5499 5502
f 5570 5073 5119
f 5119 5116 5570
f 5299 5441 5573
f 5574 5575 5299
f 5299 5576 5443
f 5459 5297 5577
f 5580 5463 5345
f 5449 5560 5587
f 5588 5589 5590
f 5452 5165 5585
f 5584 5582 5452
f 5152 5589 5559
f 5586 5589 5588
f 5594 5595 5596
f 5597 5598 5599
f 5599 5294 5597
f 5597 5600 5601
f 5602 5596 5060
f 5215 5267 5603
f 5604 5172 5530
f 5606 5607 5608
f 5609 5448 5610
f 5531 5491 5611
f 5612 5604 5613
f 5614 5615 5605
f 5616 5617 5618
f 5619 5620 5616
f 5611 5621 5501
f 5264 5507 5623
f 5612 5625 5604
f 5607 5626 5627
f 5615 5194 5196
f 5477 5628 5629
f 5631 5632 5342
f 5282 5284 5633
f 5290 5635 5431
f 5633 5636 5282
f 5432 5628 5637
f 5630 5635 5290
f 5549 5263 5639
f 5546 5445 5640
f 5205 5546 5640
f 5641 5642 5643
f 5640 5638 5078
f 5383 5523 5644
f 5644 5645 5639
f 5646 5258 5647
f 5642 5644 5643
f 5430 5537 5371
f 5278 5648 5649
f 5651 5652 5272
f 5538 5373 5476
f 5654 5655 5656
f 5657 5658 5659
f 5537 5538 5371
f 5660 5661 5378
f 5656 5662 5663
f 5664 5665 5254
f 5666 5276 5667
f 5649 5254 5668
f 5651 5541 5665
f 5654 5669 5670
f 5673 5321 5674
f 5676 5321 5675
f 5225 5226 5678
f 5126 5502 5679
f 5126 5680 5681
f 5454 5135 5132
f 5682 5499 5120
f 5499 5682 5502
f 5683 5568 5684
f 5684 5681 5685
f 5687 5150 5688
f 5689 5690 5278
f 5667 5470 5666
f 5280 5691 5692
f 5690 5333 5334
f 5426 5693 5427
f 5315 5464 5317
f 5471 5689 5285
f 5484 5694 5116
f 5408 5418 5121
f 5686 5087 5696
f 5686 5697 5698
f 5699 5066 5686
f 5600 5700 5067
f 5133 5701 5111
f 5686 5304 5086
f 5703 5305 5686
f 5071 5704 5705
f 5600 5136 5138
f 5706 5707 5708
f 5093 5709 5710
f 5712 5234 5219
f 5713 5238 5714
f 5715 5455 5716
f 5136 5717 5138
f 5718 5710 5709
f 5142 5717 5721
f 5722 5222 5723
f 5724 5725 5229
f 5726 5727 5723
f 5728 5687 5729
f 5241 5732 5238
f 5733 5734 5735
f 5736 5727 5737
f 5563 5562 5221
f 5216 5222 5220
f 5739 5740 5741
f 5144 5730 5742
f 5144 5743 5744
f 5745 5746 5747
f 5747 5730 5748
f 5706 5749 5707
f 5743 5750 5744
f 5732 5218 5751
f 5752 5753 5754
f 5755 5219 5739
f 5738 5236 5756
f 5757 5736 5737
f 5758 5759 5760
f 5766 5767 5466
f 5329 5768 5769
f 5103 5464 5770
f 5101 5771 5464
f 5592 5315 5772
f 5064 5762 5773
f 5774 5775 5776
f 5777 5778 5779
f 5096 5780 5781
f 5754 5782 5714
f 5740 5783 5741
f 5785 5786 5787
f 5788 5785 5789
f 5786 5790 5791
f 5789 5792 5788
f 5542 5338 5668
f 5333 5793 5765
f 5334 5789 5787
f 5796 5797 5798
f 5799 5800 5801
f 5239 5802 5803
f 5804 5805 5806
f 5802 5760 5803
f 5805 5796 5806
f 5768 5770 5807
f 5240 5808 5809
f 5762 5771 5773
f 5775 5797 5776
f 5777 5758 5778
f 5781 5812 5813
f 5242 5243 5814
f 5815 5816 5817
f 5811 5818 5239
f 5790 5819 5330
f 5821 5187 5822
f 5824 5825 5116
f 5826 5827 5110
f 5828 5829 5701
f 5830 5831 5832
f 5833 5834 5396
f 5197 5389 5823
f 5836 5837 5823
f 5191 5625 5190
f 5182 5181 5838
f 5839 5417 5169
f 5417 5839 5416
f 5406 5842 5410
f 5843 5404 5844
f 5845 5846 5833
f 5834 5835 5424
f 5847 5848 5182
f 5849 5850 5184
f 5848 5849 5185
f 5191 5853 5854
f 5855 5483 5856
f 5411 5857 5403
f 5399 5858 5859
f 5860 5412 5850
f 5415 5861 5413
f 5412 5862 5863
f 5841 5410 5864
f 5186 5427 5852
f 5822 5865 5866
f 5867 5868 5850
f 5827 5694 5117
f 5829 5869 5870
f 5831 5871 5832
f 5426 5837 5693
f 5872 5873 5846
f 5874 5398 5860
f 5184 5875 5415
f 5350 5876 5877
f 5880 5881 5399
f 5882 5883 5304
f 5350 5877 5575
f 5363 5572 5359
f 5364 5372 5366
f 5886 5887 5888
f 5887 5518 5889
f 5301 5883 5890
f 5876 5350 5444
f 5891 5892 5893
f 5894 5877 5876
f 5892 5895 5360
f 5440 5298 5439
f 5895 5359 5360
f 5834 5899 5833
f 5902 5903 5303
f 5888 5375 5356
f 5352 5909 5910
f 5911 5912 5352
f 5913 5914 5915
f 5357 5916 5917
f 5918 5910 5919
f 5920 5921 5922
f 5912 5923 5924
f 5424 5916 5925
f 5926 5910 5927
f 5928 5929 5392
