# Simplified demo mesh. See README.md for source/license.
# Simplification: vertex clustering grid=0.0020m, degenerate faces removed.
v 0.117638 0.032267 0.484163
v 0.114448 0.031754 0.482874
v 0.115497 0.032317 0.481825
v 0.124526 0.058517 0.421700
v 0.119440 0.058517 0.422695
v 0.121486 0.058517 0.424740
v 0.102581 0.038742 0.434122
v 0.102600 0.035817 0.434063
v 0.102738 0.031568 0.433772
v 0.130176 0.036067 0.408411
v 0.107917 0.036192 0.429882
v 0.115497 0.036317 0.415711
v 0.152404 0.056317 0.402518
v 0.144704 0.056317 0.402518
v 0.145379 0.056498 0.402518
v 0.146245 0.057943 0.402518
v 0.127871 0.063567 0.469451
v 0.148554 0.063817 0.448768
v 0.123440 0.063817 0.463268
v 0.174628 0.058517 0.419654
v 0.179714 0.058517 0.420649
v 0.176299 0.058092 0.417235
v 0.136348 0.032317 0.402518
v 0.160761 0.038317 0.402518
v 0.160761 0.032317 0.402518
v 0.136596 0.036317 0.493518
v 0.164370 0.036317 0.407502
v 0.134226 0.031742 0.493907
v 0.134148 0.035857 0.493741
v 0.162426 0.036150 0.493323
v 0.163373 0.036150 0.492743
v 0.167128 0.036317 0.489162
v 0.188061 0.035917 0.468137
v 0.181611 0.036317 0.481825
v 0.190101 0.035577 0.468328
v 0.192854 0.035517 0.467118
v 0.189197 0.035700 0.430324
v 0.190463 0.035792 0.464333
v 0.192230 0.036317 0.463853
v 0.194231 0.031859 0.433685
v 0.194370 0.035667 0.434121
v 0.169555 0.036150 0.407172
v 0.167345 0.035917 0.408026
v 0.178770 0.056817 0.423997
v 0.187435 0.056817 0.444918
v 0.192669 0.056817 0.430495
v 0.190470 0.058517 0.450918
v 0.193348 0.058063 0.446087
v 0.190437 0.057809 0.446013
v 0.183747 0.056817 0.454387
v 0.184149 0.056873 0.452422
v 0.169385 0.056817 0.491735
v 0.159046 0.056817 0.482828
v 0.152322 0.056850 0.484362
v 0.148554 0.063442 0.478143
v 0.123531 0.058517 0.470751
v 0.126722 0.058460 0.473942
v 0.126987 0.058517 0.470335
v 0.109673 0.056817 0.452618
v 0.113361 0.056817 0.454387
v 0.112608 0.056817 0.452618
v 0.113248 0.056817 0.443985
v 0.112608 0.056817 0.444918
v 0.152404 0.056817 0.494518
v 0.152235 0.056362 0.495018
v 0.160761 0.056317 0.495018
v 0.160761 0.050317 0.495018
v 0.162623 0.032417 0.493186
v 0.163578 0.035742 0.494528
v 0.163860 0.031706 0.494464
v 0.120055 0.032317 0.487702
v 0.160512 0.036317 0.404018
v 0.132719 0.035917 0.490283
v 0.107432 0.036057 0.433293
v 0.107055 0.032517 0.470287
v 0.105753 0.032317 0.471043
v 0.105673 0.031563 0.470027
v 0.103980 0.032476 0.462857
v 0.102739 0.035667 0.463416
v 0.107401 0.036067 0.432780
v 0.126817 0.035611 0.490793
v 0.126519 0.032050 0.491692
v 0.176410 0.056834 0.471192
v 0.190113 0.036317 0.427610
v 0.166644 0.035797 0.408298
v 0.132949 0.035517 0.405502
v 0.133913 0.035874 0.404343
v 0.133575 0.031738 0.403390
v 0.133857 0.035817 0.402833
v 0.134281 0.031792 0.402778
v 0.159046 0.056817 0.414709
v 0.152192 0.056874 0.412822
v 0.155823 0.056817 0.413878
v 0.107082 0.032455 0.427194
v 0.106076 0.031504 0.425934
v 0.128970 0.056817 0.418992
v 0.126080 0.056817 0.420779
v 0.129459 0.032351 0.428274
v 0.122354 0.024162 0.430521
v 0.121911 0.024085 0.431309
v 0.140745 0.023817 0.427078
v 0.156181 0.024195 0.425574
v 0.141434 0.023817 0.425778
v 0.129693 0.032317 0.410683
v 0.131745 0.032317 0.411453
v 0.131245 0.032317 0.410817
v 0.166124 0.030848 0.409193
v 0.160594 0.030750 0.421563
v 0.157113 0.030817 0.420015
v 0.126565 0.031567 0.405847
v 0.122277 0.032317 0.410344
v 0.127876 0.032167 0.407338
v 0.130483 0.035417 0.410252
v 0.127727 0.036017 0.407294
v 0.128409 0.035417 0.410328
v 0.120337 0.035317 0.416521
v 0.121428 0.035242 0.418157
v 0.114089 0.035217 0.418475
v 0.110045 0.035467 0.428619
v 0.107268 0.035717 0.428431
v 0.106900 0.030817 0.425423
v 0.108068 0.030868 0.428478
v 0.106013 0.030817 0.427082
v 0.124023 0.029817 0.430032
v 0.123828 0.023951 0.430493
v 0.117810 0.031942 0.444718
v 0.117647 0.030817 0.441913
v 0.117541 0.032045 0.441920
v 0.108020 0.032317 0.451154
v 0.109487 0.032317 0.450018
v 0.107473 0.035317 0.446115
v 0.103846 0.035167 0.451768
v 0.104105 0.033817 0.451768
v 0.104105 0.033817 0.445768
v 0.107602 0.032317 0.446180
v 0.104105 0.032317 0.445768
v 0.105552 0.030817 0.434781
v 0.105552 0.030817 0.462756
v 0.100954 0.030817 0.452548
v 0.104765 0.033817 0.456967
v 0.102803 0.033817 0.457357
v 0.104176 0.033817 0.462821
v 0.108119 0.035517 0.462333
v 0.103977 0.035517 0.467233
v 0.107578 0.035667 0.464441
v 0.105567 0.034167 0.470681
v 0.106476 0.035555 0.470020
v 0.118865 0.029817 0.459338
v 0.121832 0.025817 0.459171
v 0.118865 0.027317 0.459338
v 0.125281 0.022817 0.432365
v 0.120777 0.022817 0.436541
v 0.123652 0.022817 0.432047
v 0.177843 0.027317 0.439471
v 0.178099 0.023855 0.439940
v 0.190096 0.034017 0.428855
v 0.189531 0.034017 0.433148
v 0.189069 0.034017 0.429643
v 0.188834 0.032317 0.435213
v 0.188813 0.033524 0.435152
v 0.186595 0.033712 0.429815
v 0.186606 0.032317 0.429838
v 0.183523 0.033817 0.418042
v 0.183632 0.035217 0.417863
v 0.182750 0.035167 0.418815
v 0.173720 0.032317 0.412007
v 0.175643 0.032317 0.418155
v 0.177863 0.032317 0.415217
v 0.170027 0.033804 0.426415
v 0.177940 0.033817 0.421893
v 0.175295 0.033817 0.420260
v 0.170006 0.031817 0.431561
v 0.170467 0.025817 0.432171
v 0.158181 0.032352 0.422349
v 0.147247 0.033817 0.409464
v 0.149804 0.033817 0.409751
v 0.145554 0.035167 0.404119
v 0.145554 0.033817 0.404218
v 0.145554 0.035167 0.405738
v 0.160761 0.033817 0.406218
v 0.151554 0.033817 0.406218
v 0.151554 0.032317 0.406218
v 0.162504 0.035517 0.405031
v 0.161569 0.035442 0.407567
v 0.151554 0.032317 0.404119
v 0.151554 0.035167 0.404119
v 0.151554 0.033817 0.404218
v 0.145554 0.033817 0.406218
v 0.136348 0.033817 0.406218
v 0.136348 0.032317 0.406218
v 0.130090 0.033817 0.410608
v 0.134737 0.033817 0.408653
v 0.134054 0.032317 0.410496
v 0.135037 0.032317 0.408475
v 0.134960 0.032317 0.408501
v 0.163038 0.030817 0.406690
v 0.154657 0.030817 0.403018
v 0.157709 0.030817 0.403018
v 0.168818 0.034017 0.405561
v 0.169510 0.034055 0.405706
v 0.191463 0.032173 0.426704
v 0.190003 0.032317 0.424068
v 0.186978 0.032317 0.422491
v 0.190401 0.032167 0.427917
v 0.173720 0.033817 0.412007
v 0.174831 0.033817 0.410344
v 0.169998 0.033817 0.407451
v 0.167864 0.035487 0.410541
v 0.161748 0.032317 0.407959
v 0.163054 0.032317 0.410496
v 0.161813 0.033817 0.406307
v 0.161074 0.026384 0.424448
v 0.157423 0.026667 0.422737
v 0.160556 0.026242 0.424632
v 0.179132 0.032317 0.441703
v 0.189665 0.032317 0.435924
v 0.179133 0.032317 0.439765
v 0.179132 0.032317 0.451826
v 0.187621 0.032317 0.450018
v 0.179132 0.032317 0.450018
v 0.169491 0.032487 0.467818
v 0.175295 0.032317 0.477277
v 0.175552 0.032317 0.479056
v 0.179280 0.033817 0.483737
v 0.177928 0.035217 0.482315
v 0.177863 0.033817 0.482320
v 0.164335 0.034042 0.493944
v 0.163804 0.031342 0.492241
v 0.163848 0.034017 0.492223
v 0.155508 0.032211 0.475656
v 0.163054 0.032317 0.487040
v 0.158311 0.032444 0.475283
v 0.151554 0.035167 0.493417
v 0.151554 0.033817 0.493318
v 0.151554 0.035167 0.491799
v 0.137578 0.032317 0.485074
v 0.139794 0.032317 0.483295
v 0.137932 0.032221 0.483837
v 0.133897 0.035667 0.491769
v 0.135381 0.035417 0.489622
v 0.139399 0.031317 0.495018
v 0.142451 0.032317 0.495018
v 0.136348 0.032317 0.495018
v 0.108256 0.030817 0.469285
v 0.138077 0.030817 0.483664
v 0.112223 0.030817 0.479754
v 0.107821 0.035367 0.469970
v 0.109092 0.033817 0.469443
v 0.109992 0.035367 0.469071
v 0.118495 0.035317 0.482858
v 0.119469 0.035242 0.481990
v 0.130234 0.031817 0.487522
v 0.125659 0.032017 0.475701
v 0.121758 0.031734 0.488263
v 0.127374 0.035517 0.492121
v 0.128166 0.035667 0.489970
v 0.126541 0.035617 0.491591
v 0.126686 0.032067 0.490251
v 0.132682 0.034017 0.493690
v 0.128641 0.034017 0.490310
v 0.131534 0.034017 0.488836
v 0.137684 0.031817 0.477265
v 0.139383 0.031817 0.480320
v 0.140135 0.031817 0.478809
v 0.150105 0.033817 0.488625
v 0.147238 0.033817 0.488092
v 0.145554 0.033817 0.491318
v 0.136348 0.033817 0.493318
v 0.145554 0.033817 0.493318
v 0.146082 0.032317 0.489288
v 0.139992 0.031973 0.482021
v 0.177573 0.027525 0.457751
v 0.178633 0.030817 0.441265
v 0.178632 0.031817 0.447518
v 0.178654 0.031900 0.445580
v 0.169672 0.030817 0.470076
v 0.196283 0.030851 0.452499
v 0.195070 0.030817 0.459556
v 0.167392 0.030567 0.471557
v 0.169080 0.030817 0.489076
v 0.168370 0.030817 0.488514
v 0.183523 0.033817 0.479494
v 0.183594 0.032317 0.479565
v 0.176665 0.035167 0.481122
v 0.175619 0.035257 0.479749
v 0.175879 0.035317 0.478864
v 0.189316 0.035442 0.469900
v 0.191447 0.035367 0.470865
v 0.192469 0.030817 0.462953
v 0.194516 0.030817 0.461714
v 0.193779 0.030899 0.463854
v 0.194975 0.030817 0.437581
v 0.191757 0.030922 0.434340
v 0.194504 0.030817 0.435779
v 0.193003 0.033817 0.451768
v 0.193914 0.035167 0.451768
v 0.191960 0.035242 0.451693
v 0.193898 0.031587 0.464069
v 0.193810 0.034067 0.464213
v 0.188822 0.033817 0.462362
v 0.186717 0.033817 0.467322
v 0.186698 0.035479 0.467927
v 0.189007 0.033817 0.450832
v 0.189052 0.033817 0.451068
v 0.192932 0.033817 0.434716
v 0.192349 0.035367 0.434957
v 0.191078 0.033817 0.435484
v 0.188200 0.032317 0.447307
v 0.188743 0.034017 0.467328
v 0.189690 0.034017 0.468410
v 0.179621 0.030851 0.485194
v 0.175127 0.030851 0.488591
v 0.158097 0.026667 0.470699
v 0.159346 0.026667 0.470978
v 0.128302 0.026667 0.462467
v 0.127487 0.026232 0.463672
v 0.129399 0.032418 0.469504
v 0.128951 0.031415 0.470139
v 0.129683 0.030445 0.469398
v 0.121581 0.032317 0.479111
v 0.124929 0.032317 0.474483
v 0.116254 0.035242 0.476932
v 0.117846 0.035167 0.475975
v 0.125057 0.032317 0.474034
v 0.127478 0.033817 0.471612
v 0.121705 0.033817 0.477439
v 0.134042 0.031817 0.475594
v 0.130628 0.031817 0.473444
v 0.165364 0.032317 0.486084
v 0.161594 0.033817 0.476982
v 0.165364 0.033817 0.486084
v 0.167710 0.032317 0.486858
v 0.111239 0.032317 0.465578
v 0.124341 0.032317 0.462829
v 0.122717 0.032605 0.459966
v 0.110282 0.032317 0.463268
v 0.108004 0.032317 0.461993
v 0.118433 0.032317 0.459870
v 0.118229 0.032317 0.457408
v 0.178599 0.023759 0.441515
v 0.178632 0.023817 0.448508
v 0.174426 0.023951 0.455889
v 0.178632 0.023817 0.452129
v 0.121858 0.030317 0.461414
v 0.120752 0.030817 0.461250
v 0.128041 0.022817 0.466324
v 0.139422 0.022817 0.474177
v 0.133221 0.022817 0.470992
v 0.139254 0.030817 0.484410
v 0.145503 0.030839 0.494601
v 0.160761 0.032317 0.493318
v 0.165591 0.034017 0.493750
v 0.175295 0.033817 0.477277
v 0.170528 0.033817 0.470749
v 0.169630 0.033817 0.471612
v 0.174382 0.032361 0.438078
v 0.157915 0.026667 0.426863
v 0.156742 0.026667 0.424559
v 0.156742 0.026667 0.425861
v 0.180855 0.035242 0.420604
v 0.179986 0.035167 0.421579
v 0.167739 0.032509 0.428126
v 0.166091 0.032211 0.427233
v 0.194445 0.033454 0.433866
v 0.135894 0.026029 0.424554
v 0.118498 0.030763 0.458562
v 0.101133 0.030817 0.443176
v 0.100804 0.030817 0.448768
v 0.100949 0.030817 0.445047
v 0.122202 0.032067 0.430140
v 0.122108 0.030637 0.430063
v 0.110282 0.032317 0.434268
v 0.117992 0.032317 0.439262
v 0.118642 0.032317 0.437731
v 0.118258 0.032317 0.421730
v 0.110469 0.032317 0.429907
v 0.121559 0.032317 0.419722
v 0.116254 0.035242 0.420604
v 0.117846 0.035167 0.421561
v 0.111239 0.033817 0.431959
v 0.110282 0.033817 0.434268
v 0.120081 0.033817 0.435621
v 0.128738 0.030817 0.409023
v 0.141995 0.030817 0.419494
v 0.138414 0.030817 0.420534
v 0.110130 0.033817 0.422491
v 0.111793 0.033817 0.423602
v 0.113585 0.033817 0.418042
v 0.113512 0.031667 0.415623
v 0.113444 0.032317 0.417900
v 0.117686 0.032317 0.413658
v 0.134740 0.032140 0.424743
v 0.085749 0.023444 0.439511
v 0.086054 0.034159 0.428790
v 0.086054 0.028291 0.433605
v 0.087054 0.021127 0.434718
v 0.087054 0.045808 0.448968
v 0.087054 0.018280 0.441591
v 0.086304 0.072620 0.460020
v 0.086054 0.067968 0.456168
v 0.086054 0.064659 0.462664
v 0.086054 0.053009 0.426809
v 0.086304 0.056861 0.422157
v 0.086054 0.053314 0.420956
v 0.086054 0.074571 0.452670
v 0.086221 0.073821 0.456474
v 0.086054 0.026435 0.461913
v 0.086304 0.020694 0.463468
v 0.086054 0.022792 0.466609
v 0.079074 0.063383 0.431740
v 0.079074 0.045809 0.448968
v 0.079074 0.064685 0.433177
v 0.079074 0.056730 0.471022
v 0.079074 0.054949 0.471818
v 0.079074 0.036669 0.426118
v 0.079074 0.040295 0.424984
v 0.078754 0.021252 0.450589
v 0.078817 0.020000 0.447759
v 0.078774 0.020041 0.449592
v 0.078767 0.024288 0.461735
v 0.078817 0.024460 0.463521
v 0.078754 0.025752 0.463230
v 0.085754 0.051322 0.472953
v 0.085754 0.053689 0.473430
v 0.085679 0.051936 0.474061
v 0.085594 0.058413 0.465765
v 0.085754 0.045809 0.448968
v 0.085594 0.061154 0.463305
v 0.085754 0.030464 0.434632
v 0.085754 0.028189 0.437542
v 0.085434 0.063428 0.460394
v 0.085541 0.065592 0.463607
v 0.078804 0.057675 0.471846
v 0.078767 0.056311 0.471662
v 0.078754 0.049730 0.473813
v 0.078774 0.048293 0.474623
v 0.085434 0.065897 0.442847
v 0.085434 0.068658 0.439828
v 0.085434 0.069793 0.443455
v 0.078754 0.066915 0.436313
v 0.078829 0.068139 0.435986
v 0.078754 0.067044 0.434492
v 0.085634 0.047343 0.423633
v 0.085434 0.046870 0.427995
v 0.085682 0.045674 0.423676
v 0.078829 0.024698 0.434085
v 0.078754 0.024932 0.435936
v 0.078754 0.026026 0.434329
v 0.085754 0.021525 0.440553
v 0.085754 0.022458 0.441195
v 0.085734 0.020209 0.445966
v 0.085754 0.021294 0.446800
v 0.085604 0.019987 0.447758
v 0.085641 0.028047 0.467750
v 0.085754 0.028234 0.466196
v 0.085741 0.029545 0.468457
v 0.085754 0.039213 0.473807
v 0.085647 0.038036 0.472318
v 0.085754 0.039915 0.472862
v 0.085754 0.022717 0.460249
v 0.085754 0.023755 0.459889
v 0.085754 0.023590 0.461884
v 0.078754 0.032901 0.426745
v 0.078754 0.033153 0.427861
v 0.078754 0.034888 0.426914
v 0.078754 0.043760 0.423900
v 0.078774 0.045138 0.423202
v 0.085434 0.061972 0.430410
v 0.085434 0.057263 0.431367
v 0.085434 0.060447 0.429185
v 0.085754 0.070092 0.457383
v 0.085754 0.068453 0.458605
v 0.085754 0.069159 0.456741
v 0.109543 0.038742 0.477162
v 0.109543 0.032317 0.477162
v 0.105600 0.051592 0.470745
v 0.103977 0.056317 0.467233
v 0.102703 0.051592 0.463792
v 0.100305 0.051592 0.448967
v 0.100395 0.056743 0.451729
v 0.120859 0.056863 0.426348
v 0.121185 0.057657 0.425553
v 0.123037 0.057823 0.427577
v 0.118778 0.056817 0.429184
v 0.123006 0.063317 0.434018
v 0.125702 0.059273 0.430113
v 0.124021 0.059273 0.432386
v 0.125405 0.058419 0.429425
v 0.125521 0.058517 0.428775
v 0.123531 0.058517 0.426786
v 0.129284 0.058374 0.425527
v 0.134477 0.058582 0.422378
v 0.130538 0.056855 0.418334
v 0.128011 0.057509 0.422872
v 0.134939 0.056836 0.415980
v 0.132017 0.056855 0.417507
v 0.114158 0.051592 0.414931
v 0.109311 0.045167 0.420696
v 0.109311 0.051592 0.420696
v 0.105620 0.035717 0.433320
v 0.126924 0.036317 0.407323
v 0.136348 0.050317 0.402518
v 0.133156 0.045167 0.403041
v 0.133156 0.050317 0.403041
v 0.151129 0.058403 0.406869
v 0.151284 0.058247 0.403018
v 0.146103 0.058459 0.418560
v 0.150704 0.058517 0.418344
v 0.140919 0.059273 0.420273
v 0.142717 0.058854 0.419758
v 0.139940 0.058854 0.420458
v 0.142419 0.056842 0.413855
v 0.145703 0.057708 0.413745
v 0.145306 0.057066 0.412822
v 0.145129 0.056931 0.407920
v 0.145129 0.056931 0.412822
v 0.145668 0.058092 0.406869
v 0.145554 0.057667 0.407920
v 0.145668 0.058092 0.410720
v 0.145485 0.057909 0.415681
v 0.133929 0.063567 0.423436
v 0.140919 0.063317 0.420273
v 0.167694 0.059269 0.426265
v 0.168018 0.058444 0.425645
v 0.170386 0.058460 0.423595
v 0.171620 0.058504 0.429494
v 0.174102 0.059273 0.434018
v 0.173164 0.058854 0.432335
v 0.173087 0.059273 0.432386
v 0.178216 0.056836 0.429259
v 0.179222 0.056817 0.430613
v 0.174120 0.057831 0.427563
v 0.178209 0.057809 0.423302
v 0.184297 0.057970 0.416598
v 0.184355 0.057880 0.417130
v 0.179737 0.056902 0.412590
v 0.180063 0.057241 0.412855
v 0.181101 0.058017 0.413149
v 0.180611 0.058460 0.413370
v 0.182060 0.058403 0.418904
v 0.171708 0.057444 0.421237
v 0.171550 0.056931 0.420928
v 0.171258 0.056923 0.421162
v 0.167989 0.056855 0.419220
v 0.169098 0.057509 0.422872
v 0.170602 0.056855 0.421115
v 0.169494 0.056567 0.405577
v 0.163952 0.056317 0.403041
v 0.163055 0.032317 0.402785
v 0.163930 0.036150 0.406664
v 0.164188 0.035617 0.490539
v 0.182118 0.031692 0.482332
v 0.186241 0.032317 0.476432
v 0.196247 0.038742 0.456081
v 0.196196 0.031692 0.456191
v 0.185312 0.056317 0.480024
v 0.182951 0.051592 0.482605
v 0.187798 0.051592 0.476840
v 0.189295 0.056817 0.473673
v 0.191688 0.056317 0.470391
v 0.192669 0.056817 0.467041
v 0.196804 0.038742 0.448570
v 0.196198 0.031817 0.441144
v 0.196185 0.038742 0.441063
v 0.188876 0.035817 0.430517
v 0.194764 0.036317 0.455856
v 0.194043 0.031731 0.462306
v 0.193155 0.036317 0.462780
v 0.190659 0.035717 0.433292
v 0.189204 0.035517 0.466820
v 0.188123 0.035667 0.466696
v 0.169665 0.035517 0.406896
v 0.191509 0.051592 0.426792
v 0.187565 0.045167 0.420374
v 0.187565 0.051592 0.420374
v 0.190370 0.056817 0.444918
v 0.190370 0.056931 0.445343
v 0.193304 0.056817 0.444918
v 0.184099 0.056836 0.444862
v 0.184332 0.056860 0.445167
v 0.179908 0.056836 0.432114
v 0.178251 0.058704 0.445994
v 0.181508 0.057672 0.445486
v 0.184403 0.057458 0.445723
v 0.196371 0.058217 0.446172
v 0.193324 0.057525 0.451806
v 0.196331 0.056688 0.452490
v 0.177773 0.058673 0.454647
v 0.177291 0.058412 0.457513
v 0.178348 0.058558 0.451418
v 0.181496 0.057984 0.451721
v 0.184447 0.057589 0.451777
v 0.187506 0.057822 0.451612
v 0.187578 0.058517 0.450918
v 0.177475 0.059273 0.454587
v 0.177905 0.059273 0.451736
v 0.177565 0.058854 0.442931
v 0.177262 0.059273 0.442041
v 0.177049 0.059273 0.456404
v 0.173164 0.058854 0.465201
v 0.174102 0.059273 0.463519
v 0.173087 0.059273 0.465150
v 0.176207 0.056855 0.470816
v 0.174296 0.057543 0.469532
v 0.176089 0.057364 0.471918
v 0.171631 0.058475 0.468280
v 0.178209 0.057455 0.474100
v 0.182255 0.057957 0.478416
v 0.180124 0.058247 0.476477
v 0.178158 0.057880 0.482534
v 0.180495 0.057667 0.484617
v 0.174918 0.056317 0.489179
v 0.177266 0.051592 0.487546
v 0.177266 0.056317 0.487546
v 0.159953 0.058683 0.476216
v 0.162603 0.058513 0.475106
v 0.167979 0.059017 0.471147
v 0.167675 0.058581 0.471824
v 0.171667 0.057510 0.476274
v 0.171237 0.056867 0.476577
v 0.169610 0.057708 0.474346
v 0.151522 0.059273 0.478118
v 0.154391 0.058854 0.477778
v 0.154373 0.059273 0.477689
v 0.146031 0.059395 0.478156
v 0.145706 0.058398 0.478775
v 0.145575 0.057903 0.482112
v 0.145336 0.057120 0.484581
v 0.142958 0.056836 0.483826
v 0.144778 0.056848 0.484226
v 0.139940 0.058854 0.477078
v 0.142691 0.058683 0.477905
v 0.134417 0.058412 0.475272
v 0.137105 0.058513 0.476335
v 0.126152 0.056847 0.476511
v 0.125522 0.057253 0.476245
v 0.121709 0.056817 0.481059
v 0.123483 0.056931 0.478683
v 0.121408 0.056931 0.480758
v 0.116613 0.057667 0.484617
v 0.117045 0.057242 0.484681
v 0.118690 0.058403 0.482274
v 0.120846 0.058247 0.480338
v 0.127200 0.058067 0.474223
v 0.129217 0.059517 0.471046
v 0.127695 0.059517 0.469628
v 0.119417 0.058683 0.454630
v 0.120059 0.059273 0.456404
v 0.119634 0.059273 0.454587
v 0.118921 0.058311 0.454730
v 0.119997 0.058513 0.457458
v 0.122821 0.057764 0.469758
v 0.118121 0.056855 0.466784
v 0.119006 0.056855 0.468202
v 0.125344 0.058418 0.467935
v 0.123730 0.058513 0.465345
v 0.121226 0.058854 0.460118
v 0.120987 0.058513 0.460217
v 0.122217 0.058513 0.462817
v 0.121092 0.057510 0.471935
v 0.120839 0.057066 0.471889
v 0.120874 0.056891 0.471388
v 0.116794 0.057667 0.476286
v 0.114776 0.057667 0.478304
v 0.113304 0.058517 0.480978
v 0.112935 0.058017 0.481315
v 0.114436 0.058017 0.482886
v 0.112375 0.056786 0.480204
v 0.117094 0.058403 0.476587
v 0.115049 0.058403 0.478632
v 0.115160 0.056836 0.460821
v 0.115640 0.056817 0.462435
v 0.118533 0.058491 0.451499
v 0.115550 0.057940 0.451788
v 0.109638 0.057454 0.451825
v 0.112608 0.057154 0.451950
v 0.106688 0.057957 0.446058
v 0.109531 0.058035 0.445981
v 0.100746 0.057773 0.445915
v 0.100380 0.056989 0.446058
v 0.100353 0.058017 0.450941
v 0.100365 0.057819 0.451205
v 0.103804 0.057242 0.451882
v 0.106739 0.056931 0.452193
v 0.106739 0.057242 0.451882
v 0.103745 0.058092 0.445882
v 0.113084 0.057065 0.445472
v 0.115601 0.057672 0.445486
v 0.118571 0.058461 0.446115
v 0.119204 0.059273 0.445800
v 0.119544 0.058854 0.442931
v 0.119113 0.058854 0.445791
v 0.120059 0.063317 0.441133
v 0.120332 0.059273 0.440180
v 0.120059 0.059273 0.441133
v 0.119817 0.058412 0.440024
v 0.120639 0.058311 0.437174
v 0.112608 0.057154 0.445586
v 0.117231 0.056842 0.432153
v 0.118994 0.059017 0.450857
v 0.118629 0.058651 0.450883
v 0.106739 0.056817 0.444918
v 0.106739 0.056931 0.445343
v 0.109673 0.056817 0.444918
v 0.121086 0.056907 0.471118
v 0.133803 0.063317 0.474315
v 0.132172 0.059273 0.473301
v 0.133803 0.059273 0.474315
v 0.129106 0.058374 0.472009
v 0.126345 0.056317 0.491603
v 0.122464 0.056817 0.488760
v 0.122191 0.056317 0.489179
v 0.150879 0.057970 0.495018
v 0.151129 0.058403 0.494518
v 0.150704 0.058517 0.494518
v 0.146192 0.058460 0.486816
v 0.151302 0.058431 0.478742
v 0.151749 0.057171 0.484436
v 0.151979 0.056931 0.489616
v 0.151521 0.058033 0.482260
v 0.145875 0.058354 0.479043
v 0.145440 0.057242 0.494518
v 0.145440 0.057242 0.489616
v 0.145129 0.056931 0.494518
v 0.169879 0.035717 0.490416
v 0.136348 0.044317 0.495018
v 0.133156 0.045167 0.494495
v 0.133156 0.044317 0.494495
v 0.129859 0.035517 0.492923
v 0.117310 0.036317 0.484011
v 0.117560 0.034317 0.484429
v 0.129595 0.035667 0.489711
v 0.133159 0.035817 0.490555
v 0.107854 0.035617 0.467443
v 0.103994 0.035817 0.462896
v 0.106449 0.035717 0.464244
v 0.104305 0.035984 0.434166
v 0.128970 0.056817 0.478544
v 0.129120 0.056855 0.478316
v 0.138155 0.056842 0.482666
v 0.180702 0.056989 0.484749
v 0.181101 0.058017 0.484388
v 0.184174 0.058017 0.481315
v 0.183952 0.058460 0.480825
v 0.178216 0.056836 0.468277
v 0.179222 0.056817 0.466923
v 0.182170 0.056830 0.460301
v 0.196248 0.058403 0.451342
v 0.196505 0.058267 0.450929
v 0.193304 0.056931 0.445343
v 0.196149 0.056817 0.444918
v 0.181392 0.057509 0.444983
v 0.176295 0.058412 0.437246
v 0.177111 0.058513 0.440078
v 0.182770 0.056874 0.419697
v 0.180845 0.056817 0.421922
v 0.187565 0.038742 0.420374
v 0.187565 0.032317 0.420374
v 0.191447 0.035817 0.426672
v 0.182951 0.045167 0.482605
v 0.182951 0.038742 0.482605
v 0.187798 0.038742 0.476840
v 0.152435 0.056823 0.413311
v 0.151318 0.058378 0.418684
v 0.151673 0.057284 0.413180
v 0.151613 0.057823 0.415741
v 0.151657 0.057362 0.412822
v 0.151554 0.057667 0.410720
v 0.151979 0.056931 0.407920
v 0.156189 0.063317 0.420273
v 0.151522 0.059273 0.419418
v 0.150634 0.059517 0.419342
v 0.160148 0.058311 0.420853
v 0.158850 0.056855 0.414934
v 0.157354 0.058311 0.419850
v 0.165156 0.056836 0.417386
v 0.162222 0.056817 0.415854
v 0.162542 0.058683 0.422545
v 0.160003 0.058513 0.421201
v 0.178076 0.057667 0.415004
v 0.175939 0.057353 0.425732
v 0.129415 0.059269 0.426265
v 0.132049 0.058683 0.424052
v 0.126228 0.045167 0.405995
v 0.119843 0.038742 0.409990
v 0.119843 0.045167 0.409990
v 0.106749 0.035517 0.428925
v 0.107600 0.056567 0.423732
v 0.105420 0.056317 0.427146
v 0.112678 0.057455 0.417215
v 0.114748 0.057667 0.419205
v 0.120925 0.057880 0.425301
v 0.118940 0.057667 0.423396
v 0.112935 0.058017 0.416221
v 0.113157 0.058460 0.416711
v 0.116783 0.056496 0.412455
v 0.117293 0.056624 0.412333
v 0.116523 0.058294 0.413175
v 0.118540 0.058460 0.415413
v 0.125464 0.057295 0.421244
v 0.125946 0.056899 0.421162
v 0.123263 0.057242 0.419073
v 0.121408 0.056931 0.416778
v 0.121188 0.057242 0.416998
v 0.127791 0.057543 0.423027
v 0.122879 0.057596 0.427893
v 0.131995 0.026817 0.425926
v 0.132027 0.028421 0.426063
v 0.132056 0.029567 0.426117
v 0.128313 0.032263 0.429661
v 0.131476 0.024391 0.428138
v 0.133991 0.024484 0.428272
v 0.131867 0.025421 0.427649
v 0.126345 0.024617 0.430029
v 0.157778 0.023997 0.427281
v 0.156783 0.023817 0.427435
v 0.140095 0.024650 0.426370
v 0.140029 0.025871 0.423551
v 0.140214 0.024582 0.423818
v 0.156344 0.024229 0.424118
v 0.156898 0.025817 0.422718
v 0.156583 0.024884 0.422795
v 0.157125 0.025855 0.423337
v 0.149787 0.032045 0.421190
v 0.148553 0.025817 0.421268
v 0.149794 0.025817 0.421296
v 0.145812 0.031942 0.421372
v 0.147777 0.032067 0.421212
v 0.142067 0.031817 0.422044
v 0.140672 0.026667 0.422422
v 0.136462 0.032250 0.423791
v 0.131987 0.030363 0.424481
v 0.134039 0.026817 0.423662
v 0.132213 0.026817 0.424811
v 0.135441 0.029817 0.422902
v 0.149554 0.029817 0.419785
v 0.153255 0.024817 0.420152
v 0.147476 0.023951 0.420289
v 0.156971 0.030683 0.420494
v 0.149588 0.030817 0.418786
v 0.145874 0.030683 0.419390
v 0.145828 0.030817 0.418892
v 0.132970 0.030906 0.403587
v 0.133074 0.030854 0.403624
v 0.132788 0.031229 0.403583
v 0.133346 0.031329 0.405616
v 0.130577 0.031332 0.408788
v 0.131876 0.031067 0.408664
v 0.129429 0.034017 0.408253
v 0.128641 0.034017 0.407226
v 0.127427 0.031139 0.405839
v 0.126484 0.035396 0.405862
v 0.126641 0.034167 0.405781
v 0.121569 0.032317 0.418455
v 0.105592 0.035517 0.426806
v 0.105567 0.034167 0.426855
v 0.104781 0.035517 0.428471
v 0.103709 0.031699 0.433044
v 0.103617 0.034017 0.433052
v 0.107362 0.031563 0.433296
v 0.106353 0.031587 0.433716
v 0.108447 0.031588 0.430503
v 0.108365 0.034017 0.430208
v 0.105831 0.034017 0.428206
v 0.105714 0.031635 0.427918
v 0.134988 0.030817 0.422011
v 0.126217 0.030375 0.429713
v 0.125725 0.024573 0.432228
v 0.123583 0.032158 0.430759
v 0.125297 0.032250 0.431388
v 0.108427 0.033817 0.447079
v 0.108101 0.033817 0.446592
v 0.107979 0.035242 0.448768
v 0.108101 0.035167 0.450720
v 0.107248 0.035267 0.451628
v 0.104328 0.030924 0.434021
v 0.102939 0.030873 0.463631
v 0.102803 0.032317 0.457357
v 0.102101 0.032317 0.451768
v 0.108243 0.033270 0.462237
v 0.110489 0.033833 0.467671
v 0.110403 0.032317 0.468756
v 0.110403 0.035367 0.468756
v 0.109992 0.032317 0.469071
v 0.103755 0.031635 0.464448
v 0.107578 0.034017 0.464388
v 0.107578 0.031498 0.464388
v 0.108365 0.034017 0.465415
v 0.122065 0.024817 0.458936
v 0.118865 0.025817 0.459338
v 0.118163 0.023317 0.447379
v 0.118911 0.022951 0.452830
v 0.118546 0.023317 0.452855
v 0.122372 0.022951 0.431504
v 0.171585 0.024134 0.431671
v 0.173499 0.022817 0.438436
v 0.170277 0.022817 0.432733
v 0.175539 0.024568 0.438159
v 0.174413 0.023352 0.438318
v 0.175488 0.025988 0.438018
v 0.175468 0.027718 0.437969
v 0.175901 0.030256 0.437847
v 0.177630 0.030728 0.438636
v 0.178487 0.030158 0.439642
v 0.179209 0.030728 0.439851
v 0.171756 0.030067 0.431258
v 0.169434 0.030317 0.428450
v 0.188682 0.031331 0.430383
v 0.188464 0.030932 0.430020
v 0.192071 0.031417 0.433623
v 0.193131 0.035517 0.430304
v 0.193818 0.034167 0.432058
v 0.193131 0.034167 0.430304
v 0.179535 0.035317 0.413757
v 0.175564 0.033817 0.418505
v 0.169584 0.032989 0.429506
v 0.171737 0.031817 0.434009
v 0.164493 0.032211 0.426025
v 0.162969 0.032317 0.424764
v 0.160418 0.033804 0.420126
v 0.161594 0.033817 0.420554
v 0.159430 0.032317 0.422967
v 0.160011 0.032386 0.423200
v 0.151723 0.032250 0.421200
v 0.147417 0.032484 0.420580
v 0.147719 0.033800 0.417809
v 0.148554 0.035317 0.408168
v 0.150658 0.035267 0.408232
v 0.145859 0.032317 0.408085
v 0.145744 0.035167 0.407917
v 0.164212 0.031220 0.403390
v 0.135037 0.035367 0.408475
v 0.133655 0.035367 0.408965
v 0.138631 0.032685 0.422424
v 0.137162 0.032456 0.423190
v 0.154657 0.031192 0.402552
v 0.151606 0.031317 0.402518
v 0.164002 0.030860 0.403613
v 0.163700 0.031372 0.406050
v 0.165574 0.034017 0.408701
v 0.165256 0.031318 0.408601
v 0.164534 0.034017 0.408171
v 0.169740 0.031372 0.405915
v 0.175634 0.031650 0.408835
v 0.169576 0.030817 0.407686
v 0.169974 0.030860 0.406141
v 0.168615 0.031418 0.407288
v 0.186292 0.031234 0.418740
v 0.188378 0.030851 0.422196
v 0.189289 0.030817 0.423854
v 0.191516 0.031406 0.427739
v 0.191379 0.030918 0.427291
v 0.189752 0.030897 0.428024
v 0.188852 0.030817 0.428252
v 0.190637 0.031192 0.425234
v 0.181950 0.031067 0.414049
v 0.181151 0.030884 0.413534
v 0.168046 0.030955 0.408620
v 0.163658 0.034017 0.406270
v 0.164847 0.035442 0.409434
v 0.166195 0.035442 0.410019
v 0.165582 0.034017 0.403783
v 0.167243 0.034092 0.404366
v 0.139399 0.031192 0.402552
v 0.142451 0.031067 0.402585
v 0.151347 0.035242 0.407842
v 0.161183 0.024085 0.425471
v 0.166563 0.024817 0.428341
v 0.161497 0.024817 0.424808
v 0.160125 0.024412 0.425641
v 0.170115 0.024085 0.433360
v 0.172113 0.023817 0.439010
v 0.174398 0.025650 0.439254
v 0.174252 0.027505 0.438977
v 0.174273 0.027317 0.439030
v 0.174707 0.031817 0.439679
v 0.175356 0.025817 0.440113
v 0.175563 0.032410 0.439553
v 0.178632 0.031817 0.443641
v 0.178882 0.032250 0.453635
v 0.179132 0.032317 0.453635
v 0.175325 0.032295 0.457550
v 0.174103 0.032590 0.460293
v 0.171562 0.032158 0.464118
v 0.172370 0.032067 0.462652
v 0.169415 0.031942 0.466738
v 0.168314 0.032067 0.467991
v 0.163787 0.031988 0.471744
v 0.167749 0.032569 0.469302
v 0.168523 0.035367 0.486906
v 0.168857 0.032317 0.487330
v 0.172072 0.031067 0.490822
v 0.169804 0.031289 0.491706
v 0.169828 0.034017 0.491882
v 0.166552 0.033917 0.487896
v 0.166296 0.031513 0.488434
v 0.163651 0.031357 0.490931
v 0.161518 0.035467 0.490023
v 0.145554 0.035167 0.493417
v 0.151554 0.032317 0.493417
v 0.163854 0.030862 0.494176
v 0.163252 0.030874 0.490875
v 0.163263 0.030864 0.492019
v 0.135250 0.032158 0.488553
v 0.134626 0.032250 0.488921
v 0.135219 0.032317 0.489170
v 0.142451 0.030851 0.494643
v 0.133209 0.030884 0.494248
v 0.132973 0.030901 0.494049
v 0.132764 0.031339 0.494023
v 0.139399 0.030851 0.494643
v 0.115857 0.031692 0.484204
v 0.107264 0.031504 0.473697
v 0.119923 0.032250 0.486041
v 0.124981 0.031192 0.490829
v 0.127469 0.034017 0.491808
v 0.127747 0.031490 0.491633
v 0.128493 0.031417 0.490248
v 0.128087 0.030977 0.490080
v 0.132775 0.031214 0.489522
v 0.131876 0.031067 0.488872
v 0.131988 0.030851 0.488584
v 0.133133 0.030890 0.489553
v 0.127340 0.030928 0.491539
v 0.126848 0.030852 0.491503
v 0.121874 0.030884 0.488670
v 0.123459 0.030884 0.489685
v 0.118667 0.031317 0.486647
v 0.130986 0.035367 0.487467
v 0.141858 0.031879 0.475649
v 0.145516 0.031942 0.476133
v 0.143857 0.031817 0.475864
v 0.147616 0.032659 0.476795
v 0.150071 0.032513 0.476711
v 0.147173 0.032317 0.488399
v 0.146801 0.033817 0.488906
v 0.150854 0.033817 0.489216
v 0.150881 0.032317 0.489225
v 0.134515 0.033817 0.493113
v 0.142266 0.030683 0.477590
v 0.146034 0.030500 0.477977
v 0.153370 0.023085 0.476351
v 0.153496 0.023817 0.477072
v 0.146147 0.023085 0.476664
v 0.175666 0.023817 0.458564
v 0.175673 0.024817 0.459042
v 0.178098 0.024817 0.457559
v 0.177632 0.026067 0.457751
v 0.177954 0.030017 0.457616
v 0.178642 0.029905 0.456772
v 0.178654 0.031900 0.455879
v 0.163959 0.030067 0.473417
v 0.157284 0.030067 0.476493
v 0.160747 0.030317 0.475228
v 0.175799 0.030317 0.459090
v 0.176329 0.030500 0.458585
v 0.188852 0.030817 0.469285
v 0.189752 0.030897 0.469513
v 0.191294 0.030884 0.470409
v 0.189685 0.031317 0.473994
v 0.191389 0.031781 0.469755
v 0.188512 0.031504 0.475782
v 0.178990 0.032317 0.475708
v 0.179523 0.035167 0.475695
v 0.179523 0.032317 0.475695
v 0.192845 0.032017 0.464408
v 0.192845 0.034017 0.464408
v 0.195410 0.031067 0.459998
v 0.195072 0.031317 0.461582
v 0.196428 0.031150 0.454414
v 0.196591 0.031067 0.452523
v 0.196712 0.032317 0.445780
v 0.196467 0.031317 0.443073
v 0.195964 0.030884 0.441264
v 0.195503 0.030851 0.439399
v 0.196518 0.030884 0.450633
v 0.196429 0.030851 0.448768
v 0.194056 0.030896 0.433749
v 0.192932 0.032317 0.462821
v 0.194305 0.033817 0.457357
v 0.192932 0.033817 0.462821
v 0.189151 0.035367 0.461839
v 0.189151 0.032317 0.461839
v 0.188847 0.032317 0.462286
v 0.186356 0.033817 0.465903
v 0.186519 0.032317 0.466146
v 0.189190 0.035167 0.451313
v 0.189461 0.032317 0.451584
v 0.189395 0.035217 0.446082
v 0.192343 0.032317 0.440569
v 0.192343 0.033817 0.440569
v 0.191078 0.032317 0.435484
v 0.189007 0.035167 0.450720
v 0.188610 0.031289 0.466094
v 0.188864 0.031499 0.467668
v 0.188238 0.030909 0.466790
v 0.188690 0.030954 0.468242
v 0.183363 0.032317 0.482181
v 0.185227 0.031317 0.480124
v 0.186433 0.031317 0.478655
v 0.179821 0.031067 0.485429
v 0.181118 0.030884 0.484033
v 0.173534 0.030851 0.489610
v 0.168619 0.030971 0.489421
v 0.170145 0.030835 0.491414
v 0.182495 0.030884 0.482709
v 0.183789 0.030884 0.481365
v 0.174660 0.024817 0.457199
v 0.175122 0.024085 0.455998
v 0.160572 0.024007 0.471677
v 0.160178 0.025747 0.472391
v 0.158539 0.024134 0.470322
v 0.159686 0.023906 0.470399
v 0.137595 0.023951 0.472345
v 0.143658 0.023817 0.473794
v 0.126739 0.025120 0.464306
v 0.126671 0.024951 0.464822
v 0.127869 0.024234 0.463906
v 0.128511 0.024484 0.461678
v 0.125712 0.024177 0.460271
v 0.125547 0.025004 0.460874
v 0.123490 0.025817 0.460210
v 0.123147 0.032362 0.460231
v 0.126009 0.032250 0.464948
v 0.125806 0.032317 0.465093
v 0.127718 0.032033 0.466906
v 0.127439 0.025817 0.466387
v 0.129637 0.028817 0.468727
v 0.141874 0.030223 0.475613
v 0.131510 0.031415 0.472231
v 0.132738 0.028817 0.471264
v 0.135256 0.030317 0.473994
v 0.127987 0.032732 0.467903
v 0.121544 0.033817 0.479031
v 0.121581 0.035167 0.479111
v 0.119916 0.035167 0.477406
v 0.118570 0.033817 0.475993
v 0.121814 0.032317 0.477277
v 0.153344 0.025817 0.475848
v 0.156434 0.026242 0.475115
v 0.152281 0.032317 0.476519
v 0.157601 0.031900 0.474749
v 0.161826 0.032283 0.473281
v 0.168646 0.035442 0.487178
v 0.153900 0.032250 0.475998
v 0.156236 0.024302 0.474045
v 0.157102 0.025468 0.474241
v 0.156142 0.023951 0.471963
v 0.124130 0.025817 0.461085
v 0.123958 0.024905 0.460567
v 0.109897 0.033817 0.463318
v 0.118225 0.032158 0.452457
v 0.118146 0.032067 0.450018
v 0.178132 0.022951 0.444886
v 0.178498 0.023317 0.444886
v 0.175687 0.024817 0.440446
v 0.174973 0.024085 0.441036
v 0.177632 0.022880 0.456251
v 0.178224 0.023355 0.456234
v 0.178632 0.023817 0.454751
v 0.174775 0.032227 0.458392
v 0.174644 0.025817 0.457728
v 0.127281 0.023085 0.466974
v 0.132186 0.024150 0.472491
v 0.126725 0.023817 0.467450
v 0.138746 0.024817 0.476059
v 0.138788 0.030817 0.480866
v 0.138028 0.030817 0.481449
v 0.131801 0.030683 0.473049
v 0.132009 0.030317 0.472748
v 0.120111 0.024484 0.460164
v 0.121812 0.024150 0.460441
v 0.124053 0.030272 0.464674
v 0.126420 0.030317 0.467712
v 0.122428 0.024817 0.461354
v 0.119258 0.029984 0.460097
v 0.105867 0.030887 0.470256
v 0.108561 0.031390 0.466730
v 0.108627 0.030884 0.475410
v 0.108475 0.031067 0.475512
v 0.113381 0.030851 0.481247
v 0.138662 0.032134 0.482914
v 0.157709 0.030884 0.494768
v 0.160761 0.030884 0.494768
v 0.157709 0.031067 0.494951
v 0.165166 0.030884 0.488701
v 0.174047 0.032446 0.436718
v 0.174252 0.030692 0.438977
v 0.174273 0.030505 0.439030
v 0.178990 0.032317 0.421829
v 0.178990 0.035167 0.421829
v 0.175646 0.035217 0.417571
v 0.188353 0.035367 0.433859
v 0.188847 0.035367 0.435251
v 0.188681 0.031067 0.432147
v 0.134985 0.022829 0.425165
v 0.141066 0.022817 0.422827
v 0.135056 0.022817 0.425384
v 0.140687 0.023451 0.421515
v 0.102696 0.033454 0.463759
v 0.102680 0.032742 0.463715
v 0.100931 0.031192 0.456307
v 0.100708 0.031067 0.454455
v 0.100376 0.031192 0.450686
v 0.100592 0.030884 0.450678
v 0.100522 0.031067 0.452582
v 0.100669 0.031192 0.443121
v 0.100964 0.031067 0.441235
v 0.102472 0.030851 0.435788
v 0.101876 0.030884 0.437580
v 0.101144 0.030884 0.441264
v 0.100885 0.030884 0.443146
v 0.100337 0.031192 0.448768
v 0.107853 0.030863 0.433590
v 0.108827 0.030817 0.432313
v 0.106959 0.035442 0.435787
v 0.107701 0.035442 0.435735
v 0.109220 0.035442 0.432476
v 0.118586 0.033817 0.421631
v 0.126692 0.033791 0.426899
v 0.127590 0.033791 0.426036
v 0.110464 0.035442 0.429036
v 0.108109 0.032317 0.435474
v 0.129142 0.030500 0.426798
v 0.127430 0.030940 0.406070
v 0.123414 0.031067 0.407664
v 0.123510 0.030884 0.407820
v 0.121912 0.030884 0.408841
v 0.119721 0.031317 0.410080
v 0.118723 0.031192 0.410888
v 0.111932 0.031067 0.417456
v 0.109825 0.030851 0.420625
v 0.108860 0.030817 0.422227
v 0.114436 0.031317 0.414650
v 0.108419 0.030954 0.429295
v 0.128252 0.032317 0.410206
v 0.130460 0.030864 0.409255
v 0.129061 0.030955 0.408621
v 0.087054 0.025656 0.428815
v 0.086554 0.028167 0.425951
v 0.087054 0.031559 0.424286
v 0.086554 0.017046 0.445267
v 0.086554 0.017797 0.441462
v 0.086304 0.018997 0.460020
v 0.086554 0.038303 0.476980
v 0.086304 0.034757 0.475780
v 0.086304 0.074809 0.448968
v 0.086054 0.074572 0.445267
v 0.087054 0.053184 0.421439
v 0.087054 0.060058 0.424286
v 0.086554 0.045808 0.419968
v 0.086554 0.049510 0.420205
v 0.087054 0.045808 0.420468
v 0.087054 0.045809 0.477468
v 0.086554 0.049510 0.477731
v 0.086554 0.045809 0.477968
v 0.078904 0.068940 0.460752
v 0.079054 0.069732 0.459150
v 0.078904 0.069695 0.459134
v 0.078904 0.071740 0.450183
v 0.078849 0.071538 0.451986
v 0.078754 0.021456 0.452521
v 0.079074 0.021456 0.452521
v 0.079074 0.021252 0.450589
v 0.078904 0.022484 0.460363
v 0.079054 0.022447 0.460381
v 0.079064 0.024017 0.461829
v 0.079054 0.027944 0.467859
v 0.079054 0.026609 0.466500
v 0.085669 0.035807 0.472469
v 0.079054 0.035627 0.472892
v 0.079054 0.033968 0.472116
v 0.078774 0.035715 0.472685
v 0.078794 0.034037 0.471982
v 0.078904 0.029378 0.469066
v 0.078849 0.028009 0.467790
v 0.078774 0.046480 0.474734
v 0.085504 0.050147 0.474590
v 0.085594 0.045809 0.473578
v 0.085434 0.047429 0.473525
v 0.085434 0.066685 0.462000
v 0.078904 0.067026 0.463926
v 0.079054 0.067059 0.463949
v 0.079054 0.068085 0.462375
v 0.085734 0.064529 0.466685
v 0.085754 0.065663 0.465287
v 0.079054 0.058867 0.471451
v 0.085641 0.057710 0.471899
v 0.085454 0.060430 0.470467
v 0.085714 0.055474 0.472943
v 0.079054 0.051976 0.474226
v 0.079054 0.050149 0.474603
v 0.078849 0.063312 0.468066
v 0.078794 0.061860 0.469231
v 0.078849 0.068004 0.462326
v 0.078794 0.066936 0.463863
v 0.078904 0.055515 0.473045
v 0.085659 0.071244 0.453878
v 0.085604 0.071592 0.451992
v 0.079054 0.071632 0.451997
v 0.079054 0.071780 0.450185
v 0.078849 0.071345 0.444615
v 0.078849 0.070720 0.441922
v 0.085691 0.070404 0.441055
v 0.085727 0.069741 0.439330
v 0.085734 0.071465 0.446494
v 0.085741 0.071551 0.448346
v 0.085594 0.064685 0.433177
v 0.085679 0.064181 0.431601
v 0.079054 0.068287 0.435901
v 0.079054 0.067292 0.434323
v 0.078754 0.064685 0.433177
v 0.078849 0.069838 0.439291
v 0.085659 0.069084 0.437597
v 0.085714 0.068157 0.435977
v 0.078794 0.062170 0.428955
v 0.078754 0.060627 0.427970
v 0.078754 0.062075 0.429071
v 0.078904 0.055974 0.425082
v 0.079054 0.055990 0.425045
v 0.078904 0.054268 0.424425
v 0.085604 0.052472 0.423878
v 0.085659 0.050706 0.423530
v 0.078867 0.047655 0.423126
v 0.079054 0.050724 0.423437
v 0.079054 0.048905 0.423153
v 0.078849 0.041484 0.423427
v 0.078794 0.039677 0.423856
v 0.085529 0.037843 0.424239
v 0.085529 0.039646 0.423729
v 0.085594 0.031547 0.428912
v 0.085754 0.030018 0.430092
v 0.078904 0.031210 0.427502
v 0.079054 0.031187 0.427469
v 0.079054 0.029664 0.428588
v 0.078904 0.025754 0.432485
v 0.079054 0.024559 0.433987
v 0.085714 0.024681 0.434073
v 0.085741 0.024127 0.435764
v 0.079054 0.025723 0.432459
v 0.085454 0.026324 0.431777
v 0.085504 0.022401 0.437713
v 0.078767 0.022615 0.437814
v 0.078849 0.020794 0.442234
v 0.078794 0.020427 0.444070
v 0.085591 0.020241 0.453326
v 0.085454 0.019929 0.451464
v 0.085734 0.020500 0.444084
v 0.085454 0.019816 0.449597
v 0.079054 0.019816 0.449597
v 0.085754 0.024951 0.451411
v 0.085594 0.024838 0.447849
v 0.085714 0.037385 0.473407
v 0.078904 0.040024 0.474259
v 0.079054 0.039136 0.474097
v 0.085529 0.044582 0.474919
v 0.085454 0.042712 0.474783
v 0.078794 0.044588 0.474789
v 0.078774 0.042739 0.474560
v 0.085734 0.024511 0.463487
v 0.085754 0.025657 0.464918
v 0.085659 0.020645 0.455122
v 0.085594 0.022959 0.458108
v 0.085754 0.021824 0.454482
v 0.079074 0.024932 0.435936
v 0.078794 0.036143 0.424993
v 0.078754 0.036199 0.425132
v 0.078754 0.037929 0.424506
v 0.085529 0.036095 0.424872
v 0.085659 0.034429 0.425697
v 0.085714 0.032826 0.426615
v 0.078904 0.052472 0.423878
v 0.079054 0.054281 0.424387
v 0.079054 0.052482 0.423839
v 0.085594 0.053975 0.429621
v 0.085754 0.050552 0.428511
v 0.085529 0.059280 0.426754
v 0.085604 0.060777 0.427758
v 0.085529 0.063659 0.430092
v 0.085714 0.057581 0.425954
v 0.085664 0.055674 0.425788
v 0.085434 0.058840 0.428092
v 0.085754 0.071481 0.450171
v 0.129918 0.095447 0.412066
v 0.130139 0.093604 0.412155
v 0.162124 0.097804 0.409243
v 0.162003 0.095484 0.409571
v 0.161717 0.098048 0.408478
v 0.161270 0.095722 0.408316
v 0.105754 0.095104 0.471709
v 0.107290 0.096104 0.470980
v 0.123749 0.095104 0.416063
v 0.128089 0.095361 0.411992
v 0.133797 0.098324 0.405572
v 0.134554 0.096604 0.405158
v 0.135836 0.096231 0.407810
v 0.133567 0.093604 0.490134
v 0.132651 0.093604 0.488056
v 0.132569 0.093944 0.489888
v 0.170161 0.096154 0.406618
v 0.170493 0.098310 0.406592
v 0.133941 0.093905 0.405821
v 0.136458 0.093638 0.403228
v 0.133782 0.094211 0.403882
v 0.123749 0.093604 0.416063
v 0.128090 0.093604 0.409238
v 0.117567 0.093626 0.413142
v 0.106013 0.096713 0.429342
v 0.107865 0.096387 0.433875
v 0.108262 0.096778 0.432058
v 0.110081 0.093604 0.433593
v 0.108602 0.093604 0.433454
v 0.112159 0.093604 0.469784
v 0.107315 0.093858 0.470053
v 0.105843 0.093854 0.471336
v 0.116370 0.093604 0.475978
v 0.112133 0.093746 0.480644
v 0.113324 0.093793 0.482080
v 0.107364 0.093604 0.455655
v 0.102732 0.093638 0.449536
v 0.102857 0.093604 0.452588
v 0.128526 0.094684 0.407672
v 0.128277 0.096250 0.407849
v 0.163758 0.094138 0.408091
v 0.161118 0.093604 0.410492
v 0.164297 0.093604 0.411657
v 0.167014 0.096804 0.405097
v 0.164125 0.096604 0.406056
v 0.169838 0.094105 0.406676
v 0.163555 0.094246 0.492371
v 0.164288 0.096404 0.494135
v 0.163901 0.096404 0.492991
v 0.184068 0.094104 0.482256
v 0.184111 0.095104 0.482209
v 0.191337 0.096684 0.469956
v 0.193413 0.096804 0.465792
v 0.194857 0.094104 0.449536
v 0.194290 0.095104 0.437330
v 0.194607 0.093854 0.446484
v 0.190685 0.093604 0.435052
v 0.194482 0.093638 0.440381
v 0.191519 0.093604 0.435091
v 0.188352 0.093604 0.429721
v 0.185763 0.093604 0.432204
v 0.187947 0.093604 0.431414
v 0.188914 0.093604 0.470062
v 0.169123 0.093604 0.489834
v 0.179674 0.093638 0.485962
v 0.141771 0.093870 0.495648
v 0.138205 0.094104 0.490306
v 0.127743 0.093604 0.485635
v 0.128453 0.093604 0.489551
v 0.130200 0.096804 0.493975
v 0.128201 0.096645 0.492232
v 0.106052 0.095828 0.427909
v 0.107572 0.097887 0.428317
v 0.106191 0.098148 0.427638
v 0.113530 0.095085 0.418457
v 0.113796 0.095104 0.416141
v 0.156199 0.093877 0.401994
v 0.137602 0.095104 0.489752
v 0.135787 0.095368 0.490135
v 0.134604 0.095361 0.488873
v 0.140542 0.095160 0.492382
v 0.142486 0.095104 0.490736
v 0.141361 0.095169 0.492389
v 0.127662 0.098179 0.490390
v 0.130142 0.098304 0.494113
v 0.126637 0.098192 0.492494
v 0.103490 0.096649 0.433578
v 0.118186 0.095104 0.486988
v 0.115691 0.095854 0.482452
v 0.121104 0.095104 0.487093
v 0.150147 0.095104 0.402613
v 0.148607 0.095104 0.402986
v 0.110024 0.095822 0.470571
v 0.106487 0.095679 0.447177
v 0.104057 0.096604 0.437329
v 0.106057 0.096604 0.442481
v 0.104057 0.096604 0.461743
v 0.106927 0.096251 0.462241
v 0.113555 0.094604 0.426957
v 0.110023 0.094604 0.423139
v 0.117621 0.094104 0.421650
v 0.132343 0.096604 0.410271
v 0.134498 0.096081 0.409926
v 0.147218 0.096329 0.405763
v 0.150120 0.095531 0.407862
v 0.147357 0.096604 0.407861
v 0.163650 0.096154 0.410705
v 0.165957 0.096604 0.411556
v 0.164297 0.096604 0.411657
v 0.186216 0.095160 0.428332
v 0.184386 0.095854 0.423956
v 0.180204 0.095104 0.421828
v 0.187469 0.098271 0.429980
v 0.168142 0.095104 0.485986
v 0.171417 0.095104 0.483605
v 0.169370 0.095104 0.486399
v 0.190013 0.098259 0.470438
v 0.194237 0.098321 0.464378
v 0.190268 0.095082 0.471410
v 0.191462 0.095172 0.471706
v 0.188614 0.098304 0.465297
v 0.192505 0.098192 0.463611
v 0.147013 0.093638 0.497385
v 0.146977 0.094104 0.497759
v 0.193157 0.095854 0.461743
v 0.135484 0.095104 0.495967
v 0.141403 0.095104 0.495792
v 0.141149 0.095104 0.497206
v 0.170144 0.095892 0.408155
v 0.169594 0.096157 0.410699
v 0.177890 0.095590 0.417540
v 0.180623 0.095592 0.420097
v 0.178468 0.096604 0.421442
v 0.191122 0.096604 0.447470
v 0.191157 0.096604 0.451786
v 0.188605 0.094729 0.473801
v 0.188139 0.094477 0.468251
v 0.189649 0.094270 0.470313
v 0.169974 0.095730 0.488077
v 0.176763 0.095854 0.486605
v 0.147149 0.095658 0.493882
v 0.147874 0.096604 0.496074
v 0.142230 0.094671 0.493501
v 0.141676 0.095855 0.493340
v 0.103857 0.106804 0.461494
v 0.107325 0.106804 0.465336
v 0.106055 0.106804 0.464871
v 0.109284 0.100304 0.429464
v 0.108282 0.100304 0.431245
v 0.108111 0.100304 0.430772
v 0.102737 0.098382 0.434595
v 0.104083 0.095237 0.435550
v 0.102780 0.096129 0.434476
v 0.103647 0.098304 0.464511
v 0.129793 0.098433 0.490423
v 0.182371 0.121304 0.483300
v 0.170354 0.121304 0.492046
v 0.176741 0.121904 0.488530
v 0.190429 0.098304 0.433658
v 0.191873 0.098304 0.433931
v 0.193357 0.106804 0.461494
v 0.132792 0.106804 0.408270
v 0.166790 0.106804 0.409216
v 0.187385 0.095104 0.420825
v 0.182054 0.095104 0.415809
v 0.167874 0.121304 0.405846
v 0.174833 0.121304 0.409633
v 0.171554 0.121554 0.407377
v 0.164213 0.106804 0.408119
v 0.133215 0.106804 0.407737
v 0.115793 0.100449 0.419834
v 0.115338 0.100304 0.418813
v 0.115704 0.102132 0.419970
v 0.112853 0.095718 0.418651
v 0.109700 0.095082 0.422297
v 0.134094 0.095204 0.403915
v 0.126568 0.098454 0.406782
v 0.102857 0.121304 0.455639
v 0.102357 0.120804 0.455639
v 0.102757 0.121564 0.461743
v 0.110799 0.121304 0.420370
v 0.116143 0.121304 0.414520
v 0.113365 0.121304 0.417317
v 0.120739 0.106804 0.488001
v 0.129638 0.106804 0.490228
v 0.112829 0.098138 0.418682
v 0.112816 0.102185 0.418694
v 0.112839 0.104169 0.418671
v 0.112829 0.106090 0.418682
v 0.112828 0.099874 0.418682
v 0.167598 0.098454 0.408581
v 0.164238 0.098304 0.406239
v 0.166957 0.098304 0.405236
v 0.176759 0.113804 0.410351
v 0.176719 0.106804 0.410322
v 0.194857 0.113804 0.461743
v 0.194857 0.120804 0.455639
v 0.194857 0.120804 0.461743
v 0.189985 0.106804 0.465179
v 0.107341 0.106804 0.433720
v 0.190040 0.098304 0.465633
v 0.192762 0.098304 0.468231
v 0.177000 0.095104 0.488547
v 0.182169 0.095614 0.481883
v 0.182725 0.095104 0.483654
v 0.162677 0.095243 0.494116
v 0.163434 0.095601 0.495450
v 0.170035 0.096192 0.492378
v 0.133800 0.095915 0.495448
v 0.134368 0.098351 0.493830
v 0.134017 0.098304 0.495212
v 0.107950 0.098304 0.467724
v 0.127914 0.141804 0.257297
v 0.132525 0.134304 0.259962
v 0.126285 0.134304 0.256355
v 0.143524 0.141804 0.266319
v 0.145006 0.134304 0.267176
v 0.138766 0.134304 0.263569
v 0.102857 0.121304 0.437330
v 0.144645 0.121304 0.497122
v 0.122380 0.121304 0.489439
v 0.194690 0.121904 0.449537
v 0.194857 0.121804 0.455640
v 0.170478 0.141804 0.404544
v 0.172986 0.138804 0.410936
v 0.170387 0.138804 0.404311
v 0.172458 0.144804 0.409587
v 0.170469 0.144804 0.404522
v 0.151663 0.124604 0.494217
v 0.150540 0.124604 0.494291
v 0.149991 0.124604 0.495874
v 0.122243 0.121554 0.409425
v 0.108579 0.138125 0.405476
v 0.108659 0.141804 0.405068
v 0.108940 0.138805 0.399352
v 0.112074 0.144805 0.335561
v 0.111968 0.141804 0.337508
v 0.111968 0.144805 0.337505
v 0.114243 0.141804 0.301483
v 0.114389 0.144804 0.299536
v 0.114389 0.141804 0.299536
v 0.115770 0.138804 0.283187
v 0.115520 0.136722 0.285881
v 0.113342 0.144805 0.314399
v 0.113097 0.141804 0.318207
v 0.113097 0.144805 0.318208
v 0.113503 0.144805 0.311969
v 0.113802 0.141804 0.307603
v 0.113503 0.141804 0.311969
v 0.135025 0.149304 0.228108
v 0.128340 0.149304 0.235615
v 0.131517 0.149304 0.231656
v 0.148581 0.141804 0.296506
v 0.148578 0.137921 0.296149
v 0.144065 0.130746 0.237504
v 0.134652 0.130738 0.239038
v 0.141043 0.130738 0.242732
v 0.153826 0.130738 0.250119
v 0.147435 0.130738 0.246425
v 0.144413 0.130731 0.251654
v 0.156499 0.130748 0.230743
v 0.150108 0.130748 0.227049
v 0.147086 0.130747 0.232276
v 0.135207 0.130566 0.228034
v 0.140695 0.130747 0.228582
v 0.137020 0.130750 0.226458
v 0.146141 0.123804 0.238245
v 0.147911 0.123804 0.239366
v 0.145714 0.123804 0.236194
v 0.143411 0.123804 0.233537
v 0.110789 0.141804 0.361687
v 0.110880 0.144804 0.359672
v 0.111018 0.141804 0.356651
v 0.109886 0.141804 0.380408
v 0.109869 0.138805 0.380757
v 0.110199 0.141804 0.374099
v 0.110249 0.138359 0.374713
v 0.194857 0.121804 0.443433
v 0.194690 0.121904 0.437330
v 0.160383 0.121304 0.403262
v 0.102357 0.122604 0.445447
v 0.102524 0.121904 0.449536
v 0.146611 0.095308 0.407890
v 0.106930 0.095245 0.452079
v 0.107364 0.095117 0.455655
v 0.121133 0.095104 0.480899
v 0.121621 0.093604 0.481319
v 0.121621 0.095104 0.481319
v 0.106935 0.093604 0.448178
v 0.118077 0.095292 0.421140
v 0.158566 0.095114 0.407095
v 0.157659 0.095125 0.406848
v 0.160562 0.095224 0.407500
v 0.162977 0.095917 0.411137
v 0.178336 0.096057 0.416627
v 0.167611 0.098146 0.411345
v 0.164967 0.098238 0.410040
v 0.169352 0.098304 0.408599
v 0.168184 0.096229 0.411648
v 0.169721 0.095152 0.412063
v 0.156385 0.095207 0.406549
v 0.110410 0.098159 0.468739
v 0.107978 0.095557 0.462003
v 0.106821 0.096417 0.450867
v 0.106533 0.095579 0.456591
v 0.107729 0.098083 0.462677
v 0.109497 0.096011 0.463986
v 0.108942 0.095827 0.463638
v 0.110626 0.096141 0.468224
v 0.116850 0.096441 0.479451
v 0.105986 0.098192 0.471502
v 0.107836 0.098054 0.470681
v 0.109885 0.095854 0.471157
v 0.116044 0.095220 0.478402
v 0.111063 0.095305 0.469964
v 0.146411 0.095857 0.405542
v 0.135500 0.098145 0.408310
v 0.128366 0.098054 0.410948
v 0.127394 0.098298 0.408499
v 0.126986 0.095854 0.410814
v 0.127291 0.095788 0.410793
v 0.118798 0.095998 0.417740
v 0.119477 0.095305 0.416827
v 0.122814 0.095854 0.413459
v 0.123133 0.095305 0.413906
v 0.129363 0.098037 0.411448
v 0.128677 0.098054 0.411344
v 0.132330 0.097929 0.410240
v 0.135090 0.096604 0.409243
v 0.135090 0.097204 0.409243
v 0.141425 0.095305 0.406329
v 0.129948 0.096623 0.489987
v 0.132534 0.096513 0.490217
v 0.133549 0.093975 0.495271
v 0.126473 0.093948 0.492357
v 0.127873 0.094193 0.492186
v 0.129236 0.094695 0.490267
v 0.191579 0.093957 0.428107
v 0.172175 0.093937 0.407485
v 0.129352 0.096671 0.408590
v 0.132778 0.096751 0.408501
v 0.133322 0.096591 0.407419
v 0.136450 0.093997 0.402872
v 0.150188 0.093604 0.401812
v 0.147432 0.093638 0.401675
v 0.139126 0.093854 0.402295
v 0.132941 0.094326 0.404574
v 0.111960 0.093979 0.418203
v 0.110781 0.093854 0.419690
v 0.103354 0.093749 0.434024
v 0.105018 0.093699 0.434565
v 0.105703 0.093881 0.428204
v 0.126807 0.093817 0.406680
v 0.125239 0.093638 0.407751
v 0.127312 0.094049 0.406458
v 0.116043 0.093671 0.414272
v 0.105826 0.096594 0.434233
v 0.107458 0.093910 0.429339
v 0.109267 0.093604 0.431414
v 0.108920 0.093699 0.431471
v 0.102357 0.094104 0.461743
v 0.102453 0.093871 0.458691
v 0.105772 0.096597 0.470158
v 0.108440 0.094105 0.466238
v 0.107985 0.096596 0.465866
v 0.105605 0.096626 0.464840
v 0.103653 0.096567 0.465510
v 0.108302 0.096653 0.467925
v 0.105664 0.094040 0.470586
v 0.113103 0.095104 0.482209
v 0.107445 0.094104 0.474711
v 0.108762 0.095104 0.476747
v 0.103393 0.093903 0.465250
v 0.104126 0.093604 0.464497
v 0.102780 0.098237 0.464631
v 0.102880 0.095104 0.464934
v 0.102607 0.093671 0.455639
v 0.102732 0.093638 0.446484
v 0.102486 0.094104 0.435728
v 0.102357 0.095104 0.437329
v 0.102357 0.094104 0.437329
v 0.107612 0.093762 0.424393
v 0.108553 0.093854 0.422755
v 0.114192 0.093732 0.416000
v 0.121844 0.093979 0.409429
v 0.123432 0.094104 0.408374
v 0.132967 0.094804 0.405245
v 0.133480 0.093964 0.407997
v 0.129473 0.096404 0.409015
v 0.130677 0.094287 0.409516
v 0.131973 0.093979 0.409378
v 0.176216 0.093626 0.410485
v 0.168734 0.094406 0.407757
v 0.167845 0.094122 0.409104
v 0.167712 0.096743 0.408649
v 0.162792 0.093604 0.405622
v 0.163965 0.093974 0.404484
v 0.163732 0.096404 0.407364
v 0.163549 0.093985 0.405935
v 0.164163 0.096429 0.404195
v 0.166530 0.096605 0.409463
v 0.165110 0.093638 0.409693
v 0.159845 0.093762 0.402776
v 0.158000 0.093671 0.402464
v 0.161730 0.094104 0.403105
v 0.178474 0.093979 0.411683
v 0.179027 0.094104 0.412084
v 0.183939 0.093762 0.416910
v 0.185267 0.093854 0.418269
v 0.194482 0.093638 0.443433
v 0.193647 0.094120 0.465401
v 0.191487 0.093775 0.471326
v 0.191460 0.093877 0.470594
v 0.169952 0.093911 0.492302
v 0.168378 0.096763 0.491381
v 0.166325 0.096583 0.489676
v 0.163463 0.093659 0.495150
v 0.163988 0.094391 0.493990
v 0.155361 0.093979 0.497277
v 0.153826 0.094104 0.497503
v 0.160570 0.094104 0.496279
v 0.158094 0.093979 0.496810
v 0.166578 0.094297 0.489562
v 0.168685 0.094605 0.491336
v 0.167565 0.096778 0.490301
v 0.186362 0.093762 0.479325
v 0.187437 0.093671 0.477753
v 0.178294 0.093700 0.487233
v 0.173308 0.095104 0.490984
v 0.175388 0.094104 0.489671
v 0.173782 0.094104 0.490698
v 0.172035 0.093671 0.491430
v 0.176677 0.093604 0.488164
v 0.194326 0.096954 0.464959
v 0.191960 0.098304 0.470716
v 0.194152 0.093732 0.464882
v 0.189236 0.096778 0.468191
v 0.188783 0.096578 0.467745
v 0.190169 0.096604 0.469400
v 0.187924 0.095071 0.476411
v 0.189737 0.094104 0.474762
v 0.188717 0.094104 0.476355
v 0.189156 0.094635 0.468705
v 0.188774 0.094106 0.466238
v 0.189204 0.096404 0.465516
v 0.189204 0.094128 0.465516
v 0.191766 0.094061 0.464709
v 0.190749 0.093851 0.464499
v 0.194823 0.093979 0.452588
v 0.194857 0.094104 0.455639
v 0.191447 0.095690 0.427966
v 0.189157 0.094635 0.430367
v 0.189666 0.096553 0.430126
v 0.193739 0.096650 0.433656
v 0.192051 0.096550 0.434215
v 0.190531 0.096593 0.434234
v 0.191445 0.096604 0.429020
v 0.192163 0.093955 0.434486
v 0.193816 0.093927 0.434009
v 0.194607 0.093671 0.437330
v 0.194624 0.093871 0.435692
v 0.189633 0.093762 0.424444
v 0.190661 0.093854 0.426018
v 0.169351 0.093685 0.408339
v 0.169123 0.093604 0.409239
v 0.135507 0.093979 0.495939
v 0.132934 0.094464 0.494127
v 0.134391 0.093656 0.492207
v 0.117495 0.093638 0.485924
v 0.118797 0.093887 0.487317
v 0.120262 0.093979 0.488541
v 0.126510 0.095204 0.492429
v 0.132813 0.096604 0.494659
v 0.133383 0.096504 0.491360
v 0.133462 0.094205 0.493053
v 0.160061 0.095104 0.409754
v 0.160079 0.094604 0.409798
v 0.108582 0.095642 0.436283
v 0.104553 0.098454 0.435347
v 0.106902 0.095367 0.437700
v 0.107795 0.095255 0.437405
v 0.106852 0.096033 0.436825
v 0.107607 0.097990 0.436418
v 0.109562 0.098054 0.430341
v 0.107059 0.095038 0.427704
v 0.111136 0.095104 0.420752
v 0.107398 0.094685 0.428062
v 0.109566 0.098271 0.431813
v 0.108832 0.098238 0.433866
v 0.108822 0.094604 0.435210
v 0.127568 0.096827 0.406258
v 0.150726 0.094048 0.403610
v 0.151086 0.094262 0.403350
v 0.128492 0.097846 0.487865
v 0.128156 0.096205 0.487984
v 0.129784 0.096095 0.487485
v 0.119430 0.095394 0.481577
v 0.120573 0.095305 0.480399
v 0.122814 0.095854 0.485613
v 0.123133 0.095305 0.485166
v 0.129263 0.097804 0.487482
v 0.134735 0.095243 0.489179
v 0.147166 0.095270 0.492488
v 0.137730 0.095125 0.491796
v 0.136384 0.095466 0.491486
v 0.135633 0.098054 0.491134
v 0.135726 0.097904 0.490728
v 0.149888 0.095561 0.406385
v 0.111050 0.095854 0.477038
v 0.102976 0.096927 0.465134
v 0.155075 0.094261 0.403438
v 0.154898 0.094264 0.404014
v 0.186751 0.098104 0.430375
v 0.190251 0.096604 0.436803
v 0.190088 0.095445 0.437634
v 0.188122 0.095904 0.435573
v 0.186696 0.096104 0.431441
v 0.189365 0.097929 0.428360
v 0.181593 0.095854 0.419893
v 0.186176 0.095579 0.429948
v 0.187899 0.097929 0.433249
v 0.190343 0.095678 0.447554
v 0.189339 0.097804 0.436503
v 0.188900 0.097804 0.436019
v 0.194484 0.098237 0.434592
v 0.192271 0.098271 0.435373
v 0.162156 0.096126 0.489534
v 0.161647 0.095104 0.488407
v 0.161335 0.096490 0.491693
v 0.161518 0.097804 0.491160
v 0.168492 0.097990 0.487841
v 0.168483 0.096479 0.487738
v 0.166069 0.095854 0.487350
v 0.165878 0.095579 0.486719
v 0.176351 0.095579 0.479721
v 0.178134 0.095631 0.481338
v 0.174081 0.095305 0.485167
v 0.161798 0.097716 0.490073
v 0.149940 0.096114 0.492999
v 0.150312 0.095931 0.493457
v 0.155789 0.095305 0.492743
v 0.151136 0.095305 0.493263
v 0.151357 0.095104 0.492498
v 0.188432 0.095556 0.462680
v 0.188555 0.095528 0.463515
v 0.189562 0.098115 0.462579
v 0.191531 0.098054 0.471573
v 0.189938 0.094854 0.471120
v 0.181225 0.095071 0.478441
v 0.182984 0.095104 0.480378
v 0.183835 0.095037 0.480393
v 0.183909 0.094854 0.480195
v 0.188790 0.095037 0.473914
v 0.187398 0.098176 0.467530
v 0.188168 0.094945 0.463188
v 0.190868 0.096008 0.451461
v 0.190286 0.095468 0.461622
v 0.146204 0.093854 0.496022
v 0.146820 0.095104 0.491777
v 0.146630 0.094925 0.492326
v 0.105828 0.100954 0.464859
v 0.106343 0.102704 0.464902
v 0.107325 0.102704 0.465336
v 0.106343 0.102704 0.434170
v 0.105867 0.098604 0.434199
v 0.107453 0.102704 0.433548
v 0.109311 0.105179 0.429346
v 0.104314 0.098454 0.468290
v 0.108249 0.102704 0.467915
v 0.108234 0.106804 0.467720
v 0.107994 0.104754 0.468441
v 0.120535 0.100954 0.488779
v 0.126984 0.106804 0.492670
v 0.126984 0.100954 0.492670
v 0.156311 0.113804 0.497167
v 0.148804 0.120804 0.497786
v 0.148804 0.113804 0.497786
v 0.182725 0.120804 0.483654
v 0.187138 0.121304 0.477740
v 0.194857 0.100954 0.461743
v 0.193764 0.100954 0.464114
v 0.191901 0.106804 0.434255
v 0.192326 0.100954 0.434550
v 0.191381 0.100954 0.427210
v 0.191500 0.098604 0.427440
v 0.189921 0.106804 0.429894
v 0.189693 0.102704 0.430246
v 0.188927 0.102704 0.431353
v 0.188927 0.098604 0.431353
v 0.167181 0.102704 0.409143
v 0.167832 0.100790 0.408611
v 0.167704 0.102704 0.408686
v 0.176270 0.100954 0.411849
v 0.170237 0.100954 0.408091
v 0.186294 0.106804 0.421873
v 0.190052 0.100993 0.427906
v 0.190052 0.106804 0.427906
v 0.186811 0.120804 0.420065
v 0.187414 0.113804 0.420865
v 0.182497 0.113804 0.415192
v 0.170340 0.113804 0.406458
v 0.164335 0.120804 0.403922
v 0.168075 0.120804 0.405388
v 0.156092 0.113804 0.401870
v 0.152610 0.120804 0.401452
v 0.156091 0.120804 0.401870
v 0.133225 0.102704 0.407493
v 0.130134 0.102704 0.409149
v 0.129911 0.098604 0.409083
v 0.126977 0.095181 0.408091
v 0.113844 0.100629 0.418268
v 0.115526 0.105916 0.420209
v 0.114909 0.106398 0.420214
v 0.115750 0.103605 0.420024
v 0.126977 0.106804 0.408091
v 0.127920 0.100993 0.407864
v 0.127920 0.106804 0.407864
v 0.109311 0.103554 0.429346
v 0.109108 0.106804 0.428815
v 0.108877 0.105991 0.428738
v 0.109588 0.100954 0.422456
v 0.105772 0.100954 0.427326
v 0.120454 0.113804 0.410351
v 0.120335 0.106804 0.410437
v 0.132879 0.120804 0.403921
v 0.129340 0.121304 0.405846
v 0.133431 0.121554 0.404002
v 0.133584 0.100954 0.403684
v 0.133819 0.106804 0.403608
v 0.140903 0.100954 0.401905
v 0.132991 0.098304 0.406184
v 0.134364 0.098304 0.404698
v 0.133215 0.098604 0.407737
v 0.120535 0.113804 0.488779
v 0.120535 0.120804 0.488779
v 0.114769 0.113804 0.483932
v 0.104313 0.120804 0.430401
v 0.102880 0.113804 0.434138
v 0.102880 0.120804 0.434138
v 0.112996 0.120804 0.416979
v 0.102880 0.106804 0.434138
v 0.102357 0.100954 0.437329
v 0.102357 0.106804 0.437329
v 0.109829 0.100954 0.478247
v 0.109829 0.095104 0.478247
v 0.114770 0.100954 0.483932
v 0.114770 0.095104 0.483932
v 0.126977 0.106804 0.490981
v 0.127785 0.100993 0.491205
v 0.126977 0.100993 0.490981
v 0.129444 0.100823 0.490464
v 0.106787 0.098454 0.470320
v 0.109561 0.106804 0.422930
v 0.109191 0.101929 0.428903
v 0.109274 0.100304 0.428992
v 0.164194 0.098604 0.407865
v 0.163978 0.100993 0.407248
v 0.164213 0.102704 0.408119
v 0.189149 0.120804 0.423375
v 0.188729 0.121304 0.423646
v 0.191158 0.120804 0.426788
v 0.194857 0.106804 0.437330
v 0.194334 0.100954 0.434138
v 0.194334 0.106804 0.434138
v 0.190642 0.102704 0.434159
v 0.190870 0.106804 0.434170
v 0.192232 0.106804 0.464595
v 0.191824 0.102704 0.464843
v 0.190116 0.100993 0.469596
v 0.189378 0.102704 0.468570
v 0.189378 0.100993 0.468570
v 0.170414 0.098604 0.491732
v 0.170237 0.095181 0.490981
v 0.176999 0.113804 0.488548
v 0.170583 0.106804 0.492491
v 0.176999 0.106804 0.488548
v 0.148805 0.106804 0.497786
v 0.156311 0.106804 0.497167
v 0.163992 0.102704 0.491498
v 0.163999 0.106804 0.491335
v 0.166858 0.102704 0.489858
v 0.167303 0.098604 0.489989
v 0.166858 0.098604 0.489858
v 0.177000 0.100954 0.488547
v 0.164250 0.098604 0.490915
v 0.163999 0.098604 0.491335
v 0.141519 0.106804 0.495746
v 0.134182 0.100993 0.493884
v 0.134595 0.106804 0.494137
v 0.141294 0.100954 0.497229
v 0.133222 0.102704 0.491361
v 0.133222 0.098604 0.491361
v 0.133000 0.098604 0.490953
v 0.133276 0.100993 0.492794
v 0.189414 0.098404 0.468324
v 0.190632 0.098604 0.464917
v 0.190870 0.102704 0.464902
v 0.102880 0.100954 0.464934
v 0.108111 0.098604 0.430772
v 0.104463 0.100954 0.464228
v 0.104463 0.106804 0.464228
v 0.119510 0.151498 0.257882
v 0.119813 0.148804 0.254936
v 0.119194 0.148767 0.257671
v 0.116685 0.149823 0.277221
v 0.116489 0.147245 0.276085
v 0.116385 0.147134 0.277045
v 0.138516 0.157337 0.253767
v 0.133795 0.157050 0.250644
v 0.131384 0.157063 0.257316
v 0.121770 0.149304 0.248374
v 0.121261 0.151522 0.251116
v 0.123608 0.151480 0.244933
v 0.132668 0.147551 0.258489
v 0.126392 0.147551 0.254862
v 0.133099 0.148517 0.257742
v 0.149945 0.149304 0.275766
v 0.151134 0.143143 0.271898
v 0.150602 0.149304 0.272209
v 0.151276 0.131804 0.269283
v 0.150508 0.130750 0.272339
v 0.151308 0.130752 0.268791
v 0.148964 0.127596 0.274395
v 0.149812 0.129621 0.274872
v 0.148013 0.128322 0.280345
v 0.148608 0.138804 0.291089
v 0.148591 0.135897 0.292014
v 0.148727 0.141804 0.302312
v 0.148901 0.144804 0.306049
v 0.142162 0.152237 0.306117
v 0.136756 0.153143 0.306200
v 0.142306 0.152145 0.312197
v 0.142872 0.152009 0.325171
v 0.136973 0.153000 0.318970
v 0.137206 0.152920 0.325631
v 0.149463 0.141804 0.314236
v 0.149816 0.144804 0.318195
v 0.147666 0.133472 0.295804
v 0.148409 0.136291 0.303370
v 0.147257 0.134149 0.303787
v 0.141091 0.130543 0.300614
v 0.138406 0.130400 0.304152
v 0.138308 0.129451 0.297186
v 0.123775 0.130261 0.308243
v 0.128721 0.130001 0.308084
v 0.128750 0.130005 0.312041
v 0.129570 0.130149 0.331697
v 0.123410 0.130332 0.328203
v 0.129329 0.130107 0.327765
v 0.136575 0.130303 0.339270
v 0.142520 0.130722 0.339016
v 0.137065 0.130353 0.343233
v 0.152883 0.134642 0.346844
v 0.152978 0.136677 0.342717
v 0.153786 0.136673 0.346826
v 0.155261 0.144804 0.352600
v 0.153958 0.141804 0.346775
v 0.149712 0.132033 0.350973
v 0.153672 0.134634 0.350921
v 0.150350 0.132052 0.355050
v 0.125150 0.130666 0.359081
v 0.131282 0.130396 0.351223
v 0.132124 0.130500 0.359077
v 0.134411 0.130790 0.382537
v 0.131331 0.130720 0.386020
v 0.131526 0.130856 0.382537
v 0.140609 0.130823 0.381331
v 0.140014 0.130752 0.374705
v 0.147797 0.130821 0.387247
v 0.151759 0.130831 0.389033
v 0.145227 0.130442 0.388875
v 0.139564 0.124206 0.401823
v 0.139442 0.125613 0.400948
v 0.143677 0.125632 0.400380
v 0.144401 0.121904 0.401639
v 0.148568 0.121304 0.401787
v 0.109966 0.138804 0.446290
v 0.110255 0.136025 0.449537
v 0.110679 0.138804 0.449537
v 0.114563 0.141804 0.460592
v 0.115160 0.144804 0.461659
v 0.114563 0.144804 0.460592
v 0.123933 0.141804 0.472317
v 0.124079 0.138804 0.472448
v 0.130103 0.141804 0.476611
v 0.122410 0.132975 0.474423
v 0.128165 0.132724 0.478659
v 0.129115 0.135550 0.476928
v 0.122132 0.123877 0.489288
v 0.126169 0.123853 0.491665
v 0.126615 0.125136 0.490371
v 0.111377 0.122604 0.480230
v 0.112996 0.121804 0.482093
v 0.114585 0.122604 0.483750
v 0.126584 0.122337 0.492464
v 0.136707 0.121804 0.496296
v 0.134271 0.122204 0.495606
v 0.148607 0.121804 0.497786
v 0.152589 0.121554 0.497371
v 0.162611 0.122604 0.495710
v 0.160507 0.121804 0.496296
v 0.163395 0.122204 0.495465
v 0.194653 0.122288 0.462116
v 0.194808 0.122951 0.460633
v 0.192923 0.121804 0.468619
v 0.191394 0.122452 0.471802
v 0.192450 0.122951 0.469567
v 0.192318 0.123297 0.469529
v 0.187890 0.127140 0.465862
v 0.184953 0.128660 0.464820
v 0.186212 0.127102 0.469732
v 0.181374 0.134153 0.435928
v 0.181771 0.134277 0.442798
v 0.183447 0.131944 0.442481
v 0.172689 0.131819 0.409079
v 0.176127 0.131609 0.415359
v 0.176365 0.129259 0.414441
v 0.160376 0.129602 0.396779
v 0.160412 0.127536 0.399824
v 0.157173 0.128534 0.397287
v 0.157508 0.131532 0.390038
v 0.157729 0.131006 0.391878
v 0.154170 0.130797 0.390362
v 0.149368 0.131034 0.386581
v 0.149013 0.130912 0.387226
v 0.152798 0.131876 0.382536
v 0.158236 0.133833 0.378626
v 0.154832 0.132305 0.382536
v 0.155896 0.134452 0.363023
v 0.157309 0.136436 0.363025
v 0.156530 0.134333 0.366914
v 0.156702 0.146424 0.359699
v 0.157509 0.147938 0.366423
v 0.158357 0.146468 0.366408
v 0.148198 0.151924 0.366450
v 0.142264 0.152651 0.373116
v 0.149449 0.151947 0.373208
v 0.133762 0.152927 0.399052
v 0.129492 0.152759 0.398574
v 0.130005 0.152898 0.405134
v 0.112627 0.150465 0.425687
v 0.109350 0.148210 0.423299
v 0.109154 0.148253 0.429363
v 0.108553 0.144804 0.437988
v 0.108535 0.145110 0.438046
v 0.108190 0.145107 0.435202
v 0.109525 0.145463 0.443977
v 0.110043 0.145121 0.446682
v 0.111887 0.146927 0.452246
v 0.112692 0.147810 0.453022
v 0.111918 0.147173 0.451854
v 0.121548 0.152972 0.429197
v 0.116721 0.152176 0.434248
v 0.121528 0.153280 0.435946
v 0.127058 0.154324 0.443831
v 0.121850 0.153429 0.442441
v 0.122487 0.153344 0.448970
v 0.132463 0.154960 0.444839
v 0.127687 0.154279 0.450457
v 0.133084 0.154941 0.451517
v 0.143043 0.155192 0.439273
v 0.137504 0.155046 0.438854
v 0.138009 0.155330 0.445521
v 0.148110 0.152984 0.406473
v 0.143568 0.153129 0.406365
v 0.144760 0.153372 0.413060
v 0.145869 0.153693 0.419407
v 0.140861 0.153733 0.419142
v 0.141723 0.154162 0.425630
v 0.159462 0.150132 0.386412
v 0.155870 0.151296 0.386599
v 0.157426 0.151337 0.393024
v 0.164946 0.151835 0.417638
v 0.160464 0.152659 0.418486
v 0.162119 0.152978 0.424559
v 0.170765 0.152628 0.452974
v 0.165912 0.153981 0.449385
v 0.166143 0.153671 0.455461
v 0.178043 0.148918 0.436847
v 0.174444 0.151297 0.439196
v 0.178428 0.148940 0.441943
v 0.179329 0.147141 0.435767
v 0.177344 0.148836 0.431716
v 0.171947 0.146796 0.409707
v 0.172700 0.148464 0.415489
v 0.173977 0.146857 0.414989
v 0.178252 0.144804 0.426426
v 0.177966 0.145373 0.425164
v 0.179035 0.145391 0.430383
v 0.180273 0.141804 0.444241
v 0.180264 0.138804 0.443362
v 0.179991 0.141804 0.438186
v 0.179869 0.138804 0.436856
v 0.175499 0.138804 0.417507
v 0.177173 0.141804 0.422324
v 0.177172 0.138804 0.422325
v 0.168194 0.141804 0.398659
v 0.168194 0.138804 0.398659
v 0.164772 0.141804 0.388781
v 0.164787 0.138804 0.388830
v 0.162970 0.138804 0.382589
v 0.160018 0.141804 0.371711
v 0.158773 0.138804 0.366916
v 0.159029 0.136159 0.370836
v 0.159594 0.137422 0.370836
v 0.159890 0.135984 0.374731
v 0.161025 0.135015 0.382537
v 0.160483 0.132616 0.389788
v 0.159402 0.133937 0.382537
v 0.150749 0.151975 0.379966
v 0.152109 0.152004 0.386714
v 0.166329 0.141804 0.393587
v 0.167986 0.144804 0.398112
v 0.173176 0.136482 0.410291
v 0.175954 0.134003 0.416129
v 0.173082 0.134130 0.409705
v 0.179631 0.135543 0.456067
v 0.180389 0.136573 0.449537
v 0.178726 0.138804 0.455924
v 0.171780 0.138804 0.470322
v 0.174793 0.135490 0.467829
v 0.173949 0.138804 0.467300
v 0.152122 0.138804 0.480274
v 0.154633 0.135386 0.480967
v 0.154444 0.138804 0.479942
v 0.157058 0.126686 0.491525
v 0.160184 0.128272 0.487471
v 0.156378 0.128235 0.488336
v 0.152455 0.124656 0.495659
v 0.153091 0.124237 0.496441
v 0.149581 0.125104 0.490675
v 0.149562 0.124854 0.490739
v 0.151188 0.124854 0.491774
v 0.144818 0.124593 0.495827
v 0.147757 0.124604 0.491159
v 0.147687 0.124671 0.490920
v 0.146152 0.124671 0.491907
v 0.144709 0.126271 0.492881
v 0.144660 0.125435 0.494390
v 0.145172 0.124846 0.493847
v 0.145144 0.125104 0.493529
v 0.147857 0.127147 0.490640
v 0.146910 0.127417 0.490542
v 0.151710 0.125889 0.492469
v 0.145411 0.127022 0.491422
v 0.145685 0.126860 0.491600
v 0.148607 0.135393 0.481484
v 0.141574 0.132382 0.483180
v 0.148607 0.132413 0.483656
v 0.148607 0.138804 0.480513
v 0.153400 0.151704 0.473933
v 0.149099 0.149247 0.478484
v 0.153096 0.149180 0.478172
v 0.140950 0.147225 0.479479
v 0.137338 0.149174 0.477242
v 0.137061 0.147185 0.478675
v 0.119608 0.150739 0.459645
v 0.125229 0.151895 0.463595
v 0.118127 0.144804 0.466036
v 0.118753 0.141804 0.466847
v 0.115856 0.148595 0.459190
v 0.113925 0.148487 0.454882
v 0.113630 0.147661 0.456169
v 0.134686 0.153615 0.464791
v 0.131866 0.152781 0.466712
v 0.139013 0.153244 0.468559
v 0.155809 0.154801 0.458664
v 0.149831 0.155446 0.452655
v 0.150332 0.155035 0.459265
v 0.167678 0.151728 0.465158
v 0.164572 0.150918 0.470865
v 0.167935 0.150468 0.468920
v 0.164763 0.144804 0.476319
v 0.166242 0.141804 0.475399
v 0.166242 0.144804 0.475399
v 0.157055 0.149065 0.477454
v 0.160949 0.147039 0.477659
v 0.160950 0.148897 0.476276
v 0.177869 0.145893 0.458464
v 0.179146 0.145734 0.453688
v 0.177643 0.148092 0.455462
v 0.179152 0.146601 0.452531
v 0.163007 0.153337 0.462846
v 0.167413 0.152590 0.461291
v 0.165911 0.152956 0.461447
v 0.177891 0.144804 0.458769
v 0.176186 0.145985 0.462862
v 0.135351 0.135473 0.479548
v 0.137158 0.138804 0.479228
v 0.135617 0.138804 0.478798
v 0.134824 0.123816 0.495178
v 0.139359 0.123804 0.496286
v 0.139542 0.124998 0.494762
v 0.148607 0.124581 0.496074
v 0.155641 0.123216 0.497100
v 0.153306 0.123215 0.497386
v 0.164869 0.122759 0.494942
v 0.171423 0.122918 0.492004
v 0.169229 0.123228 0.492980
v 0.169279 0.122916 0.493088
v 0.171160 0.123859 0.491509
v 0.170436 0.125108 0.490147
v 0.166312 0.125082 0.492073
v 0.178954 0.130422 0.470208
v 0.176647 0.132718 0.468889
v 0.174494 0.130353 0.475882
v 0.179015 0.123891 0.486223
v 0.181319 0.125210 0.482003
v 0.177978 0.125172 0.485091
v 0.179411 0.122765 0.486647
v 0.181213 0.122928 0.485045
v 0.186156 0.122937 0.479769
v 0.185856 0.123601 0.479579
v 0.184597 0.122934 0.481609
v 0.184498 0.123263 0.481538
v 0.182508 0.123911 0.483007
v 0.175559 0.122604 0.489558
v 0.174332 0.125137 0.487819
v 0.148607 0.123206 0.497621
v 0.143936 0.123200 0.497398
v 0.155740 0.153191 0.419089
v 0.152146 0.153926 0.425780
v 0.157229 0.153562 0.425341
v 0.108989 0.145405 0.441034
v 0.108387 0.127821 0.422997
v 0.108026 0.133207 0.420134
v 0.109589 0.127938 0.419256
v 0.108633 0.136111 0.405431
v 0.109577 0.134922 0.397592
v 0.109474 0.133669 0.405136
v 0.127279 0.127397 0.401448
v 0.127365 0.128765 0.397685
v 0.131166 0.127477 0.400147
v 0.135240 0.125569 0.401878
v 0.125708 0.121554 0.407351
v 0.120454 0.121804 0.410351
v 0.114717 0.121804 0.415192
v 0.104772 0.121304 0.430600
v 0.106159 0.121554 0.427129
v 0.107282 0.133300 0.427569
v 0.105593 0.127937 0.430221
v 0.107062 0.133412 0.434907
v 0.118382 0.126002 0.408461
v 0.119747 0.125187 0.408954
v 0.117040 0.125112 0.410931
v 0.136830 0.121304 0.403262
v 0.136707 0.121804 0.402777
v 0.117227 0.132097 0.386705
v 0.116477 0.132348 0.386186
v 0.110507 0.134366 0.393280
v 0.112769 0.131695 0.397447
v 0.110038 0.146254 0.382379
v 0.109904 0.144804 0.380063
v 0.108659 0.144804 0.405067
v 0.108716 0.145314 0.404579
v 0.108687 0.144804 0.404483
v 0.107965 0.146310 0.427558
v 0.108044 0.145895 0.432818
v 0.109627 0.148154 0.417408
v 0.108592 0.146679 0.416274
v 0.108318 0.146714 0.422012
v 0.124758 0.152382 0.385216
v 0.121079 0.151947 0.390976
v 0.125012 0.152405 0.391580
v 0.111179 0.148003 0.376964
v 0.110364 0.146508 0.376715
v 0.132433 0.152889 0.346155
v 0.125987 0.152734 0.340041
v 0.126259 0.152680 0.346513
v 0.112241 0.138804 0.332561
v 0.112569 0.136494 0.329225
v 0.112130 0.136496 0.336839
v 0.117834 0.131334 0.328662
v 0.123530 0.130399 0.336010
v 0.117644 0.131372 0.336382
v 0.113802 0.138804 0.307602
v 0.114330 0.136368 0.304042
v 0.114983 0.134114 0.308563
v 0.116717 0.132400 0.308491
v 0.118941 0.131280 0.308409
v 0.118668 0.131281 0.312636
v 0.118116 0.130880 0.290142
v 0.120600 0.128809 0.285920
v 0.120206 0.129761 0.290570
v 0.125411 0.126820 0.282956
v 0.130301 0.125610 0.280535
v 0.129863 0.126544 0.284418
v 0.117467 0.130832 0.270027
v 0.117856 0.129517 0.275316
v 0.116897 0.131787 0.274802
v 0.115923 0.133909 0.284470
v 0.115660 0.136399 0.284353
v 0.115132 0.137547 0.290299
v 0.115477 0.134898 0.289515
v 0.115066 0.135670 0.294491
v 0.120755 0.152416 0.299140
v 0.115927 0.149714 0.302768
v 0.120433 0.152160 0.306510
v 0.112623 0.138804 0.325933
v 0.113078 0.136460 0.321418
v 0.131451 0.153108 0.326189
v 0.125652 0.152928 0.320054
v 0.125695 0.152862 0.326826
v 0.114552 0.145044 0.297416
v 0.115148 0.147907 0.294505
v 0.114789 0.145258 0.294432
v 0.121483 0.153628 0.287500
v 0.116738 0.150640 0.290537
v 0.121203 0.153155 0.291443
v 0.137538 0.155965 0.281629
v 0.131894 0.155113 0.286519
v 0.137079 0.155060 0.287884
v 0.149711 0.156332 0.255139
v 0.143138 0.157226 0.257109
v 0.147529 0.156447 0.260595
v 0.133692 0.153330 0.231314
v 0.133922 0.151259 0.229590
v 0.132151 0.151301 0.231482
v 0.147800 0.149304 0.221570
v 0.146759 0.151684 0.222111
v 0.159864 0.155228 0.233915
v 0.157833 0.156355 0.235808
v 0.162323 0.152589 0.239079
v 0.160459 0.154191 0.240693
v 0.159025 0.155665 0.237799
v 0.146108 0.157236 0.229343
v 0.140947 0.155817 0.228367
v 0.144813 0.157479 0.230977
v 0.142046 0.155631 0.227332
v 0.138160 0.153600 0.227380
v 0.139919 0.155970 0.229511
v 0.150697 0.155821 0.225523
v 0.153716 0.157322 0.231416
v 0.155763 0.156358 0.229258
v 0.147864 0.157307 0.229175
v 0.146644 0.157097 0.228704
v 0.161281 0.151308 0.243769
v 0.158416 0.151394 0.249311
v 0.161358 0.150099 0.244264
v 0.153981 0.149395 0.260219
v 0.152349 0.149493 0.265117
v 0.152984 0.153791 0.258675
v 0.149535 0.155522 0.262312
v 0.151186 0.153903 0.263827
v 0.142286 0.154336 0.289150
v 0.136842 0.154168 0.294037
v 0.148576 0.145724 0.295957
v 0.149628 0.151488 0.275610
v 0.149538 0.149304 0.278379
v 0.147762 0.155663 0.268260
v 0.120962 0.152741 0.295328
v 0.126315 0.153975 0.292371
v 0.117299 0.138804 0.269228
v 0.116636 0.141804 0.274744
v 0.117142 0.141804 0.270458
v 0.118585 0.132055 0.260791
v 0.119267 0.138804 0.257332
v 0.119424 0.131826 0.256610
v 0.120567 0.132354 0.252081
v 0.125711 0.131804 0.254508
v 0.138949 0.132905 0.263252
v 0.128609 0.130736 0.249495
v 0.121627 0.130744 0.248938
v 0.154883 0.127602 0.255254
v 0.158098 0.130107 0.250333
v 0.155343 0.130133 0.256368
v 0.157326 0.130738 0.252142
v 0.130834 0.124760 0.276617
v 0.135265 0.124788 0.278575
v 0.118121 0.130075 0.265342
v 0.119098 0.127831 0.265972
v 0.126878 0.124574 0.251823
v 0.131175 0.123602 0.254503
v 0.125551 0.124541 0.255728
v 0.142505 0.123261 0.253101
v 0.147893 0.123672 0.252565
v 0.146340 0.123766 0.256100
v 0.152760 0.124896 0.252232
v 0.149656 0.123501 0.248981
v 0.160461 0.125932 0.232981
v 0.163487 0.130742 0.235216
v 0.162807 0.128562 0.238024
v 0.147748 0.130499 0.221644
v 0.146766 0.130749 0.221707
v 0.134872 0.129146 0.228753
v 0.133802 0.129152 0.229793
v 0.138663 0.126656 0.227321
v 0.137859 0.127215 0.227407
v 0.141620 0.124711 0.228076
v 0.143980 0.124183 0.227907
v 0.149974 0.122994 0.230593
v 0.148006 0.123175 0.230471
v 0.150266 0.123057 0.230722
v 0.151842 0.123192 0.231446
v 0.146091 0.123260 0.229868
v 0.148008 0.122986 0.230449
v 0.146659 0.122978 0.230797
v 0.145726 0.122956 0.231144
v 0.144261 0.123102 0.231182
v 0.139906 0.124476 0.229810
v 0.143151 0.122818 0.233844
v 0.142704 0.122811 0.234519
v 0.142641 0.122756 0.235752
v 0.137858 0.123213 0.240438
v 0.142764 0.122653 0.238014
v 0.143772 0.122614 0.240062
v 0.143020 0.122596 0.238850
v 0.144852 0.122613 0.241223
v 0.147779 0.122674 0.242508
v 0.146553 0.122647 0.242189
v 0.146031 0.122867 0.245883
v 0.150710 0.122866 0.242188
v 0.151802 0.122955 0.241665
v 0.153672 0.123275 0.239769
v 0.154493 0.123254 0.237829
v 0.152865 0.123091 0.240797
v 0.145607 0.123804 0.231341
v 0.144243 0.122917 0.232356
v 0.153540 0.123128 0.232572
v 0.157742 0.124224 0.235358
v 0.154161 0.123446 0.230981
v 0.154613 0.123233 0.236047
v 0.154026 0.123178 0.233968
v 0.137601 0.124335 0.232498
v 0.145984 0.123675 0.228422
v 0.137480 0.123368 0.267636
v 0.132232 0.123585 0.268858
v 0.133135 0.123340 0.265024
v 0.116489 0.138804 0.276083
v 0.117220 0.133298 0.269840
v 0.116649 0.134268 0.274634
v 0.111311 0.138804 0.350396
v 0.111535 0.136342 0.351545
v 0.111255 0.138804 0.351555
v 0.110466 0.138804 0.368591
v 0.114287 0.149970 0.353535
v 0.111984 0.147830 0.353655
v 0.114211 0.150021 0.359678
v 0.110788 0.144804 0.361690
v 0.111095 0.146416 0.359673
v 0.143344 0.151962 0.332103
v 0.137548 0.152843 0.332519
v 0.137987 0.152776 0.339105
v 0.134333 0.152796 0.366251
v 0.127412 0.152602 0.366071
v 0.127805 0.152608 0.372522
v 0.151405 0.144804 0.331858
v 0.152220 0.146289 0.338574
v 0.152199 0.144804 0.337265
v 0.151421 0.141804 0.331973
v 0.150697 0.138804 0.326373
v 0.150686 0.141804 0.326273
v 0.113711 0.150077 0.389421
v 0.110564 0.148042 0.394259
v 0.113590 0.150072 0.395404
v 0.133090 0.152836 0.392505
v 0.129015 0.152680 0.392083
v 0.108899 0.137805 0.397752
v 0.120653 0.131537 0.374670
v 0.124521 0.131243 0.382537
v 0.122052 0.131509 0.382537
v 0.146168 0.131079 0.374716
v 0.148577 0.131315 0.381247
v 0.151257 0.129943 0.392396
v 0.154221 0.130240 0.392303
v 0.156248 0.122071 0.401896
v 0.170385 0.122604 0.406483
v 0.172096 0.129592 0.408372
v 0.174219 0.127063 0.410491
v 0.171563 0.127477 0.407575
v 0.184431 0.123936 0.417907
v 0.187289 0.123653 0.421291
v 0.191158 0.121804 0.426789
v 0.191391 0.122204 0.427233
v 0.194833 0.122771 0.451754
v 0.192452 0.125317 0.453848
v 0.189233 0.127132 0.457751
v 0.192420 0.125343 0.458147
v 0.185530 0.129707 0.449537
v 0.185754 0.129518 0.442112
v 0.184714 0.130469 0.449537
v 0.194578 0.123402 0.436682
v 0.194592 0.123414 0.440835
v 0.194375 0.123695 0.449537
v 0.194022 0.124101 0.445184
v 0.178020 0.123583 0.411546
v 0.181483 0.123304 0.414389
v 0.184069 0.121554 0.417188
v 0.182497 0.121804 0.415192
v 0.170423 0.123906 0.406409
v 0.167534 0.126112 0.404311
v 0.170991 0.125424 0.406803
v 0.166088 0.122604 0.404567
v 0.166053 0.123355 0.404479
v 0.194097 0.121554 0.464855
v 0.130421 0.123833 0.493637
v 0.130783 0.125080 0.492250
v 0.106387 0.124017 0.472107
v 0.108827 0.123995 0.476139
v 0.109612 0.125501 0.475426
v 0.121912 0.128947 0.480874
v 0.125279 0.128753 0.483126
v 0.123685 0.130661 0.478745
v 0.112388 0.125430 0.479065
v 0.115508 0.125352 0.482415
v 0.117026 0.127405 0.480379
v 0.104886 0.128117 0.453841
v 0.107030 0.130140 0.457608
v 0.106593 0.130203 0.453596
v 0.102649 0.124029 0.458731
v 0.102357 0.122604 0.458802
v 0.105123 0.128092 0.458110
v 0.105545 0.128047 0.462363
v 0.107682 0.130041 0.461575
v 0.141122 0.122204 0.401871
v 0.143745 0.130822 0.347052
v 0.149030 0.132002 0.346930
v 0.144344 0.130868 0.351047
v 0.143182 0.131483 0.304168
v 0.143770 0.131535 0.311306
v 0.148767 0.147468 0.311933
v 0.147542 0.149657 0.318228
v 0.149241 0.147499 0.318186
v 0.117638 -0.032270 0.413666
v 0.114448 -0.031758 0.414955
v 0.115497 -0.032320 0.416004
v 0.124526 -0.058514 0.476131
v 0.119440 -0.058515 0.475136
v 0.121486 -0.058515 0.473091
v 0.102581 -0.038741 0.463707
v 0.102600 -0.035816 0.463766
v 0.102738 -0.031567 0.464057
v 0.130176 -0.036063 0.489418
v 0.107917 -0.036190 0.467947
v 0.115497 -0.036314 0.482118
v 0.152404 -0.056313 0.495313
v 0.144704 -0.056313 0.495313
v 0.145379 -0.056494 0.495313
v 0.146245 -0.057939 0.495313
v 0.127871 -0.063569 0.428381
v 0.148554 -0.063817 0.449064
v 0.123440 -0.063818 0.434564
v 0.174628 -0.058514 0.478177
v 0.179714 -0.058514 0.477182
v 0.176299 -0.058089 0.480596
v 0.136348 -0.032313 0.495311
v 0.160761 -0.038313 0.495311
v 0.160761 -0.032313 0.495311
v 0.136596 -0.036321 0.404311
v 0.164230 -0.036313 0.490500
v 0.134226 -0.031746 0.403922
v 0.134148 -0.035861 0.404088
v 0.162426 -0.036154 0.404506
v 0.163626 -0.036071 0.405423
v 0.163412 -0.035971 0.404109
v 0.167128 -0.036321 0.408667
v 0.188912 -0.036069 0.430682
v 0.181611 -0.036320 0.416004
v 0.189947 -0.035569 0.429730
v 0.192854 -0.035519 0.430711
v 0.189190 -0.035735 0.467610
v 0.189234 -0.035515 0.466977
v 0.190463 -0.035793 0.433496
v 0.192230 -0.036318 0.433976
v 0.194231 -0.031858 0.464144
v 0.194370 -0.035666 0.463708
v 0.169713 -0.035988 0.490702
v 0.167345 -0.035913 0.489803
v 0.178770 -0.056815 0.473834
v 0.187435 -0.056817 0.452913
v 0.192669 -0.056815 0.467336
v 0.190470 -0.058517 0.446913
v 0.193348 -0.058063 0.451744
v 0.190437 -0.057809 0.451818
v 0.183747 -0.056818 0.443444
v 0.184149 -0.056873 0.445409
v 0.169385 -0.056821 0.406096
v 0.159046 -0.056820 0.415003
v 0.152322 -0.056853 0.413469
v 0.148554 -0.063445 0.419689
v 0.123531 -0.058519 0.427080
v 0.126722 -0.058462 0.423889
v 0.126987 -0.058519 0.427496
v 0.109673 -0.056817 0.445213
v 0.113361 -0.056818 0.443444
v 0.112608 -0.056817 0.445213
v 0.113248 -0.056816 0.453847
v 0.112608 -0.056817 0.452913
v 0.152404 -0.056821 0.403313
v 0.152235 -0.056366 0.402813
v 0.160761 -0.056321 0.402813
v 0.160761 -0.050321 0.402812
v 0.162623 -0.032421 0.404643
v 0.163860 -0.031710 0.403365
v 0.120055 -0.032321 0.410127
v 0.160512 -0.036313 0.493811
v 0.132719 -0.035921 0.407546
v 0.107432 -0.036056 0.464536
v 0.107055 -0.032519 0.427542
v 0.105692 -0.032386 0.426905
v 0.103815 -0.031857 0.433769
v 0.102739 -0.035668 0.434413
v 0.107401 -0.036066 0.465049
v 0.126601 -0.035596 0.406415
v 0.126519 -0.032054 0.406137
v 0.126853 -0.035709 0.407123
v 0.176410 -0.056836 0.426639
v 0.190113 -0.036315 0.470219
v 0.166644 -0.035793 0.489531
v 0.132949 -0.035513 0.492327
v 0.133906 -0.035863 0.493675
v 0.133611 -0.031832 0.494508
v 0.159046 -0.056814 0.483122
v 0.152192 -0.056871 0.485009
v 0.155823 -0.056814 0.483953
v 0.107082 -0.032453 0.470635
v 0.106246 -0.031565 0.472202
v 0.128970 -0.056814 0.478839
v 0.125859 -0.056814 0.477203
v 0.126065 -0.056869 0.476746
v 0.129459 -0.032349 0.469555
v 0.122042 -0.023994 0.466826
v 0.122425 -0.024220 0.467400
v 0.140745 -0.023815 0.470750
v 0.156181 -0.024193 0.472254
v 0.141434 -0.023815 0.472050
v 0.130111 -0.031738 0.488073
v 0.131745 -0.032314 0.486376
v 0.131245 -0.032313 0.487012
v 0.166124 -0.030844 0.488636
v 0.160594 -0.030747 0.476266
v 0.157113 -0.030814 0.477814
v 0.126565 -0.031563 0.491982
v 0.122277 -0.032313 0.487485
v 0.127876 -0.032163 0.490490
v 0.130483 -0.035413 0.487577
v 0.127727 -0.036013 0.490535
v 0.128409 -0.035413 0.487501
v 0.120337 -0.035314 0.481308
v 0.121428 -0.035239 0.479672
v 0.114089 -0.035214 0.479354
v 0.110045 -0.035465 0.469210
v 0.107268 -0.035715 0.469398
v 0.106900 -0.030815 0.472406
v 0.107690 -0.030892 0.469600
v 0.106013 -0.030815 0.470747
v 0.124023 -0.029815 0.467796
v 0.123828 -0.023949 0.467336
v 0.117810 -0.031942 0.453111
v 0.117647 -0.030816 0.455916
v 0.117541 -0.032044 0.455909
v 0.108020 -0.032317 0.446675
v 0.109487 -0.032317 0.447811
v 0.107473 -0.035317 0.451714
v 0.103846 -0.035167 0.446061
v 0.104105 -0.033817 0.446061
v 0.104105 -0.033817 0.452061
v 0.107602 -0.032317 0.451649
v 0.104105 -0.032317 0.452061
v 0.105552 -0.030816 0.463048
v 0.105552 -0.030818 0.435073
v 0.100954 -0.030817 0.445281
v 0.104765 -0.033818 0.440862
v 0.102803 -0.033818 0.440472
v 0.104176 -0.033818 0.435008
v 0.108119 -0.035518 0.435496
v 0.103977 -0.035519 0.430596
v 0.107731 -0.035718 0.433530
v 0.105567 -0.034169 0.427148
v 0.105661 -0.035369 0.426964
v 0.118566 -0.030395 0.438804
v 0.121832 -0.025818 0.438657
v 0.118865 -0.027318 0.438490
v 0.125281 -0.022815 0.465463
v 0.120777 -0.022816 0.461287
v 0.123652 -0.022815 0.465781
v 0.177843 -0.027316 0.458357
v 0.178099 -0.023854 0.457888
v 0.189582 -0.034015 0.468580
v 0.189531 -0.034016 0.464681
v 0.188834 -0.032316 0.462616
v 0.188813 -0.033523 0.462677
v 0.186595 -0.033710 0.468014
v 0.186606 -0.032315 0.467991
v 0.183523 -0.033814 0.479787
v 0.183632 -0.035214 0.479966
v 0.182750 -0.035164 0.479014
v 0.173720 -0.032314 0.485822
v 0.175643 -0.032314 0.479674
v 0.177863 -0.032314 0.482612
v 0.169630 -0.033815 0.471905
v 0.177940 -0.033814 0.475936
v 0.175295 -0.033814 0.477569
v 0.170006 -0.031815 0.466268
v 0.170467 -0.025815 0.465657
v 0.158181 -0.032350 0.475480
v 0.147247 -0.033813 0.488365
v 0.149804 -0.033813 0.488078
v 0.145554 -0.035163 0.493710
v 0.145554 -0.033813 0.493611
v 0.145554 -0.035163 0.492091
v 0.160761 -0.033813 0.491611
v 0.151554 -0.033813 0.491611
v 0.151554 -0.032313 0.491611
v 0.162504 -0.035513 0.492798
v 0.161569 -0.035438 0.490262
v 0.151554 -0.032313 0.493710
v 0.151554 -0.035163 0.493710
v 0.151554 -0.033813 0.493611
v 0.145554 -0.033813 0.491611
v 0.136348 -0.033813 0.491611
v 0.136348 -0.032313 0.491611
v 0.130090 -0.033813 0.487221
v 0.134292 -0.033813 0.488872
v 0.134960 -0.033813 0.489328
v 0.134054 -0.032313 0.487333
v 0.135037 -0.032313 0.489354
v 0.134960 -0.032313 0.489328
v 0.163038 -0.030813 0.491139
v 0.154657 -0.030813 0.494811
v 0.157709 -0.030813 0.494811
v 0.168818 -0.034013 0.492268
v 0.169510 -0.034050 0.492123
v 0.191386 -0.032315 0.471276
v 0.191524 -0.031612 0.470385
v 0.190003 -0.032315 0.473761
v 0.186978 -0.032315 0.475338
v 0.190401 -0.032165 0.469912
v 0.173720 -0.033814 0.485822
v 0.174831 -0.033813 0.487485
v 0.169998 -0.033813 0.490378
v 0.167864 -0.035483 0.487288
v 0.161748 -0.032313 0.489870
v 0.163054 -0.032313 0.487333
v 0.161813 -0.033813 0.491522
v 0.161074 -0.026382 0.473380
v 0.157423 -0.026665 0.475091
v 0.160556 -0.026240 0.473196
v 0.179132 -0.032316 0.456126
v 0.189665 -0.032316 0.461905
v 0.179133 -0.032316 0.458064
v 0.179132 -0.032317 0.446003
v 0.187621 -0.032317 0.447811
v 0.179132 -0.032317 0.447811
v 0.169491 -0.032489 0.430011
v 0.175295 -0.032320 0.420552
v 0.175552 -0.032320 0.418773
v 0.179280 -0.033820 0.414092
v 0.178507 -0.035170 0.414865
v 0.177863 -0.033820 0.415509
v 0.164335 -0.034046 0.403885
v 0.163712 -0.031355 0.406374
v 0.163848 -0.034021 0.405606
v 0.155508 -0.032213 0.422173
v 0.163054 -0.032321 0.410789
v 0.157901 -0.032279 0.422658
v 0.151554 -0.035171 0.404412
v 0.151554 -0.033821 0.404511
v 0.151554 -0.035171 0.406030
v 0.137466 -0.032286 0.412810
v 0.139794 -0.032320 0.414533
v 0.138393 -0.032176 0.414641
v 0.133897 -0.035671 0.406060
v 0.135381 -0.035421 0.408207
v 0.139399 -0.031321 0.402811
v 0.142451 -0.032321 0.402811
v 0.136348 -0.032321 0.402811
v 0.108256 -0.030819 0.428544
v 0.138077 -0.030820 0.414165
v 0.112223 -0.030820 0.418075
v 0.107821 -0.035369 0.427859
v 0.109092 -0.033819 0.428386
v 0.109992 -0.035369 0.428758
v 0.117902 -0.035820 0.414394
v 0.119469 -0.035245 0.415839
v 0.130234 -0.031821 0.410307
v 0.125659 -0.032019 0.422128
v 0.121758 -0.031738 0.409566
v 0.127374 -0.035521 0.405708
v 0.128166 -0.035671 0.407859
v 0.126686 -0.032071 0.407578
v 0.132682 -0.034021 0.404139
v 0.128641 -0.034021 0.407519
v 0.131534 -0.034021 0.408993
v 0.137684 -0.031820 0.420564
v 0.139383 -0.031820 0.417509
v 0.140135 -0.031820 0.419020
v 0.149918 -0.033821 0.409470
v 0.147238 -0.033821 0.409737
v 0.150572 -0.033821 0.408776
v 0.145554 -0.033821 0.406511
v 0.136348 -0.033821 0.404511
v 0.145554 -0.033821 0.404511
v 0.146082 -0.032321 0.408541
v 0.139992 -0.031976 0.415808
v 0.177573 -0.027526 0.440077
v 0.178633 -0.030816 0.456564
v 0.178632 -0.031817 0.450311
v 0.178654 -0.031900 0.452249
v 0.169672 -0.030819 0.427753
v 0.196283 -0.030851 0.445330
v 0.195070 -0.030818 0.438273
v 0.167392 -0.030569 0.426272
v 0.169080 -0.030821 0.408753
v 0.168370 -0.030821 0.409315
v 0.183523 -0.033820 0.418335
v 0.183594 -0.032320 0.418264
v 0.177639 -0.035245 0.415839
v 0.176665 -0.035170 0.416707
v 0.175662 -0.035270 0.418227
v 0.189316 -0.035444 0.427928
v 0.191447 -0.035369 0.426964
v 0.192469 -0.030818 0.434876
v 0.194516 -0.030818 0.436115
v 0.193779 -0.030900 0.433975
v 0.194975 -0.030816 0.460248
v 0.191757 -0.030921 0.463489
v 0.194504 -0.030816 0.462050
v 0.193003 -0.033817 0.446061
v 0.193914 -0.035167 0.446061
v 0.191960 -0.035242 0.446136
v 0.193898 -0.031588 0.433760
v 0.193810 -0.034068 0.433616
v 0.188822 -0.033818 0.435467
v 0.186717 -0.033819 0.430508
v 0.187174 -0.035519 0.428897
v 0.186698 -0.035481 0.429902
v 0.189007 -0.033817 0.447109
v 0.189037 -0.033817 0.446802
v 0.192932 -0.033816 0.463113
v 0.192349 -0.035366 0.462872
v 0.191078 -0.033816 0.462345
v 0.188200 -0.032317 0.450522
v 0.188743 -0.034019 0.430501
v 0.189690 -0.034019 0.429419
v 0.179621 -0.030853 0.412635
v 0.175127 -0.030854 0.409238
v 0.158097 -0.026669 0.427129
v 0.160059 -0.025881 0.425639
v 0.128383 -0.026668 0.436387
v 0.127797 -0.026407 0.434433
v 0.129399 -0.032420 0.428325
v 0.128951 -0.031417 0.427690
v 0.129683 -0.030447 0.428431
v 0.121581 -0.032320 0.418718
v 0.124929 -0.032319 0.423346
v 0.116254 -0.035245 0.420897
v 0.117846 -0.035170 0.421853
v 0.125057 -0.032319 0.423795
v 0.127478 -0.033819 0.426217
v 0.121705 -0.033820 0.420390
v 0.134042 -0.031819 0.422235
v 0.130628 -0.031819 0.424385
v 0.165364 -0.032320 0.411745
v 0.161594 -0.033820 0.420847
v 0.165364 -0.033820 0.411745
v 0.167487 -0.032321 0.411011
v 0.168052 -0.032321 0.410843
v 0.111239 -0.032319 0.432251
v 0.124341 -0.032318 0.435000
v 0.122717 -0.032606 0.437863
v 0.110282 -0.032318 0.434561
v 0.108004 -0.032318 0.435836
v 0.118433 -0.032318 0.437959
v 0.118229 -0.032318 0.440421
v 0.178599 -0.023758 0.456313
v 0.178632 -0.023817 0.449320
v 0.174426 -0.023952 0.441939
v 0.178632 -0.023817 0.445699
v 0.121858 -0.030318 0.436414
v 0.120752 -0.030818 0.436579
v 0.128041 -0.022819 0.431504
v 0.139422 -0.022819 0.423651
v 0.133221 -0.022819 0.426836
v 0.139254 -0.030820 0.413419
v 0.145503 -0.030843 0.403228
v 0.160761 -0.032321 0.404511
v 0.165591 -0.034021 0.404079
v 0.175295 -0.033820 0.420552
v 0.170528 -0.033819 0.427080
v 0.169630 -0.033819 0.426217
v 0.174353 -0.032398 0.459937
v 0.157915 -0.026665 0.470965
v 0.156742 -0.026665 0.473269
v 0.156742 -0.026665 0.471967
v 0.180855 -0.035239 0.477225
v 0.179986 -0.035164 0.476250
v 0.167739 -0.032507 0.469703
v 0.166091 -0.032209 0.470596
v 0.194445 -0.033453 0.463963
v 0.135894 -0.026028 0.473274
v 0.118552 -0.030818 0.439471
v 0.101133 -0.030816 0.454653
v 0.100804 -0.030817 0.449061
v 0.100949 -0.030817 0.452782
v 0.122202 -0.032065 0.467689
v 0.122107 -0.030681 0.466981
v 0.122108 -0.030623 0.467963
v 0.110282 -0.032316 0.463561
v 0.117992 -0.032316 0.458567
v 0.118642 -0.032316 0.460098
v 0.118258 -0.032314 0.476099
v 0.110469 -0.032315 0.467922
v 0.121559 -0.032314 0.478107
v 0.116254 -0.035239 0.477225
v 0.117846 -0.035164 0.476268
v 0.111239 -0.033815 0.465870
v 0.110282 -0.033816 0.463561
v 0.120081 -0.033816 0.462208
v 0.128738 -0.030813 0.488806
v 0.141995 -0.030814 0.478335
v 0.138414 -0.030814 0.477295
v 0.110130 -0.033815 0.475338
v 0.111793 -0.033815 0.474227
v 0.113585 -0.033814 0.479787
v 0.113512 -0.031664 0.482206
v 0.113444 -0.032314 0.479929
v 0.117686 -0.032314 0.484171
v 0.134675 -0.032270 0.473187
v 0.134839 -0.031940 0.472935
v 0.085749 -0.023443 0.458317
v 0.086054 -0.034157 0.469039
v 0.086054 -0.028290 0.464223
v 0.087054 -0.021126 0.463110
v 0.087054 -0.045808 0.448862
v 0.087054 -0.018279 0.456236
v 0.086304 -0.072621 0.437812
v 0.086054 -0.067969 0.441664
v 0.086054 -0.064660 0.435168
v 0.086054 -0.053007 0.471022
v 0.086304 -0.056859 0.475674
v 0.086054 -0.053311 0.476875
v 0.086054 -0.074571 0.445163
v 0.086221 -0.073822 0.441359
v 0.086054 -0.026436 0.435915
v 0.086304 -0.020695 0.434360
v 0.086054 -0.022794 0.431219
v 0.079074 -0.063381 0.466092
v 0.079074 -0.045809 0.448862
v 0.079074 -0.064684 0.464655
v 0.079074 -0.056732 0.426809
v 0.079074 -0.054951 0.426013
v 0.079074 -0.036667 0.471711
v 0.079074 -0.040293 0.472845
v 0.078754 -0.021252 0.447239
v 0.078817 -0.020000 0.450069
v 0.078774 -0.020041 0.448237
v 0.078767 -0.024289 0.436093
v 0.078817 -0.024461 0.434307
v 0.078754 -0.025753 0.434598
v 0.085704 -0.051733 0.424139
v 0.085754 -0.053691 0.424401
v 0.085594 -0.058415 0.432066
v 0.085754 -0.045809 0.448862
v 0.085594 -0.061155 0.434526
v 0.085754 -0.030463 0.463197
v 0.085754 -0.028188 0.460286
v 0.085434 -0.063429 0.437438
v 0.085541 -0.065593 0.434225
v 0.078804 -0.057677 0.425985
v 0.078754 -0.056732 0.426809
v 0.078754 -0.049732 0.424017
v 0.078774 -0.048295 0.423207
v 0.085434 -0.065896 0.454985
v 0.085434 -0.068657 0.458004
v 0.085434 -0.069792 0.454377
v 0.078754 -0.066914 0.461519
v 0.078829 -0.068139 0.461846
v 0.078754 -0.067043 0.463340
v 0.085634 -0.047341 0.474197
v 0.085434 -0.046868 0.469835
v 0.085682 -0.045672 0.474154
v 0.078829 -0.024697 0.463743
v 0.078754 -0.024931 0.461892
v 0.078754 -0.026025 0.463499
v 0.085754 -0.021524 0.457275
v 0.085754 -0.022457 0.456633
v 0.085734 -0.020209 0.451863
v 0.085754 -0.021294 0.451028
v 0.085604 -0.019987 0.450070
v 0.085641 -0.028049 0.430078
v 0.085754 -0.028236 0.431632
v 0.085754 -0.029648 0.430302
v 0.085754 -0.039566 0.424494
v 0.085647 -0.038038 0.425511
v 0.085754 -0.022718 0.437579
v 0.085754 -0.023756 0.437939
v 0.085754 -0.023591 0.435944
v 0.078754 -0.032899 0.471084
v 0.078754 -0.034019 0.470441
v 0.078754 -0.043758 0.473930
v 0.078774 -0.045136 0.474628
v 0.085434 -0.061970 0.467421
v 0.085434 -0.057261 0.466464
v 0.085434 -0.060445 0.468646
v 0.085754 -0.070093 0.440449
v 0.085754 -0.068454 0.439227
v 0.085754 -0.069160 0.441091
v 0.109543 -0.038745 0.420667
v 0.109543 -0.032320 0.420667
v 0.105600 -0.051594 0.427085
v 0.103977 -0.056319 0.430598
v 0.102703 -0.051593 0.434038
v 0.100305 -0.051592 0.448863
v 0.100395 -0.056743 0.446102
v 0.120859 -0.056861 0.471483
v 0.121185 -0.057655 0.472278
v 0.123037 -0.057821 0.470254
v 0.118778 -0.056815 0.468647
v 0.123006 -0.063316 0.463814
v 0.125702 -0.059271 0.467718
v 0.124021 -0.059271 0.465445
v 0.125405 -0.058417 0.468406
v 0.125521 -0.058515 0.469056
v 0.123531 -0.058515 0.471045
v 0.129284 -0.058372 0.472304
v 0.134477 -0.058581 0.475453
v 0.130538 -0.056852 0.479497
v 0.127901 -0.057524 0.474882
v 0.134939 -0.056833 0.481851
v 0.132017 -0.056852 0.480324
v 0.114158 -0.051589 0.482899
v 0.109311 -0.045164 0.477134
v 0.109311 -0.051589 0.477134
v 0.105620 -0.035716 0.464509
v 0.126924 -0.036313 0.490506
v 0.136348 -0.050313 0.495312
v 0.133156 -0.045163 0.494789
v 0.133156 -0.050313 0.494789
v 0.151129 -0.058399 0.490962
v 0.151284 -0.058244 0.494813
v 0.146439 -0.058648 0.478988
v 0.150704 -0.058514 0.479487
v 0.146018 -0.058408 0.479342
v 0.140919 -0.059270 0.477558
v 0.142717 -0.058851 0.478073
v 0.139940 -0.058851 0.477373
v 0.142419 -0.056839 0.483976
v 0.145703 -0.057705 0.484086
v 0.145306 -0.057063 0.485009
v 0.145129 -0.056927 0.489911
v 0.145129 -0.056928 0.485009
v 0.145611 -0.057875 0.490436
v 0.145668 -0.058088 0.487111
v 0.145485 -0.057905 0.482150
v 0.133929 -0.063565 0.474395
v 0.140919 -0.063314 0.477559
v 0.167694 -0.059267 0.471566
v 0.168018 -0.058442 0.472186
v 0.169957 -0.058141 0.474477
v 0.171620 -0.058502 0.468337
v 0.174102 -0.059272 0.463813
v 0.173164 -0.058852 0.465496
v 0.173087 -0.059271 0.465445
v 0.178216 -0.056834 0.468572
v 0.179222 -0.056815 0.467218
v 0.174120 -0.057829 0.470268
v 0.178209 -0.057807 0.474529
v 0.184396 -0.057751 0.481366
v 0.184269 -0.058051 0.480790
v 0.179737 -0.056899 0.485241
v 0.180337 -0.057847 0.484718
v 0.181101 -0.058014 0.484682
v 0.182060 -0.058400 0.478927
v 0.171708 -0.057441 0.476594
v 0.171404 -0.056924 0.476786
v 0.167989 -0.056852 0.478611
v 0.170602 -0.056852 0.476716
v 0.169494 -0.056563 0.492254
v 0.163952 -0.056313 0.494790
v 0.163055 -0.032313 0.495044
v 0.163920 -0.036063 0.491324
v 0.164188 -0.035621 0.407290
v 0.181611 -0.032320 0.416004
v 0.186241 -0.032320 0.421397
v 0.196247 -0.038743 0.441748
v 0.196196 -0.031693 0.441638
v 0.185312 -0.056320 0.417807
v 0.182951 -0.051595 0.415225
v 0.187798 -0.051595 0.420990
v 0.189295 -0.056819 0.424158
v 0.191688 -0.056319 0.427440
v 0.192669 -0.056819 0.430790
v 0.196804 -0.038742 0.449259
v 0.196198 -0.031816 0.456685
v 0.196185 -0.038741 0.456766
v 0.188876 -0.035815 0.467312
v 0.194764 -0.036318 0.441973
v 0.194043 -0.031731 0.435523
v 0.193155 -0.036318 0.435049
v 0.190659 -0.035716 0.464537
v 0.189234 -0.035519 0.431145
v 0.169143 -0.035513 0.491030
v 0.191509 -0.051590 0.471038
v 0.187565 -0.045164 0.477456
v 0.187565 -0.051589 0.477456
v 0.190370 -0.056874 0.452701
v 0.193304 -0.056855 0.452771
v 0.184388 -0.056845 0.452747
v 0.179908 -0.056834 0.465718
v 0.178251 -0.058704 0.451837
v 0.181479 -0.057631 0.452471
v 0.184403 -0.057458 0.452108
v 0.196371 -0.058217 0.451659
v 0.193324 -0.057525 0.446025
v 0.196331 -0.056688 0.445341
v 0.177773 -0.058674 0.443184
v 0.177291 -0.058413 0.440318
v 0.178348 -0.058558 0.446413
v 0.181496 -0.057984 0.446110
v 0.184447 -0.057589 0.446054
v 0.187530 -0.058054 0.446450
v 0.177475 -0.059274 0.443244
v 0.177905 -0.059273 0.446095
v 0.177565 -0.058853 0.454900
v 0.177049 -0.059272 0.456698
v 0.177475 -0.059272 0.454882
v 0.177049 -0.059274 0.441427
v 0.173164 -0.058856 0.432630
v 0.174102 -0.059274 0.434312
v 0.173087 -0.059275 0.432681
v 0.176207 -0.056857 0.427015
v 0.174296 -0.057545 0.428299
v 0.176089 -0.057366 0.425913
v 0.171631 -0.058477 0.429551
v 0.178209 -0.057457 0.423731
v 0.182255 -0.057960 0.419415
v 0.180124 -0.058250 0.421354
v 0.178158 -0.057883 0.415297
v 0.180495 -0.057670 0.413214
v 0.174918 -0.056321 0.408652
v 0.177266 -0.051596 0.410284
v 0.177266 -0.056321 0.410285
v 0.159953 -0.058687 0.421615
v 0.162603 -0.058515 0.422725
v 0.167979 -0.059019 0.426684
v 0.167675 -0.058583 0.426007
v 0.171667 -0.057513 0.421557
v 0.171234 -0.056882 0.421337
v 0.169610 -0.057710 0.423485
v 0.171250 -0.056820 0.420923
v 0.151522 -0.059276 0.419713
v 0.154391 -0.058857 0.420053
v 0.154373 -0.059276 0.420142
v 0.146031 -0.059398 0.419675
v 0.145760 -0.058349 0.418894
v 0.145655 -0.058508 0.419326
v 0.145160 -0.057599 0.416146
v 0.145603 -0.057472 0.413654
v 0.142958 -0.056839 0.414004
v 0.144778 -0.056851 0.413605
v 0.139940 -0.058857 0.420753
v 0.142691 -0.058687 0.419926
v 0.134417 -0.058414 0.422559
v 0.137105 -0.058516 0.421496
v 0.126152 -0.056850 0.421320
v 0.125522 -0.057256 0.421586
v 0.121709 -0.056820 0.416772
v 0.123483 -0.056934 0.419148
v 0.121408 -0.056934 0.417073
v 0.116613 -0.057670 0.413214
v 0.117045 -0.057245 0.413150
v 0.118690 -0.058406 0.415557
v 0.120846 -0.058250 0.417493
v 0.127200 -0.058069 0.423608
v 0.129217 -0.059519 0.426785
v 0.127695 -0.059519 0.428203
v 0.119417 -0.058685 0.443200
v 0.120059 -0.059274 0.441427
v 0.119634 -0.059274 0.443244
v 0.118921 -0.058312 0.443101
v 0.119997 -0.058514 0.440373
v 0.122821 -0.057766 0.428073
v 0.118121 -0.056857 0.431047
v 0.119006 -0.056857 0.429629
v 0.125344 -0.058420 0.429896
v 0.123730 -0.058515 0.432486
v 0.121226 -0.058855 0.437713
v 0.120987 -0.058514 0.437614
v 0.122217 -0.058514 0.435014
v 0.121092 -0.057512 0.425896
v 0.120839 -0.057068 0.425942
v 0.120874 -0.056893 0.426443
v 0.116794 -0.057670 0.421545
v 0.114776 -0.057670 0.419527
v 0.113304 -0.058520 0.416853
v 0.112935 -0.058020 0.416516
v 0.114436 -0.058020 0.414945
v 0.112375 -0.056789 0.417627
v 0.117094 -0.058406 0.421244
v 0.115049 -0.058406 0.419199
v 0.115289 -0.056856 0.437056
v 0.115336 -0.056818 0.436179
v 0.118557 -0.058531 0.446486
v 0.115550 -0.057940 0.446043
v 0.109638 -0.057454 0.446006
v 0.112608 -0.057154 0.445881
v 0.106688 -0.057957 0.451773
v 0.109531 -0.058035 0.451850
v 0.100746 -0.057773 0.451916
v 0.100380 -0.056989 0.451773
v 0.100361 -0.057885 0.446714
v 0.103804 -0.057242 0.445949
v 0.106739 -0.056931 0.445638
v 0.106739 -0.057242 0.445949
v 0.103745 -0.058092 0.451949
v 0.113084 -0.057065 0.452358
v 0.115601 -0.057672 0.452345
v 0.118571 -0.058461 0.451716
v 0.119204 -0.059273 0.452031
v 0.119544 -0.058853 0.454900
v 0.119113 -0.058854 0.452040
v 0.120059 -0.063316 0.456699
v 0.120332 -0.059272 0.457651
v 0.120059 -0.059272 0.456698
v 0.119817 -0.058411 0.457808
v 0.120639 -0.058310 0.460657
v 0.112608 -0.057154 0.452244
v 0.117231 -0.056840 0.465678
v 0.118994 -0.059017 0.446974
v 0.106739 -0.056874 0.452701
v 0.109673 -0.056817 0.452913
v 0.121086 -0.056909 0.426713
v 0.133803 -0.063319 0.423517
v 0.132172 -0.059275 0.424530
v 0.133803 -0.059275 0.423516
v 0.129106 -0.058376 0.425822
v 0.126345 -0.056321 0.406228
v 0.122464 -0.056821 0.409071
v 0.122191 -0.056321 0.408652
v 0.150879 -0.057974 0.402813
v 0.151129 -0.058407 0.403313
v 0.150704 -0.058521 0.403313
v 0.146192 -0.058464 0.411015
v 0.151186 -0.058517 0.419197
v 0.151594 -0.057533 0.413886
v 0.151979 -0.056935 0.408215
v 0.151757 -0.057820 0.416276
v 0.151476 -0.058309 0.418928
v 0.145440 -0.057246 0.403313
v 0.145440 -0.057246 0.408215
v 0.145129 -0.056935 0.403313
v 0.169879 -0.035721 0.407413
v 0.136348 -0.044321 0.402812
v 0.133156 -0.045171 0.403335
v 0.133156 -0.044321 0.403335
v 0.129859 -0.035521 0.404906
v 0.117560 -0.034320 0.413400
v 0.129595 -0.035671 0.408118
v 0.133159 -0.035821 0.407274
v 0.107854 -0.035619 0.430386
v 0.106748 -0.035619 0.428091
v 0.103953 -0.032395 0.435049
v 0.103994 -0.035818 0.434933
v 0.106449 -0.035718 0.433585
v 0.104305 -0.035983 0.463663
v 0.107121 -0.035518 0.432964
v 0.128970 -0.056820 0.419287
v 0.129120 -0.056858 0.419515
v 0.138155 -0.056845 0.415165
v 0.180702 -0.056992 0.413082
v 0.181101 -0.058020 0.413443
v 0.183990 -0.058270 0.416685
v 0.184099 -0.058406 0.417159
v 0.178216 -0.056838 0.429554
v 0.179222 -0.056819 0.430908
v 0.182217 -0.056837 0.437813
v 0.182076 -0.056818 0.436963
v 0.196420 -0.058312 0.446764
v 0.196149 -0.056817 0.452913
v 0.183698 -0.056855 0.453026
v 0.176295 -0.058411 0.460584
v 0.177111 -0.058512 0.457753
v 0.182770 -0.056871 0.478134
v 0.180845 -0.056814 0.475909
v 0.187565 -0.038739 0.477455
v 0.187565 -0.032314 0.477455
v 0.191447 -0.035815 0.471157
v 0.182951 -0.045170 0.415225
v 0.182951 -0.038745 0.415224
v 0.187798 -0.038745 0.420989
v 0.152435 -0.056820 0.484520
v 0.151392 -0.058312 0.479243
v 0.151170 -0.058502 0.478955
v 0.151673 -0.057281 0.484652
v 0.151613 -0.057820 0.482090
v 0.151657 -0.057359 0.485009
v 0.151554 -0.057663 0.487111
v 0.151979 -0.056927 0.489911
v 0.156189 -0.063314 0.477559
v 0.151522 -0.059270 0.478413
v 0.150634 -0.059514 0.478489
v 0.160076 -0.058409 0.476804
v 0.158850 -0.056852 0.482897
v 0.157354 -0.058308 0.477981
v 0.165156 -0.056833 0.480444
v 0.162222 -0.056814 0.481977
v 0.162542 -0.058681 0.475286
v 0.178076 -0.057664 0.482827
v 0.175939 -0.057351 0.472099
v 0.129415 -0.059267 0.471566
v 0.132049 -0.058681 0.473780
v 0.126228 -0.045163 0.491835
v 0.119843 -0.038738 0.487839
v 0.119843 -0.045163 0.487840
v 0.106749 -0.035515 0.468904
v 0.107600 -0.056565 0.474098
v 0.105420 -0.056315 0.470685
v 0.112678 -0.057452 0.480616
v 0.114748 -0.057664 0.478626
v 0.120925 -0.057877 0.472530
v 0.118940 -0.057665 0.474435
v 0.112935 -0.058014 0.481610
v 0.113010 -0.058400 0.480967
v 0.113304 -0.058514 0.481273
v 0.116783 -0.056493 0.485376
v 0.117293 -0.056621 0.485498
v 0.116523 -0.058291 0.484656
v 0.118540 -0.058457 0.482418
v 0.125464 -0.057292 0.476587
v 0.123263 -0.057239 0.478758
v 0.121408 -0.056928 0.481053
v 0.121188 -0.057239 0.480833
v 0.122879 -0.057594 0.469939
v 0.131995 -0.026815 0.471902
v 0.132027 -0.028419 0.471765
v 0.132056 -0.029565 0.471711
v 0.128313 -0.032261 0.468168
v 0.131476 -0.024389 0.469690
v 0.133991 -0.024482 0.469556
v 0.131867 -0.025419 0.470179
v 0.126345 -0.024615 0.467799
v 0.157778 -0.023995 0.470547
v 0.156783 -0.023815 0.470393
v 0.140095 -0.024648 0.471458
v 0.140029 -0.025869 0.474277
v 0.140214 -0.024580 0.474010
v 0.156412 -0.024330 0.473882
v 0.156898 -0.025815 0.475110
v 0.157125 -0.025853 0.474491
v 0.149787 -0.032042 0.476639
v 0.148553 -0.025814 0.476560
v 0.149794 -0.025814 0.476532
v 0.145812 -0.031939 0.476457
v 0.147777 -0.032064 0.476617
v 0.142067 -0.031815 0.475785
v 0.140672 -0.026665 0.475406
v 0.136462 -0.032248 0.474038
v 0.131987 -0.030361 0.473348
v 0.134039 -0.026815 0.474166
v 0.132213 -0.026815 0.473017
v 0.135441 -0.029815 0.474926
v 0.149554 -0.029814 0.478043
v 0.153255 -0.024814 0.477676
v 0.147476 -0.023948 0.477540
v 0.156971 -0.030680 0.477335
v 0.149588 -0.030814 0.479043
v 0.145851 -0.030747 0.478688
v 0.132970 -0.030901 0.494242
v 0.133074 -0.030850 0.494205
v 0.134705 -0.031063 0.495107
v 0.132788 -0.031225 0.494246
v 0.133346 -0.031325 0.492213
v 0.130624 -0.031494 0.489081
v 0.131876 -0.031063 0.489165
v 0.129429 -0.034013 0.489576
v 0.128641 -0.034013 0.490603
v 0.127427 -0.031135 0.491990
v 0.126484 -0.035392 0.491967
v 0.126641 -0.034163 0.492048
v 0.121569 -0.032314 0.479374
v 0.105592 -0.035515 0.471023
v 0.105765 -0.034052 0.469961
v 0.104781 -0.035515 0.469358
v 0.103709 -0.031698 0.464784
v 0.103617 -0.034016 0.464777
v 0.107362 -0.031562 0.464533
v 0.106353 -0.031587 0.464113
v 0.108447 -0.031586 0.467326
v 0.108365 -0.034015 0.467621
v 0.105677 -0.031554 0.470176
v 0.134988 -0.030815 0.475818
v 0.126217 -0.030373 0.468116
v 0.125725 -0.024571 0.465600
v 0.123547 -0.032065 0.466986
v 0.125297 -0.032248 0.466441
v 0.123618 -0.032248 0.467154
v 0.108427 -0.033817 0.450750
v 0.108101 -0.033817 0.451237
v 0.107979 -0.035242 0.449061
v 0.108101 -0.035167 0.447109
v 0.107248 -0.035267 0.446201
v 0.104328 -0.030923 0.463808
v 0.102939 -0.030874 0.434198
v 0.102803 -0.032318 0.440472
v 0.102101 -0.032317 0.446061
v 0.108243 -0.033271 0.435592
v 0.110489 -0.033835 0.430158
v 0.110403 -0.032319 0.429073
v 0.110403 -0.035369 0.429073
v 0.109992 -0.032319 0.428758
v 0.107578 -0.034018 0.433441
v 0.107578 -0.031499 0.433441
v 0.108365 -0.034019 0.432414
v 0.121913 -0.024418 0.437989
v 0.118865 -0.025818 0.438490
v 0.118163 -0.023317 0.450449
v 0.118911 -0.022951 0.444998
v 0.118546 -0.023317 0.444973
v 0.122372 -0.022949 0.466324
v 0.171585 -0.024132 0.466157
v 0.173499 -0.022816 0.459392
v 0.170277 -0.022816 0.465095
v 0.175539 -0.024567 0.459669
v 0.174413 -0.023351 0.459510
v 0.175488 -0.025988 0.459809
v 0.175468 -0.027717 0.459859
v 0.175901 -0.030255 0.459981
v 0.177341 -0.030749 0.459314
v 0.178431 -0.030262 0.458339
v 0.179209 -0.030727 0.457978
v 0.171756 -0.030065 0.466570
v 0.169434 -0.030315 0.469379
v 0.188736 -0.031245 0.467673
v 0.188464 -0.030929 0.467809
v 0.192071 -0.031416 0.464206
v 0.193131 -0.035515 0.467525
v 0.193818 -0.034165 0.465771
v 0.193131 -0.034165 0.467525
v 0.179535 -0.035314 0.484072
v 0.175564 -0.033814 0.479324
v 0.169584 -0.032987 0.468323
v 0.170424 -0.033789 0.470923
v 0.172267 -0.031816 0.462988
v 0.171207 -0.031816 0.464652
v 0.164493 -0.032209 0.471804
v 0.162969 -0.032315 0.473065
v 0.160418 -0.033801 0.477703
v 0.161594 -0.033814 0.477275
v 0.159895 -0.032371 0.474676
v 0.151723 -0.032247 0.476629
v 0.147417 -0.032481 0.477249
v 0.147719 -0.033797 0.480020
v 0.148554 -0.035313 0.489661
v 0.150658 -0.035263 0.489597
v 0.145859 -0.032313 0.489744
v 0.145744 -0.035163 0.489912
v 0.164212 -0.031216 0.494439
v 0.135037 -0.035363 0.489354
v 0.133655 -0.035363 0.488864
v 0.138631 -0.032683 0.475405
v 0.137162 -0.032454 0.474639
v 0.154657 -0.031188 0.495278
v 0.151606 -0.031313 0.495311
v 0.164002 -0.030856 0.494216
v 0.163700 -0.031368 0.491779
v 0.165574 -0.034013 0.489128
v 0.165256 -0.031314 0.489228
v 0.164534 -0.034013 0.489658
v 0.169740 -0.031368 0.491915
v 0.175373 -0.031313 0.489171
v 0.175765 -0.031813 0.488906
v 0.169576 -0.030813 0.490143
v 0.169974 -0.030856 0.491688
v 0.168615 -0.031413 0.490541
v 0.186435 -0.031189 0.478892
v 0.186007 -0.031314 0.479481
v 0.188378 -0.030849 0.475633
v 0.189289 -0.030815 0.473975
v 0.191379 -0.030916 0.470538
v 0.189752 -0.030895 0.469805
v 0.188852 -0.030815 0.469577
v 0.190637 -0.031190 0.472595
v 0.181950 -0.031064 0.483781
v 0.181151 -0.030881 0.484295
v 0.168046 -0.030951 0.489209
v 0.163658 -0.034013 0.491559
v 0.164847 -0.035438 0.488395
v 0.166195 -0.035438 0.487810
v 0.165582 -0.034013 0.494046
v 0.167243 -0.034088 0.493463
v 0.139399 -0.031188 0.495278
v 0.142451 -0.031063 0.495244
v 0.151347 -0.035238 0.489988
v 0.161183 -0.024083 0.472357
v 0.166563 -0.024815 0.469487
v 0.161497 -0.024815 0.473020
v 0.160125 -0.024410 0.472187
v 0.170115 -0.024084 0.464468
v 0.172113 -0.023816 0.458818
v 0.174398 -0.025649 0.458574
v 0.174259 -0.027441 0.458833
v 0.174707 -0.031816 0.458150
v 0.175356 -0.025816 0.457715
v 0.175563 -0.032409 0.458276
v 0.178632 -0.031817 0.454188
v 0.178882 -0.032250 0.444194
v 0.179132 -0.032317 0.444194
v 0.175325 -0.032296 0.440279
v 0.174103 -0.032591 0.437536
v 0.171562 -0.032160 0.433711
v 0.172370 -0.032068 0.435177
v 0.169415 -0.031944 0.431091
v 0.168314 -0.032069 0.429838
v 0.163787 -0.031990 0.426085
v 0.167749 -0.032571 0.428527
v 0.168585 -0.035408 0.410787
v 0.172072 -0.031071 0.407007
v 0.169804 -0.031293 0.406123
v 0.169828 -0.034021 0.405947
v 0.166552 -0.033921 0.409933
v 0.166562 -0.031629 0.409504
v 0.161518 -0.035471 0.407806
v 0.145554 -0.035171 0.404412
v 0.151554 -0.032321 0.404412
v 0.163854 -0.030866 0.403653
v 0.163256 -0.030874 0.406497
v 0.135250 -0.032162 0.409276
v 0.134626 -0.032254 0.408908
v 0.135219 -0.032321 0.408660
v 0.142451 -0.030854 0.403186
v 0.133209 -0.030888 0.403581
v 0.132973 -0.030905 0.403780
v 0.132764 -0.031343 0.403806
v 0.139399 -0.030854 0.403186
v 0.115857 -0.031695 0.413625
v 0.107264 -0.031506 0.424132
v 0.119923 -0.032253 0.411788
v 0.124997 -0.031071 0.407029
v 0.124965 -0.031321 0.406971
v 0.127469 -0.034021 0.406021
v 0.127747 -0.031495 0.406196
v 0.128493 -0.031421 0.407581
v 0.128087 -0.030981 0.407749
v 0.132475 -0.031169 0.408524
v 0.131988 -0.030854 0.409245
v 0.133133 -0.030894 0.408276
v 0.127340 -0.030932 0.406290
v 0.126848 -0.030856 0.406326
v 0.121874 -0.030888 0.409159
v 0.123459 -0.030888 0.408144
v 0.118667 -0.031320 0.411182
v 0.130986 -0.035371 0.410362
v 0.141858 -0.031882 0.422180
v 0.145516 -0.031945 0.421696
v 0.143857 -0.031819 0.421965
v 0.147616 -0.032662 0.421034
v 0.149663 -0.032829 0.420919
v 0.150208 -0.032412 0.421184
v 0.147173 -0.032321 0.409430
v 0.146801 -0.033821 0.408923
v 0.150881 -0.032321 0.408604
v 0.134515 -0.033821 0.404716
v 0.142266 -0.030686 0.420239
v 0.146034 -0.030503 0.419852
v 0.153370 -0.023088 0.421477
v 0.153496 -0.023820 0.420756
v 0.146147 -0.023088 0.421164
v 0.175908 -0.023818 0.439648
v 0.175548 -0.024318 0.438833
v 0.178098 -0.024818 0.440269
v 0.177632 -0.026068 0.440077
v 0.178066 -0.029985 0.440341
v 0.178650 -0.029950 0.441095
v 0.178654 -0.031901 0.441950
v 0.163959 -0.030069 0.424411
v 0.157284 -0.030070 0.421335
v 0.160747 -0.030319 0.422601
v 0.175799 -0.030318 0.438739
v 0.176329 -0.030501 0.439244
v 0.188852 -0.030819 0.428544
v 0.189752 -0.030899 0.428316
v 0.191294 -0.030886 0.427420
v 0.189685 -0.031319 0.423835
v 0.191447 -0.032319 0.426964
v 0.188512 -0.031507 0.422047
v 0.178990 -0.032319 0.422121
v 0.179523 -0.035169 0.422134
v 0.179523 -0.032319 0.422134
v 0.192845 -0.032018 0.433421
v 0.192845 -0.034018 0.433421
v 0.195410 -0.031068 0.437831
v 0.195072 -0.031318 0.436247
v 0.196428 -0.031151 0.443415
v 0.196591 -0.031067 0.445306
v 0.196712 -0.032317 0.452049
v 0.196467 -0.031316 0.454756
v 0.195964 -0.030883 0.456565
v 0.195503 -0.030850 0.458430
v 0.196518 -0.030884 0.447196
v 0.196429 -0.030851 0.449061
v 0.194056 -0.030895 0.464080
v 0.192932 -0.032318 0.435008
v 0.194305 -0.033818 0.440472
v 0.192932 -0.033818 0.435008
v 0.189151 -0.035368 0.435990
v 0.189151 -0.032318 0.435990
v 0.188847 -0.032318 0.435543
v 0.186356 -0.033819 0.431926
v 0.186519 -0.032319 0.431683
v 0.187371 -0.035519 0.431389
v 0.189190 -0.035167 0.446516
v 0.189461 -0.032317 0.446245
v 0.189395 -0.035217 0.451747
v 0.192343 -0.032316 0.457260
v 0.192343 -0.033816 0.457260
v 0.191078 -0.032316 0.462345
v 0.189007 -0.035167 0.447109
v 0.188610 -0.031291 0.431735
v 0.188864 -0.031501 0.430161
v 0.191370 -0.031604 0.428445
v 0.188238 -0.030911 0.431039
v 0.188690 -0.030956 0.429587
v 0.183363 -0.032320 0.415648
v 0.185227 -0.031320 0.417705
v 0.186433 -0.031320 0.419174
v 0.179821 -0.031070 0.412400
v 0.181118 -0.030887 0.413796
v 0.173534 -0.030854 0.408219
v 0.168619 -0.030975 0.408408
v 0.170145 -0.030839 0.406415
v 0.182625 -0.031070 0.414990
v 0.182495 -0.030887 0.415120
v 0.183789 -0.030887 0.416464
v 0.174660 -0.024818 0.440629
v 0.175122 -0.024086 0.441830
v 0.160572 -0.024009 0.426151
v 0.158539 -0.024136 0.427505
v 0.159686 -0.023908 0.427429
v 0.137595 -0.023953 0.425482
v 0.143658 -0.023819 0.424034
v 0.126739 -0.025121 0.433522
v 0.126671 -0.024952 0.433006
v 0.127869 -0.024235 0.433922
v 0.128511 -0.024485 0.436150
v 0.125712 -0.024178 0.437557
v 0.125547 -0.025005 0.436954
v 0.123490 -0.025818 0.437618
v 0.123147 -0.032363 0.437598
v 0.125908 -0.032285 0.432809
v 0.127896 -0.032614 0.430155
v 0.127439 -0.025819 0.431441
v 0.127812 -0.031819 0.431005
v 0.129637 -0.028819 0.429101
v 0.141874 -0.030225 0.422215
v 0.131510 -0.031417 0.425598
v 0.132738 -0.028819 0.426564
v 0.135256 -0.030319 0.423835
v 0.121544 -0.033820 0.418798
v 0.121581 -0.035170 0.418718
v 0.119916 -0.035170 0.420423
v 0.118570 -0.033820 0.421836
v 0.121814 -0.032320 0.420552
v 0.153344 -0.025819 0.421980
v 0.156434 -0.026244 0.422713
v 0.152281 -0.032320 0.421310
v 0.158637 -0.031819 0.423476
v 0.161826 -0.032286 0.424548
v 0.153900 -0.032253 0.421831
v 0.156215 -0.024201 0.423947
v 0.157102 -0.025471 0.423587
v 0.156142 -0.023953 0.425865
v 0.156343 -0.024819 0.422966
v 0.124130 -0.025818 0.436743
v 0.123958 -0.024906 0.437261
v 0.109897 -0.033818 0.434511
v 0.118225 -0.032158 0.445372
v 0.118146 -0.032067 0.447811
v 0.178132 -0.022951 0.452942
v 0.178498 -0.023317 0.452942
v 0.175687 -0.024816 0.457381
v 0.174973 -0.024084 0.456792
v 0.177632 -0.022881 0.441577
v 0.178224 -0.023356 0.441594
v 0.178632 -0.023818 0.443077
v 0.174775 -0.032228 0.439437
v 0.174644 -0.025818 0.440100
v 0.127281 -0.023087 0.430854
v 0.132186 -0.024152 0.425337
v 0.126725 -0.023819 0.430378
v 0.138746 -0.024820 0.421769
v 0.138408 -0.030820 0.416671
v 0.131801 -0.030685 0.424780
v 0.132009 -0.030319 0.425081
v 0.120111 -0.024485 0.437664
v 0.123811 -0.030684 0.432998
v 0.124174 -0.030068 0.433233
v 0.126420 -0.030319 0.430117
v 0.122428 -0.024818 0.436474
v 0.119258 -0.029985 0.437732
v 0.105867 -0.030889 0.427573
v 0.105676 -0.031321 0.428042
v 0.108561 -0.031392 0.431099
v 0.108627 -0.030886 0.422419
v 0.108475 -0.031069 0.422317
v 0.113381 -0.030853 0.416581
v 0.157709 -0.030888 0.403061
v 0.160761 -0.030888 0.403061
v 0.157709 -0.031071 0.402878
v 0.165232 -0.031071 0.408957
v 0.165166 -0.030888 0.409128
v 0.173903 -0.032282 0.461261
v 0.174266 -0.030566 0.458817
v 0.178990 -0.032314 0.476000
v 0.178990 -0.035164 0.476000
v 0.175646 -0.035214 0.480258
v 0.188353 -0.035366 0.463970
v 0.188847 -0.035366 0.462578
v 0.188628 -0.031281 0.466336
v 0.134985 -0.022827 0.472663
v 0.141066 -0.022815 0.475001
v 0.135056 -0.022815 0.472444
v 0.140687 -0.023448 0.476313
v 0.102696 -0.033455 0.434070
v 0.102680 -0.032743 0.434115
v 0.100931 -0.031193 0.441522
v 0.100708 -0.031068 0.443374
v 0.100376 -0.031192 0.447143
v 0.100592 -0.030884 0.447151
v 0.100522 -0.031067 0.445247
v 0.100669 -0.031191 0.454708
v 0.100964 -0.031066 0.456594
v 0.102472 -0.030850 0.462041
v 0.101876 -0.030883 0.460249
v 0.101144 -0.030883 0.456565
v 0.100885 -0.030883 0.454683
v 0.100337 -0.031192 0.449061
v 0.107853 -0.030862 0.464239
v 0.108827 -0.030815 0.465516
v 0.106959 -0.035441 0.462041
v 0.107701 -0.035441 0.462094
v 0.109220 -0.035440 0.465353
v 0.118586 -0.033814 0.476198
v 0.126692 -0.033789 0.470930
v 0.127590 -0.033789 0.471793
v 0.110464 -0.035440 0.468793
v 0.108109 -0.032316 0.462355
v 0.129264 -0.030315 0.470893
v 0.129021 -0.030681 0.471168
v 0.127430 -0.030936 0.491759
v 0.123414 -0.031063 0.490165
v 0.123510 -0.030880 0.490009
v 0.121912 -0.030880 0.488988
v 0.119721 -0.031313 0.487749
v 0.118723 -0.031188 0.486941
v 0.111932 -0.031064 0.480373
v 0.109825 -0.030847 0.477205
v 0.108860 -0.030815 0.475602
v 0.114436 -0.031314 0.483179
v 0.108621 -0.030884 0.468693
v 0.128252 -0.032313 0.487623
v 0.130460 -0.030859 0.488574
v 0.129061 -0.030951 0.489208
v 0.156344 -0.024815 0.475154
v 0.087054 -0.025654 0.469013
v 0.086554 -0.028165 0.471877
v 0.087054 -0.031557 0.473543
v 0.086554 -0.017046 0.452560
v 0.086554 -0.017796 0.456365
v 0.086304 -0.018998 0.437807
v 0.086554 -0.038306 0.420849
v 0.086304 -0.034759 0.422049
v 0.086304 -0.074809 0.448865
v 0.086054 -0.074572 0.452566
v 0.087054 -0.053181 0.476392
v 0.087054 -0.060056 0.473545
v 0.086554 -0.045805 0.477862
v 0.086554 -0.049507 0.477625
v 0.087054 -0.045805 0.477362
v 0.087054 -0.045812 0.420362
v 0.086554 -0.049513 0.420099
v 0.086554 -0.045812 0.419862
v 0.078904 -0.068941 0.437080
v 0.079054 -0.069733 0.438682
v 0.078904 -0.069696 0.438698
v 0.078904 -0.071740 0.447649
v 0.078849 -0.071538 0.445846
v 0.078754 -0.021456 0.445307
v 0.079074 -0.021456 0.445307
v 0.079074 -0.021252 0.447239
v 0.078904 -0.022485 0.437465
v 0.079054 -0.022448 0.437447
v 0.079064 -0.024017 0.435999
v 0.079054 -0.027946 0.429969
v 0.079054 -0.026611 0.431328
v 0.085454 -0.035629 0.424937
v 0.079054 -0.035629 0.424937
v 0.079054 -0.033970 0.425713
v 0.078774 -0.035717 0.425144
v 0.078794 -0.034039 0.425847
v 0.078904 -0.029380 0.428762
v 0.078849 -0.028012 0.430038
v 0.078774 -0.046482 0.423096
v 0.085504 -0.050149 0.423240
v 0.085594 -0.045811 0.424252
v 0.085434 -0.047431 0.424305
v 0.085434 -0.066686 0.435832
v 0.078904 -0.067027 0.433906
v 0.079054 -0.067060 0.433883
v 0.079054 -0.068086 0.435457
v 0.085734 -0.064531 0.431146
v 0.085754 -0.065665 0.432545
v 0.079054 -0.058869 0.426380
v 0.085641 -0.057712 0.425932
v 0.085454 -0.060432 0.427364
v 0.085714 -0.055476 0.424888
v 0.079054 -0.051978 0.423605
v 0.079054 -0.050151 0.423227
v 0.078849 -0.063314 0.429766
v 0.078794 -0.061862 0.428600
v 0.078849 -0.068005 0.435506
v 0.078794 -0.066937 0.433969
v 0.078849 -0.055496 0.424837
v 0.085659 -0.071244 0.443955
v 0.085604 -0.071592 0.445840
v 0.079054 -0.071632 0.445835
v 0.079054 -0.071780 0.447647
v 0.078849 -0.071345 0.453217
v 0.078849 -0.070719 0.455909
v 0.085691 -0.070403 0.456777
v 0.085727 -0.069740 0.458502
v 0.085734 -0.071465 0.451338
v 0.085741 -0.071551 0.449486
v 0.085594 -0.064684 0.464655
v 0.085679 -0.064179 0.466230
v 0.079054 -0.068286 0.461931
v 0.079054 -0.067291 0.463509
v 0.078754 -0.064684 0.464655
v 0.078849 -0.069837 0.458542
v 0.085659 -0.069083 0.460235
v 0.085714 -0.068156 0.461855
v 0.078774 -0.062121 0.468818
v 0.078754 -0.060625 0.469861
v 0.078904 -0.055972 0.472749
v 0.079054 -0.055988 0.472786
v 0.078904 -0.054266 0.473406
v 0.085604 -0.052470 0.473953
v 0.085659 -0.050704 0.474300
v 0.078867 -0.047653 0.474704
v 0.079054 -0.050722 0.474393
v 0.079054 -0.048903 0.474677
v 0.078849 -0.041482 0.474403
v 0.078794 -0.039675 0.473973
v 0.085529 -0.037841 0.473589
v 0.085529 -0.039644 0.474100
v 0.085594 -0.031545 0.468917
v 0.085754 -0.030016 0.467736
v 0.078904 -0.031208 0.470327
v 0.079054 -0.031185 0.470360
v 0.079054 -0.029662 0.469240
v 0.078904 -0.025752 0.465343
v 0.079054 -0.024558 0.463841
v 0.085714 -0.024680 0.463755
v 0.085741 -0.024126 0.462064
v 0.079054 -0.025721 0.465369
v 0.085454 -0.026322 0.466050
v 0.085504 -0.022400 0.460115
v 0.078774 -0.022841 0.460560
v 0.078754 -0.022160 0.458924
v 0.078849 -0.020793 0.455594
v 0.078794 -0.020427 0.453758
v 0.085591 -0.020241 0.444502
v 0.085454 -0.019929 0.446364
v 0.085734 -0.020500 0.453744
v 0.085454 -0.019816 0.448231
v 0.079054 -0.019816 0.448231
v 0.085754 -0.024951 0.446417
v 0.085594 -0.024838 0.449979
v 0.085734 -0.029497 0.428905
v 0.085741 -0.035870 0.425501
v 0.085714 -0.037387 0.424422
v 0.078904 -0.040026 0.423570
v 0.079054 -0.039138 0.423732
v 0.085529 -0.044584 0.422911
v 0.085454 -0.042714 0.423047
v 0.078794 -0.044590 0.423041
v 0.078774 -0.042741 0.423270
v 0.085734 -0.024512 0.434341
v 0.085754 -0.025658 0.432910
v 0.085659 -0.020646 0.442705
v 0.085594 -0.022960 0.439720
v 0.085754 -0.021825 0.443346
v 0.079074 -0.024931 0.461892
v 0.078774 -0.036169 0.472766
v 0.078754 -0.037927 0.473323
v 0.085529 -0.036092 0.472957
v 0.085659 -0.034427 0.472132
v 0.085714 -0.032824 0.471214
v 0.078904 -0.052470 0.473953
v 0.079054 -0.054279 0.473444
v 0.079054 -0.052480 0.473992
v 0.085594 -0.053973 0.468210
v 0.085754 -0.050550 0.469319
v 0.085529 -0.059278 0.471077
v 0.085604 -0.060775 0.470073
v 0.085529 -0.063657 0.467740
v 0.085714 -0.057579 0.471877
v 0.085664 -0.055672 0.472043
v 0.085434 -0.058838 0.469739
v 0.085754 -0.071481 0.447661
v 0.129940 -0.095854 0.411856
v 0.130139 -0.093604 0.412155
v 0.167899 -0.095104 0.413090
v 0.166414 -0.095854 0.412192
v 0.171417 -0.095104 0.415468
v 0.161776 -0.098106 0.408449
v 0.165062 -0.098304 0.409809
v 0.167071 -0.098304 0.404959
v 0.160105 -0.095104 0.409975
v 0.162127 -0.095219 0.409911
v 0.161129 -0.095403 0.408243
v 0.110119 -0.096143 0.470146
v 0.110279 -0.098045 0.469380
v 0.107861 -0.097804 0.470743
v 0.128065 -0.095680 0.411570
v 0.123749 -0.095104 0.416063
v 0.134554 -0.095854 0.405158
v 0.134315 -0.095123 0.404237
v 0.134507 -0.093604 0.491626
v 0.133567 -0.093604 0.490134
v 0.136538 -0.093604 0.490183
v 0.164052 -0.096458 0.404157
v 0.164048 -0.094129 0.404262
v 0.139186 -0.093638 0.402597
v 0.141878 -0.093746 0.401981
v 0.144244 -0.093854 0.401677
v 0.117540 -0.093638 0.413110
v 0.121983 -0.093729 0.409637
v 0.128090 -0.093604 0.409238
v 0.106162 -0.096673 0.429364
v 0.107431 -0.096604 0.430034
v 0.108451 -0.096554 0.432092
v 0.110081 -0.093604 0.433593
v 0.107850 -0.093604 0.440744
v 0.107991 -0.093604 0.434332
v 0.103619 -0.096740 0.465587
v 0.105663 -0.096721 0.470144
v 0.116370 -0.093604 0.475978
v 0.113404 -0.093771 0.482044
v 0.111684 -0.093604 0.479800
v 0.106935 -0.093604 0.448178
v 0.102857 -0.093604 0.449536
v 0.102857 -0.093604 0.446484
v 0.128521 -0.094804 0.407577
v 0.128228 -0.096251 0.407595
v 0.171011 -0.093604 0.415199
v 0.164297 -0.093604 0.411657
v 0.166138 -0.093858 0.409761
v 0.167014 -0.096804 0.405097
v 0.164278 -0.096732 0.405853
v 0.184011 -0.093933 0.416871
v 0.184111 -0.095104 0.416863
v 0.163725 -0.094088 0.495226
v 0.163455 -0.096050 0.495431
v 0.170331 -0.095699 0.492474
v 0.169776 -0.094109 0.492390
v 0.191498 -0.096742 0.469983
v 0.189456 -0.096786 0.465958
v 0.193452 -0.096562 0.465512
v 0.194857 -0.094104 0.446484
v 0.194857 -0.094104 0.443433
v 0.194290 -0.095104 0.437330
v 0.191519 -0.093604 0.435091
v 0.192330 -0.093604 0.434889
v 0.194653 -0.093808 0.437330
v 0.188307 -0.093604 0.433015
v 0.188321 -0.093604 0.439351
v 0.185763 -0.093604 0.432204
v 0.179562 -0.093808 0.486277
v 0.175237 -0.093710 0.489445
v 0.169123 -0.093604 0.489834
v 0.141861 -0.094001 0.495661
v 0.138446 -0.094271 0.490026
v 0.121621 -0.093604 0.481319
v 0.130200 -0.096804 0.493975
v 0.128484 -0.096671 0.491867
v 0.107436 -0.098084 0.428350
v 0.107105 -0.095037 0.428016
v 0.113331 -0.095104 0.418439
v 0.113103 -0.095104 0.416863
v 0.156193 -0.093937 0.402055
v 0.156096 -0.093604 0.403056
v 0.138035 -0.095104 0.489712
v 0.134802 -0.095104 0.488879
v 0.135494 -0.095714 0.489896
v 0.140779 -0.095125 0.492381
v 0.141102 -0.095104 0.492194
v 0.126742 -0.098054 0.491870
v 0.127498 -0.098032 0.490322
v 0.127163 -0.095854 0.490853
v 0.103691 -0.096547 0.433617
v 0.123906 -0.095104 0.490984
v 0.121104 -0.095104 0.487093
v 0.150235 -0.095104 0.402247
v 0.148607 -0.095104 0.402986
v 0.107133 -0.096537 0.469943
v 0.106158 -0.096229 0.442481
v 0.106485 -0.095801 0.437555
v 0.104057 -0.096604 0.437329
v 0.104057 -0.096604 0.461743
v 0.106805 -0.096051 0.462099
v 0.117095 -0.094687 0.422234
v 0.115478 -0.094604 0.420649
v 0.111506 -0.094729 0.421037
v 0.132343 -0.096604 0.410271
v 0.134274 -0.096501 0.410082
v 0.147357 -0.096604 0.406044
v 0.150211 -0.095840 0.407874
v 0.150230 -0.095345 0.405896
v 0.164871 -0.096604 0.410271
v 0.164297 -0.096604 0.411657
v 0.186078 -0.095124 0.428185
v 0.187138 -0.096604 0.429248
v 0.187145 -0.098221 0.429857
v 0.190148 -0.098254 0.428434
v 0.173644 -0.095104 0.484556
v 0.175868 -0.095204 0.480156
v 0.171417 -0.095104 0.483605
v 0.189897 -0.098087 0.470569
v 0.194351 -0.098242 0.464645
v 0.191568 -0.095705 0.471465
v 0.190286 -0.095078 0.471397
v 0.192279 -0.098361 0.464000
v 0.188382 -0.098054 0.465206
v 0.147013 -0.093638 0.497385
v 0.146977 -0.094104 0.497759
v 0.193843 -0.096265 0.433804
v 0.134554 -0.095104 0.493914
v 0.135484 -0.095104 0.495967
v 0.141324 -0.095827 0.495602
v 0.176109 -0.096604 0.411979
v 0.170004 -0.096398 0.410655
v 0.178095 -0.096104 0.417426
v 0.180670 -0.096366 0.419519
v 0.190638 -0.096104 0.447871
v 0.189976 -0.095515 0.451823
v 0.184192 -0.094604 0.469899
v 0.187822 -0.094354 0.476340
v 0.188179 -0.094202 0.467975
v 0.182225 -0.095861 0.481801
v 0.178309 -0.096072 0.481847
v 0.165956 -0.096604 0.487516
v 0.166124 -0.095854 0.486598
v 0.163198 -0.096604 0.488643
v 0.142243 -0.094504 0.494450
v 0.103857 -0.106804 0.437578
v 0.107325 -0.106804 0.465336
v 0.109284 -0.100304 0.429464
v 0.109274 -0.100304 0.428992
v 0.108877 -0.100304 0.428738
v 0.104115 -0.095304 0.435436
v 0.102812 -0.098454 0.434897
v 0.104003 -0.098362 0.463952
v 0.102952 -0.098304 0.464117
v 0.130401 -0.098404 0.490123
v 0.160383 -0.121304 0.403261
v 0.182184 -0.122051 0.483969
v 0.170354 -0.121304 0.492046
v 0.192340 -0.098544 0.434475
v 0.194408 -0.098141 0.434556
v 0.192762 -0.098304 0.430841
v 0.188927 -0.106804 0.431353
v 0.189000 -0.106804 0.430962
v 0.166790 -0.106804 0.409216
v 0.176679 -0.095104 0.410293
v 0.170064 -0.095970 0.406522
v 0.170305 -0.095104 0.408127
v 0.167874 -0.121304 0.405846
v 0.174833 -0.121304 0.409633
v 0.148607 -0.106804 0.402786
v 0.141519 -0.106804 0.403326
v 0.133215 -0.106804 0.407737
v 0.115733 -0.100406 0.419872
v 0.115609 -0.104006 0.420113
v 0.115338 -0.106804 0.418813
v 0.115338 -0.100304 0.418813
v 0.109617 -0.095104 0.421983
v 0.106203 -0.095365 0.427736
v 0.126792 -0.098304 0.406668
v 0.126973 -0.098304 0.407760
v 0.128018 -0.098304 0.407567
v 0.102857 -0.121304 0.455639
v 0.102357 -0.120804 0.455639
v 0.102357 -0.120804 0.449536
v 0.106497 -0.121304 0.427024
v 0.110259 -0.122004 0.420493
v 0.122380 -0.121304 0.409633
v 0.126977 -0.106804 0.490981
v 0.127785 -0.106804 0.491205
v 0.129316 -0.106804 0.490622
v 0.106333 -0.100521 0.428158
v 0.105827 -0.098309 0.427859
v 0.112835 -0.096260 0.418673
v 0.112838 -0.098075 0.418669
v 0.112834 -0.099844 0.418673
v 0.112828 -0.102219 0.418683
v 0.112848 -0.104196 0.418661
v 0.112844 -0.105872 0.418666
v 0.166957 -0.098304 0.405236
v 0.163197 -0.098304 0.403860
v 0.163907 -0.098379 0.405780
v 0.170230 -0.100954 0.406402
v 0.170303 -0.106804 0.406439
v 0.194584 -0.122120 0.449537
v 0.194857 -0.120804 0.449536
v 0.194857 -0.120804 0.455639
v 0.194107 -0.100954 0.437454
v 0.193357 -0.106804 0.437578
v 0.193357 -0.106804 0.461494
v 0.192762 -0.098304 0.468231
v 0.191913 -0.098304 0.465129
v 0.176636 -0.095104 0.487885
v 0.162677 -0.095243 0.494116
v 0.170703 -0.098604 0.492429
v 0.133236 -0.106804 0.491824
v 0.134595 -0.106804 0.494137
v 0.141519 -0.106804 0.495746
v 0.132975 -0.098304 0.492833
v 0.132510 -0.098304 0.490969
v 0.128068 -0.098379 0.491391
v 0.130257 -0.098304 0.493836
v 0.120332 -0.138804 0.252915
v 0.120332 -0.134304 0.252915
v 0.126285 -0.134304 0.256355
v 0.145006 -0.134304 0.267176
v 0.151377 -0.136722 0.270857
v 0.151330 -0.141804 0.270830
v 0.104853 -0.121954 0.429812
v 0.103284 -0.121954 0.433740
v 0.102857 -0.121304 0.437330
v 0.122085 -0.122171 0.489644
v 0.125807 -0.121904 0.491870
v 0.133042 -0.121304 0.494678
v 0.190810 -0.121304 0.471871
v 0.194607 -0.121954 0.455917
v 0.173087 -0.141804 0.411196
v 0.172986 -0.138804 0.410936
v 0.173104 -0.138804 0.411237
v 0.164779 -0.141804 0.388806
v 0.164787 -0.138804 0.388830
v 0.148217 -0.124603 0.495927
v 0.149192 -0.124604 0.495897
v 0.116078 -0.121904 0.414129
v 0.113365 -0.121304 0.417317
v 0.108659 -0.141804 0.405068
v 0.108659 -0.144804 0.405067
v 0.108425 -0.144804 0.409883
v 0.108164 -0.144804 0.415382
v 0.108064 -0.141804 0.417518
v 0.108350 -0.141804 0.411459
v 0.114019 -0.144804 0.304537
v 0.113934 -0.141804 0.305725
v 0.114243 -0.141804 0.301483
v 0.115266 -0.138804 0.288734
v 0.115206 -0.137397 0.289430
v 0.115515 -0.136733 0.285935
v 0.115145 -0.145648 0.290142
v 0.115132 -0.144804 0.290299
v 0.115464 -0.144804 0.286496
v 0.113097 -0.141804 0.318207
v 0.112991 -0.138804 0.319890
v 0.113154 -0.138804 0.317303
v 0.128405 -0.149718 0.235608
v 0.158488 -0.149632 0.249797
v 0.161377 -0.149304 0.244406
v 0.148612 -0.143125 0.290922
v 0.148612 -0.141804 0.290922
v 0.148608 -0.141804 0.291089
v 0.134652 -0.130738 0.239038
v 0.128510 -0.130738 0.235488
v 0.131137 -0.130746 0.232184
v 0.150804 -0.130731 0.255348
v 0.147782 -0.130736 0.260576
v 0.144413 -0.130731 0.251654
v 0.143716 -0.130748 0.223355
v 0.144343 -0.130749 0.222271
v 0.146766 -0.130749 0.221707
v 0.140695 -0.130747 0.228582
v 0.137673 -0.130746 0.233810
v 0.135281 -0.129947 0.228154
v 0.148607 -0.123804 0.239537
v 0.149677 -0.123804 0.239339
v 0.150606 -0.123804 0.238774
v 0.149545 -0.123804 0.233687
v 0.152176 -0.123165 0.231701
v 0.147870 -0.123322 0.230446
v 0.110907 -0.138804 0.359090
v 0.111018 -0.138804 0.356648
v 0.111018 -0.141804 0.356651
v 0.109904 -0.141804 0.380061
v 0.110160 -0.141804 0.374879
v 0.110080 -0.144804 0.376520
v 0.110768 -0.141804 0.362126
v 0.110788 -0.144804 0.361690
v 0.109567 -0.141804 0.386807
v 0.109597 -0.144804 0.386208
v 0.109524 -0.144804 0.387655
v 0.187436 -0.122404 0.420895
v 0.102607 -0.121954 0.461743
v 0.103354 -0.121304 0.464775
v 0.104772 -0.121304 0.468473
v 0.146360 -0.095240 0.407904
v 0.109182 -0.094703 0.435969
v 0.109099 -0.095137 0.436212
v 0.127743 -0.095104 0.485635
v 0.127743 -0.093604 0.485635
v 0.108503 -0.095629 0.462477
v 0.109118 -0.095276 0.462915
v 0.109124 -0.093604 0.462936
v 0.117327 -0.095071 0.421968
v 0.111211 -0.095105 0.470869
v 0.156325 -0.095206 0.406635
v 0.160526 -0.095269 0.407417
v 0.175588 -0.095104 0.418666
v 0.176149 -0.095305 0.419165
v 0.178607 -0.096314 0.416774
v 0.167896 -0.098009 0.411478
v 0.168879 -0.097929 0.410961
v 0.169752 -0.098054 0.408765
v 0.168613 -0.095932 0.411548
v 0.169173 -0.095468 0.411567
v 0.164884 -0.097929 0.410240
v 0.108537 -0.096138 0.463188
v 0.106772 -0.095490 0.451649
v 0.107364 -0.095117 0.455655
v 0.108049 -0.098141 0.463109
v 0.107400 -0.098115 0.462667
v 0.117780 -0.095337 0.477609
v 0.116376 -0.095297 0.478665
v 0.109780 -0.096229 0.471175
v 0.112624 -0.095921 0.475262
v 0.110599 -0.096373 0.467826
v 0.110668 -0.096604 0.466828
v 0.136503 -0.095538 0.407282
v 0.141365 -0.095671 0.405968
v 0.135726 -0.097866 0.408316
v 0.131284 -0.096400 0.411610
v 0.128658 -0.097929 0.411371
v 0.129314 -0.098037 0.411367
v 0.128062 -0.096319 0.410780
v 0.120168 -0.095854 0.419046
v 0.119314 -0.095416 0.417465
v 0.118959 -0.095677 0.417493
v 0.119477 -0.095305 0.416827
v 0.132247 -0.098238 0.410040
v 0.134030 -0.098274 0.405680
v 0.135122 -0.097204 0.409231
v 0.135154 -0.096604 0.409219
v 0.146501 -0.095340 0.406175
v 0.136331 -0.095943 0.406908
v 0.132731 -0.096718 0.494447
v 0.120013 -0.093762 0.488081
v 0.118836 -0.093732 0.487267
v 0.129236 -0.096404 0.490267
v 0.189689 -0.093604 0.428514
v 0.191452 -0.094014 0.428370
v 0.178480 -0.094021 0.411675
v 0.176945 -0.093937 0.410540
v 0.130418 -0.094050 0.409531
v 0.132891 -0.096569 0.404350
v 0.130142 -0.096954 0.404959
v 0.126737 -0.096597 0.406529
v 0.147423 -0.094104 0.401301
v 0.150246 -0.093792 0.402096
v 0.132949 -0.094253 0.404656
v 0.133401 -0.094138 0.404046
v 0.118187 -0.095104 0.412084
v 0.115873 -0.094104 0.414088
v 0.102732 -0.093638 0.440381
v 0.102607 -0.093671 0.443433
v 0.108359 -0.093808 0.429879
v 0.123449 -0.093979 0.408403
v 0.126765 -0.094197 0.406554
v 0.127532 -0.094229 0.406544
v 0.118311 -0.093854 0.412080
v 0.105165 -0.096537 0.434209
v 0.105726 -0.094142 0.428676
v 0.108603 -0.094154 0.431430
v 0.102926 -0.093981 0.434078
v 0.103542 -0.093905 0.433982
v 0.105694 -0.093604 0.435091
v 0.105018 -0.093698 0.434566
v 0.114489 -0.094104 0.483654
v 0.113103 -0.095104 0.482209
v 0.107893 -0.094024 0.469405
v 0.108471 -0.094296 0.467819
v 0.108058 -0.096404 0.468704
v 0.105235 -0.096760 0.465031
v 0.105718 -0.093851 0.464383
v 0.107630 -0.094158 0.465156
v 0.107630 -0.096404 0.465156
v 0.109727 -0.093854 0.477789
v 0.110897 -0.093671 0.479234
v 0.108762 -0.094104 0.476747
v 0.103484 -0.093953 0.465332
v 0.107580 -0.093762 0.474628
v 0.106553 -0.093854 0.473054
v 0.105763 -0.093711 0.471287
v 0.105607 -0.094156 0.470604
v 0.104884 -0.093604 0.464183
v 0.102888 -0.096954 0.464959
v 0.102888 -0.094104 0.464959
v 0.102857 -0.093604 0.455639
v 0.102732 -0.093638 0.458691
v 0.102774 -0.093626 0.437329
v 0.102733 -0.093671 0.435768
v 0.108762 -0.095104 0.422325
v 0.107477 -0.094104 0.424310
v 0.113177 -0.094021 0.416816
v 0.120262 -0.093979 0.410531
v 0.128122 -0.096578 0.406664
v 0.133482 -0.096404 0.407364
v 0.133247 -0.094460 0.407945
v 0.129452 -0.094631 0.408998
v 0.129464 -0.096404 0.409008
v 0.133462 -0.094204 0.406019
v 0.183688 -0.093604 0.417142
v 0.182489 -0.093649 0.415654
v 0.169602 -0.094142 0.406723
v 0.166534 -0.096504 0.409490
v 0.167167 -0.094454 0.409347
v 0.167871 -0.096641 0.408699
v 0.163998 -0.096751 0.407665
v 0.163828 -0.094507 0.406051
v 0.163927 -0.094094 0.408213
v 0.167167 -0.096404 0.409347
v 0.158049 -0.094104 0.402219
v 0.156065 -0.095104 0.401867
v 0.161706 -0.094021 0.403121
v 0.193920 -0.094031 0.465254
v 0.188621 -0.093697 0.469136
v 0.189328 -0.094041 0.469953
v 0.164429 -0.096666 0.494474
v 0.165558 -0.093895 0.489588
v 0.163899 -0.094118 0.493928
v 0.163191 -0.093751 0.492073
v 0.149785 -0.093671 0.497522
v 0.153826 -0.095104 0.497503
v 0.153826 -0.094104 0.497503
v 0.155366 -0.094104 0.497310
v 0.160788 -0.093671 0.495965
v 0.162706 -0.093604 0.491627
v 0.163646 -0.093604 0.490134
v 0.165254 -0.096404 0.489725
v 0.164281 -0.096404 0.490444
v 0.168668 -0.094205 0.491016
v 0.167847 -0.094119 0.489967
v 0.167671 -0.096677 0.490165
v 0.168470 -0.096604 0.491098
v 0.163926 -0.096504 0.492981
v 0.187639 -0.094104 0.477900
v 0.188452 -0.095104 0.476747
v 0.181171 -0.093671 0.484801
v 0.178438 -0.093979 0.487417
v 0.176824 -0.093671 0.488366
v 0.190217 -0.094104 0.473944
v 0.193905 -0.093616 0.464831
v 0.191525 -0.094212 0.470482
v 0.188719 -0.096520 0.466667
v 0.191314 -0.093738 0.471271
v 0.189050 -0.094123 0.468791
v 0.189562 -0.094156 0.465173
v 0.190149 -0.094204 0.464830
v 0.190149 -0.096404 0.464830
v 0.192208 -0.093753 0.464478
v 0.194790 -0.093854 0.455639
v 0.194698 -0.093762 0.458691
v 0.194585 -0.093710 0.440381
v 0.189886 -0.094230 0.429513
v 0.189539 -0.094019 0.433928
v 0.188683 -0.093877 0.432891
v 0.192033 -0.096637 0.434171
v 0.188796 -0.096404 0.432889
v 0.189390 -0.096778 0.430555
v 0.189037 -0.096804 0.431568
v 0.193926 -0.093969 0.433954
v 0.191673 -0.096881 0.427943
v 0.191196 -0.094341 0.429088
v 0.190661 -0.093854 0.426018
v 0.188915 -0.093604 0.429010
v 0.188424 -0.093638 0.466102
v 0.137390 -0.093793 0.496207
v 0.141005 -0.095104 0.497183
v 0.133170 -0.096677 0.492194
v 0.133723 -0.093866 0.495298
v 0.133709 -0.093806 0.494312
v 0.139263 -0.093604 0.496363
v 0.127561 -0.094126 0.492237
v 0.128295 -0.093732 0.490379
v 0.121788 -0.094104 0.489646
v 0.135484 -0.094104 0.495967
v 0.132944 -0.096804 0.492838
v 0.132959 -0.094573 0.493969
v 0.132020 -0.093765 0.489580
v 0.130623 -0.093953 0.489472
v 0.132722 -0.096751 0.490505
v 0.159950 -0.094604 0.409609
v 0.160491 -0.093604 0.408705
v 0.108555 -0.095661 0.436296
v 0.108822 -0.094604 0.435210
v 0.106469 -0.096188 0.447946
v 0.107746 -0.095274 0.437373
v 0.107924 -0.098114 0.436170
v 0.113092 -0.094854 0.419032
v 0.113318 -0.094729 0.418908
v 0.115742 -0.095071 0.420384
v 0.111334 -0.095038 0.420905
v 0.109967 -0.094854 0.423101
v 0.107258 -0.094854 0.427835
v 0.108220 -0.098382 0.433845
v 0.109878 -0.097929 0.431954
v 0.109002 -0.098054 0.433934
v 0.155881 -0.095854 0.403558
v 0.162659 -0.095104 0.405158
v 0.127968 -0.095672 0.487793
v 0.119570 -0.095347 0.481571
v 0.120573 -0.095305 0.480399
v 0.129288 -0.095305 0.486732
v 0.129391 -0.096042 0.487363
v 0.118723 -0.096441 0.482506
v 0.123133 -0.095305 0.485166
v 0.123569 -0.095104 0.484556
v 0.147127 -0.095259 0.491060
v 0.146769 -0.095104 0.491142
v 0.147311 -0.095779 0.493929
v 0.147256 -0.095480 0.490513
v 0.136145 -0.095776 0.491641
v 0.133901 -0.097804 0.495491
v 0.134184 -0.098347 0.493665
v 0.138413 -0.095178 0.491991
v 0.134666 -0.095259 0.489108
v 0.135161 -0.098054 0.490399
v 0.135464 -0.098237 0.491064
v 0.128366 -0.098054 0.488124
v 0.120450 -0.095854 0.412467
v 0.102976 -0.096927 0.465134
v 0.155015 -0.094979 0.407054
v 0.155109 -0.095104 0.407031
v 0.150800 -0.094572 0.404165
v 0.150774 -0.094706 0.405431
v 0.151205 -0.094349 0.404282
v 0.189540 -0.096275 0.436704
v 0.187634 -0.095579 0.435750
v 0.185654 -0.095239 0.431719
v 0.186657 -0.096604 0.430266
v 0.186717 -0.097912 0.430260
v 0.187399 -0.096104 0.427903
v 0.184765 -0.096229 0.423685
v 0.181401 -0.095805 0.419816
v 0.187868 -0.097804 0.433262
v 0.191115 -0.096356 0.447272
v 0.188090 -0.095104 0.437478
v 0.190336 -0.095664 0.437729
v 0.191080 -0.096132 0.437706
v 0.189499 -0.098176 0.436409
v 0.192318 -0.098237 0.435489
v 0.150569 -0.096026 0.493678
v 0.162136 -0.095238 0.488592
v 0.161921 -0.095579 0.489420
v 0.167993 -0.097771 0.487705
v 0.169583 -0.098237 0.490377
v 0.163591 -0.098420 0.495400
v 0.162770 -0.098271 0.493200
v 0.167170 -0.095305 0.486932
v 0.174333 -0.095921 0.485519
v 0.170161 -0.095551 0.487919
v 0.169943 -0.095104 0.486927
v 0.168731 -0.096192 0.487719
v 0.161740 -0.097904 0.490318
v 0.164871 -0.097804 0.488801
v 0.160548 -0.095104 0.489146
v 0.150053 -0.095863 0.492959
v 0.155879 -0.095854 0.493285
v 0.151136 -0.095305 0.493263
v 0.160707 -0.095454 0.491754
v 0.178468 -0.096104 0.477630
v 0.188165 -0.095315 0.462512
v 0.187600 -0.094854 0.462730
v 0.187504 -0.098229 0.467712
v 0.189848 -0.098282 0.462806
v 0.179477 -0.095038 0.476517
v 0.181313 -0.095038 0.478353
v 0.181442 -0.094854 0.478224
v 0.183469 -0.095082 0.480543
v 0.188900 -0.097804 0.463054
v 0.188615 -0.096222 0.463874
v 0.190370 -0.096247 0.450897
v 0.190133 -0.095435 0.461615
v 0.147066 -0.093604 0.496459
v 0.147043 -0.095104 0.496328
v 0.146744 -0.095104 0.494047
v 0.146215 -0.094346 0.496024
v 0.146191 -0.094426 0.494807
v 0.106646 -0.102704 0.464917
v 0.106343 -0.106804 0.464902
v 0.107325 -0.102704 0.465336
v 0.107325 -0.098604 0.465336
v 0.105390 -0.098604 0.434229
v 0.104467 -0.098454 0.434618
v 0.104573 -0.100954 0.434724
v 0.107341 -0.102704 0.433720
v 0.102357 -0.100954 0.437329
v 0.102624 -0.095104 0.435035
v 0.102672 -0.095304 0.434839
v 0.104068 -0.095204 0.463465
v 0.107836 -0.104754 0.468569
v 0.107678 -0.102704 0.468697
v 0.129900 -0.102704 0.490104
v 0.126984 -0.106804 0.492670
v 0.126984 -0.100954 0.492670
v 0.120535 -0.106804 0.488779
v 0.163629 -0.120804 0.495388
v 0.156311 -0.120804 0.497167
v 0.163474 -0.121304 0.494913
v 0.194334 -0.120804 0.464934
v 0.191441 -0.120804 0.471746
v 0.194590 -0.095104 0.435035
v 0.192326 -0.100954 0.434550
v 0.189299 -0.102704 0.430567
v 0.189378 -0.100654 0.430503
v 0.188927 -0.102704 0.431353
v 0.189012 -0.102704 0.431741
v 0.188927 -0.098604 0.431353
v 0.167576 -0.104754 0.408844
v 0.167512 -0.102704 0.408923
v 0.168563 -0.098604 0.408009
v 0.168249 -0.100993 0.408222
v 0.176679 -0.100954 0.410293
v 0.182444 -0.095104 0.415140
v 0.190276 -0.106804 0.428714
v 0.190149 -0.106804 0.429542
v 0.190276 -0.100993 0.428714
v 0.186811 -0.120804 0.420065
v 0.184255 -0.120804 0.417020
v 0.182497 -0.113804 0.415192
v 0.170340 -0.120804 0.406458
v 0.171435 -0.121304 0.407596
v 0.163254 -0.100954 0.403563
v 0.163395 -0.106804 0.403608
v 0.132792 -0.106804 0.408270
v 0.132964 -0.102704 0.408158
v 0.129911 -0.098604 0.409083
v 0.129574 -0.098604 0.408765
v 0.129574 -0.100993 0.408765
v 0.126977 -0.100993 0.408091
v 0.126977 -0.106804 0.408091
v 0.128233 -0.100993 0.407945
v 0.114383 -0.106804 0.418069
v 0.114288 -0.100792 0.418438
v 0.115644 -0.101929 0.420164
v 0.115580 -0.105636 0.420210
v 0.128860 -0.106804 0.408108
v 0.109311 -0.105179 0.429346
v 0.109284 -0.103554 0.429464
v 0.106444 -0.106804 0.427895
v 0.106691 -0.103554 0.427989
v 0.109588 -0.100954 0.422456
v 0.109617 -0.106804 0.421983
v 0.114717 -0.113804 0.415192
v 0.120454 -0.113804 0.410351
v 0.118882 -0.120804 0.411530
v 0.141122 -0.120804 0.401870
v 0.144604 -0.120804 0.401452
v 0.144645 -0.121304 0.401951
v 0.140903 -0.100954 0.401905
v 0.140903 -0.106804 0.401905
v 0.133819 -0.106804 0.403608
v 0.141519 -0.095104 0.403326
v 0.141519 -0.100954 0.403326
v 0.148508 -0.100954 0.402036
v 0.155921 -0.100954 0.401844
v 0.114770 -0.120804 0.483932
v 0.109829 -0.120804 0.478247
v 0.115689 -0.121471 0.484350
v 0.105822 -0.113804 0.427231
v 0.105822 -0.120804 0.427231
v 0.104313 -0.120804 0.430401
v 0.112996 -0.120804 0.416979
v 0.114717 -0.120804 0.415192
v 0.102880 -0.113804 0.464934
v 0.102880 -0.106804 0.464934
v 0.102357 -0.106804 0.461743
v 0.107108 -0.098604 0.471055
v 0.107162 -0.095181 0.471166
v 0.107162 -0.100973 0.471166
v 0.120535 -0.100954 0.488779
v 0.114770 -0.100954 0.483932
v 0.114770 -0.106804 0.483933
v 0.129573 -0.104754 0.490307
v 0.107162 -0.106804 0.471166
v 0.106938 -0.100993 0.470358
v 0.109829 -0.113804 0.478247
v 0.114769 -0.113804 0.483932
v 0.109829 -0.106804 0.478247
v 0.114946 -0.105179 0.420259
v 0.114871 -0.103554 0.420168
v 0.162735 -0.098604 0.404976
v 0.162618 -0.095181 0.404935
v 0.162618 -0.100954 0.404935
v 0.164177 -0.098404 0.407397
v 0.176679 -0.106804 0.410293
v 0.191392 -0.120804 0.427231
v 0.192923 -0.120804 0.430453
v 0.192464 -0.121304 0.430651
v 0.190218 -0.098504 0.433925
v 0.192819 -0.100954 0.464106
v 0.190244 -0.098454 0.471112
v 0.189060 -0.102704 0.468232
v 0.188929 -0.102704 0.467787
v 0.189060 -0.106804 0.468232
v 0.181664 -0.100954 0.482593
v 0.181664 -0.106804 0.482593
v 0.176271 -0.100954 0.487223
v 0.190279 -0.100993 0.470223
v 0.190052 -0.100993 0.471166
v 0.191441 -0.100954 0.471746
v 0.191441 -0.106804 0.471746
v 0.194334 -0.100954 0.464934
v 0.170582 -0.113804 0.492491
v 0.170582 -0.106804 0.492491
v 0.163631 -0.106804 0.495387
v 0.148804 -0.113804 0.497786
v 0.148804 -0.106804 0.497786
v 0.141294 -0.106804 0.497229
v 0.164250 -0.102704 0.490915
v 0.164422 -0.098604 0.490803
v 0.167303 -0.102704 0.489989
v 0.167303 -0.098604 0.489989
v 0.167640 -0.100993 0.490307
v 0.167071 -0.098604 0.494113
v 0.166956 -0.098304 0.493836
v 0.163957 -0.102704 0.492313
v 0.163935 -0.106804 0.492802
v 0.133000 -0.102704 0.490953
v 0.133222 -0.102704 0.491361
v 0.133000 -0.106804 0.490953
v 0.162618 -0.100954 0.494137
v 0.155695 -0.100954 0.495746
v 0.189981 -0.098504 0.465365
v 0.190870 -0.102704 0.464902
v 0.190870 -0.098604 0.464902
v 0.108202 -0.098604 0.467331
v 0.104026 -0.098454 0.435265
v 0.106865 -0.098454 0.429895
v 0.107597 -0.098304 0.430711
v 0.126705 -0.132354 0.255628
v 0.132708 -0.132905 0.259645
v 0.118383 -0.148579 0.261932
v 0.119510 -0.151498 0.257882
v 0.118188 -0.151083 0.265192
v 0.122604 -0.155121 0.275537
v 0.117864 -0.152187 0.277770
v 0.118328 -0.152692 0.273530
v 0.126674 -0.156283 0.254363
v 0.124885 -0.156287 0.261198
v 0.120689 -0.153868 0.258627
v 0.120905 -0.148805 0.250933
v 0.121106 -0.148804 0.250293
v 0.121334 -0.149107 0.249606
v 0.138943 -0.147551 0.262117
v 0.132500 -0.146304 0.258779
v 0.138776 -0.146304 0.262406
v 0.145052 -0.146304 0.266033
v 0.151327 -0.146304 0.269661
v 0.151337 -0.147551 0.269280
v 0.151214 -0.136739 0.272082
v 0.150259 -0.136811 0.278404
v 0.150228 -0.143099 0.278307
v 0.143663 -0.127026 0.285187
v 0.143164 -0.128761 0.291250
v 0.147402 -0.129735 0.286199
v 0.148579 -0.137979 0.296247
v 0.148596 -0.137588 0.297594
v 0.149023 -0.144804 0.308169
v 0.148767 -0.147468 0.311933
v 0.148434 -0.147456 0.306045
v 0.142534 -0.152070 0.318538
v 0.136973 -0.153000 0.318970
v 0.136829 -0.153075 0.312509
v 0.148043 -0.149673 0.324852
v 0.148708 -0.149708 0.331829
v 0.143344 -0.151962 0.332103
v 0.148913 -0.136389 0.311139
v 0.149223 -0.138804 0.311142
v 0.149033 -0.138804 0.308321
v 0.143629 -0.131652 0.303743
v 0.147278 -0.134170 0.304179
v 0.133618 -0.129163 0.296733
v 0.133567 -0.130046 0.304134
v 0.138308 -0.129451 0.297186
v 0.118668 -0.131281 0.312636
v 0.123524 -0.130268 0.316384
v 0.123633 -0.130259 0.312332
v 0.135217 -0.130167 0.327355
v 0.135650 -0.130209 0.331317
v 0.140785 -0.130573 0.326978
v 0.142520 -0.130722 0.339016
v 0.143123 -0.130773 0.343036
v 0.147668 -0.131912 0.338792
v 0.153969 -0.138804 0.346826
v 0.153136 -0.138804 0.342710
v 0.153786 -0.136673 0.346826
v 0.154648 -0.136650 0.350910
v 0.154872 -0.138804 0.350906
v 0.132124 -0.130500 0.359077
v 0.139000 -0.130553 0.359074
v 0.138576 -0.130505 0.355121
v 0.126081 -0.130765 0.366816
v 0.127177 -0.130902 0.374682
v 0.132910 -0.130598 0.366840
v 0.138149 -0.130777 0.382537
v 0.140265 -0.130810 0.382537
v 0.140014 -0.130752 0.374705
v 0.143680 -0.130937 0.381247
v 0.143236 -0.130602 0.387247
v 0.145844 -0.129836 0.391944
v 0.151231 -0.130029 0.392100
v 0.151378 -0.130427 0.390646
v 0.141122 -0.122604 0.401871
v 0.143870 -0.124217 0.401216
v 0.139564 -0.124206 0.401823
v 0.104612 -0.128241 0.445673
v 0.102357 -0.122604 0.445447
v 0.102357 -0.122604 0.443433
v 0.110255 -0.136025 0.449537
v 0.111729 -0.138804 0.453620
v 0.112039 -0.135950 0.456275
v 0.114563 -0.138804 0.460592
v 0.115515 -0.138804 0.462257
v 0.114937 -0.135834 0.462526
v 0.130103 -0.141804 0.476611
v 0.137158 -0.141804 0.479228
v 0.135617 -0.138804 0.478798
v 0.128862 -0.128575 0.485009
v 0.130224 -0.130297 0.482603
v 0.132625 -0.128418 0.486539
v 0.121988 -0.123230 0.489627
v 0.126047 -0.123220 0.492033
v 0.110403 -0.121804 0.479008
v 0.109799 -0.122204 0.478208
v 0.139334 -0.123503 0.496505
v 0.144189 -0.124339 0.496218
v 0.153317 -0.122757 0.497534
v 0.150964 -0.122909 0.497685
v 0.194837 -0.122741 0.458408
v 0.194824 -0.122835 0.460636
v 0.189149 -0.121804 0.475698
v 0.191158 -0.121804 0.472284
v 0.192450 -0.122951 0.469567
v 0.192318 -0.123297 0.469529
v 0.193256 -0.123301 0.467330
v 0.183392 -0.128637 0.468381
v 0.178954 -0.130422 0.470208
v 0.182218 -0.130461 0.463797
v 0.183006 -0.131791 0.435370
v 0.185252 -0.129377 0.434709
v 0.185754 -0.129518 0.442112
v 0.170047 -0.134415 0.403157
v 0.169117 -0.132261 0.402766
v 0.172689 -0.131819 0.409079
v 0.158481 -0.130545 0.393610
v 0.156239 -0.129214 0.395643
v 0.157173 -0.128534 0.397287
v 0.154722 -0.131756 0.386526
v 0.154170 -0.130797 0.390362
v 0.157508 -0.131532 0.390038
v 0.150435 -0.131508 0.382537
v 0.149368 -0.131137 0.385773
v 0.151082 -0.131316 0.385807
v 0.158236 -0.133833 0.378626
v 0.160756 -0.135794 0.378624
v 0.159890 -0.135984 0.374731
v 0.155208 -0.134542 0.359066
v 0.156435 -0.136534 0.359066
v 0.155544 -0.136605 0.355023
v 0.156961 -0.144804 0.359699
v 0.155342 -0.141804 0.352945
v 0.155367 -0.141804 0.353053
v 0.135710 -0.152825 0.379548
v 0.136436 -0.152854 0.386281
v 0.132510 -0.152788 0.385982
v 0.125619 -0.152572 0.404481
v 0.125918 -0.152751 0.411074
v 0.121451 -0.152180 0.410164
v 0.108377 -0.146759 0.433592
v 0.108669 -0.145908 0.438518
v 0.108012 -0.145726 0.432710
v 0.109277 -0.138804 0.442667
v 0.108674 -0.138804 0.438863
v 0.108674 -0.141804 0.438863
v 0.110070 -0.146070 0.445997
v 0.110737 -0.145309 0.449662
v 0.110101 -0.148198 0.441119
v 0.111190 -0.148058 0.447069
v 0.121562 -0.152634 0.422684
v 0.121548 -0.152972 0.429197
v 0.116851 -0.151949 0.427657
v 0.121850 -0.153429 0.442441
v 0.117647 -0.152145 0.446973
v 0.116996 -0.152265 0.440592
v 0.143608 -0.155489 0.445924
v 0.144209 -0.155492 0.452598
v 0.138622 -0.155327 0.452214
v 0.150851 -0.153520 0.419400
v 0.146951 -0.154119 0.425865
v 0.145869 -0.153693 0.419407
v 0.144760 -0.153372 0.413060
v 0.140861 -0.153733 0.419142
v 0.139972 -0.153409 0.412774
v 0.141318 -0.152875 0.393135
v 0.142397 -0.152969 0.399734
v 0.138064 -0.153001 0.399439
v 0.161136 -0.150177 0.392726
v 0.163058 -0.150235 0.398900
v 0.159221 -0.151400 0.399340
v 0.162119 -0.152978 0.424559
v 0.158573 -0.154024 0.431788
v 0.157229 -0.153562 0.425341
v 0.170155 -0.152877 0.441406
v 0.170632 -0.152877 0.447202
v 0.165389 -0.153978 0.443292
v 0.180276 -0.145435 0.444882
v 0.180186 -0.146062 0.445036
v 0.180096 -0.146045 0.440230
v 0.168309 -0.152404 0.429486
v 0.169407 -0.152702 0.435607
v 0.163604 -0.153377 0.430805
v 0.172133 -0.146317 0.409644
v 0.174357 -0.145871 0.414828
v 0.179269 -0.144804 0.432015
v 0.179695 -0.144804 0.435237
v 0.179730 -0.145408 0.435263
v 0.180268 -0.138804 0.443805
v 0.180273 -0.141804 0.444248
v 0.178257 -0.141804 0.426449
v 0.178257 -0.138804 0.426448
v 0.179000 -0.138804 0.430313
v 0.177165 -0.141804 0.422301
v 0.175464 -0.141804 0.417414
v 0.175465 -0.138804 0.417415
v 0.167538 -0.136779 0.396545
v 0.167495 -0.138804 0.396808
v 0.166336 -0.138804 0.393607
v 0.162950 -0.141804 0.382519
v 0.161532 -0.141804 0.377383
v 0.162955 -0.138804 0.382537
v 0.159764 -0.138455 0.370837
v 0.158773 -0.138804 0.366916
v 0.161733 -0.138531 0.378211
v 0.160053 -0.146512 0.373046
v 0.161786 -0.146556 0.379599
v 0.160820 -0.148057 0.379670
v 0.164772 -0.144804 0.388781
v 0.165419 -0.146642 0.392197
v 0.163571 -0.146599 0.386054
v 0.168177 -0.144804 0.398615
v 0.169732 -0.146739 0.403984
v 0.167519 -0.146688 0.398159
v 0.176378 -0.145354 0.419976
v 0.176395 -0.144804 0.419991
v 0.177165 -0.144804 0.422301
v 0.178457 -0.141804 0.456916
v 0.179975 -0.141804 0.449537
v 0.178726 -0.138804 0.455924
v 0.170240 -0.138804 0.472051
v 0.166242 -0.138804 0.475399
v 0.166242 -0.141804 0.475399
v 0.155643 -0.130076 0.485591
v 0.155064 -0.132478 0.483070
v 0.161401 -0.132553 0.481354
v 0.152253 -0.126727 0.491948
v 0.151805 -0.127013 0.491420
v 0.151981 -0.124763 0.494011
v 0.152417 -0.124671 0.495615
v 0.146156 -0.124594 0.495713
v 0.145287 -0.124742 0.494177
v 0.144896 -0.126205 0.492920
v 0.145733 -0.126430 0.491920
v 0.148607 -0.126925 0.490537
v 0.149581 -0.125970 0.490675
v 0.150168 -0.127190 0.490734
v 0.146983 -0.127327 0.490659
v 0.148607 -0.127370 0.490390
v 0.141574 -0.132382 0.483180
v 0.148607 -0.132375 0.483690
v 0.148607 -0.130014 0.486246
v 0.152122 -0.141804 0.480274
v 0.152952 -0.144804 0.480172
v 0.156983 -0.144804 0.479404
v 0.144593 -0.144804 0.480422
v 0.140950 -0.147225 0.479479
v 0.144940 -0.147241 0.479917
v 0.129934 -0.148885 0.474551
v 0.137338 -0.149174 0.477242
v 0.133239 -0.147117 0.477469
v 0.118450 -0.149362 0.462029
v 0.121243 -0.149987 0.464593
v 0.117805 -0.147574 0.464200
v 0.115383 -0.147079 0.460868
v 0.120107 -0.144804 0.468444
v 0.120202 -0.146512 0.468123
v 0.123101 -0.146715 0.471071
v 0.131866 -0.152781 0.466712
v 0.132447 -0.153387 0.464353
v 0.134686 -0.153615 0.464791
v 0.155809 -0.154801 0.458664
v 0.155921 -0.153892 0.465068
v 0.154012 -0.153980 0.465410
v 0.171279 -0.147991 0.469378
v 0.173910 -0.147540 0.466011
v 0.174003 -0.146281 0.466863
v 0.164702 -0.148668 0.474570
v 0.168246 -0.146745 0.473464
v 0.164747 -0.146911 0.475865
v 0.159477 -0.144804 0.478677
v 0.159477 -0.141804 0.478677
v 0.179142 -0.144804 0.454202
v 0.178457 -0.144804 0.456916
v 0.177880 -0.145647 0.458613
v 0.173344 -0.150261 0.460848
v 0.175692 -0.149277 0.458236
v 0.175916 -0.148385 0.460332
v 0.177423 -0.149039 0.452513
v 0.179156 -0.146901 0.451790
v 0.177534 -0.148609 0.453995
v 0.175801 -0.144804 0.463963
v 0.174036 -0.144804 0.467162
v 0.133752 -0.130143 0.484012
v 0.137378 -0.130019 0.485090
v 0.136507 -0.128288 0.487713
v 0.157922 -0.123524 0.496471
v 0.155641 -0.123216 0.497100
v 0.167586 -0.122204 0.493893
v 0.169296 -0.122604 0.493125
v 0.169229 -0.123228 0.492980
v 0.167040 -0.123226 0.493952
v 0.166879 -0.123848 0.493533
v 0.165160 -0.126752 0.489213
v 0.161182 -0.126716 0.490562
v 0.163864 -0.128314 0.486258
v 0.172517 -0.132683 0.474166
v 0.167345 -0.132627 0.478401
v 0.170949 -0.135483 0.472762
v 0.179165 -0.123569 0.486384
v 0.177427 -0.123243 0.488036
v 0.187621 -0.122940 0.477853
v 0.187509 -0.123275 0.477793
v 0.188869 -0.123281 0.475812
v 0.181213 -0.122928 0.485045
v 0.173521 -0.122761 0.490833
v 0.171442 -0.122604 0.492040
v 0.181504 -0.128603 0.471759
v 0.152593 -0.125443 0.494397
v 0.156957 -0.152238 0.406067
v 0.158771 -0.152419 0.412470
v 0.154218 -0.152913 0.412916
v 0.107750 -0.138804 0.428565
v 0.107775 -0.141804 0.423830
v 0.107886 -0.141804 0.431366
v 0.109589 -0.127938 0.419256
v 0.118304 -0.128917 0.400888
v 0.116968 -0.130088 0.397553
v 0.113388 -0.130591 0.401039
v 0.135240 -0.125569 0.401878
v 0.135085 -0.127538 0.399130
v 0.131166 -0.127477 0.400147
v 0.139613 -0.122604 0.402132
v 0.135296 -0.124178 0.402819
v 0.126874 -0.122604 0.406459
v 0.127141 -0.122604 0.406326
v 0.127173 -0.124069 0.405904
v 0.114718 -0.122604 0.415194
v 0.105593 -0.127937 0.430221
v 0.116293 -0.123511 0.413343
v 0.119680 -0.123254 0.410790
v 0.119870 -0.127270 0.404824
v 0.123547 -0.127319 0.402992
v 0.120012 -0.128841 0.400184
v 0.135312 -0.122604 0.403156
v 0.136707 -0.121804 0.402777
v 0.115072 -0.133018 0.382537
v 0.114924 -0.133072 0.382537
v 0.116036 -0.132495 0.385930
v 0.109577 -0.134922 0.397592
v 0.109716 -0.135544 0.393304
v 0.109237 -0.137904 0.393170
v 0.109621 -0.145718 0.387804
v 0.108350 -0.138804 0.411459
v 0.108250 -0.138804 0.413546
v 0.108170 -0.135891 0.413115
v 0.107780 -0.145381 0.429693
v 0.117209 -0.151364 0.409029
v 0.113108 -0.150199 0.413517
v 0.113291 -0.150126 0.407635
v 0.120852 -0.151950 0.378363
v 0.120968 -0.151944 0.384728
v 0.117299 -0.151249 0.384158
v 0.127018 -0.152610 0.359689
v 0.127412 -0.152602 0.366071
v 0.120595 -0.151951 0.365844
v 0.120139 -0.151969 0.346933
v 0.120284 -0.151957 0.353280
v 0.114374 -0.149911 0.347407
v 0.112569 -0.136494 0.329225
v 0.113115 -0.134169 0.336727
v 0.113511 -0.134176 0.329088
v 0.118185 -0.131302 0.320867
v 0.117834 -0.131334 0.328662
v 0.123410 -0.130332 0.328203
v 0.114552 -0.138476 0.297416
v 0.114405 -0.138626 0.299325
v 0.114685 -0.136167 0.299349
v 0.119230 -0.131276 0.304069
v 0.118941 -0.131280 0.308409
v 0.123775 -0.130261 0.308243
v 0.125023 -0.127788 0.287116
v 0.124682 -0.128719 0.291437
v 0.129507 -0.127488 0.288269
v 0.121026 -0.127808 0.281445
v 0.125411 -0.126820 0.282956
v 0.125870 -0.125860 0.278772
v 0.116133 -0.135333 0.279483
v 0.116489 -0.134580 0.276082
v 0.116382 -0.138804 0.277074
v 0.115528 -0.146113 0.285792
v 0.115485 -0.148309 0.290244
v 0.120211 -0.152112 0.313714
v 0.115346 -0.149670 0.314164
v 0.115713 -0.149676 0.306623
v 0.112716 -0.144805 0.324373
v 0.113408 -0.147497 0.321597
v 0.113046 -0.147555 0.328586
v 0.137548 -0.152843 0.332519
v 0.131679 -0.153028 0.333042
v 0.131451 -0.153108 0.326189
v 0.125997 -0.153274 0.299493
v 0.120755 -0.152416 0.299140
v 0.120962 -0.152741 0.295328
v 0.117074 -0.151130 0.286303
v 0.116738 -0.150640 0.290537
v 0.115852 -0.148784 0.285921
v 0.144181 -0.156555 0.272559
v 0.143249 -0.156032 0.278105
v 0.138240 -0.156696 0.275769
v 0.141057 -0.157418 0.248019
v 0.138516 -0.157337 0.253767
v 0.133795 -0.157050 0.250644
v 0.128883 -0.151370 0.235568
v 0.131677 -0.150107 0.231615
v 0.153144 -0.149304 0.222253
v 0.157797 -0.149304 0.224699
v 0.153120 -0.151371 0.222530
v 0.160567 -0.153990 0.241032
v 0.160471 -0.154184 0.240686
v 0.162323 -0.152589 0.239079
v 0.157770 -0.156378 0.235857
v 0.154882 -0.157335 0.235325
v 0.155591 -0.157116 0.234204
v 0.143919 -0.156572 0.228270
v 0.142209 -0.155847 0.227639
v 0.139694 -0.154488 0.227185
v 0.140773 -0.155094 0.227252
v 0.135216 -0.150078 0.228031
v 0.135677 -0.151211 0.227925
v 0.152073 -0.157659 0.239793
v 0.144112 -0.157696 0.242202
v 0.147681 -0.158071 0.236367
v 0.153716 -0.157322 0.231416
v 0.146853 -0.157035 0.228473
v 0.147913 -0.157185 0.228769
v 0.155997 -0.150149 0.255017
v 0.152120 -0.151535 0.264817
v 0.152218 -0.149745 0.265489
v 0.149598 -0.154005 0.269575
v 0.146504 -0.155646 0.273879
v 0.147762 -0.155663 0.268260
v 0.146811 -0.150817 0.295347
v 0.144629 -0.151625 0.300504
v 0.144639 -0.152444 0.295094
v 0.149399 -0.136842 0.284713
v 0.148507 -0.150175 0.285308
v 0.146932 -0.151727 0.290174
v 0.147233 -0.152643 0.284972
v 0.155262 -0.153690 0.253339
v 0.149711 -0.156332 0.255139
v 0.152435 -0.156306 0.249524
v 0.115769 -0.146411 0.283193
v 0.115940 -0.146619 0.281415
v 0.116250 -0.149299 0.281569
v 0.118259 -0.138804 0.262666
v 0.118259 -0.141804 0.262667
v 0.117661 -0.141804 0.266553
v 0.119715 -0.129355 0.256803
v 0.118852 -0.129589 0.260992
v 0.120755 -0.127127 0.257463
v 0.126352 -0.131056 0.253399
v 0.132743 -0.131056 0.257093
v 0.145526 -0.131056 0.264481
v 0.151535 -0.131056 0.267954
v 0.145663 -0.131804 0.266039
v 0.125319 -0.130731 0.240619
v 0.124524 -0.130003 0.242598
v 0.155343 -0.130133 0.256368
v 0.152904 -0.129611 0.262584
v 0.146256 -0.130746 0.263218
v 0.152814 -0.130736 0.263484
v 0.151902 -0.130749 0.266537
v 0.131482 -0.124060 0.272664
v 0.130834 -0.124760 0.276617
v 0.135891 -0.124096 0.274880
v 0.118430 -0.128578 0.270607
v 0.117856 -0.129517 0.275316
v 0.122078 -0.125917 0.272486
v 0.126878 -0.124574 0.251823
v 0.131175 -0.123602 0.254503
v 0.134180 -0.123535 0.247454
v 0.138508 -0.123355 0.263916
v 0.141734 -0.123746 0.270170
v 0.143785 -0.123789 0.262968
v 0.161010 -0.127728 0.242488
v 0.160357 -0.126273 0.240470
v 0.156110 -0.124809 0.245687
v 0.163480 -0.130742 0.235146
v 0.160461 -0.125932 0.232981
v 0.157901 -0.130746 0.224816
v 0.153052 -0.128046 0.222932
v 0.157923 -0.127370 0.226101
v 0.134872 -0.129146 0.228753
v 0.136769 -0.127159 0.228362
v 0.138976 -0.126483 0.227268
v 0.140043 -0.125844 0.227269
v 0.144157 -0.125809 0.225073
v 0.139485 -0.128876 0.225168
v 0.141307 -0.125319 0.227222
v 0.143768 -0.124375 0.227595
v 0.150152 -0.123080 0.230387
v 0.149817 -0.122993 0.230597
v 0.147945 -0.122989 0.230494
v 0.146489 -0.123012 0.230910
v 0.146288 -0.122972 0.230937
v 0.145254 -0.122966 0.231515
v 0.144237 -0.122911 0.232358
v 0.142638 -0.122805 0.234578
v 0.143306 -0.122877 0.233705
v 0.137858 -0.123213 0.240438
v 0.143954 -0.122566 0.240412
v 0.142607 -0.123804 0.236538
v 0.142831 -0.122690 0.238084
v 0.143049 -0.122638 0.238839
v 0.145892 -0.122592 0.241876
v 0.147630 -0.122655 0.242468
v 0.150011 -0.122808 0.242377
v 0.148607 -0.123804 0.242537
v 0.151972 -0.122968 0.241567
v 0.152144 -0.123196 0.241403
v 0.152919 -0.123054 0.240848
v 0.153737 -0.123213 0.239657
v 0.154404 -0.123245 0.238138
v 0.145275 -0.123040 0.231549
v 0.144782 -0.123416 0.231920
v 0.143411 -0.123804 0.233537
v 0.154589 -0.123269 0.236149
v 0.154041 -0.123220 0.234010
v 0.153281 -0.123095 0.232709
v 0.157626 -0.124172 0.235804
v 0.156785 -0.123854 0.236253
v 0.156292 -0.123703 0.237124
v 0.142611 -0.122770 0.236276
v 0.133802 -0.129152 0.229793
v 0.133429 -0.127074 0.231804
v 0.135611 -0.127116 0.229465
v 0.139906 -0.124476 0.229810
v 0.141808 -0.124737 0.227937
v 0.151308 -0.130751 0.268791
v 0.113078 -0.136460 0.321418
v 0.111063 -0.144805 0.355668
v 0.111984 -0.147830 0.353655
v 0.111779 -0.147890 0.359675
v 0.110505 -0.144804 0.367768
v 0.110857 -0.146450 0.365346
v 0.110612 -0.146480 0.371022
v 0.114287 -0.149970 0.353535
v 0.109917 -0.136846 0.385612
v 0.110335 -0.136575 0.382537
v 0.143932 -0.151931 0.338777
v 0.135011 -0.152804 0.372870
v 0.128200 -0.152622 0.379041
v 0.127805 -0.152608 0.372522
v 0.152218 -0.141804 0.337383
v 0.152943 -0.141804 0.341675
v 0.152407 -0.144804 0.338569
v 0.150693 -0.138804 0.326340
v 0.149613 -0.136474 0.318637
v 0.150512 -0.136566 0.326381
v 0.151405 -0.144804 0.331858
v 0.151229 -0.146249 0.331812
v 0.124758 -0.152382 0.385216
v 0.109370 -0.146596 0.399372
v 0.109109 -0.146621 0.405158
v 0.108807 -0.145781 0.404750
v 0.109016 -0.138805 0.397812
v 0.108899 -0.137805 0.397752
v 0.108633 -0.136111 0.405431
v 0.108699 -0.133233 0.412694
v 0.144875 -0.131004 0.381247
v 0.146184 -0.131094 0.381247
v 0.146168 -0.131079 0.374716
v 0.155920 -0.127136 0.399162
v 0.158016 -0.126484 0.400306
v 0.160412 -0.127536 0.399824
v 0.156377 -0.121637 0.402086
v 0.174061 -0.122630 0.408547
v 0.170478 -0.123893 0.406440
v 0.170432 -0.122604 0.406507
v 0.174219 -0.127063 0.410491
v 0.177768 -0.124901 0.412139
v 0.177004 -0.127043 0.413332
v 0.187141 -0.123964 0.421396
v 0.189511 -0.123992 0.425107
v 0.188542 -0.125026 0.425505
v 0.191392 -0.121804 0.427232
v 0.191158 -0.121804 0.426789
v 0.190717 -0.121304 0.427025
v 0.194809 -0.122938 0.451751
v 0.194673 -0.123275 0.451748
v 0.192452 -0.125317 0.453848
v 0.189233 -0.127132 0.457751
v 0.189340 -0.127103 0.453660
v 0.193999 -0.124125 0.449537
v 0.192589 -0.125226 0.449537
v 0.192645 -0.125183 0.445301
v 0.188446 -0.127154 0.433934
v 0.191891 -0.125094 0.433140
v 0.192721 -0.125112 0.437121
v 0.194671 -0.123279 0.453959
v 0.184654 -0.122604 0.417465
v 0.184651 -0.123323 0.417682
v 0.178221 -0.121554 0.411761
v 0.176759 -0.121804 0.410351
v 0.167085 -0.124088 0.404681
v 0.167534 -0.126112 0.404311
v 0.119189 -0.121304 0.487149
v 0.109612 -0.125501 0.475426
v 0.114042 -0.127558 0.477271
v 0.112388 -0.125430 0.479065
v 0.120297 -0.127251 0.483174
v 0.125279 -0.128753 0.483126
v 0.123851 -0.127106 0.485619
v 0.111162 -0.129736 0.468906
v 0.113446 -0.131441 0.467539
v 0.115642 -0.131254 0.470655
v 0.106236 -0.130221 0.449537
v 0.107819 -0.132018 0.449537
v 0.106593 -0.130203 0.453596
v 0.102649 -0.124029 0.458731
v 0.102828 -0.124045 0.463370
v 0.102880 -0.122604 0.464934
v 0.104355 -0.124035 0.467853
v 0.110757 -0.133719 0.456611
v 0.108361 -0.131980 0.453325
v 0.109010 -0.133539 0.449537
v 0.138516 -0.129721 0.392270
v 0.138292 -0.130298 0.389066
v 0.131221 -0.130336 0.389580
v 0.149030 -0.132002 0.346930
v 0.152883 -0.134642 0.346844
v 0.152120 -0.134631 0.342742
v 0.144956 -0.130903 0.295885
v 0.142997 -0.130183 0.296389
v 0.141706 -0.130076 0.297479
v 0.148608 -0.138804 0.291089
v -0.207695 0.032267 0.413670
v -0.204505 0.031754 0.414959
v -0.205554 0.032317 0.416008
v -0.214589 0.058517 0.476132
v -0.209502 0.058517 0.475138
v -0.211548 0.058517 0.473092
v -0.192642 0.038742 0.463712
v -0.192661 0.035817 0.463771
v -0.192729 0.031635 0.463937
v -0.220240 0.036067 0.489420
v -0.197979 0.036192 0.467952
v -0.205560 0.036317 0.482122
v -0.242468 0.056317 0.495312
v -0.234768 0.056317 0.495312
v -0.235443 0.056498 0.495312
v -0.236309 0.057943 0.495312
v -0.217929 0.063567 0.428381
v -0.238614 0.063817 0.449062
v -0.213499 0.063817 0.434564
v -0.264691 0.058517 0.478174
v -0.269777 0.058517 0.477178
v -0.266362 0.058092 0.480592
v -0.226412 0.032317 0.495313
v -0.250825 0.038317 0.495311
v -0.250825 0.032317 0.495311
v -0.226652 0.036317 0.404313
v -0.254294 0.036317 0.490500
v -0.224282 0.031742 0.403924
v -0.224204 0.035857 0.404090
v -0.252482 0.036150 0.404506
v -0.253682 0.036067 0.405423
v -0.253468 0.035967 0.404109
v -0.257184 0.036317 0.408666
v -0.279862 0.035674 0.429835
v -0.271668 0.036317 0.416002
v -0.282912 0.035517 0.430708
v -0.279252 0.035737 0.467607
v -0.279296 0.035517 0.466974
v -0.280521 0.035792 0.433493
v -0.282289 0.036317 0.433973
v -0.284292 0.031859 0.464141
v -0.284431 0.035667 0.463705
v -0.259777 0.035992 0.490701
v -0.257408 0.035917 0.489802
v -0.268832 0.056817 0.473830
v -0.277495 0.056817 0.452908
v -0.282731 0.056817 0.467331
v -0.280530 0.058517 0.446908
v -0.283408 0.058063 0.451739
v -0.280497 0.057809 0.451813
v -0.273806 0.056817 0.443440
v -0.274209 0.056873 0.445405
v -0.259441 0.056817 0.406093
v -0.249103 0.056817 0.415001
v -0.242379 0.056850 0.413468
v -0.238611 0.063442 0.419687
v -0.213315 0.058268 0.427354
v -0.216780 0.058460 0.423891
v -0.217045 0.058517 0.427497
v -0.199733 0.056817 0.445216
v -0.203420 0.056817 0.443446
v -0.202668 0.056817 0.445215
v -0.203309 0.056817 0.453848
v -0.202668 0.056817 0.452915
v -0.242460 0.056817 0.403312
v -0.242291 0.056362 0.402812
v -0.250817 0.056317 0.402811
v -0.250817 0.050317 0.402811
v -0.252680 0.032417 0.404643
v -0.253916 0.031706 0.403365
v -0.210111 0.032317 0.410131
v -0.250576 0.036317 0.493811
v -0.222775 0.035917 0.407548
v -0.197493 0.036057 0.464541
v -0.197113 0.032517 0.427547
v -0.195750 0.032384 0.426910
v -0.193874 0.031856 0.433774
v -0.192798 0.035667 0.434418
v -0.197462 0.036067 0.465054
v -0.216657 0.035592 0.406419
v -0.216187 0.031867 0.406348
v -0.216909 0.035705 0.407126
v -0.266468 0.056834 0.426635
v -0.280174 0.036317 0.470216
v -0.256708 0.035797 0.489530
v -0.223013 0.035517 0.492329
v -0.223970 0.035867 0.493677
v -0.223675 0.031836 0.494510
v -0.249109 0.056817 0.483120
v -0.242254 0.056874 0.485008
v -0.245886 0.056817 0.483951
v -0.197144 0.032455 0.470641
v -0.196308 0.031567 0.472207
v -0.219033 0.056817 0.478840
v -0.215922 0.056817 0.477204
v -0.216128 0.056872 0.476747
v -0.219521 0.032351 0.469558
v -0.212104 0.023996 0.466830
v -0.212487 0.024222 0.467404
v -0.230807 0.023817 0.470753
v -0.246243 0.024195 0.472255
v -0.231496 0.023817 0.472053
v -0.219757 0.032317 0.487149
v -0.221808 0.032317 0.486379
v -0.221309 0.032317 0.487015
v -0.256188 0.030848 0.488635
v -0.250657 0.030750 0.476266
v -0.247129 0.030772 0.477654
v -0.216629 0.031567 0.491985
v -0.212341 0.032317 0.487488
v -0.217940 0.032167 0.490494
v -0.220316 0.035442 0.487498
v -0.217791 0.036017 0.490538
v -0.218473 0.035417 0.487504
v -0.210400 0.035317 0.481312
v -0.211491 0.035242 0.479675
v -0.204152 0.035217 0.479358
v -0.200107 0.035467 0.469215
v -0.197330 0.035717 0.469403
v -0.196962 0.030817 0.472411
v -0.197752 0.030894 0.469606
v -0.196075 0.030817 0.470752
v -0.214085 0.029817 0.467800
v -0.213890 0.023951 0.467340
v -0.207869 0.031942 0.453115
v -0.207708 0.030817 0.455920
v -0.207602 0.032045 0.455913
v -0.198080 0.032317 0.446680
v -0.199547 0.032317 0.447816
v -0.197533 0.035317 0.451719
v -0.193906 0.035167 0.446066
v -0.194165 0.033817 0.446066
v -0.194165 0.033817 0.452066
v -0.197661 0.032317 0.451654
v -0.194165 0.032317 0.452066
v -0.195613 0.030817 0.463053
v -0.195611 0.030817 0.435078
v -0.191014 0.030817 0.445286
v -0.194824 0.033817 0.440867
v -0.192862 0.033817 0.440477
v -0.194235 0.033817 0.435013
v -0.198178 0.035517 0.435501
v -0.194035 0.035517 0.430601
v -0.197790 0.035717 0.433535
v -0.195625 0.034167 0.427153
v -0.195719 0.035367 0.426969
v -0.208625 0.030394 0.438808
v -0.211891 0.025817 0.438661
v -0.208924 0.027317 0.438495
v -0.215343 0.022817 0.465467
v -0.210838 0.022817 0.461292
v -0.213714 0.022817 0.465785
v -0.267904 0.027317 0.458356
v -0.268160 0.023855 0.457887
v -0.279645 0.034017 0.468577
v -0.279592 0.034017 0.464678
v -0.278895 0.032317 0.462614
v -0.278874 0.033524 0.462674
v -0.276658 0.033712 0.468011
v -0.276668 0.032317 0.467988
v -0.273586 0.033817 0.479785
v -0.273695 0.035217 0.479964
v -0.272813 0.035167 0.479012
v -0.263783 0.032317 0.485821
v -0.265706 0.032317 0.479672
v -0.267926 0.032317 0.482610
v -0.259692 0.033817 0.471904
v -0.268003 0.033817 0.475934
v -0.265358 0.033817 0.477568
v -0.260068 0.031817 0.466267
v -0.260529 0.025817 0.465657
v -0.248242 0.032352 0.475480
v -0.237311 0.033817 0.488366
v -0.239868 0.033817 0.488079
v -0.235618 0.035167 0.493711
v -0.235618 0.033817 0.493612
v -0.235618 0.035167 0.492092
v -0.250825 0.033817 0.491611
v -0.241618 0.033817 0.491612
v -0.241618 0.032317 0.491612
v -0.252568 0.035517 0.492798
v -0.251633 0.035442 0.490262
v -0.241618 0.032317 0.493711
v -0.241618 0.035167 0.493711
v -0.241618 0.033817 0.493612
v -0.235618 0.033817 0.491612
v -0.226412 0.033817 0.491613
v -0.226412 0.032317 0.491613
v -0.220155 0.033817 0.487225
v -0.224356 0.033817 0.488874
v -0.225024 0.033817 0.489330
v -0.224118 0.032317 0.487335
v -0.225062 0.032317 0.489343
v -0.253102 0.030817 0.491139
v -0.244721 0.030817 0.494811
v -0.247773 0.030817 0.494811
v -0.258882 0.034017 0.492267
v -0.259574 0.034055 0.492122
v -0.281448 0.032317 0.471273
v -0.281586 0.031614 0.470382
v -0.280065 0.032317 0.473758
v -0.277040 0.032317 0.475335
v -0.280463 0.032167 0.469909
v -0.263783 0.033817 0.485821
v -0.264895 0.033817 0.487484
v -0.260062 0.033817 0.490377
v -0.257928 0.035487 0.487287
v -0.251812 0.032317 0.489870
v -0.253118 0.032317 0.487333
v -0.251877 0.033817 0.491522
v -0.251136 0.026384 0.473381
v -0.247485 0.026667 0.475092
v -0.250618 0.026242 0.473197
v -0.269193 0.032317 0.456124
v -0.279726 0.032317 0.461902
v -0.269194 0.032317 0.458062
v -0.269192 0.032317 0.446001
v -0.277681 0.032317 0.447808
v -0.269192 0.032317 0.447809
v -0.259549 0.032487 0.430010
v -0.265352 0.032317 0.420551
v -0.265609 0.032317 0.418771
v -0.269337 0.033817 0.414090
v -0.268564 0.035167 0.414863
v -0.267920 0.033817 0.415507
v -0.254391 0.034042 0.403885
v -0.253768 0.031351 0.406374
v -0.253904 0.034017 0.405606
v -0.245566 0.032211 0.422173
v -0.253110 0.032317 0.410789
v -0.247959 0.032277 0.422658
v -0.241610 0.035167 0.404413
v -0.241610 0.033817 0.404512
v -0.241610 0.035167 0.406031
v -0.227523 0.032283 0.412813
v -0.229851 0.032317 0.414536
v -0.228450 0.032172 0.414643
v -0.223952 0.035667 0.406062
v -0.225437 0.035417 0.408209
v -0.229455 0.031317 0.402813
v -0.232507 0.032317 0.402813
v -0.226404 0.032317 0.402813
v -0.198314 0.030817 0.428549
v -0.228134 0.030817 0.414168
v -0.202280 0.030817 0.418079
v -0.197879 0.035367 0.427864
v -0.199150 0.033817 0.428391
v -0.200050 0.035367 0.428763
v -0.207959 0.035817 0.414399
v -0.209526 0.035242 0.415843
v -0.219913 0.031817 0.410283
v -0.215717 0.032017 0.422131
v -0.211814 0.031734 0.409570
v -0.217430 0.035517 0.405711
v -0.218222 0.035667 0.407862
v -0.216352 0.031917 0.407429
v -0.222738 0.034017 0.404141
v -0.218697 0.034017 0.407522
v -0.221590 0.034017 0.408996
v -0.227741 0.031817 0.420566
v -0.229440 0.031817 0.417511
v -0.230192 0.031817 0.419022
v -0.239974 0.033817 0.409471
v -0.237294 0.033817 0.409738
v -0.240629 0.033817 0.408776
v -0.235610 0.033817 0.406512
v -0.226404 0.033817 0.404513
v -0.235610 0.033817 0.404512
v -0.236138 0.032317 0.408542
v -0.230049 0.031973 0.415810
v -0.267632 0.027525 0.440076
v -0.268694 0.030817 0.456562
v -0.268692 0.031817 0.450309
v -0.268714 0.031900 0.452247
v -0.259730 0.030817 0.427752
v -0.286343 0.030851 0.445327
v -0.285129 0.030817 0.438270
v -0.257450 0.030567 0.426270
v -0.259136 0.030817 0.408752
v -0.258426 0.030817 0.409314
v -0.273580 0.033817 0.418333
v -0.273651 0.032317 0.418262
v -0.267696 0.035242 0.415837
v -0.266722 0.035167 0.416705
v -0.265719 0.035267 0.418226
v -0.279374 0.035442 0.427926
v -0.281505 0.035367 0.426961
v -0.282528 0.030817 0.434873
v -0.284575 0.030817 0.436112
v -0.283838 0.030899 0.433972
v -0.285036 0.030817 0.460245
v -0.281818 0.030922 0.463486
v -0.284565 0.030817 0.462047
v -0.283063 0.033817 0.446058
v -0.283974 0.035167 0.446058
v -0.282021 0.035242 0.446133
v -0.283957 0.031587 0.433757
v -0.283869 0.034067 0.433613
v -0.278881 0.033817 0.435464
v -0.276776 0.033817 0.430504
v -0.277232 0.035517 0.428894
v -0.276757 0.035479 0.429899
v -0.279067 0.033817 0.447106
v -0.279097 0.033817 0.446799
v -0.282993 0.033817 0.463110
v -0.282410 0.035367 0.462869
v -0.281139 0.033817 0.462342
v -0.278260 0.032317 0.450519
v -0.278801 0.034017 0.430498
v -0.279749 0.034017 0.429416
v -0.269678 0.030851 0.412633
v -0.265184 0.030851 0.409237
v -0.248155 0.026667 0.427130
v -0.250117 0.025879 0.425640
v -0.218442 0.026667 0.436391
v -0.217856 0.026406 0.434437
v -0.219358 0.032195 0.428187
v -0.219741 0.030445 0.428434
v -0.211638 0.032317 0.418721
v -0.215060 0.032317 0.423526
v -0.214968 0.032317 0.423445
v -0.206311 0.035242 0.420901
v -0.207903 0.035167 0.421857
v -0.217536 0.033817 0.426220
v -0.211762 0.033817 0.420393
v -0.224100 0.031817 0.422237
v -0.220686 0.031817 0.424388
v -0.255421 0.032317 0.411744
v -0.251651 0.033817 0.420847
v -0.255421 0.033817 0.411744
v -0.257543 0.032317 0.411010
v -0.258109 0.032317 0.410842
v -0.201297 0.032317 0.432255
v -0.214400 0.032317 0.435003
v -0.212580 0.032696 0.438116
v -0.200341 0.032317 0.434566
v -0.198063 0.032317 0.435841
v -0.208492 0.032317 0.437963
v -0.208288 0.032317 0.440425
v -0.268660 0.023759 0.456312
v -0.268692 0.023817 0.449319
v -0.264485 0.023951 0.441939
v -0.268692 0.023817 0.445698
v -0.211614 0.030484 0.436465
v -0.210615 0.030817 0.436608
v -0.218099 0.022817 0.431508
v -0.229480 0.022817 0.423654
v -0.223279 0.022817 0.426839
v -0.229311 0.030817 0.413421
v -0.235559 0.030839 0.403229
v -0.250817 0.032317 0.404511
v -0.255647 0.034017 0.404078
v -0.265352 0.033817 0.420551
v -0.260586 0.033817 0.427079
v -0.259688 0.033817 0.426216
v -0.264414 0.032399 0.459936
v -0.247977 0.026667 0.470966
v -0.246804 0.026667 0.473270
v -0.246804 0.026667 0.471968
v -0.270918 0.035242 0.477223
v -0.269551 0.035167 0.476123
v -0.257801 0.032509 0.469702
v -0.256153 0.032211 0.470595
v -0.284506 0.033454 0.463960
v -0.225956 0.026029 0.473277
v -0.208611 0.030817 0.439475
v -0.191194 0.030817 0.454658
v -0.190864 0.030817 0.449066
v -0.191009 0.030817 0.452787
v -0.212264 0.032067 0.467692
v -0.212169 0.030683 0.466984
v -0.212170 0.030625 0.467966
v -0.200343 0.032317 0.463566
v -0.208053 0.032317 0.458571
v -0.208703 0.032317 0.460102
v -0.208321 0.032317 0.476103
v -0.200531 0.032317 0.467927
v -0.211622 0.032317 0.478110
v -0.206317 0.035242 0.477229
v -0.207909 0.035167 0.476272
v -0.201301 0.033817 0.465874
v -0.200343 0.033817 0.463566
v -0.210142 0.033817 0.462212
v -0.218802 0.030817 0.488809
v -0.232058 0.030817 0.478337
v -0.228477 0.030817 0.477297
v -0.200192 0.033817 0.475343
v -0.201855 0.033817 0.474231
v -0.203648 0.033817 0.479791
v -0.203575 0.031667 0.482210
v -0.203507 0.032317 0.479933
v -0.207749 0.032317 0.484175
v -0.224737 0.032272 0.473189
v -0.224901 0.031941 0.472937
v -0.175810 0.023444 0.458325
v -0.176116 0.034159 0.469046
v -0.176115 0.028291 0.464231
v -0.177115 0.021127 0.463118
v -0.177114 0.045808 0.448868
v -0.177115 0.018280 0.456245
v -0.176363 0.072620 0.437816
v -0.176113 0.067968 0.441668
v -0.176113 0.064659 0.435172
v -0.176116 0.053009 0.471027
v -0.176366 0.056861 0.475679
v -0.176117 0.053314 0.476880
v -0.176114 0.074571 0.445166
v -0.176280 0.073821 0.441362
v -0.176113 0.026435 0.435923
v -0.176363 0.020694 0.434368
v -0.176112 0.022792 0.431227
v -0.169136 0.063383 0.466096
v -0.169134 0.045809 0.448868
v -0.169135 0.064685 0.464659
v -0.169132 0.056730 0.426814
v -0.169132 0.054949 0.426018
v -0.169136 0.036669 0.471718
v -0.169136 0.040295 0.472852
v -0.168814 0.021252 0.447247
v -0.168877 0.020000 0.450077
v -0.168834 0.020041 0.448244
v -0.168826 0.024288 0.436101
v -0.168876 0.024460 0.434315
v -0.168813 0.025752 0.434606
v -0.175762 0.051731 0.424144
v -0.175812 0.053689 0.424406
v -0.175652 0.058413 0.432071
v -0.175814 0.045809 0.448868
v -0.175653 0.061154 0.434531
v -0.175815 0.030464 0.463204
v -0.175815 0.028189 0.460294
v -0.175493 0.063428 0.437442
v -0.175600 0.065592 0.434229
v -0.168862 0.057675 0.425990
v -0.168812 0.056730 0.426814
v -0.168812 0.049730 0.424022
v -0.168832 0.048293 0.423212
v -0.175495 0.065897 0.454989
v -0.175495 0.068658 0.458008
v -0.175494 0.069793 0.454381
v -0.168815 0.066915 0.461523
v -0.168890 0.068139 0.461850
v -0.168815 0.067044 0.463344
v -0.175696 0.047343 0.474203
v -0.175496 0.046870 0.469841
v -0.175744 0.045674 0.474160
v -0.168890 0.024698 0.463751
v -0.168815 0.024932 0.461900
v -0.168815 0.026026 0.463507
v -0.175815 0.021525 0.457283
v -0.175815 0.022458 0.456641
v -0.175794 0.020209 0.451870
v -0.175814 0.021294 0.451036
v -0.175664 0.019987 0.450078
v -0.175699 0.028047 0.430086
v -0.175812 0.028234 0.431640
v -0.175812 0.029646 0.430310
v -0.175812 0.039564 0.424501
v -0.175705 0.038036 0.425518
v -0.175813 0.022717 0.437587
v -0.175813 0.023755 0.437947
v -0.175813 0.023590 0.435952
v -0.168816 0.032901 0.471091
v -0.168816 0.034021 0.470448
v -0.168816 0.043760 0.473936
v -0.168836 0.045138 0.474634
v -0.175496 0.061972 0.467426
v -0.175496 0.057263 0.466469
v -0.175496 0.060447 0.468651
v -0.175813 0.070092 0.440453
v -0.175813 0.068453 0.439231
v -0.175813 0.069159 0.441095
v -0.199600 0.038742 0.420672
v -0.199600 0.032317 0.420672
v -0.195658 0.051592 0.427089
v -0.194035 0.056317 0.430601
v -0.192762 0.051592 0.434042
v -0.190365 0.051592 0.448867
v -0.190455 0.056743 0.446105
v -0.210862 0.056838 0.471360
v -0.211010 0.056899 0.471672
v -0.211192 0.057766 0.472353
v -0.213053 0.057736 0.470154
v -0.208840 0.056817 0.468649
v -0.213067 0.063317 0.463814
v -0.215764 0.059273 0.467719
v -0.214083 0.059273 0.465446
v -0.215467 0.058419 0.468407
v -0.215583 0.058517 0.469057
v -0.213593 0.058517 0.471046
v -0.219346 0.058374 0.472305
v -0.224540 0.058582 0.475453
v -0.220601 0.056855 0.479498
v -0.217963 0.057526 0.474882
v -0.225054 0.056855 0.481725
v -0.224950 0.056817 0.481977
v -0.222080 0.056855 0.480325
v -0.204221 0.051592 0.482902
v -0.199374 0.045167 0.477138
v -0.199374 0.051592 0.477138
v -0.195681 0.035717 0.464514
v -0.216988 0.036317 0.490509
v -0.226412 0.050317 0.495313
v -0.223220 0.045167 0.494790
v -0.223220 0.050317 0.494790
v -0.241193 0.058403 0.490961
v -0.241348 0.058247 0.494812
v -0.236502 0.058651 0.478987
v -0.240767 0.058517 0.479486
v -0.236081 0.058411 0.479341
v -0.230982 0.059273 0.477558
v -0.232780 0.058854 0.478073
v -0.230003 0.058854 0.477373
v -0.233042 0.056855 0.483986
v -0.232202 0.056836 0.483971
v -0.235766 0.057708 0.484085
v -0.235369 0.057066 0.485008
v -0.235193 0.056931 0.489910
v -0.235192 0.056931 0.485008
v -0.235675 0.057880 0.490436
v -0.235732 0.058092 0.487110
v -0.235548 0.057909 0.482148
v -0.223991 0.063567 0.474394
v -0.230982 0.063317 0.477558
v -0.257756 0.059269 0.471563
v -0.258080 0.058444 0.472183
v -0.260019 0.058143 0.474474
v -0.261682 0.058504 0.468334
v -0.264163 0.059273 0.463810
v -0.263226 0.058854 0.465493
v -0.263149 0.059273 0.465442
v -0.268278 0.056836 0.468568
v -0.269284 0.056817 0.467214
v -0.264182 0.057831 0.470265
v -0.268271 0.057809 0.474525
v -0.274459 0.057755 0.481361
v -0.274332 0.058054 0.480786
v -0.269800 0.056902 0.485237
v -0.270400 0.057850 0.484714
v -0.271164 0.058017 0.484678
v -0.272123 0.058403 0.478923
v -0.261771 0.057444 0.476591
v -0.261467 0.056927 0.476783
v -0.258052 0.056855 0.478608
v -0.260665 0.056855 0.476713
v -0.259558 0.056567 0.492251
v -0.254016 0.056317 0.494788
v -0.253119 0.032317 0.495044
v -0.253984 0.036067 0.491324
v -0.254244 0.035617 0.407290
v -0.271668 0.032317 0.416002
v -0.276298 0.032317 0.421394
v -0.286306 0.038742 0.441745
v -0.286255 0.031692 0.441635
v -0.275369 0.056317 0.417803
v -0.273008 0.051592 0.415222
v -0.277855 0.051592 0.420986
v -0.279353 0.056817 0.424153
v -0.281746 0.056317 0.427435
v -0.282727 0.056817 0.430785
v -0.286864 0.038742 0.449256
v -0.286259 0.031817 0.456682
v -0.286246 0.038742 0.456763
v -0.278938 0.035817 0.467309
v -0.284823 0.036317 0.441970
v -0.284103 0.031731 0.435520
v -0.283214 0.036317 0.435046
v -0.280720 0.035717 0.464534
v -0.278933 0.035817 0.430875
v -0.279292 0.035517 0.431142
v -0.259207 0.035517 0.491029
v -0.281571 0.051592 0.471034
v -0.277628 0.045167 0.477452
v -0.277628 0.051592 0.477452
v -0.280430 0.056874 0.452696
v -0.283364 0.056855 0.452766
v -0.274448 0.056845 0.452743
v -0.269970 0.056836 0.465714
v -0.268311 0.058704 0.451833
v -0.271539 0.057631 0.452467
v -0.274463 0.057458 0.452104
v -0.286431 0.058217 0.451654
v -0.283384 0.057525 0.446020
v -0.286391 0.056688 0.445336
v -0.267832 0.058673 0.443180
v -0.267351 0.058412 0.440314
v -0.268408 0.058558 0.446409
v -0.271556 0.057984 0.446106
v -0.274507 0.057589 0.446050
v -0.277590 0.058054 0.446445
v -0.267534 0.059273 0.443240
v -0.267965 0.059273 0.446091
v -0.267626 0.058854 0.454896
v -0.267110 0.059273 0.456694
v -0.267536 0.059273 0.454878
v -0.267108 0.059273 0.441423
v -0.263222 0.058854 0.432627
v -0.264161 0.059273 0.434309
v -0.263145 0.059273 0.432678
v -0.266265 0.056855 0.427011
v -0.264354 0.057543 0.428296
v -0.266147 0.057364 0.425909
v -0.261689 0.058475 0.429548
v -0.268267 0.057455 0.423727
v -0.272312 0.057957 0.419411
v -0.270181 0.058247 0.421350
v -0.268215 0.057880 0.415293
v -0.270552 0.057667 0.413210
v -0.264974 0.056317 0.408649
v -0.267322 0.051592 0.410281
v -0.267322 0.056317 0.410281
v -0.250011 0.058683 0.421613
v -0.252661 0.058513 0.422723
v -0.258037 0.059017 0.426681
v -0.257733 0.058581 0.426004
v -0.261724 0.057510 0.421554
v -0.261291 0.056879 0.421334
v -0.259668 0.057708 0.423482
v -0.261307 0.056817 0.420920
v -0.241579 0.059273 0.419712
v -0.244448 0.058854 0.420051
v -0.244430 0.059273 0.420140
v -0.236088 0.059395 0.419673
v -0.235817 0.058346 0.418893
v -0.235712 0.058505 0.419324
v -0.235217 0.057596 0.416145
v -0.235660 0.057469 0.413653
v -0.234342 0.056843 0.413732
v -0.232993 0.056817 0.413870
v -0.229997 0.058854 0.420753
v -0.232749 0.058683 0.419926
v -0.224475 0.058412 0.422559
v -0.227162 0.058513 0.421496
v -0.216209 0.056847 0.421321
v -0.215579 0.057253 0.421587
v -0.211766 0.056817 0.416773
v -0.213540 0.056931 0.419149
v -0.211465 0.056931 0.417074
v -0.206326 0.057667 0.413207
v -0.207058 0.057455 0.413189
v -0.208747 0.058403 0.415559
v -0.211013 0.058092 0.417385
v -0.210793 0.058403 0.417605
v -0.217258 0.058067 0.423609
v -0.219275 0.059517 0.426786
v -0.217753 0.059517 0.428204
v -0.209477 0.058683 0.443202
v -0.210118 0.059273 0.441429
v -0.209693 0.059273 0.443246
v -0.208980 0.058311 0.443103
v -0.210056 0.058513 0.440375
v -0.212716 0.057509 0.428520
v -0.208179 0.056855 0.431049
v -0.209064 0.056855 0.429631
v -0.215402 0.058418 0.429897
v -0.213788 0.058513 0.432487
v -0.211166 0.058683 0.437666
v -0.212276 0.058513 0.435015
v -0.211150 0.057510 0.425898
v -0.210897 0.057066 0.425944
v -0.211053 0.056902 0.426543
v -0.210858 0.056883 0.426433
v -0.206851 0.057667 0.421547
v -0.204833 0.057667 0.419529
v -0.203361 0.058517 0.416855
v -0.202992 0.058017 0.416518
v -0.204493 0.058017 0.414947
v -0.202432 0.056786 0.417629
v -0.207151 0.058403 0.421246
v -0.205106 0.058403 0.419201
v -0.205348 0.056855 0.437058
v -0.205395 0.056817 0.436181
v -0.208474 0.058453 0.446529
v -0.205610 0.057940 0.446045
v -0.199697 0.057454 0.446009
v -0.202668 0.057154 0.445883
v -0.196748 0.057957 0.451776
v -0.199591 0.058035 0.451854
v -0.190806 0.057773 0.451919
v -0.190440 0.056989 0.451776
v -0.190421 0.057885 0.446717
v -0.193864 0.057242 0.445952
v -0.196799 0.056931 0.445641
v -0.196799 0.057242 0.445952
v -0.193805 0.058092 0.451952
v -0.203144 0.057065 0.452360
v -0.205661 0.057672 0.452347
v -0.208631 0.058461 0.451718
v -0.209264 0.059273 0.452033
v -0.209605 0.058854 0.454902
v -0.209173 0.058854 0.452042
v -0.210120 0.063317 0.456700
v -0.210393 0.059273 0.457653
v -0.210120 0.059273 0.456700
v -0.209877 0.058412 0.457809
v -0.210700 0.058311 0.460659
v -0.202668 0.057154 0.452246
v -0.207293 0.056842 0.465680
v -0.209047 0.058764 0.446366
v -0.209054 0.059017 0.446976
v -0.196799 0.056874 0.452703
v -0.199733 0.056817 0.452916
v -0.223861 0.063317 0.423516
v -0.222230 0.059273 0.424531
v -0.223861 0.059273 0.423516
v -0.219164 0.058374 0.425823
v -0.216401 0.056317 0.406229
v -0.212520 0.056817 0.409072
v -0.212247 0.056317 0.408653
v -0.240935 0.057970 0.402812
v -0.241185 0.058403 0.403312
v -0.240760 0.058517 0.403312
v -0.236247 0.058460 0.411014
v -0.241243 0.058514 0.419196
v -0.241651 0.057530 0.413885
v -0.242035 0.056931 0.408214
v -0.241814 0.057817 0.416275
v -0.241533 0.058306 0.418927
v -0.235496 0.057242 0.403312
v -0.235496 0.057242 0.408214
v -0.235185 0.056931 0.403312
v -0.259935 0.035717 0.407412
v -0.226404 0.044317 0.402813
v -0.223212 0.045167 0.403336
v -0.223212 0.044317 0.403336
v -0.219915 0.035517 0.404909
v -0.207617 0.034317 0.413404
v -0.219650 0.035667 0.408120
v -0.223215 0.035817 0.407276
v -0.197912 0.035617 0.430391
v -0.196806 0.035617 0.428096
v -0.194012 0.032394 0.435054
v -0.194053 0.035817 0.434938
v -0.196508 0.035717 0.433590
v -0.194366 0.035984 0.463668
v -0.197180 0.035517 0.432969
v -0.219102 0.056836 0.419402
v -0.228212 0.056842 0.415165
v -0.235010 0.056875 0.413624
v -0.270759 0.056989 0.413078
v -0.271158 0.058017 0.413439
v -0.274046 0.058267 0.416681
v -0.274156 0.058403 0.417155
v -0.268274 0.056836 0.429550
v -0.269280 0.056817 0.430904
v -0.272276 0.056836 0.437809
v -0.272135 0.056817 0.436959
v -0.286480 0.058312 0.446759
v -0.286209 0.056817 0.452908
v -0.273758 0.056855 0.453022
v -0.266356 0.058412 0.460580
v -0.267172 0.058513 0.457749
v -0.272832 0.056874 0.478130
v -0.270907 0.056817 0.475905
v -0.277628 0.038742 0.477452
v -0.277628 0.032317 0.477452
v -0.281509 0.035817 0.471154
v -0.273008 0.045167 0.415222
v -0.273008 0.038742 0.415222
v -0.277855 0.038742 0.420986
v -0.242498 0.056823 0.484519
v -0.241455 0.058315 0.479243
v -0.241233 0.058505 0.478954
v -0.241736 0.057284 0.484650
v -0.241676 0.057823 0.482089
v -0.241720 0.057362 0.485008
v -0.241618 0.057667 0.487110
v -0.242043 0.056931 0.489910
v -0.246252 0.063317 0.477556
v -0.241585 0.059273 0.478412
v -0.240697 0.059517 0.478488
v -0.250139 0.058412 0.476802
v -0.248913 0.056855 0.482895
v -0.247417 0.058311 0.477979
v -0.255219 0.056836 0.480441
v -0.252285 0.056817 0.481975
v -0.252604 0.058683 0.475284
v -0.268139 0.057667 0.482823
v -0.266001 0.057353 0.472095
v -0.219477 0.059269 0.471567
v -0.222111 0.058683 0.473780
v -0.216292 0.045167 0.491837
v -0.209907 0.038742 0.487843
v -0.209907 0.045167 0.487843
v -0.196811 0.035517 0.468909
v -0.197663 0.056567 0.474101
v -0.195482 0.056317 0.470688
v -0.202741 0.057455 0.480618
v -0.204811 0.057667 0.478628
v -0.209002 0.057667 0.474437
v -0.210947 0.057667 0.472492
v -0.202998 0.058017 0.481612
v -0.203073 0.058403 0.480969
v -0.203367 0.058517 0.481275
v -0.206846 0.056496 0.485378
v -0.207356 0.056624 0.485500
v -0.206586 0.058294 0.484658
v -0.208603 0.058460 0.482420
v -0.215527 0.057295 0.476588
v -0.213326 0.057242 0.478759
v -0.211471 0.056931 0.481054
v -0.211251 0.057242 0.480835
v -0.212875 0.057543 0.469827
v -0.222056 0.026817 0.471906
v -0.222089 0.028421 0.471769
v -0.222118 0.029567 0.471715
v -0.218375 0.032263 0.468171
v -0.221538 0.024391 0.469694
v -0.224053 0.024484 0.469559
v -0.221929 0.025421 0.470183
v -0.216407 0.024617 0.467803
v -0.247840 0.023997 0.470548
v -0.246845 0.023817 0.470394
v -0.230157 0.024650 0.471461
v -0.230091 0.025871 0.474280
v -0.230276 0.024582 0.474013
v -0.246474 0.024332 0.473883
v -0.246960 0.025817 0.475111
v -0.247187 0.025855 0.474492
v -0.239850 0.032045 0.476640
v -0.238616 0.025817 0.476562
v -0.239857 0.025817 0.476534
v -0.235875 0.031942 0.476459
v -0.237840 0.032067 0.476618
v -0.232129 0.031817 0.475787
v -0.230734 0.026667 0.475409
v -0.226524 0.032250 0.474040
v -0.222049 0.030363 0.473351
v -0.224101 0.026817 0.474169
v -0.222275 0.026817 0.473020
v -0.225503 0.029817 0.474929
v -0.239617 0.029817 0.478045
v -0.243318 0.024817 0.477678
v -0.237539 0.023951 0.477542
v -0.239651 0.030817 0.479044
v -0.235914 0.030750 0.478689
v -0.223068 0.030888 0.494231
v -0.224769 0.031067 0.495109
v -0.222852 0.031229 0.494248
v -0.223410 0.031329 0.492215
v -0.220641 0.031332 0.489044
v -0.221940 0.031067 0.489168
v -0.219493 0.034017 0.489579
v -0.218705 0.034017 0.490606
v -0.217491 0.031139 0.491993
v -0.216548 0.035396 0.491970
v -0.216705 0.034167 0.492051
v -0.221009 0.035367 0.487744
v -0.211632 0.032317 0.479377
v -0.195654 0.035517 0.471028
v -0.195827 0.034054 0.469966
v -0.194843 0.035517 0.469363
v -0.193516 0.031588 0.464672
v -0.193678 0.034017 0.464782
v -0.197423 0.031563 0.464538
v -0.196414 0.031587 0.464118
v -0.198509 0.031588 0.467332
v -0.198427 0.034017 0.467626
v -0.195739 0.031556 0.470181
v -0.225050 0.030817 0.475820
v -0.216279 0.030375 0.468119
v -0.215787 0.024573 0.465604
v -0.213609 0.032067 0.466989
v -0.215359 0.032250 0.466444
v -0.213680 0.032250 0.467157
v -0.198487 0.033817 0.450755
v -0.198161 0.033817 0.451242
v -0.198039 0.035242 0.449066
v -0.198161 0.035167 0.447114
v -0.197308 0.035267 0.446206
v -0.194389 0.030924 0.463813
v -0.192973 0.030884 0.434206
v -0.193047 0.030852 0.434196
v -0.192862 0.032317 0.440477
v -0.192161 0.032317 0.446066
v -0.198302 0.033270 0.435597
v -0.200547 0.033833 0.430163
v -0.200461 0.032317 0.429078
v -0.200461 0.035367 0.429078
v -0.200050 0.032317 0.428763
v -0.197637 0.034017 0.433446
v -0.197637 0.031498 0.433446
v -0.198423 0.034017 0.432419
v -0.211972 0.024417 0.437993
v -0.208924 0.025817 0.438495
v -0.208223 0.023317 0.450454
v -0.208971 0.022951 0.445003
v -0.208606 0.023317 0.444978
v -0.212434 0.022951 0.466328
v -0.261647 0.024134 0.466157
v -0.263560 0.022817 0.459392
v -0.260338 0.022817 0.465095
v -0.265534 0.024438 0.459661
v -0.264369 0.023343 0.459491
v -0.265549 0.025988 0.459809
v -0.265529 0.027718 0.459858
v -0.265874 0.030209 0.460008
v -0.267274 0.030772 0.459421
v -0.268492 0.030263 0.458338
v -0.269270 0.030728 0.457976
v -0.261818 0.030067 0.466570
v -0.259496 0.030317 0.469378
v -0.279047 0.031331 0.468298
v -0.278526 0.030932 0.467806
v -0.282132 0.031417 0.464203
v -0.283193 0.035517 0.467522
v -0.283880 0.034167 0.465768
v -0.283193 0.034167 0.467522
v -0.269598 0.035317 0.484070
v -0.265627 0.033817 0.479322
v -0.259646 0.032989 0.468322
v -0.260486 0.033791 0.470922
v -0.262328 0.031817 0.462987
v -0.261268 0.031817 0.464651
v -0.254555 0.032211 0.471804
v -0.253031 0.032317 0.473065
v -0.250481 0.033804 0.477703
v -0.251657 0.033817 0.477275
v -0.249957 0.032373 0.474676
v -0.241786 0.032250 0.476630
v -0.237480 0.032484 0.477250
v -0.237782 0.033800 0.480021
v -0.238618 0.035317 0.489662
v -0.240573 0.035242 0.489540
v -0.235923 0.032317 0.489745
v -0.235808 0.035167 0.489913
v -0.254276 0.031220 0.494439
v -0.225101 0.035367 0.489356
v -0.223719 0.035367 0.488866
v -0.228693 0.032685 0.475407
v -0.227224 0.032456 0.474641
v -0.244721 0.031192 0.495278
v -0.241670 0.031317 0.495312
v -0.254066 0.030860 0.494216
v -0.253764 0.031372 0.491779
v -0.255638 0.034017 0.489127
v -0.255320 0.031318 0.489227
v -0.254598 0.034017 0.489658
v -0.259804 0.031372 0.491914
v -0.265437 0.031317 0.489169
v -0.265829 0.031817 0.488904
v -0.259640 0.030817 0.490142
v -0.260038 0.030860 0.491687
v -0.258680 0.031418 0.490540
v -0.276498 0.031192 0.478889
v -0.276070 0.031317 0.479479
v -0.278439 0.030851 0.475631
v -0.279351 0.030817 0.473972
v -0.281440 0.030918 0.470535
v -0.279813 0.030897 0.469803
v -0.278914 0.030817 0.469574
v -0.280699 0.031192 0.472592
v -0.272013 0.031067 0.483779
v -0.271214 0.030884 0.484293
v -0.258110 0.030955 0.489208
v -0.253722 0.034017 0.491559
v -0.254911 0.035442 0.488394
v -0.256259 0.035442 0.487808
v -0.255646 0.034017 0.494045
v -0.257307 0.034092 0.493462
v -0.229463 0.031192 0.495279
v -0.232515 0.031067 0.495246
v -0.241281 0.035267 0.489897
v -0.251245 0.024085 0.472358
v -0.256625 0.024817 0.469487
v -0.251559 0.024817 0.473021
v -0.250187 0.024412 0.472188
v -0.260176 0.024085 0.464468
v -0.262174 0.023817 0.458818
v -0.264459 0.025650 0.458574
v -0.264320 0.027442 0.458833
v -0.264768 0.031817 0.458149
v -0.265417 0.025817 0.457714
v -0.265624 0.032410 0.458274
v -0.268692 0.031817 0.454186
v -0.268942 0.032250 0.444192
v -0.269192 0.032317 0.444192
v -0.265384 0.032295 0.440277
v -0.264162 0.032590 0.437535
v -0.261621 0.032158 0.433710
v -0.262429 0.032067 0.435176
v -0.259473 0.031942 0.431090
v -0.258372 0.032067 0.429837
v -0.253845 0.031988 0.426085
v -0.257807 0.032569 0.428526
v -0.258640 0.035405 0.410786
v -0.262128 0.031067 0.407006
v -0.259860 0.031289 0.406122
v -0.259884 0.034017 0.405946
v -0.256609 0.033917 0.409932
v -0.256618 0.031625 0.409503
v -0.251574 0.035467 0.407806
v -0.235610 0.035167 0.404413
v -0.241610 0.032317 0.404413
v -0.253910 0.030862 0.403653
v -0.253312 0.030870 0.406497
v -0.225306 0.032158 0.409277
v -0.223857 0.031671 0.408531
v -0.225275 0.032317 0.408662
v -0.232507 0.030851 0.403188
v -0.223187 0.030890 0.403649
v -0.222820 0.031339 0.403808
v -0.229455 0.030851 0.403188
v -0.205914 0.031692 0.413629
v -0.197322 0.031504 0.424137
v -0.217776 0.031617 0.407690
v -0.209980 0.032250 0.411792
v -0.217525 0.034017 0.406024
v -0.217803 0.031490 0.406199
v -0.218143 0.030977 0.407752
v -0.222281 0.031202 0.408713
v -0.222044 0.030851 0.409247
v -0.223189 0.030890 0.408278
v -0.217396 0.030928 0.406293
v -0.216904 0.030852 0.406329
v -0.211930 0.030884 0.409162
v -0.213515 0.030884 0.408147
v -0.208723 0.031317 0.411186
v -0.221042 0.035367 0.410365
v -0.221042 0.031817 0.410365
v -0.231916 0.031879 0.422182
v -0.235573 0.031942 0.421697
v -0.233914 0.031817 0.421966
v -0.237673 0.032659 0.421035
v -0.239720 0.032826 0.420920
v -0.240265 0.032409 0.421185
v -0.237229 0.032317 0.409431
v -0.236857 0.033817 0.408924
v -0.240936 0.032317 0.408605
v -0.224571 0.033817 0.404718
v -0.232323 0.030683 0.420241
v -0.236091 0.030500 0.419853
v -0.243427 0.023085 0.421479
v -0.243553 0.023817 0.420758
v -0.236204 0.023085 0.421166
v -0.265967 0.023817 0.439647
v -0.265607 0.024317 0.438832
v -0.268157 0.024817 0.440268
v -0.267691 0.026067 0.440076
v -0.268125 0.029984 0.440339
v -0.268709 0.029949 0.441094
v -0.268713 0.031900 0.441948
v -0.254018 0.030067 0.424412
v -0.247341 0.030067 0.421336
v -0.250805 0.030317 0.422601
v -0.265858 0.030317 0.438737
v -0.266388 0.030500 0.439241
v -0.278910 0.030817 0.428541
v -0.279810 0.030897 0.428313
v -0.281352 0.030884 0.427417
v -0.279743 0.031317 0.423832
v -0.281505 0.032317 0.426961
v -0.278570 0.031504 0.422044
v -0.269315 0.032317 0.422126
v -0.269581 0.035167 0.422132
v -0.282904 0.032017 0.433418
v -0.282904 0.034017 0.433418
v -0.285469 0.031067 0.437828
v -0.285131 0.031317 0.436244
v -0.286487 0.031150 0.443412
v -0.286651 0.031067 0.445303
v -0.286772 0.032317 0.452046
v -0.286528 0.031317 0.454753
v -0.286025 0.030884 0.456562
v -0.285564 0.030851 0.458427
v -0.286578 0.030884 0.447193
v -0.286489 0.030851 0.449058
v -0.284117 0.030896 0.464077
v -0.282991 0.032317 0.435005
v -0.284364 0.033817 0.440469
v -0.282991 0.033817 0.435005
v -0.279210 0.035367 0.435987
v -0.279210 0.032317 0.435987
v -0.278906 0.032317 0.435540
v -0.276414 0.033817 0.431923
v -0.276577 0.032317 0.431680
v -0.277429 0.035517 0.431386
v -0.279251 0.035167 0.446513
v -0.279521 0.032317 0.446242
v -0.279455 0.035217 0.451744
v -0.282404 0.032317 0.457257
v -0.282404 0.033817 0.457257
v -0.281139 0.032317 0.462342
v -0.279067 0.035167 0.447106
v -0.278668 0.031289 0.431732
v -0.278801 0.031667 0.430498
v -0.281428 0.031602 0.428442
v -0.278296 0.030909 0.431036
v -0.279043 0.031331 0.429818
v -0.278748 0.030954 0.429584
v -0.273420 0.032317 0.415646
v -0.275284 0.031317 0.417703
v -0.276490 0.031317 0.419171
v -0.269878 0.031067 0.412398
v -0.271175 0.030884 0.413794
v -0.263589 0.030851 0.408218
v -0.258675 0.030971 0.408407
v -0.260201 0.030835 0.406414
v -0.272682 0.031067 0.414988
v -0.272552 0.030884 0.415118
v -0.273846 0.030884 0.416462
v -0.264719 0.024817 0.440629
v -0.265181 0.024085 0.441830
v -0.250630 0.024007 0.426152
v -0.248597 0.024134 0.427507
v -0.249744 0.023906 0.427430
v -0.227653 0.023951 0.425486
v -0.233716 0.023817 0.424036
v -0.216798 0.025120 0.433526
v -0.216730 0.024951 0.433010
v -0.217928 0.024234 0.433926
v -0.218570 0.024484 0.436154
v -0.215771 0.024177 0.437561
v -0.215606 0.025004 0.436958
v -0.213549 0.025817 0.437622
v -0.213134 0.032414 0.437572
v -0.215966 0.032283 0.432812
v -0.217954 0.032612 0.430158
v -0.217497 0.025817 0.431445
v -0.217870 0.031817 0.431008
v -0.219695 0.028817 0.429105
v -0.231932 0.030223 0.422218
v -0.221568 0.031415 0.425601
v -0.222796 0.028817 0.426567
v -0.225314 0.030317 0.423837
v -0.211601 0.033817 0.418801
v -0.211638 0.035167 0.418721
v -0.209973 0.035167 0.420427
v -0.208627 0.033817 0.421840
v -0.211871 0.032317 0.420555
v -0.243401 0.025817 0.421982
v -0.246492 0.026242 0.422714
v -0.242338 0.032317 0.421311
v -0.248695 0.031817 0.423476
v -0.251883 0.032283 0.424548
v -0.243957 0.032250 0.421831
v -0.246273 0.024199 0.423948
v -0.247160 0.025468 0.423588
v -0.246200 0.023951 0.425866
v -0.246401 0.024817 0.422967
v -0.214189 0.025817 0.436747
v -0.214017 0.024905 0.437265
v -0.199956 0.033817 0.434515
v -0.208285 0.032158 0.445376
v -0.208206 0.032067 0.447815
v -0.268192 0.022951 0.452941
v -0.268558 0.023317 0.452941
v -0.265748 0.024817 0.457381
v -0.265034 0.024085 0.456792
v -0.267691 0.022880 0.441576
v -0.268282 0.023355 0.441593
v -0.268691 0.023817 0.443076
v -0.264834 0.032227 0.439436
v -0.264703 0.025817 0.440100
v -0.217339 0.023085 0.430858
v -0.222244 0.024150 0.425341
v -0.216783 0.023817 0.430382
v -0.228803 0.024817 0.421772
v -0.228465 0.030817 0.416673
v -0.221859 0.030683 0.424783
v -0.222067 0.030317 0.425084
v -0.210170 0.024484 0.437669
v -0.214112 0.030272 0.433158
v -0.216478 0.030317 0.430120
v -0.212487 0.024817 0.436478
v -0.209317 0.029984 0.437736
v -0.195925 0.030887 0.427578
v -0.195734 0.031319 0.428047
v -0.198619 0.031390 0.431104
v -0.198685 0.030884 0.422424
v -0.198533 0.031067 0.422322
v -0.203438 0.030851 0.416585
v -0.247765 0.030884 0.403061
v -0.250817 0.030884 0.403061
v -0.247765 0.031067 0.402878
v -0.255288 0.031067 0.408956
v -0.255222 0.030884 0.409127
v -0.263964 0.032283 0.461260
v -0.264327 0.030567 0.458816
v -0.269053 0.032317 0.475998
v -0.265709 0.035217 0.480256
v -0.278414 0.035367 0.463967
v -0.278908 0.035367 0.462575
v -0.278550 0.031163 0.467042
v -0.278690 0.031282 0.466334
v -0.225083 0.022823 0.472556
v -0.231128 0.022817 0.475004
v -0.230750 0.023451 0.476316
v -0.192755 0.033454 0.434075
v -0.192739 0.032742 0.434119
v -0.191023 0.031067 0.441533
v -0.190957 0.031317 0.441522
v -0.190767 0.031067 0.443379
v -0.190435 0.031192 0.447148
v -0.190652 0.030884 0.447156
v -0.190582 0.031067 0.445252
v -0.190730 0.031192 0.454713
v -0.191025 0.031067 0.456599
v -0.192533 0.030851 0.462046
v -0.191937 0.030884 0.460254
v -0.191205 0.030884 0.456570
v -0.190946 0.030884 0.454688
v -0.190397 0.031192 0.449066
v -0.197914 0.030863 0.464244
v -0.198889 0.030817 0.465521
v -0.196991 0.035367 0.461977
v -0.197524 0.035467 0.462105
v -0.199282 0.035442 0.465359
v -0.208649 0.033817 0.476202
v -0.216754 0.033791 0.470933
v -0.217652 0.033791 0.471796
v -0.200525 0.035442 0.468799
v -0.198170 0.032317 0.462360
v -0.219326 0.030317 0.470896
v -0.219083 0.030683 0.471171
v -0.217494 0.030940 0.491762
v -0.213478 0.031067 0.490168
v -0.213574 0.030884 0.490012
v -0.211976 0.030884 0.488991
v -0.209785 0.031317 0.487753
v -0.208786 0.031192 0.486945
v -0.201995 0.031067 0.480377
v -0.199888 0.030851 0.477210
v -0.198922 0.030817 0.475607
v -0.204499 0.031317 0.483183
v -0.198682 0.030885 0.468699
v -0.218316 0.032317 0.487626
v -0.220523 0.030864 0.488577
v -0.219125 0.030955 0.489211
v -0.246406 0.024817 0.475155
v -0.177116 0.025656 0.469021
v -0.176616 0.028167 0.471885
v -0.177116 0.031559 0.473550
v -0.176614 0.017046 0.452569
v -0.176615 0.017797 0.456374
v -0.176363 0.018997 0.437816
v -0.176611 0.038303 0.420856
v -0.176362 0.034757 0.422056
v -0.176364 0.074809 0.448868
v -0.176114 0.074572 0.452569
v -0.177117 0.053184 0.476397
v -0.177116 0.060058 0.473550
v -0.176617 0.045808 0.477868
v -0.176617 0.049510 0.477631
v -0.177117 0.045808 0.477368
v -0.177111 0.045809 0.420368
v -0.176611 0.049510 0.420105
v -0.176611 0.045809 0.419868
v -0.168963 0.068940 0.437084
v -0.169113 0.069732 0.438686
v -0.168963 0.069695 0.438702
v -0.168964 0.071740 0.447653
v -0.168909 0.071538 0.445850
v -0.168814 0.021456 0.445315
v -0.169134 0.021456 0.445315
v -0.169134 0.021252 0.447247
v -0.168963 0.022484 0.437473
v -0.169113 0.022447 0.437455
v -0.169123 0.024017 0.436007
v -0.169112 0.027944 0.429977
v -0.169112 0.026609 0.431336
v -0.175512 0.035627 0.424944
v -0.169112 0.035627 0.424944
v -0.169112 0.033968 0.425720
v -0.168832 0.035715 0.425151
v -0.168852 0.034037 0.425854
v -0.168962 0.029378 0.428770
v -0.168907 0.028009 0.430046
v -0.168832 0.046480 0.423102
v -0.175562 0.050147 0.423246
v -0.175652 0.045809 0.424258
v -0.175492 0.047429 0.424311
v -0.175493 0.066685 0.435836
v -0.168963 0.067026 0.433910
v -0.169113 0.067059 0.433887
v -0.169113 0.068085 0.435461
v -0.175792 0.064529 0.431150
v -0.175812 0.065663 0.432549
v -0.169112 0.058867 0.426385
v -0.175699 0.057710 0.425937
v -0.175512 0.060430 0.427369
v -0.175772 0.055474 0.424893
v -0.169112 0.051976 0.423610
v -0.169112 0.050149 0.423233
v -0.168907 0.063312 0.429770
v -0.168852 0.061860 0.428605
v -0.168908 0.068004 0.435510
v -0.168853 0.066936 0.433973
v -0.168907 0.055495 0.424842
v -0.175719 0.071244 0.443959
v -0.175664 0.071592 0.445844
v -0.169114 0.071632 0.445839
v -0.169114 0.071780 0.447651
v -0.168909 0.071345 0.453221
v -0.168910 0.070720 0.455913
v -0.175752 0.070404 0.456781
v -0.175788 0.069741 0.458506
v -0.175794 0.071465 0.451342
v -0.175801 0.071551 0.449490
v -0.175655 0.064685 0.464659
v -0.175741 0.064181 0.466234
v -0.169115 0.068287 0.461935
v -0.169115 0.067292 0.463513
v -0.168815 0.064685 0.464659
v -0.168910 0.069838 0.458545
v -0.175720 0.069084 0.460239
v -0.175775 0.068157 0.461859
v -0.168836 0.062122 0.468823
v -0.168816 0.060627 0.469866
v -0.168966 0.055974 0.472754
v -0.169116 0.055990 0.472791
v -0.168966 0.054268 0.473411
v -0.175666 0.052472 0.473958
v -0.175721 0.050706 0.474306
v -0.168929 0.047655 0.474710
v -0.169116 0.050724 0.474399
v -0.169116 0.048905 0.474683
v -0.168911 0.041484 0.474409
v -0.168856 0.039677 0.473980
v -0.175591 0.037843 0.473596
v -0.175591 0.039646 0.474106
v -0.175656 0.031547 0.468924
v -0.175816 0.030018 0.467744
v -0.168966 0.031210 0.470334
v -0.169116 0.031187 0.470367
v -0.169116 0.029664 0.469248
v -0.168966 0.025754 0.465351
v -0.169115 0.024559 0.463849
v -0.175775 0.024681 0.463763
v -0.175802 0.024127 0.462072
v -0.169116 0.025723 0.465377
v -0.175516 0.026324 0.466058
v -0.175565 0.022401 0.460123
v -0.168835 0.022842 0.460568
v -0.168815 0.022161 0.458932
v -0.168910 0.020794 0.455602
v -0.168854 0.020427 0.453766
v -0.175651 0.020241 0.444510
v -0.175514 0.019929 0.446372
v -0.175794 0.020500 0.453752
v -0.175514 0.019816 0.448239
v -0.169114 0.019816 0.448239
v -0.175814 0.024951 0.446425
v -0.175654 0.024838 0.449987
v -0.175792 0.029494 0.428913
v -0.175799 0.035868 0.425508
v -0.175772 0.037385 0.424429
v -0.168962 0.040024 0.423577
v -0.169112 0.039136 0.423739
v -0.175587 0.044582 0.422917
v -0.175512 0.042712 0.423053
v -0.168852 0.044588 0.423047
v -0.168832 0.042739 0.423276
v -0.175793 0.024511 0.434349
v -0.175813 0.025657 0.432918
v -0.175718 0.020645 0.442713
v -0.175653 0.022959 0.439728
v -0.175813 0.021824 0.443354
v -0.169135 0.024932 0.461900
v -0.168836 0.036171 0.472774
v -0.168816 0.037929 0.473330
v -0.175591 0.036095 0.472963
v -0.175721 0.034429 0.472140
v -0.175776 0.032826 0.471221
v -0.168966 0.052472 0.473958
v -0.169116 0.054281 0.473449
v -0.169116 0.052482 0.473997
v -0.175656 0.053975 0.468215
v -0.175816 0.050552 0.469325
v -0.175591 0.059280 0.471082
v -0.175666 0.060777 0.470078
v -0.175591 0.063659 0.467744
v -0.175776 0.057581 0.471882
v -0.175726 0.055674 0.472048
v -0.175496 0.058840 0.469744
v -0.175814 0.071481 0.447665
v -0.256405 0.095451 0.411942
v -0.256661 0.093604 0.412155
v -0.224676 0.097804 0.409243
v -0.224220 0.095692 0.410030
v -0.224729 0.098304 0.408360
v -0.225534 0.095265 0.409262
v -0.225736 0.095577 0.408078
v -0.281086 0.095104 0.471632
v -0.279938 0.096264 0.470496
v -0.263051 0.095104 0.416063
v -0.258216 0.095379 0.412274
v -0.252009 0.097804 0.405729
v -0.252246 0.096604 0.405158
v -0.251058 0.096461 0.407982
v -0.253898 0.093830 0.489970
v -0.254149 0.093604 0.488056
v -0.216189 0.096029 0.406596
v -0.216307 0.098310 0.406592
v -0.252378 0.093604 0.405622
v -0.250343 0.093638 0.403228
v -0.252940 0.093604 0.404120
v -0.263051 0.093604 0.416063
v -0.258710 0.093604 0.409238
v -0.269614 0.093637 0.413424
v -0.280239 0.096704 0.429659
v -0.280200 0.096564 0.434218
v -0.278538 0.096778 0.432058
v -0.276719 0.093604 0.433593
v -0.278198 0.093604 0.433454
v -0.274641 0.093604 0.469784
v -0.279837 0.093881 0.470119
v -0.280735 0.093604 0.471222
v -0.270430 0.093604 0.475978
v -0.274667 0.093746 0.480644
v -0.273476 0.093793 0.482080
v -0.279436 0.093604 0.455655
v -0.284068 0.093638 0.449536
v -0.283943 0.093604 0.452588
v -0.258274 0.094684 0.407672
v -0.257822 0.096645 0.408080
v -0.223098 0.094285 0.407877
v -0.226374 0.094271 0.410029
v -0.222503 0.093604 0.411657
v -0.219786 0.096804 0.405097
v -0.222423 0.096738 0.405692
v -0.216439 0.093857 0.406629
v -0.222899 0.094804 0.492991
v -0.222513 0.096404 0.494135
v -0.222899 0.096404 0.492991
v -0.202732 0.094104 0.482256
v -0.202689 0.095104 0.482209
v -0.195650 0.096668 0.469837
v -0.193387 0.096804 0.465792
v -0.191943 0.094104 0.449536
v -0.191943 0.095104 0.437330
v -0.192193 0.093854 0.446484
v -0.195698 0.093604 0.435071
v -0.192318 0.093638 0.440381
v -0.198046 0.094119 0.430044
v -0.201037 0.093604 0.432204
v -0.198853 0.093604 0.431414
v -0.197662 0.093893 0.470096
v -0.217677 0.093604 0.489834
v -0.207126 0.093638 0.485962
v -0.245358 0.093604 0.495646
v -0.248595 0.094104 0.490306
v -0.259057 0.093604 0.485635
v -0.258086 0.093968 0.489790
v -0.256600 0.096804 0.493975
v -0.258516 0.096662 0.492177
v -0.280216 0.095286 0.427845
v -0.279454 0.098039 0.428196
v -0.281086 0.097804 0.427440
v -0.273800 0.095553 0.418597
v -0.273697 0.095104 0.416863
v -0.230601 0.093877 0.401994
v -0.250653 0.095278 0.490350
v -0.251644 0.095400 0.489536
v -0.252196 0.095361 0.488873
v -0.247228 0.095104 0.492139
v -0.244314 0.095104 0.490736
v -0.245772 0.095138 0.492308
v -0.257604 0.098484 0.490477
v -0.256658 0.098304 0.494113
v -0.260163 0.098192 0.492494
v -0.283548 0.096500 0.433834
v -0.268614 0.095104 0.486988
v -0.271109 0.095854 0.482452
v -0.265696 0.095104 0.487093
v -0.236653 0.095104 0.402613
v -0.238193 0.095104 0.402986
v -0.277160 0.096310 0.470634
v -0.280313 0.095679 0.447177
v -0.282743 0.096604 0.437329
v -0.280743 0.096604 0.442481
v -0.282743 0.096604 0.461743
v -0.279731 0.095940 0.462075
v -0.273245 0.094604 0.426957
v -0.276777 0.094604 0.423139
v -0.269720 0.094604 0.422251
v -0.254457 0.096604 0.410271
v -0.252203 0.096168 0.409812
v -0.239985 0.096093 0.405652
v -0.236680 0.095531 0.407862
v -0.239816 0.095956 0.407875
v -0.221929 0.096604 0.410271
v -0.220843 0.096604 0.411556
v -0.222503 0.096604 0.411657
v -0.200584 0.095160 0.428332
v -0.203173 0.095104 0.424499
v -0.207827 0.095854 0.421998
v -0.205870 0.095104 0.421102
v -0.199862 0.098149 0.430106
v -0.218044 0.095104 0.486193
v -0.215383 0.095104 0.483605
v -0.196749 0.098285 0.470395
v -0.192336 0.098264 0.464526
v -0.195850 0.095133 0.471579
v -0.198186 0.098304 0.465297
v -0.194176 0.098274 0.463616
v -0.239799 0.093793 0.497509
v -0.193643 0.095854 0.461743
v -0.193643 0.095104 0.437330
v -0.252455 0.095204 0.495625
v -0.245397 0.095104 0.495792
v -0.245650 0.095104 0.497206
v -0.216657 0.095892 0.408155
v -0.217425 0.096403 0.410637
v -0.208324 0.096604 0.417899
v -0.206056 0.095625 0.420071
v -0.196234 0.095943 0.447530
v -0.195891 0.096093 0.451507
v -0.197817 0.094521 0.474122
v -0.199196 0.094604 0.468778
v -0.216730 0.095723 0.488039
v -0.210037 0.095854 0.486605
v -0.239651 0.095658 0.493882
v -0.238193 0.096604 0.496086
v -0.239659 0.096604 0.496063
v -0.244570 0.094671 0.493501
v -0.245124 0.095855 0.493340
v -0.244853 0.095305 0.492827
v -0.282943 0.106804 0.461494
v -0.279475 0.106804 0.465336
v -0.280002 0.106804 0.464925
v -0.278298 0.100304 0.430336
v -0.278518 0.100304 0.431245
v -0.284063 0.098382 0.434595
v -0.282717 0.095237 0.435550
v -0.282671 0.098304 0.464185
v -0.283866 0.098264 0.464714
v -0.256657 0.098304 0.490350
v -0.204429 0.121304 0.483300
v -0.215912 0.122111 0.492025
v -0.210059 0.121904 0.488530
v -0.196371 0.098304 0.433658
v -0.194927 0.098304 0.433931
v -0.193443 0.106804 0.461494
v -0.253797 0.106804 0.408004
v -0.220010 0.106804 0.409216
v -0.199415 0.095104 0.420825
v -0.205136 0.095104 0.416479
v -0.204356 0.095104 0.415140
v -0.218926 0.121304 0.405846
v -0.211967 0.121304 0.409633
v -0.215246 0.121554 0.407377
v -0.222587 0.106804 0.408119
v -0.270937 0.100304 0.419690
v -0.272458 0.100521 0.418449
v -0.270909 0.101929 0.419506
v -0.277158 0.095104 0.421947
v -0.252706 0.095204 0.403915
v -0.259749 0.095263 0.408055
v -0.260232 0.098454 0.406782
v -0.283943 0.121304 0.455639
v -0.284443 0.120804 0.455639
v -0.284043 0.121564 0.461743
v -0.276001 0.121304 0.420370
v -0.270657 0.121304 0.414520
v -0.273435 0.121304 0.417317
v -0.266061 0.106804 0.488001
v -0.257162 0.106804 0.490228
v -0.272311 0.095104 0.415418
v -0.273971 0.098138 0.418682
v -0.273984 0.102185 0.418694
v -0.273961 0.104169 0.418671
v -0.273971 0.106090 0.418682
v -0.273972 0.099874 0.418682
v -0.281289 0.096412 0.427962
v -0.219201 0.098454 0.408581
v -0.222562 0.098304 0.406239
v -0.219843 0.098304 0.405236
v -0.210041 0.113804 0.410351
v -0.210081 0.106804 0.410322
v -0.191943 0.113804 0.461743
v -0.191943 0.120804 0.455639
v -0.191943 0.120804 0.461743
v -0.196815 0.106804 0.465179
v -0.279459 0.106804 0.433720
v -0.196760 0.098304 0.465633
v -0.194038 0.098304 0.468231
v -0.209800 0.095104 0.488547
v -0.205136 0.095104 0.482593
v -0.204075 0.095104 0.483654
v -0.224123 0.095243 0.494116
v -0.223366 0.095601 0.495450
v -0.216497 0.095963 0.492231
v -0.252301 0.098301 0.493882
v -0.252783 0.098304 0.495212
v -0.278850 0.098304 0.467724
v -0.258886 0.141804 0.257297
v -0.254275 0.134304 0.259962
v -0.260515 0.134304 0.256355
v -0.243276 0.141804 0.266319
v -0.241794 0.134304 0.267176
v -0.248034 0.134304 0.263569
v -0.283943 0.121304 0.437330
v -0.242155 0.121304 0.497122
v -0.264420 0.121304 0.489439
v -0.192110 0.121904 0.449537
v -0.191943 0.121804 0.455640
v -0.216322 0.141804 0.404544
v -0.213814 0.138804 0.410936
v -0.216413 0.138804 0.404311
v -0.214342 0.144804 0.409587
v -0.216331 0.144804 0.404522
v -0.235699 0.124604 0.494254
v -0.236010 0.124604 0.495851
v -0.264557 0.121554 0.409425
v -0.278220 0.138125 0.405476
v -0.278141 0.141804 0.405068
v -0.277860 0.138805 0.399352
v -0.274726 0.144805 0.335561
v -0.274832 0.141804 0.337508
v -0.274832 0.144805 0.337505
v -0.272557 0.141804 0.301483
v -0.272411 0.144804 0.299536
v -0.272411 0.141804 0.299536
v -0.271030 0.138804 0.283187
v -0.271280 0.136722 0.285881
v -0.273458 0.144805 0.314399
v -0.273703 0.141804 0.318207
v -0.273703 0.144805 0.318208
v -0.273297 0.144805 0.311969
v -0.272998 0.141804 0.307603
v -0.273297 0.141804 0.311969
v -0.251775 0.149304 0.228108
v -0.258460 0.149304 0.235615
v -0.255283 0.149304 0.231656
v -0.238219 0.141804 0.296506
v -0.238222 0.137921 0.296149
v -0.242735 0.130746 0.237504
v -0.252148 0.130738 0.239038
v -0.245757 0.130738 0.242732
v -0.232974 0.130738 0.250119
v -0.239365 0.130738 0.246425
v -0.242387 0.130731 0.251654
v -0.230301 0.130748 0.230743
v -0.236692 0.130748 0.227049
v -0.239714 0.130747 0.232276
v -0.251705 0.130092 0.228274
v -0.246105 0.130747 0.228582
v -0.249780 0.130750 0.226458
v -0.240659 0.123804 0.238245
v -0.238193 0.123804 0.239537
v -0.239585 0.123804 0.239194
v -0.241086 0.123804 0.236194
v -0.243389 0.123804 0.233537
v -0.276011 0.141804 0.361687
v -0.275920 0.144804 0.359672
v -0.275782 0.141804 0.356651
v -0.276913 0.141804 0.380408
v -0.276931 0.138805 0.380757
v -0.276601 0.141804 0.374099
v -0.276551 0.138359 0.374713
v -0.191943 0.121804 0.443433
v -0.192110 0.121904 0.437330
v -0.226417 0.121304 0.403262
v -0.284443 0.122604 0.445447
v -0.284276 0.121904 0.449536
v -0.279870 0.095245 0.452079
v -0.279990 0.095425 0.456279
v -0.265854 0.095171 0.480732
v -0.265179 0.093604 0.481319
v -0.265903 0.095104 0.481589
v -0.279865 0.093604 0.448178
v -0.268639 0.093604 0.421050
v -0.268723 0.095292 0.421140
v -0.228234 0.095114 0.407095
v -0.230233 0.095195 0.406592
v -0.223823 0.095917 0.411137
v -0.208464 0.096057 0.416627
v -0.209105 0.095252 0.417420
v -0.219189 0.098146 0.411345
v -0.221833 0.098238 0.410040
v -0.225216 0.097952 0.408522
v -0.217448 0.098304 0.408599
v -0.218260 0.095966 0.411741
v -0.216877 0.095788 0.410793
v -0.216856 0.095104 0.412146
v -0.276390 0.098159 0.468739
v -0.278474 0.095598 0.462091
v -0.279979 0.096417 0.450867
v -0.278789 0.097975 0.462727
v -0.277488 0.095950 0.463870
v -0.276174 0.096141 0.468224
v -0.269950 0.096441 0.479451
v -0.276348 0.095410 0.470428
v -0.281096 0.098154 0.471612
v -0.278964 0.098054 0.470681
v -0.276915 0.095854 0.471157
v -0.270756 0.095220 0.478402
v -0.279353 0.098192 0.462626
v -0.251300 0.098145 0.408310
v -0.258434 0.098054 0.410948
v -0.259406 0.098298 0.408499
v -0.259611 0.095810 0.410800
v -0.268002 0.095998 0.417740
v -0.267323 0.095305 0.416827
v -0.263826 0.095579 0.413683
v -0.259140 0.095409 0.411284
v -0.257574 0.098041 0.411427
v -0.254470 0.097929 0.410240
v -0.251710 0.097204 0.409243
v -0.245375 0.095305 0.406329
v -0.250775 0.095772 0.407466
v -0.256107 0.096677 0.489681
v -0.254266 0.096513 0.490217
v -0.253251 0.093975 0.495271
v -0.259879 0.093918 0.492525
v -0.258702 0.094301 0.492029
v -0.259894 0.095650 0.492474
v -0.257349 0.096586 0.490190
v -0.195221 0.093957 0.428107
v -0.214625 0.093937 0.407485
v -0.253587 0.096623 0.407635
v -0.250350 0.093997 0.402872
v -0.253706 0.094424 0.404388
v -0.236612 0.093604 0.401812
v -0.239368 0.093638 0.401675
v -0.247674 0.093854 0.402295
v -0.274840 0.093979 0.418203
v -0.276019 0.093854 0.419690
v -0.283446 0.093749 0.434024
v -0.281782 0.093699 0.434565
v -0.279776 0.094455 0.428169
v -0.281136 0.093904 0.428147
v -0.259791 0.093910 0.406591
v -0.261561 0.093638 0.407751
v -0.281965 0.096786 0.433750
v -0.281152 0.096720 0.429131
v -0.279589 0.093985 0.429272
v -0.278847 0.093760 0.429473
v -0.278493 0.096175 0.433841
v -0.277706 0.093651 0.431443
v -0.284443 0.094104 0.461743
v -0.284347 0.093871 0.458691
v -0.281207 0.096634 0.470313
v -0.278360 0.094105 0.466238
v -0.278500 0.096591 0.466293
v -0.279236 0.096604 0.465297
v -0.281619 0.096637 0.464900
v -0.282958 0.096596 0.465436
v -0.280346 0.096604 0.464718
v -0.278498 0.096653 0.467925
v -0.273697 0.095104 0.482209
v -0.279355 0.094104 0.474711
v -0.278038 0.095104 0.476747
v -0.283407 0.093903 0.465250
v -0.281184 0.094058 0.470640
v -0.281180 0.094104 0.471449
v -0.283411 0.096643 0.465453
v -0.283433 0.093604 0.464811
v -0.281916 0.093604 0.464183
v -0.283920 0.095104 0.464934
v -0.284193 0.093671 0.455639
v -0.284068 0.093638 0.446484
v -0.284314 0.094104 0.435728
v -0.284443 0.095104 0.437329
v -0.284443 0.094104 0.437329
v -0.279188 0.093762 0.424393
v -0.278247 0.093854 0.422755
v -0.272199 0.093762 0.415530
v -0.273427 0.093671 0.416939
v -0.264956 0.093979 0.409429
v -0.263368 0.094104 0.408374
v -0.253586 0.094505 0.405633
v -0.253492 0.094038 0.408200
v -0.257327 0.096404 0.409015
v -0.256123 0.094287 0.409516
v -0.254827 0.093979 0.409378
v -0.252803 0.093742 0.407386
v -0.217571 0.094393 0.406730
v -0.210050 0.093638 0.410807
v -0.211652 0.093604 0.409842
v -0.217819 0.094117 0.407990
v -0.218316 0.093863 0.409172
v -0.217540 0.096404 0.406662
v -0.219197 0.096728 0.408852
v -0.218649 0.096804 0.407841
v -0.223503 0.093858 0.405831
v -0.222710 0.094005 0.404677
v -0.223146 0.093897 0.404001
v -0.223052 0.096404 0.406603
v -0.223068 0.096404 0.407364
v -0.222496 0.096650 0.404297
v -0.220270 0.096605 0.409463
v -0.221690 0.093638 0.409693
v -0.222874 0.093698 0.408732
v -0.226956 0.093762 0.402776
v -0.228800 0.093671 0.402464
v -0.223488 0.095104 0.403582
v -0.225070 0.094104 0.403105
v -0.208142 0.094021 0.411817
v -0.202862 0.093762 0.416910
v -0.201533 0.093854 0.418269
v -0.192318 0.093638 0.443433
v -0.193189 0.094115 0.465404
v -0.195623 0.093991 0.471285
v -0.195775 0.094014 0.470566
v -0.216406 0.093710 0.492314
v -0.217929 0.096763 0.492063
v -0.219905 0.096620 0.489849
v -0.221414 0.096751 0.489887
v -0.223337 0.093659 0.495150
v -0.223247 0.093905 0.494003
v -0.222523 0.094715 0.493982
v -0.231950 0.094021 0.497352
v -0.226230 0.094104 0.496279
v -0.228706 0.093979 0.496810
v -0.223476 0.093873 0.491958
v -0.220222 0.094297 0.489562
v -0.217851 0.094425 0.491810
v -0.200438 0.093762 0.479325
v -0.199363 0.093671 0.477753
v -0.208506 0.093700 0.487233
v -0.213492 0.095104 0.490984
v -0.211412 0.094104 0.489671
v -0.213018 0.094104 0.490698
v -0.214765 0.093671 0.491430
v -0.210123 0.093604 0.488164
v -0.192474 0.096954 0.464959
v -0.194840 0.098304 0.470716
v -0.192648 0.093732 0.464882
v -0.194945 0.096751 0.470466
v -0.197790 0.096677 0.467968
v -0.198348 0.095104 0.476747
v -0.198083 0.094104 0.476355
v -0.197885 0.094493 0.468214
v -0.197811 0.094117 0.465877
v -0.197596 0.096404 0.465516
v -0.194703 0.093956 0.464744
v -0.195962 0.093956 0.464534
v -0.192870 0.094163 0.465382
v -0.191976 0.093979 0.452588
v -0.191943 0.094104 0.455639
v -0.195353 0.095690 0.427966
v -0.197603 0.096541 0.430418
v -0.193927 0.096517 0.433891
v -0.196030 0.096591 0.434333
v -0.197226 0.096604 0.433841
v -0.195915 0.096586 0.429368
v -0.194086 0.093973 0.434219
v -0.192710 0.093854 0.434200
v -0.192193 0.093671 0.437330
v -0.192175 0.093871 0.435692
v -0.197167 0.093762 0.424444
v -0.196139 0.093854 0.426018
v -0.251294 0.093979 0.495939
v -0.253778 0.094421 0.493948
v -0.252409 0.093656 0.492207
v -0.269305 0.093638 0.485924
v -0.268003 0.093887 0.487317
v -0.266537 0.093979 0.488541
v -0.261783 0.094104 0.491626
v -0.253987 0.096604 0.494659
v -0.253417 0.096504 0.491360
v -0.278161 0.095633 0.436258
v -0.282247 0.098454 0.435347
v -0.279845 0.095327 0.437714
v -0.279761 0.095943 0.436859
v -0.278638 0.097804 0.436242
v -0.279471 0.098083 0.436505
v -0.277964 0.098329 0.430557
v -0.272977 0.095071 0.418487
v -0.275664 0.095104 0.420752
v -0.276984 0.095038 0.422998
v -0.277234 0.098271 0.431813
v -0.277968 0.098238 0.433866
v -0.277978 0.094604 0.435210
v -0.278326 0.095305 0.437055
v -0.258943 0.096804 0.406142
v -0.259377 0.096838 0.406316
v -0.235834 0.094191 0.403437
v -0.258198 0.097840 0.487810
v -0.258218 0.096300 0.487919
v -0.256958 0.095827 0.487427
v -0.267618 0.095491 0.481483
v -0.259706 0.095305 0.487689
v -0.263826 0.095579 0.485390
v -0.239782 0.095199 0.492183
v -0.250221 0.095370 0.491506
v -0.251167 0.098054 0.491134
v -0.251074 0.097904 0.490728
v -0.251014 0.096088 0.491598
v -0.259338 0.098054 0.490307
v -0.236911 0.095561 0.406385
v -0.276361 0.095479 0.477642
v -0.231843 0.094263 0.403822
v -0.253247 0.096931 0.495352
v -0.195993 0.096604 0.436917
v -0.196268 0.095609 0.437487
v -0.197833 0.096354 0.436050
v -0.199158 0.095579 0.435415
v -0.200104 0.096104 0.431441
v -0.197435 0.097929 0.428360
v -0.202035 0.096229 0.423685
v -0.200624 0.095579 0.429948
v -0.198902 0.097929 0.433249
v -0.197451 0.095171 0.437880
v -0.197571 0.097804 0.436382
v -0.192316 0.098237 0.434592
v -0.194529 0.098271 0.435373
v -0.225684 0.095305 0.489635
v -0.225153 0.095104 0.488407
v -0.224471 0.096263 0.489517
v -0.225465 0.096490 0.491693
v -0.225282 0.097804 0.491160
v -0.218308 0.097990 0.487841
v -0.218040 0.096298 0.487861
v -0.220731 0.095854 0.487350
v -0.221171 0.095854 0.486835
v -0.220673 0.095305 0.486604
v -0.210448 0.095579 0.479721
v -0.208666 0.095631 0.481338
v -0.212719 0.095305 0.485167
v -0.225111 0.097887 0.490154
v -0.224676 0.097204 0.489829
v -0.236152 0.095609 0.492749
v -0.236350 0.095827 0.493425
v -0.231011 0.095305 0.492743
v -0.198170 0.095678 0.462715
v -0.198245 0.095528 0.463515
v -0.197238 0.098115 0.462579
v -0.195269 0.098054 0.471573
v -0.205576 0.095071 0.478441
v -0.203462 0.095071 0.480399
v -0.202821 0.095037 0.480364
v -0.202891 0.094854 0.480195
v -0.199403 0.095037 0.476075
v -0.198010 0.095037 0.473914
v -0.197093 0.098054 0.470780
v -0.199402 0.098176 0.467530
v -0.198632 0.094945 0.463188
v -0.199227 0.095028 0.462527
v -0.196514 0.095468 0.461622
v -0.240186 0.093604 0.496043
v -0.244535 0.094268 0.495652
v -0.241006 0.094104 0.496001
v -0.204379 0.095868 0.481529
v -0.192727 0.096862 0.433666
v -0.240170 0.094925 0.492326
v -0.281912 0.100954 0.464522
v -0.280457 0.102704 0.464902
v -0.280457 0.100954 0.464902
v -0.279475 0.102704 0.465336
v -0.279902 0.102704 0.433859
v -0.281410 0.098604 0.434229
v -0.280457 0.098604 0.434170
v -0.277489 0.105179 0.429346
v -0.282486 0.098454 0.468290
v -0.278550 0.102704 0.467915
v -0.278566 0.106804 0.467720
v -0.278806 0.104754 0.468441
v -0.266265 0.100954 0.488779
v -0.259816 0.106804 0.492670
v -0.259416 0.100973 0.491938
v -0.230489 0.113804 0.497167
v -0.237996 0.120804 0.497786
v -0.237996 0.113804 0.497786
v -0.204075 0.120804 0.483654
v -0.199662 0.121304 0.477740
v -0.191943 0.100954 0.461743
v -0.192466 0.100954 0.464934
v -0.194899 0.106804 0.434255
v -0.194474 0.100954 0.434550
v -0.196084 0.100973 0.427558
v -0.195300 0.098604 0.427440
v -0.196651 0.106804 0.429542
v -0.197107 0.102704 0.430246
v -0.197107 0.106804 0.430246
v -0.197873 0.102704 0.431353
v -0.197800 0.098604 0.430962
v -0.197873 0.098604 0.431353
v -0.219619 0.102704 0.409143
v -0.219245 0.100654 0.408870
v -0.219288 0.102704 0.408923
v -0.218551 0.100993 0.408222
v -0.218903 0.102704 0.408450
v -0.210530 0.100954 0.411849
v -0.216563 0.100954 0.408091
v -0.200506 0.106804 0.421873
v -0.196748 0.106804 0.427906
v -0.199989 0.120804 0.420065
v -0.199386 0.113804 0.420865
v -0.204303 0.113804 0.415192
v -0.216460 0.113804 0.406458
v -0.222465 0.120804 0.403922
v -0.218725 0.120804 0.405388
v -0.230708 0.113804 0.401870
v -0.234190 0.120804 0.401452
v -0.230709 0.120804 0.401870
v -0.253575 0.102704 0.407493
v -0.256667 0.102704 0.409149
v -0.256889 0.098604 0.409083
v -0.271180 0.100812 0.420192
v -0.271190 0.102234 0.420203
v -0.271525 0.106158 0.420233
v -0.270921 0.103554 0.419856
v -0.271180 0.103656 0.420192
v -0.270979 0.105179 0.419967
v -0.259823 0.106804 0.408091
v -0.258880 0.100993 0.407864
v -0.258880 0.106804 0.407864
v -0.277489 0.103554 0.429346
v -0.277846 0.106262 0.428764
v -0.277212 0.100954 0.422456
v -0.281028 0.100954 0.427326
v -0.266346 0.113804 0.410351
v -0.266466 0.106804 0.410437
v -0.253921 0.120804 0.403921
v -0.257460 0.121304 0.405846
v -0.253758 0.121304 0.404394
v -0.253216 0.100954 0.403684
v -0.252981 0.106804 0.403608
v -0.245897 0.100954 0.401905
v -0.253363 0.098424 0.405663
v -0.252436 0.098304 0.404698
v -0.253585 0.098604 0.407737
v -0.266265 0.113804 0.488779
v -0.266265 0.120804 0.488779
v -0.272031 0.113804 0.483932
v -0.282487 0.120804 0.430401
v -0.283920 0.113804 0.434138
v -0.283920 0.120804 0.434138
v -0.273804 0.120804 0.416979
v -0.283920 0.106804 0.434138
v -0.284443 0.100954 0.437329
v -0.284443 0.106804 0.437329
v -0.276971 0.100954 0.478247
v -0.280967 0.095104 0.471863
v -0.272030 0.100954 0.483932
v -0.272030 0.095104 0.483932
v -0.259823 0.106804 0.490981
v -0.259823 0.100993 0.490981
v -0.257355 0.100823 0.490464
v -0.280014 0.098454 0.470320
v -0.279969 0.098304 0.471170
v -0.277239 0.106804 0.422930
v -0.277609 0.101929 0.428903
v -0.277526 0.100304 0.428992
v -0.222605 0.098604 0.407865
v -0.222822 0.100993 0.407248
v -0.222587 0.102704 0.408119
v -0.197651 0.120804 0.423375
v -0.198071 0.121304 0.423646
v -0.195642 0.120804 0.426788
v -0.191943 0.106804 0.437330
v -0.192466 0.100954 0.434138
v -0.192466 0.106804 0.434138
v -0.196157 0.102704 0.434159
v -0.195930 0.106804 0.434170
v -0.194568 0.106804 0.464595
v -0.194976 0.102704 0.464843
v -0.193606 0.100954 0.463294
v -0.196684 0.100993 0.469596
v -0.197422 0.102704 0.468570
v -0.197422 0.100993 0.468570
v -0.216386 0.098604 0.491732
v -0.216563 0.095181 0.490981
v -0.209801 0.113804 0.488548
v -0.216217 0.106804 0.492491
v -0.209801 0.106804 0.488548
v -0.237995 0.106804 0.497786
v -0.230488 0.106804 0.497167
v -0.222808 0.102704 0.491498
v -0.222801 0.106804 0.491335
v -0.219942 0.102704 0.489858
v -0.219720 0.098604 0.489924
v -0.209800 0.100954 0.488547
v -0.222550 0.098604 0.490915
v -0.222801 0.098604 0.491335
v -0.245281 0.106804 0.495746
v -0.252205 0.100993 0.494137
v -0.252205 0.106804 0.494137
v -0.245506 0.100954 0.497229
v -0.253578 0.102704 0.491361
v -0.253578 0.098604 0.491361
v -0.253800 0.098604 0.490953
v -0.253032 0.100993 0.493630
v -0.253089 0.098604 0.493570
v -0.253524 0.100993 0.492794
v -0.197386 0.098404 0.468324
v -0.196168 0.098604 0.464917
v -0.195930 0.102704 0.464902
v -0.283920 0.100954 0.464934
v -0.281912 0.106804 0.464522
v -0.267290 0.151498 0.257882
v -0.266987 0.148804 0.254936
v -0.267606 0.148767 0.257671
v -0.270115 0.149823 0.277221
v -0.270311 0.147245 0.276085
v -0.270415 0.147134 0.277045
v -0.248284 0.157337 0.253767
v -0.253005 0.157050 0.250644
v -0.255416 0.157063 0.257316
v -0.265030 0.149304 0.248374
v -0.265539 0.151522 0.251116
v -0.263192 0.151480 0.244933
v -0.253916 0.148034 0.258116
v -0.260408 0.147551 0.254862
v -0.236855 0.149304 0.275766
v -0.235666 0.143143 0.271898
v -0.236198 0.149304 0.272209
v -0.235524 0.131804 0.269283
v -0.236292 0.130750 0.272339
v -0.235492 0.130752 0.268791
v -0.237836 0.127596 0.274395
v -0.236988 0.129621 0.274872
v -0.238787 0.128322 0.280345
v -0.238192 0.138804 0.291089
v -0.238209 0.135897 0.292014
v -0.238073 0.141804 0.302312
v -0.237899 0.144804 0.306049
v -0.244638 0.152237 0.306117
v -0.250044 0.153143 0.306200
v -0.244494 0.152145 0.312197
v -0.243928 0.152009 0.325171
v -0.249827 0.153000 0.318970
v -0.249594 0.152920 0.325631
v -0.237337 0.141804 0.314236
v -0.236984 0.144804 0.318195
v -0.239134 0.133472 0.295804
v -0.238391 0.136291 0.303370
v -0.239544 0.134149 0.303787
v -0.245709 0.130543 0.300614
v -0.248394 0.130400 0.304152
v -0.248492 0.129451 0.297186
v -0.263025 0.130261 0.308243
v -0.258079 0.130001 0.308084
v -0.258050 0.130005 0.312041
v -0.257230 0.130149 0.331697
v -0.263390 0.130332 0.328203
v -0.257471 0.130107 0.327765
v -0.250225 0.130303 0.339270
v -0.244280 0.130722 0.339016
v -0.249735 0.130353 0.343233
v -0.233917 0.134642 0.346844
v -0.233822 0.136677 0.342717
v -0.233014 0.136673 0.346826
v -0.231539 0.144804 0.352600
v -0.232842 0.141804 0.346775
v -0.237088 0.132033 0.350973
v -0.233128 0.134634 0.350921
v -0.236450 0.132052 0.355050
v -0.261650 0.130666 0.359081
v -0.255518 0.130396 0.351223
v -0.254676 0.130500 0.359077
v -0.252389 0.130790 0.382537
v -0.255469 0.130720 0.386020
v -0.255274 0.130856 0.382537
v -0.246191 0.130823 0.381331
v -0.246786 0.130752 0.374705
v -0.239409 0.130793 0.387247
v -0.235041 0.130831 0.389033
v -0.241573 0.130442 0.388875
v -0.247236 0.124206 0.401823
v -0.247358 0.125613 0.400948
v -0.243123 0.125632 0.400380
v -0.242399 0.121904 0.401639
v -0.238232 0.121304 0.401787
v -0.276834 0.138804 0.446290
v -0.276545 0.136025 0.449537
v -0.276121 0.138804 0.449537
v -0.272237 0.141804 0.460592
v -0.271640 0.144804 0.461659
v -0.272237 0.144804 0.460592
v -0.262867 0.141804 0.472317
v -0.262721 0.138804 0.472448
v -0.256697 0.141804 0.476611
v -0.264390 0.132975 0.474423
v -0.258635 0.132724 0.478659
v -0.257685 0.135550 0.476928
v -0.264668 0.123877 0.489288
v -0.260631 0.123853 0.491665
v -0.260185 0.125136 0.490371
v -0.275423 0.122604 0.480230
v -0.273804 0.121804 0.482093
v -0.272215 0.122604 0.483750
v -0.260216 0.122337 0.492464
v -0.250093 0.121804 0.496296
v -0.252529 0.122204 0.495606
v -0.238193 0.121804 0.497786
v -0.234210 0.121554 0.497371
v -0.223666 0.122337 0.495547
v -0.226293 0.121804 0.496296
v -0.192147 0.122288 0.462116
v -0.191992 0.122951 0.460633
v -0.193877 0.121804 0.468619
v -0.195406 0.122452 0.471802
v -0.194350 0.122951 0.469567
v -0.194482 0.123297 0.469529
v -0.198910 0.127140 0.465862
v -0.201847 0.128660 0.464820
v -0.200588 0.127102 0.469732
v -0.205426 0.134153 0.435928
v -0.205029 0.134277 0.442798
v -0.203353 0.131944 0.442481
v -0.214111 0.131819 0.409079
v -0.210673 0.131609 0.415359
v -0.210435 0.129259 0.414441
v -0.226424 0.129602 0.396779
v -0.226388 0.127536 0.399824
v -0.229627 0.128534 0.397287
v -0.229292 0.131532 0.390038
v -0.229071 0.131006 0.391878
v -0.232630 0.130797 0.390362
v -0.238192 0.130880 0.387236
v -0.237432 0.131034 0.386581
v -0.234002 0.131876 0.382536
v -0.228564 0.133833 0.378626
v -0.231968 0.132305 0.382536
v -0.230904 0.134452 0.363023
v -0.229491 0.136436 0.363025
v -0.230270 0.134333 0.366914
v -0.230098 0.146424 0.359699
v -0.229291 0.147938 0.366423
v -0.228443 0.146468 0.366408
v -0.238602 0.151924 0.366450
v -0.244536 0.152651 0.373116
v -0.237351 0.151947 0.373208
v -0.253038 0.152927 0.399052
v -0.257308 0.152759 0.398574
v -0.256795 0.152898 0.405134
v -0.274173 0.150465 0.425687
v -0.277450 0.148210 0.423299
v -0.277646 0.148253 0.429363
v -0.278247 0.144804 0.437988
v -0.278265 0.145110 0.438046
v -0.278610 0.145107 0.435202
v -0.277274 0.145463 0.443977
v -0.276757 0.145121 0.446682
v -0.274913 0.146927 0.452246
v -0.274108 0.147810 0.453022
v -0.274882 0.147173 0.451854
v -0.265252 0.152972 0.429197
v -0.270079 0.152176 0.434248
v -0.265272 0.153280 0.435946
v -0.259742 0.154324 0.443831
v -0.264950 0.153429 0.442441
v -0.264313 0.153344 0.448970
v -0.254337 0.154960 0.444839
v -0.259113 0.154279 0.450457
v -0.253716 0.154941 0.451517
v -0.243757 0.155192 0.439273
v -0.249296 0.155046 0.438854
v -0.248791 0.155330 0.445521
v -0.238690 0.152984 0.406473
v -0.243232 0.153129 0.406365
v -0.242040 0.153372 0.413060
v -0.240931 0.153693 0.419407
v -0.245939 0.153733 0.419142
v -0.245077 0.154162 0.425630
v -0.227338 0.150132 0.386412
v -0.230930 0.151296 0.386599
v -0.229374 0.151337 0.393024
v -0.221854 0.151835 0.417638
v -0.226336 0.152659 0.418486
v -0.224681 0.152978 0.424559
v -0.216035 0.152628 0.452974
v -0.220888 0.153981 0.449385
v -0.220657 0.153671 0.455461
v -0.208328 0.148326 0.436487
v -0.212356 0.151297 0.439196
v -0.208372 0.148940 0.441943
v -0.209456 0.148836 0.431716
v -0.214853 0.146796 0.409707
v -0.214100 0.148464 0.415489
v -0.212823 0.146857 0.414989
v -0.208548 0.144804 0.426426
v -0.208834 0.145373 0.425164
v -0.207765 0.145391 0.430383
v -0.206527 0.141804 0.444241
v -0.206536 0.138804 0.443362
v -0.206809 0.141804 0.438186
v -0.206931 0.138804 0.436856
v -0.211301 0.138804 0.417507
v -0.209627 0.141804 0.422324
v -0.209628 0.138804 0.422325
v -0.218606 0.141804 0.398659
v -0.218606 0.138804 0.398659
v -0.222028 0.141804 0.388781
v -0.222013 0.138804 0.388830
v -0.223830 0.138804 0.382589
v -0.226782 0.141804 0.371711
v -0.228027 0.138804 0.366916
v -0.227771 0.136159 0.370836
v -0.227206 0.137422 0.370836
v -0.226910 0.135984 0.374731
v -0.225775 0.135015 0.382537
v -0.226317 0.132616 0.389788
v -0.227398 0.133937 0.382537
v -0.236051 0.151975 0.379966
v -0.234691 0.152004 0.386714
v -0.220471 0.141804 0.393587
v -0.218814 0.144804 0.398112
v -0.213624 0.136482 0.410291
v -0.210846 0.134003 0.416129
v -0.213718 0.134130 0.409705
v -0.207169 0.135543 0.456067
v -0.206411 0.136573 0.449537
v -0.208074 0.138804 0.455924
v -0.215020 0.138804 0.470322
v -0.212007 0.135490 0.467829
v -0.212851 0.138804 0.467300
v -0.234678 0.138804 0.480274
v -0.232167 0.135386 0.480967
v -0.232356 0.138804 0.479942
v -0.229742 0.126686 0.491525
v -0.226616 0.128272 0.487471
v -0.230422 0.128235 0.488336
v -0.234072 0.124476 0.495994
v -0.237219 0.125104 0.490675
v -0.237238 0.124854 0.490739
v -0.235612 0.124854 0.491774
v -0.241982 0.124593 0.495827
v -0.239845 0.124638 0.491533
v -0.239113 0.124671 0.490920
v -0.241766 0.126467 0.492454
v -0.241898 0.125269 0.493959
v -0.241627 0.124846 0.493847
v -0.238193 0.127237 0.490474
v -0.239824 0.127297 0.490630
v -0.234854 0.125738 0.492839
v -0.235561 0.126190 0.491730
v -0.241389 0.127022 0.491422
v -0.238193 0.135393 0.481484
v -0.245226 0.132382 0.483180
v -0.238193 0.132413 0.483656
v -0.238193 0.138804 0.480513
v -0.233400 0.151704 0.473933
v -0.237701 0.149247 0.478484
v -0.233704 0.149180 0.478172
v -0.245850 0.147225 0.479479
v -0.249462 0.149174 0.477242
v -0.249739 0.147185 0.478675
v -0.266754 0.150930 0.459686
v -0.267630 0.150548 0.459604
v -0.261571 0.151895 0.463595
v -0.269299 0.144804 0.465224
v -0.268047 0.141804 0.466847
v -0.268047 0.144804 0.466847
v -0.270944 0.148595 0.459190
v -0.272875 0.148487 0.454882
v -0.273170 0.147661 0.456169
v -0.252114 0.153615 0.464791
v -0.254934 0.152781 0.466712
v -0.247787 0.153244 0.468559
v -0.230991 0.154801 0.458664
v -0.236969 0.155446 0.452655
v -0.236468 0.155035 0.459265
v -0.219122 0.151728 0.465158
v -0.222228 0.150918 0.470865
v -0.218865 0.150468 0.468920
v -0.222037 0.144804 0.476319
v -0.220558 0.141804 0.475399
v -0.220558 0.144804 0.475399
v -0.229745 0.149065 0.477454
v -0.225851 0.147039 0.477659
v -0.225850 0.148897 0.476276
v -0.208931 0.145893 0.458464
v -0.207655 0.145734 0.453688
v -0.209157 0.148092 0.455462
v -0.207648 0.146601 0.452531
v -0.223793 0.153337 0.462846
v -0.220138 0.152773 0.461369
v -0.208909 0.144804 0.458769
v -0.210614 0.145985 0.462862
v -0.251449 0.135473 0.479548
v -0.249642 0.138804 0.479228
v -0.251183 0.138804 0.478798
v -0.251976 0.123816 0.495178
v -0.247441 0.123804 0.496286
v -0.247258 0.124998 0.494762
v -0.237998 0.124589 0.496015
v -0.231159 0.123216 0.497100
v -0.233494 0.123215 0.497386
v -0.221932 0.122759 0.494942
v -0.217571 0.123228 0.492980
v -0.217521 0.122916 0.493088
v -0.215640 0.123859 0.491509
v -0.216364 0.125108 0.490147
v -0.220488 0.125082 0.492073
v -0.207846 0.130422 0.470208
v -0.210153 0.132718 0.468889
v -0.212306 0.130353 0.475882
v -0.207785 0.123891 0.486223
v -0.205481 0.125210 0.482003
v -0.208822 0.125172 0.485091
v -0.207389 0.122765 0.486647
v -0.205587 0.122928 0.485045
v -0.200644 0.122937 0.479769
v -0.200749 0.123269 0.479703
v -0.202203 0.122934 0.481609
v -0.202302 0.123263 0.481538
v -0.201140 0.123933 0.479456
v -0.204292 0.123911 0.483007
v -0.211241 0.122604 0.489558
v -0.212468 0.125137 0.487819
v -0.238193 0.123206 0.497621
v -0.242864 0.123200 0.497398
v -0.231060 0.153191 0.419089
v -0.234654 0.153926 0.425780
v -0.229571 0.153562 0.425341
v -0.277811 0.145405 0.441034
v -0.278413 0.127821 0.422997
v -0.278774 0.133207 0.420134
v -0.277211 0.127938 0.419256
v -0.278167 0.136111 0.405431
v -0.277223 0.134922 0.397592
v -0.277326 0.133669 0.405136
v -0.259521 0.127397 0.401448
v -0.259435 0.128765 0.397685
v -0.255634 0.127477 0.400147
v -0.251560 0.125569 0.401878
v -0.260973 0.121304 0.407571
v -0.261211 0.121804 0.407131
v -0.266346 0.121804 0.410351
v -0.272083 0.121804 0.415192
v -0.282028 0.121304 0.430600
v -0.280641 0.121554 0.427129
v -0.279518 0.133300 0.427569
v -0.281207 0.127937 0.430221
v -0.279738 0.133412 0.434907
v -0.267736 0.125594 0.408708
v -0.269760 0.125112 0.410931
v -0.249970 0.121304 0.403262
v -0.252981 0.121804 0.403609
v -0.250093 0.121804 0.402777
v -0.270073 0.132265 0.386359
v -0.276293 0.134366 0.393280
v -0.274031 0.131695 0.397447
v -0.276762 0.146254 0.382379
v -0.276896 0.144804 0.380063
v -0.278141 0.144804 0.405067
v -0.278084 0.145314 0.404579
v -0.278113 0.144804 0.404483
v -0.278835 0.146310 0.427558
v -0.278756 0.145895 0.432818
v -0.277173 0.148154 0.417408
v -0.278208 0.146679 0.416274
v -0.278482 0.146714 0.422012
v -0.262042 0.152382 0.385216
v -0.265721 0.151947 0.390976
v -0.261788 0.152405 0.391580
v -0.275621 0.148003 0.376964
v -0.276436 0.146508 0.376715
v -0.254367 0.152889 0.346155
v -0.260813 0.152734 0.340041
v -0.260541 0.152680 0.346513
v -0.274559 0.138804 0.332561
v -0.274231 0.136494 0.329225
v -0.274670 0.136496 0.336839
v -0.268966 0.131334 0.328662
v -0.263270 0.130399 0.336010
v -0.269156 0.131372 0.336382
v -0.272998 0.138804 0.307602
v -0.272470 0.136368 0.304042
v -0.271817 0.134114 0.308563
v -0.270083 0.132400 0.308491
v -0.267859 0.131280 0.308409
v -0.268132 0.131281 0.312636
v -0.268684 0.130880 0.290142
v -0.266200 0.128809 0.285920
v -0.266594 0.129761 0.290570
v -0.261389 0.126820 0.282956
v -0.256499 0.125610 0.280535
v -0.256937 0.126544 0.284418
v -0.269333 0.130832 0.270027
v -0.268944 0.129517 0.275316
v -0.269903 0.131787 0.274802
v -0.270877 0.133909 0.284470
v -0.271140 0.136399 0.284353
v -0.271668 0.137547 0.290299
v -0.271323 0.134898 0.289515
v -0.271734 0.135670 0.294491
v -0.266045 0.152416 0.299140
v -0.270873 0.149714 0.302768
v -0.266367 0.152160 0.306510
v -0.274177 0.138804 0.325933
v -0.273722 0.136460 0.321418
v -0.255349 0.153108 0.326189
v -0.261148 0.152928 0.320054
v -0.261105 0.152862 0.326826
v -0.272248 0.145044 0.297416
v -0.271652 0.147907 0.294505
v -0.272011 0.145258 0.294432
v -0.265317 0.153628 0.287500
v -0.270062 0.150640 0.290537
v -0.265597 0.153155 0.291443
v -0.249262 0.155965 0.281629
v -0.254906 0.155113 0.286519
v -0.249721 0.155060 0.287884
v -0.237089 0.156332 0.255139
v -0.243662 0.157226 0.257109
v -0.239271 0.156447 0.260595
v -0.253108 0.153330 0.231314
v -0.252878 0.151259 0.229590
v -0.254649 0.151301 0.231482
v -0.239152 0.149304 0.221579
v -0.240041 0.151684 0.222111
v -0.238849 0.149304 0.221561
v -0.226936 0.155228 0.233915
v -0.228967 0.156355 0.235808
v -0.224477 0.152589 0.239079
v -0.226342 0.154191 0.240693
v -0.227775 0.155665 0.237799
v -0.240692 0.157236 0.229343
v -0.245853 0.155817 0.228367
v -0.241987 0.157479 0.230977
v -0.244754 0.155631 0.227332
v -0.248353 0.153831 0.227359
v -0.249216 0.153138 0.227422
v -0.246881 0.155970 0.229511
v -0.236103 0.155821 0.225523
v -0.233084 0.157322 0.231416
v -0.231037 0.156358 0.229258
v -0.238936 0.157307 0.229175
v -0.240156 0.157097 0.228704
v -0.225519 0.151308 0.243769
v -0.228384 0.151394 0.249311
v -0.225442 0.150099 0.244264
v -0.232820 0.149395 0.260219
v -0.234451 0.149493 0.265117
v -0.233816 0.153791 0.258675
v -0.237265 0.155522 0.262312
v -0.235614 0.153903 0.263827
v -0.244514 0.154336 0.289150
v -0.249958 0.154168 0.294037
v -0.238224 0.145724 0.295957
v -0.237172 0.151488 0.275610
v -0.237262 0.149304 0.278379
v -0.239038 0.155663 0.268260
v -0.265838 0.152741 0.295328
v -0.260485 0.153975 0.292371
v -0.269501 0.138804 0.269228
v -0.270164 0.141804 0.274744
v -0.269658 0.141804 0.270458
v -0.268215 0.132055 0.260791
v -0.267533 0.138804 0.257332
v -0.267376 0.131826 0.256610
v -0.266233 0.132354 0.252081
v -0.261089 0.131804 0.254508
v -0.247851 0.132905 0.263252
v -0.258191 0.130736 0.249495
v -0.265172 0.130744 0.248938
v -0.231917 0.127602 0.255254
v -0.228703 0.130107 0.250333
v -0.231457 0.130133 0.256368
v -0.229474 0.130738 0.252142
v -0.255966 0.124760 0.276617
v -0.251535 0.124788 0.278575
v -0.268679 0.130075 0.265342
v -0.267702 0.127831 0.265972
v -0.259922 0.124574 0.251823
v -0.255625 0.123602 0.254503
v -0.261249 0.124541 0.255728
v -0.244295 0.123261 0.253101
v -0.238907 0.123672 0.252565
v -0.240460 0.123766 0.256100
v -0.234040 0.124896 0.252232
v -0.237144 0.123501 0.248981
v -0.226339 0.125932 0.232981
v -0.223313 0.130742 0.235216
v -0.223993 0.128562 0.238024
v -0.238981 0.130749 0.221608
v -0.239578 0.130499 0.221693
v -0.252998 0.129152 0.229793
v -0.248137 0.126656 0.227321
v -0.248941 0.127215 0.227407
v -0.244069 0.124611 0.227629
v -0.242097 0.123977 0.228081
v -0.238326 0.122987 0.230456
v -0.237932 0.123183 0.230415
v -0.236685 0.122995 0.230623
v -0.236293 0.123071 0.230767
v -0.233953 0.123091 0.232113
v -0.235329 0.123269 0.231242
v -0.239934 0.123129 0.230399
v -0.240141 0.122978 0.230797
v -0.241315 0.123311 0.229736
v -0.240898 0.122960 0.231049
v -0.242231 0.122926 0.232077
v -0.245661 0.124631 0.228535
v -0.241866 0.123453 0.231262
v -0.246894 0.124476 0.229810
v -0.243985 0.122813 0.234350
v -0.244159 0.122756 0.235752
v -0.248942 0.123213 0.240438
v -0.243993 0.122643 0.238154
v -0.242750 0.122629 0.240435
v -0.243490 0.122589 0.239441
v -0.241948 0.122613 0.241223
v -0.240124 0.122647 0.242237
v -0.240769 0.122867 0.245883
v -0.238727 0.122684 0.242559
v -0.235820 0.122889 0.242066
v -0.234648 0.122979 0.241478
v -0.233570 0.123116 0.240384
v -0.232929 0.123418 0.239430
v -0.232307 0.123254 0.237829
v -0.229516 0.124032 0.235388
v -0.232639 0.123446 0.230981
v -0.228600 0.124415 0.235328
v -0.232187 0.123233 0.236047
v -0.232667 0.123193 0.234195
v -0.233149 0.123126 0.233173
v -0.232739 0.123206 0.232766
v -0.249199 0.124335 0.232498
v -0.240362 0.123536 0.228681
v -0.249320 0.123368 0.267636
v -0.254568 0.123585 0.268858
v -0.253665 0.123340 0.265024
v -0.270311 0.138804 0.276083
v -0.269580 0.133298 0.269840
v -0.270151 0.134268 0.274634
v -0.275489 0.138804 0.350396
v -0.275265 0.136342 0.351545
v -0.275545 0.138804 0.351555
v -0.276334 0.138804 0.368591
v -0.272513 0.149970 0.353535
v -0.274816 0.147830 0.353655
v -0.272589 0.150021 0.359678
v -0.276012 0.144804 0.361690
v -0.275705 0.146416 0.359673
v -0.243456 0.151962 0.332103
v -0.249252 0.152843 0.332519
v -0.248813 0.152776 0.339105
v -0.252467 0.152796 0.366251
v -0.259388 0.152602 0.366071
v -0.258995 0.152608 0.372522
v -0.235395 0.144804 0.331858
v -0.234580 0.146289 0.338574
v -0.234601 0.144804 0.337265
v -0.235379 0.141804 0.331973
v -0.236103 0.138804 0.326373
v -0.236114 0.141804 0.326273
v -0.273089 0.150077 0.389421
v -0.276236 0.148042 0.394259
v -0.273210 0.150072 0.395404
v -0.253710 0.152836 0.392505
v -0.257785 0.152680 0.392083
v -0.277901 0.137805 0.397752
v -0.266147 0.131537 0.374670
v -0.262279 0.131243 0.382537
v -0.264748 0.131509 0.382537
v -0.240632 0.131079 0.374716
v -0.238223 0.131315 0.381247
v -0.235543 0.129943 0.392396
v -0.232579 0.130240 0.392303
v -0.230552 0.122071 0.401896
v -0.216415 0.122604 0.406483
v -0.214704 0.129592 0.408372
v -0.212581 0.127063 0.410491
v -0.215237 0.127477 0.407575
v -0.202369 0.123936 0.417907
v -0.199511 0.123653 0.421291
v -0.195642 0.121804 0.426789
v -0.195408 0.122204 0.427233
v -0.191967 0.122771 0.451754
v -0.194348 0.125317 0.453848
v -0.197567 0.127132 0.457751
v -0.194380 0.125343 0.458147
v -0.201678 0.130088 0.449537
v -0.201046 0.129518 0.442112
v -0.192222 0.123402 0.436682
v -0.192208 0.123414 0.440835
v -0.192425 0.123695 0.449537
v -0.192778 0.124101 0.445184
v -0.208780 0.123583 0.411546
v -0.205317 0.123304 0.414389
v -0.202731 0.121554 0.417188
v -0.204303 0.121804 0.415192
v -0.216378 0.123906 0.406409
v -0.219266 0.126112 0.404311
v -0.215809 0.125424 0.406803
v -0.220712 0.122604 0.404567
v -0.220747 0.123355 0.404479
v -0.192703 0.121554 0.464855
v -0.256379 0.123833 0.493637
v -0.256017 0.125080 0.492250
v -0.280413 0.124017 0.472107
v -0.277973 0.123995 0.476139
v -0.277188 0.125501 0.475426
v -0.264888 0.128947 0.480874
v -0.261521 0.128753 0.483126
v -0.263115 0.130661 0.478745
v -0.274412 0.125430 0.479065
v -0.271292 0.125352 0.482415
v -0.269774 0.127405 0.480379
v -0.281914 0.128117 0.453841
v -0.279770 0.130140 0.457608
v -0.280207 0.130203 0.453596
v -0.284151 0.124029 0.458731
v -0.284443 0.122604 0.458802
v -0.281677 0.128092 0.458110
v -0.281255 0.128047 0.462363
v -0.279118 0.130041 0.461575
v -0.245678 0.122204 0.401871
v -0.243055 0.130822 0.347052
v -0.237770 0.132002 0.346930
v -0.242456 0.130868 0.351047
v -0.243618 0.131483 0.304168
v -0.243030 0.131535 0.311306
v -0.238033 0.147468 0.311933
v -0.239258 0.149657 0.318228
v -0.237559 0.147499 0.318186
v -0.207701 -0.032270 0.484167
v -0.204511 -0.031758 0.482879
v -0.205560 -0.032320 0.481829
v -0.214583 -0.058514 0.421701
v -0.209498 -0.058515 0.422697
v -0.211544 -0.058515 0.424741
v -0.192640 -0.038741 0.434127
v -0.192659 -0.035816 0.434068
v -0.192727 -0.031634 0.433903
v -0.220232 -0.036063 0.408415
v -0.197975 -0.036190 0.429887
v -0.205554 -0.036314 0.415715
v -0.242460 -0.056313 0.402517
v -0.234760 -0.056313 0.402517
v -0.235435 -0.056494 0.402517
v -0.236301 -0.057939 0.402517
v -0.217934 -0.063569 0.469451
v -0.238614 -0.063817 0.448766
v -0.213501 -0.063818 0.463269
v -0.264685 -0.058514 0.419650
v -0.269771 -0.058514 0.420645
v -0.266356 -0.058089 0.417231
v -0.226404 -0.032313 0.402520
v -0.250817 -0.038313 0.402518
v -0.250817 -0.032313 0.402518
v -0.226660 -0.036321 0.493520
v -0.254425 -0.036313 0.407501
v -0.224290 -0.031746 0.493910
v -0.224212 -0.035861 0.493743
v -0.252490 -0.036154 0.493323
v -0.253437 -0.036154 0.492743
v -0.257192 -0.036321 0.489161
v -0.279971 -0.035702 0.468160
v -0.271674 -0.036320 0.481823
v -0.282916 -0.035519 0.467115
v -0.279255 -0.035698 0.430322
v -0.280523 -0.035793 0.464330
v -0.282291 -0.036318 0.463850
v -0.284290 -0.031858 0.433682
v -0.284429 -0.035666 0.434117
v -0.259611 -0.036146 0.407171
v -0.257401 -0.035913 0.408025
v -0.268828 -0.056815 0.423993
v -0.277495 -0.056817 0.444913
v -0.282727 -0.056815 0.430490
v -0.280530 -0.058517 0.450913
v -0.283408 -0.058063 0.446082
v -0.280497 -0.057809 0.446008
v -0.273807 -0.056818 0.454383
v -0.274209 -0.056873 0.452418
v -0.259449 -0.056821 0.491732
v -0.249109 -0.056820 0.482826
v -0.242385 -0.056853 0.484361
v -0.238617 -0.063445 0.478141
v -0.213319 -0.058270 0.470479
v -0.216784 -0.058462 0.473942
v -0.217049 -0.058519 0.470336
v -0.199733 -0.056817 0.452621
v -0.203422 -0.056818 0.454389
v -0.202668 -0.056817 0.452620
v -0.203307 -0.056816 0.443987
v -0.202668 -0.056817 0.444920
v -0.242468 -0.056821 0.494517
v -0.242299 -0.056366 0.495017
v -0.250825 -0.056321 0.495016
v -0.250825 -0.050321 0.495016
v -0.252688 -0.032421 0.493186
v -0.253642 -0.035746 0.494528
v -0.253924 -0.031710 0.494464
v -0.210119 -0.032321 0.487706
v -0.250568 -0.036313 0.404018
v -0.222783 -0.035921 0.490286
v -0.197491 -0.036056 0.433298
v -0.197117 -0.032519 0.470292
v -0.195815 -0.032319 0.471048
v -0.195735 -0.031565 0.470032
v -0.194041 -0.032477 0.462862
v -0.192800 -0.035668 0.463421
v -0.197459 -0.036066 0.432785
v -0.216881 -0.035615 0.490796
v -0.216583 -0.032054 0.491695
v -0.266473 -0.056836 0.471188
v -0.280170 -0.036315 0.427607
v -0.256700 -0.035793 0.408297
v -0.223005 -0.035513 0.405504
v -0.223969 -0.035870 0.404345
v -0.223631 -0.031734 0.403393
v -0.223913 -0.035813 0.402835
v -0.224337 -0.031788 0.402780
v -0.249103 -0.056814 0.414707
v -0.242249 -0.056871 0.412821
v -0.245880 -0.056814 0.413876
v -0.197140 -0.032453 0.427199
v -0.196135 -0.031503 0.425939
v -0.219811 -0.056833 0.418664
v -0.216137 -0.056814 0.420780
v -0.219517 -0.032349 0.428277
v -0.212412 -0.024160 0.430526
v -0.211969 -0.024083 0.431314
v -0.230803 -0.023815 0.427081
v -0.246239 -0.024193 0.425575
v -0.231492 -0.023815 0.425781
v -0.219749 -0.032313 0.410686
v -0.221802 -0.032314 0.411456
v -0.221301 -0.032313 0.410820
v -0.256180 -0.030844 0.409193
v -0.250651 -0.030747 0.421563
v -0.247123 -0.030769 0.420176
v -0.216621 -0.031563 0.405850
v -0.212333 -0.032313 0.410348
v -0.217932 -0.032163 0.407342
v -0.220308 -0.035438 0.410338
v -0.217783 -0.036013 0.407297
v -0.218465 -0.035413 0.410331
v -0.210394 -0.035314 0.416525
v -0.211486 -0.035239 0.418161
v -0.204146 -0.035214 0.418479
v -0.200103 -0.035465 0.428624
v -0.197326 -0.035715 0.428436
v -0.196958 -0.030815 0.425428
v -0.198126 -0.030866 0.428483
v -0.196071 -0.030815 0.427087
v -0.214081 -0.029815 0.430036
v -0.213886 -0.023949 0.430497
v -0.207869 -0.031942 0.444722
v -0.207706 -0.030816 0.441917
v -0.207600 -0.032044 0.441924
v -0.198080 -0.032317 0.451159
v -0.199547 -0.032317 0.450023
v -0.197533 -0.035317 0.446120
v -0.193906 -0.035167 0.451773
v -0.194165 -0.033817 0.451773
v -0.194165 -0.033817 0.445773
v -0.197661 -0.032317 0.446185
v -0.194165 -0.032317 0.445773
v -0.195611 -0.030816 0.434786
v -0.195613 -0.030818 0.462761
v -0.191014 -0.030817 0.452554
v -0.194826 -0.033818 0.456972
v -0.192864 -0.033818 0.457362
v -0.194237 -0.033818 0.462826
v -0.198180 -0.035518 0.462338
v -0.194039 -0.035519 0.467238
v -0.197639 -0.035668 0.464445
v -0.195629 -0.034169 0.470686
v -0.196539 -0.035556 0.470025
v -0.208926 -0.029818 0.459342
v -0.211893 -0.025818 0.459175
v -0.208926 -0.027318 0.459343
v -0.215339 -0.022815 0.432369
v -0.210836 -0.022816 0.436546
v -0.213710 -0.022815 0.432051
v -0.267902 -0.027316 0.439470
v -0.268159 -0.023854 0.439939
v -0.280154 -0.034015 0.428852
v -0.279590 -0.034016 0.433145
v -0.279127 -0.034015 0.429640
v -0.278894 -0.032316 0.435211
v -0.278872 -0.033523 0.435149
v -0.276654 -0.033710 0.429814
v -0.276664 -0.032315 0.429836
v -0.273580 -0.033814 0.418040
v -0.273689 -0.035214 0.417861
v -0.272807 -0.035164 0.418813
v -0.263777 -0.032314 0.412006
v -0.265700 -0.032314 0.418154
v -0.267920 -0.032314 0.415216
v -0.260085 -0.033802 0.426414
v -0.267997 -0.033814 0.421891
v -0.265352 -0.033814 0.420259
v -0.260064 -0.031815 0.431561
v -0.260525 -0.025815 0.432171
v -0.248238 -0.032350 0.422349
v -0.237303 -0.033813 0.409465
v -0.239860 -0.033813 0.409752
v -0.235610 -0.035163 0.404120
v -0.235610 -0.033813 0.404219
v -0.235610 -0.035163 0.405739
v -0.250817 -0.033813 0.406218
v -0.241610 -0.033813 0.406219
v -0.241610 -0.032313 0.406219
v -0.252560 -0.035513 0.405031
v -0.251625 -0.035438 0.407567
v -0.241610 -0.032313 0.404120
v -0.241610 -0.035163 0.404120
v -0.241610 -0.033813 0.404219
v -0.235610 -0.033813 0.406219
v -0.226404 -0.033813 0.406220
v -0.226404 -0.032313 0.406220
v -0.220146 -0.033813 0.410610
v -0.224348 -0.033813 0.408959
v -0.225016 -0.033813 0.408503
v -0.224110 -0.032313 0.410499
v -0.225054 -0.032313 0.408491
v -0.253094 -0.030813 0.406690
v -0.244713 -0.030813 0.403019
v -0.247765 -0.030813 0.403019
v -0.258874 -0.034013 0.405560
v -0.259566 -0.034050 0.405705
v -0.281521 -0.032171 0.426701
v -0.280061 -0.032315 0.424065
v -0.277036 -0.032315 0.422489
v -0.280459 -0.032165 0.427914
v -0.263777 -0.033814 0.412006
v -0.264887 -0.033813 0.410343
v -0.260054 -0.033813 0.407450
v -0.257920 -0.035483 0.410540
v -0.251804 -0.032313 0.407959
v -0.253110 -0.032313 0.410496
v -0.251869 -0.033813 0.406307
v -0.251132 -0.026382 0.424449
v -0.247481 -0.026665 0.422738
v -0.250614 -0.026240 0.424633
v -0.269191 -0.032316 0.441701
v -0.279724 -0.032316 0.435921
v -0.269192 -0.032316 0.439763
v -0.269192 -0.032317 0.451824
v -0.277681 -0.032317 0.450016
v -0.269192 -0.032317 0.450016
v -0.259553 -0.032489 0.467817
v -0.265358 -0.032320 0.477276
v -0.265615 -0.032320 0.479055
v -0.269343 -0.033820 0.483735
v -0.267991 -0.035220 0.482313
v -0.267926 -0.033820 0.482318
v -0.254399 -0.034046 0.493944
v -0.253869 -0.031346 0.492241
v -0.253912 -0.034021 0.492223
v -0.245570 -0.032213 0.475657
v -0.253118 -0.032321 0.487040
v -0.248373 -0.032446 0.475283
v -0.241618 -0.035171 0.493418
v -0.241618 -0.033821 0.493319
v -0.241618 -0.035171 0.491800
v -0.227641 -0.032320 0.485076
v -0.229857 -0.032320 0.483298
v -0.227995 -0.032224 0.483840
v -0.223961 -0.035671 0.491771
v -0.225445 -0.035421 0.489624
v -0.229463 -0.031321 0.495020
v -0.232515 -0.032321 0.495020
v -0.226412 -0.032321 0.495020
v -0.198318 -0.030819 0.469290
v -0.228140 -0.030820 0.483665
v -0.202286 -0.030820 0.479759
v -0.197883 -0.035369 0.469975
v -0.199154 -0.033819 0.469448
v -0.200054 -0.035369 0.469076
v -0.208558 -0.035320 0.482862
v -0.209532 -0.035245 0.481994
v -0.219921 -0.031821 0.487552
v -0.215722 -0.032019 0.475704
v -0.211822 -0.031738 0.488267
v -0.217438 -0.035521 0.492124
v -0.218230 -0.035671 0.489973
v -0.216605 -0.035621 0.491594
v -0.216138 -0.031821 0.490482
v -0.222746 -0.034021 0.493693
v -0.218705 -0.034021 0.490313
v -0.221598 -0.034021 0.488839
v -0.227747 -0.031820 0.477267
v -0.229446 -0.031820 0.480322
v -0.230198 -0.031820 0.478811
v -0.240169 -0.033821 0.488626
v -0.237302 -0.033821 0.488093
v -0.235618 -0.033821 0.491319
v -0.226412 -0.033821 0.493320
v -0.235618 -0.033821 0.493319
v -0.236146 -0.032321 0.489290
v -0.230055 -0.031976 0.482023
v -0.267634 -0.027526 0.457750
v -0.268692 -0.030816 0.441264
v -0.268692 -0.031817 0.447517
v -0.268714 -0.031900 0.445579
v -0.259734 -0.030819 0.470075
v -0.286343 -0.030851 0.452496
v -0.285131 -0.030818 0.459553
v -0.257454 -0.030569 0.471557
v -0.259144 -0.030821 0.489076
v -0.258434 -0.030821 0.488514
v -0.273586 -0.033820 0.479492
v -0.273657 -0.032320 0.479563
v -0.266728 -0.035170 0.481120
v -0.265682 -0.035260 0.479748
v -0.265942 -0.035320 0.478862
v -0.279378 -0.035444 0.469898
v -0.281509 -0.035369 0.470862
v -0.282530 -0.030818 0.462950
v -0.284577 -0.030818 0.461711
v -0.283840 -0.030900 0.463851
v -0.285034 -0.030816 0.437578
v -0.281816 -0.030921 0.434337
v -0.284563 -0.030816 0.435776
v -0.283063 -0.033817 0.451765
v -0.283974 -0.035167 0.451765
v -0.282021 -0.035242 0.451690
v -0.283959 -0.031588 0.464066
v -0.283871 -0.034068 0.464210
v -0.278883 -0.033818 0.462359
v -0.276780 -0.033819 0.467319
v -0.277236 -0.035519 0.468929
v -0.276761 -0.035481 0.467924
v -0.279067 -0.033817 0.450829
v -0.279112 -0.033817 0.451065
v -0.282991 -0.033816 0.434713
v -0.282408 -0.035366 0.434954
v -0.281137 -0.033816 0.435481
v -0.278260 -0.032317 0.447305
v -0.278805 -0.034019 0.467325
v -0.279753 -0.034019 0.468407
v -0.269684 -0.030853 0.485193
v -0.265192 -0.030854 0.488590
v -0.248159 -0.026669 0.470699
v -0.249408 -0.026669 0.470979
v -0.218363 -0.026668 0.462471
v -0.217548 -0.026233 0.463676
v -0.219362 -0.032197 0.469648
v -0.219745 -0.030447 0.469402
v -0.211644 -0.032320 0.479115
v -0.215064 -0.032319 0.474309
v -0.214972 -0.032319 0.474390
v -0.206317 -0.035245 0.476936
v -0.207908 -0.035170 0.475979
v -0.217540 -0.033819 0.471615
v -0.211768 -0.033820 0.477443
v -0.224104 -0.031819 0.475597
v -0.220690 -0.031819 0.473447
v -0.255427 -0.032320 0.486084
v -0.251657 -0.033820 0.476982
v -0.255427 -0.033820 0.486084
v -0.257774 -0.032321 0.486858
v -0.201301 -0.032319 0.465583
v -0.214402 -0.032318 0.462833
v -0.212582 -0.032697 0.459720
v -0.200343 -0.032318 0.463273
v -0.198065 -0.032318 0.461998
v -0.208494 -0.032318 0.459874
v -0.208290 -0.032318 0.457412
v -0.268658 -0.023758 0.441514
v -0.268692 -0.023817 0.448507
v -0.264487 -0.023952 0.455889
v -0.268692 -0.023817 0.452128
v -0.211616 -0.030485 0.461372
v -0.210617 -0.030818 0.461229
v -0.218103 -0.022819 0.466328
v -0.229484 -0.022819 0.474180
v -0.223283 -0.022819 0.470996
v -0.229317 -0.030820 0.484412
v -0.235567 -0.030843 0.494603
v -0.250825 -0.032321 0.493318
v -0.255655 -0.034021 0.493750
v -0.265358 -0.033820 0.477276
v -0.260590 -0.033819 0.470748
v -0.259692 -0.033819 0.471611
v -0.264441 -0.032360 0.438077
v -0.247973 -0.026665 0.426864
v -0.246800 -0.026665 0.424560
v -0.246800 -0.026665 0.425862
v -0.270912 -0.035239 0.420602
v -0.269545 -0.035164 0.421702
v -0.257797 -0.032507 0.428126
v -0.256149 -0.032209 0.427233
v -0.284504 -0.033453 0.433863
v -0.225951 -0.026028 0.424557
v -0.208559 -0.030764 0.458566
v -0.191192 -0.030816 0.443182
v -0.190864 -0.030817 0.448774
v -0.191009 -0.030817 0.445053
v -0.212260 -0.032065 0.430144
v -0.212166 -0.030635 0.430067
v -0.200341 -0.032316 0.434273
v -0.208051 -0.032316 0.439266
v -0.208701 -0.032316 0.437735
v -0.208315 -0.032314 0.421734
v -0.200527 -0.032315 0.429912
v -0.211616 -0.032314 0.419726
v -0.206311 -0.035239 0.420608
v -0.207903 -0.035164 0.421565
v -0.201297 -0.033815 0.431964
v -0.200341 -0.033816 0.434273
v -0.210140 -0.033816 0.435625
v -0.218794 -0.030813 0.409026
v -0.232052 -0.030814 0.419496
v -0.228471 -0.030814 0.420536
v -0.200188 -0.033815 0.422496
v -0.201851 -0.033815 0.423607
v -0.203642 -0.033814 0.418046
v -0.203569 -0.031664 0.415628
v -0.203501 -0.032314 0.417905
v -0.207743 -0.032314 0.413662
v -0.224798 -0.032138 0.424746
v -0.175808 -0.023443 0.439519
v -0.176112 -0.034157 0.428797
v -0.176113 -0.028290 0.433612
v -0.177113 -0.021126 0.434726
v -0.177114 -0.045808 0.448974
v -0.177113 -0.018279 0.441599
v -0.176365 -0.072621 0.460023
v -0.176115 -0.067969 0.456172
v -0.176115 -0.064660 0.462668
v -0.176112 -0.053007 0.426814
v -0.176362 -0.056859 0.422162
v -0.176111 -0.053311 0.420961
v -0.176114 -0.074571 0.452673
v -0.176282 -0.073822 0.456477
v -0.176115 -0.026436 0.461921
v -0.176365 -0.020695 0.463476
v -0.176116 -0.022794 0.466617
v -0.169132 -0.063381 0.431745
v -0.169134 -0.045809 0.448974
v -0.169133 -0.064684 0.433182
v -0.169136 -0.056732 0.471027
v -0.169136 -0.054951 0.471824
v -0.169132 -0.036667 0.426125
v -0.169132 -0.040293 0.424991
v -0.168814 -0.021252 0.450598
v -0.168877 -0.020000 0.447768
v -0.168834 -0.020041 0.449601
v -0.168828 -0.024289 0.461744
v -0.168878 -0.024461 0.463529
v -0.168815 -0.025753 0.463238
v -0.175816 -0.051324 0.472958
v -0.175816 -0.053691 0.473435
v -0.175741 -0.051938 0.474066
v -0.175656 -0.058415 0.465770
v -0.175814 -0.045809 0.448974
v -0.175655 -0.061155 0.463309
v -0.175813 -0.030463 0.434639
v -0.175813 -0.028188 0.437549
v -0.175495 -0.063429 0.460398
v -0.175602 -0.065593 0.463611
v -0.168866 -0.057677 0.471851
v -0.168829 -0.056313 0.471668
v -0.168816 -0.049732 0.473820
v -0.168836 -0.048295 0.474630
v -0.175493 -0.065896 0.442851
v -0.175493 -0.068657 0.439832
v -0.175493 -0.069792 0.443459
v -0.168813 -0.066914 0.436318
v -0.168888 -0.068139 0.435991
v -0.168813 -0.067043 0.434497
v -0.175692 -0.047341 0.423639
v -0.175492 -0.046868 0.428001
v -0.175740 -0.045672 0.423682
v -0.168888 -0.024697 0.434093
v -0.168813 -0.024931 0.435944
v -0.168813 -0.026025 0.434337
v -0.175813 -0.021524 0.440561
v -0.175813 -0.022457 0.441203
v -0.175794 -0.020209 0.445974
v -0.175814 -0.021294 0.446808
v -0.175664 -0.019987 0.447766
v -0.175703 -0.028049 0.467758
v -0.175816 -0.028236 0.466203
v -0.175803 -0.029547 0.468464
v -0.175816 -0.039215 0.473813
v -0.175709 -0.038038 0.472325
v -0.175816 -0.039917 0.472868
v -0.175815 -0.022718 0.460257
v -0.175815 -0.023756 0.459897
v -0.175815 -0.023591 0.461892
v -0.168812 -0.032899 0.426753
v -0.168812 -0.033151 0.427869
v -0.168812 -0.034886 0.426922
v -0.168812 -0.043758 0.423907
v -0.168832 -0.045136 0.423209
v -0.175492 -0.061970 0.430414
v -0.175492 -0.057261 0.431372
v -0.175492 -0.060445 0.429190
v -0.175815 -0.070093 0.457387
v -0.175815 -0.068454 0.458609
v -0.175815 -0.069160 0.456745
v -0.199606 -0.038745 0.477166
v -0.199606 -0.032320 0.477167
v -0.195662 -0.051594 0.470748
v -0.194039 -0.056319 0.467236
v -0.192764 -0.051593 0.463796
v -0.190365 -0.051592 0.448971
v -0.190455 -0.056743 0.451732
v -0.210858 -0.056836 0.426475
v -0.211006 -0.056897 0.426162
v -0.211188 -0.057764 0.425482
v -0.213049 -0.057734 0.427679
v -0.208836 -0.056815 0.429186
v -0.213065 -0.063316 0.434019
v -0.215760 -0.059271 0.430114
v -0.214079 -0.059271 0.432387
v -0.215463 -0.058417 0.429426
v -0.215579 -0.058515 0.428776
v -0.213589 -0.058515 0.426787
v -0.219342 -0.058372 0.425528
v -0.224535 -0.058581 0.422378
v -0.218069 -0.057507 0.422873
v -0.225048 -0.056852 0.416106
v -0.224944 -0.056814 0.415854
v -0.222074 -0.056852 0.417508
v -0.204215 -0.051589 0.414934
v -0.199368 -0.045164 0.420700
v -0.199368 -0.051589 0.420699
v -0.195679 -0.035716 0.433325
v -0.216980 -0.036313 0.407326
v -0.226404 -0.050313 0.402519
v -0.223212 -0.045163 0.403043
v -0.223212 -0.050313 0.403042
v -0.241185 -0.058399 0.406868
v -0.241341 -0.058244 0.403017
v -0.236160 -0.058456 0.418559
v -0.240761 -0.058514 0.418343
v -0.230976 -0.059270 0.420273
v -0.232774 -0.058851 0.419757
v -0.229997 -0.058851 0.420458
v -0.233036 -0.056852 0.413844
v -0.232195 -0.056833 0.413860
v -0.235760 -0.057705 0.413744
v -0.235363 -0.057063 0.412821
v -0.235185 -0.056927 0.407919
v -0.235186 -0.056928 0.412821
v -0.235724 -0.058088 0.406868
v -0.235610 -0.057663 0.407919
v -0.235724 -0.058088 0.410719
v -0.235543 -0.057905 0.415681
v -0.223987 -0.063565 0.423436
v -0.230976 -0.063314 0.420272
v -0.257752 -0.059267 0.426262
v -0.258076 -0.058442 0.425642
v -0.260445 -0.058458 0.423592
v -0.261678 -0.058502 0.429491
v -0.264161 -0.059272 0.434014
v -0.263222 -0.058852 0.432332
v -0.263145 -0.059271 0.432383
v -0.268274 -0.056834 0.429255
v -0.269280 -0.056815 0.430609
v -0.264178 -0.057829 0.427560
v -0.268267 -0.057807 0.423298
v -0.274354 -0.057967 0.416594
v -0.274412 -0.057876 0.417126
v -0.269794 -0.056899 0.412586
v -0.270120 -0.057238 0.412851
v -0.271158 -0.058014 0.413145
v -0.270668 -0.058457 0.413366
v -0.272117 -0.058400 0.418900
v -0.261765 -0.057441 0.421234
v -0.261607 -0.056928 0.420925
v -0.261315 -0.056920 0.421159
v -0.258046 -0.056852 0.419217
v -0.259156 -0.057507 0.422869
v -0.260659 -0.056852 0.421112
v -0.259550 -0.056563 0.405574
v -0.254008 -0.056313 0.403039
v -0.253111 -0.032313 0.402785
v -0.253986 -0.036146 0.406664
v -0.254252 -0.035621 0.490539
v -0.272181 -0.031695 0.482330
v -0.276304 -0.032320 0.476430
v -0.286308 -0.038743 0.456077
v -0.286257 -0.031693 0.456188
v -0.275375 -0.056320 0.480020
v -0.273014 -0.051595 0.482601
v -0.277861 -0.051595 0.476836
v -0.279357 -0.056819 0.473668
v -0.281750 -0.056319 0.470386
v -0.282731 -0.056819 0.467036
v -0.286864 -0.038742 0.448566
v -0.286257 -0.031816 0.441140
v -0.286244 -0.038741 0.441059
v -0.278934 -0.035815 0.430514
v -0.284825 -0.036318 0.455853
v -0.284104 -0.031731 0.462303
v -0.283216 -0.036318 0.462777
v -0.280718 -0.035716 0.433289
v -0.279266 -0.035519 0.466817
v -0.278185 -0.035669 0.466692
v -0.259721 -0.035513 0.406894
v -0.281567 -0.051590 0.426788
v -0.277622 -0.045164 0.420370
v -0.277622 -0.051589 0.420370
v -0.280430 -0.056817 0.444913
v -0.280430 -0.056931 0.445338
v -0.283364 -0.056817 0.444913
v -0.274160 -0.056836 0.444858
v -0.274392 -0.056860 0.445163
v -0.269966 -0.056834 0.432110
v -0.268311 -0.058704 0.445990
v -0.271568 -0.057672 0.445482
v -0.274463 -0.057458 0.445719
v -0.286431 -0.058217 0.446166
v -0.283384 -0.057525 0.451801
v -0.286391 -0.056688 0.452485
v -0.267834 -0.058674 0.454643
v -0.267352 -0.058413 0.457509
v -0.268408 -0.058558 0.451414
v -0.271556 -0.057984 0.451717
v -0.274507 -0.057589 0.451773
v -0.277566 -0.057822 0.451607
v -0.277638 -0.058517 0.450913
v -0.267536 -0.059274 0.454583
v -0.267965 -0.059273 0.451732
v -0.267624 -0.058853 0.442927
v -0.267321 -0.059272 0.442037
v -0.267110 -0.059274 0.456400
v -0.263226 -0.058856 0.465198
v -0.264163 -0.059274 0.463515
v -0.263148 -0.059275 0.465147
v -0.266269 -0.056857 0.470812
v -0.264358 -0.057545 0.469529
v -0.266151 -0.057366 0.471914
v -0.261693 -0.058477 0.468277
v -0.268271 -0.057457 0.474096
v -0.272318 -0.057960 0.478412
v -0.270187 -0.058250 0.476473
v -0.268221 -0.057883 0.482530
v -0.270558 -0.057670 0.484613
v -0.264982 -0.056321 0.489176
v -0.267330 -0.051596 0.487543
v -0.267330 -0.056321 0.487542
v -0.250016 -0.058687 0.476214
v -0.252665 -0.058515 0.475104
v -0.258041 -0.059019 0.471144
v -0.257737 -0.058583 0.471821
v -0.261730 -0.057513 0.476271
v -0.261300 -0.056870 0.476574
v -0.259672 -0.057710 0.474343
v -0.241585 -0.059276 0.478117
v -0.244454 -0.058857 0.477776
v -0.244436 -0.059276 0.477687
v -0.236094 -0.059398 0.478156
v -0.235769 -0.058401 0.478775
v -0.235638 -0.057906 0.482111
v -0.235399 -0.057123 0.484580
v -0.234348 -0.056846 0.484097
v -0.232999 -0.056820 0.483961
v -0.230003 -0.058857 0.477078
v -0.232754 -0.058687 0.477904
v -0.224479 -0.058414 0.475272
v -0.227168 -0.058516 0.476335
v -0.216215 -0.056850 0.476512
v -0.215585 -0.057256 0.476246
v -0.211772 -0.056820 0.481061
v -0.213546 -0.056934 0.478684
v -0.211471 -0.056934 0.480760
v -0.206332 -0.057670 0.484628
v -0.207064 -0.057457 0.484646
v -0.208753 -0.058406 0.482276
v -0.211019 -0.058095 0.480449
v -0.210799 -0.058406 0.480229
v -0.217262 -0.058069 0.474224
v -0.219279 -0.059519 0.471047
v -0.217757 -0.059519 0.469629
v -0.209479 -0.058685 0.454632
v -0.210120 -0.059274 0.456405
v -0.209695 -0.059274 0.454588
v -0.208982 -0.058312 0.454732
v -0.210058 -0.058514 0.457460
v -0.212720 -0.057511 0.469313
v -0.208183 -0.056857 0.466786
v -0.209068 -0.056857 0.468204
v -0.215406 -0.058420 0.467936
v -0.213792 -0.058515 0.465346
v -0.211168 -0.058685 0.460168
v -0.212278 -0.058514 0.462818
v -0.211154 -0.057512 0.471936
v -0.210901 -0.057068 0.471891
v -0.211057 -0.056904 0.471292
v -0.210862 -0.056884 0.471402
v -0.206857 -0.057670 0.476288
v -0.204839 -0.057670 0.478306
v -0.203367 -0.058520 0.480980
v -0.202998 -0.058020 0.481317
v -0.204499 -0.058020 0.482888
v -0.202438 -0.056789 0.480206
v -0.207157 -0.058406 0.476589
v -0.205112 -0.058406 0.478634
v -0.205222 -0.056837 0.460823
v -0.205701 -0.056818 0.462437
v -0.208367 -0.058354 0.451516
v -0.205610 -0.057940 0.451790
v -0.199697 -0.057454 0.451828
v -0.202668 -0.057154 0.451952
v -0.196748 -0.057957 0.446061
v -0.199591 -0.058035 0.445983
v -0.190806 -0.057773 0.445918
v -0.190440 -0.056989 0.446061
v -0.190413 -0.058017 0.450944
v -0.190425 -0.057819 0.451209
v -0.193864 -0.057242 0.451885
v -0.196799 -0.056931 0.452196
v -0.196799 -0.057242 0.451885
v -0.193805 -0.058092 0.445885
v -0.203144 -0.057065 0.445474
v -0.205661 -0.057672 0.445488
v -0.208631 -0.058461 0.446117
v -0.209264 -0.059273 0.445802
v -0.209603 -0.058853 0.442933
v -0.209173 -0.058854 0.445793
v -0.210118 -0.063316 0.441134
v -0.210391 -0.059272 0.440181
v -0.210118 -0.059272 0.441134
v -0.209875 -0.058411 0.440026
v -0.210698 -0.058310 0.437175
v -0.202668 -0.057154 0.445588
v -0.207289 -0.056840 0.432155
v -0.209047 -0.058764 0.451469
v -0.209054 -0.059017 0.450859
v -0.208689 -0.058651 0.450885
v -0.196799 -0.056817 0.444921
v -0.196799 -0.056931 0.445346
v -0.199733 -0.056817 0.444921
v -0.223865 -0.063319 0.474315
v -0.222234 -0.059275 0.473301
v -0.223865 -0.059275 0.474315
v -0.219168 -0.058376 0.472010
v -0.216409 -0.056321 0.491604
v -0.212528 -0.056821 0.488761
v -0.212255 -0.056321 0.489181
v -0.240943 -0.057974 0.495017
v -0.241193 -0.058407 0.494517
v -0.240768 -0.058521 0.494517
v -0.236256 -0.058464 0.486815
v -0.241365 -0.058434 0.478741
v -0.241812 -0.057174 0.484434
v -0.242043 -0.056935 0.489615
v -0.241584 -0.058036 0.482259
v -0.235938 -0.058357 0.479042
v -0.235504 -0.057246 0.494517
v -0.235504 -0.057246 0.489615
v -0.235193 -0.056935 0.494517
v -0.259943 -0.035721 0.490415
v -0.226412 -0.044321 0.495019
v -0.223220 -0.045171 0.494497
v -0.223220 -0.044321 0.494497
v -0.219923 -0.035521 0.492926
v -0.207373 -0.036320 0.484015
v -0.207623 -0.034320 0.484433
v -0.219658 -0.035671 0.489715
v -0.223223 -0.035821 0.490557
v -0.197916 -0.035619 0.467448
v -0.194055 -0.035818 0.462901
v -0.196510 -0.035718 0.464249
v -0.194364 -0.035983 0.434171
v -0.219108 -0.056839 0.478431
v -0.228218 -0.056845 0.482666
v -0.235016 -0.056878 0.484205
v -0.270765 -0.056992 0.484745
v -0.271164 -0.058020 0.484384
v -0.274237 -0.058020 0.481311
v -0.274015 -0.058463 0.480821
v -0.268278 -0.056838 0.468273
v -0.269284 -0.056819 0.466919
v -0.272231 -0.056831 0.460297
v -0.286308 -0.058403 0.451336
v -0.286566 -0.058267 0.450923
v -0.283364 -0.056931 0.445338
v -0.286209 -0.056817 0.444913
v -0.271452 -0.057509 0.444979
v -0.266355 -0.058411 0.437242
v -0.267170 -0.058512 0.440074
v -0.272826 -0.056871 0.419693
v -0.270902 -0.056814 0.421918
v -0.277622 -0.038739 0.420371
v -0.277622 -0.032314 0.420372
v -0.281505 -0.035815 0.426669
v -0.273014 -0.045170 0.482602
v -0.273014 -0.038745 0.482603
v -0.277861 -0.038745 0.476837
v -0.242492 -0.056820 0.413310
v -0.241375 -0.058375 0.418683
v -0.241730 -0.057281 0.413179
v -0.241670 -0.057820 0.415740
v -0.241714 -0.057359 0.412821
v -0.241610 -0.057663 0.410719
v -0.242035 -0.056927 0.407919
v -0.246246 -0.063314 0.420271
v -0.241579 -0.059270 0.419417
v -0.240691 -0.059514 0.419341
v -0.250205 -0.058308 0.420851
v -0.248907 -0.056852 0.414932
v -0.247411 -0.058308 0.419848
v -0.255213 -0.056833 0.417384
v -0.252279 -0.056814 0.415852
v -0.252600 -0.058681 0.422543
v -0.250060 -0.058510 0.421199
v -0.268133 -0.057664 0.415000
v -0.265997 -0.057351 0.425728
v -0.219473 -0.059267 0.426266
v -0.222108 -0.058681 0.424052
v -0.216284 -0.045163 0.405997
v -0.209899 -0.038738 0.409993
v -0.209899 -0.045163 0.409993
v -0.196807 -0.035515 0.428930
v -0.197659 -0.056565 0.423736
v -0.195478 -0.056315 0.427149
v -0.202735 -0.057452 0.417217
v -0.204805 -0.057664 0.419207
v -0.208998 -0.057665 0.423398
v -0.210943 -0.057665 0.425343
v -0.202992 -0.058014 0.416223
v -0.203214 -0.058457 0.416713
v -0.206840 -0.056493 0.412457
v -0.207350 -0.056621 0.412335
v -0.206579 -0.058291 0.413177
v -0.208597 -0.058457 0.415415
v -0.215521 -0.057292 0.421245
v -0.216003 -0.056896 0.421164
v -0.213320 -0.057239 0.419074
v -0.211465 -0.056928 0.416780
v -0.211245 -0.057239 0.417000
v -0.217849 -0.057541 0.423028
v -0.212871 -0.057541 0.428006
v -0.222052 -0.026815 0.425929
v -0.222085 -0.028419 0.426066
v -0.222114 -0.029565 0.426120
v -0.218371 -0.032261 0.429664
v -0.221534 -0.024389 0.428142
v -0.224049 -0.024482 0.428275
v -0.221925 -0.025419 0.427653
v -0.216403 -0.024615 0.430033
v -0.247836 -0.023995 0.427282
v -0.246841 -0.023815 0.427436
v -0.230153 -0.024648 0.426373
v -0.230087 -0.025869 0.423554
v -0.230272 -0.024580 0.423821
v -0.246402 -0.024227 0.424119
v -0.246956 -0.025815 0.422719
v -0.246641 -0.024882 0.422797
v -0.247183 -0.025853 0.423338
v -0.239844 -0.032042 0.421191
v -0.238610 -0.025814 0.421270
v -0.239851 -0.025814 0.421298
v -0.235869 -0.031939 0.421373
v -0.237834 -0.032064 0.421213
v -0.232125 -0.031815 0.422046
v -0.230730 -0.026665 0.422425
v -0.226520 -0.032248 0.423793
v -0.222045 -0.030361 0.424484
v -0.224097 -0.026815 0.423665
v -0.222271 -0.026815 0.424814
v -0.225272 -0.030315 0.422459
v -0.239611 -0.029814 0.419786
v -0.243312 -0.024814 0.420154
v -0.237533 -0.023948 0.420291
v -0.239645 -0.030814 0.418787
v -0.235931 -0.030680 0.419392
v -0.235885 -0.030814 0.418894
v -0.223060 -0.030884 0.403603
v -0.222844 -0.031225 0.403586
v -0.223402 -0.031325 0.405619
v -0.220633 -0.031329 0.408791
v -0.221932 -0.031063 0.408667
v -0.219485 -0.034013 0.408256
v -0.218697 -0.034013 0.407229
v -0.217483 -0.031135 0.405842
v -0.216540 -0.035392 0.405865
v -0.216697 -0.034163 0.405784
v -0.221001 -0.035363 0.410091
v -0.211626 -0.032314 0.418459
v -0.195650 -0.035515 0.426811
v -0.195625 -0.034165 0.426860
v -0.194839 -0.035515 0.428476
v -0.193514 -0.031587 0.433168
v -0.193676 -0.034016 0.433057
v -0.197421 -0.031562 0.433301
v -0.196412 -0.031587 0.433721
v -0.198505 -0.031586 0.430508
v -0.198423 -0.034015 0.430213
v -0.195889 -0.034015 0.428211
v -0.195772 -0.031633 0.427923
v -0.216275 -0.030373 0.429717
v -0.215783 -0.024571 0.432232
v -0.213641 -0.032157 0.430763
v -0.215355 -0.032248 0.431391
v -0.198487 -0.033817 0.447084
v -0.198161 -0.033817 0.446597
v -0.198039 -0.035242 0.448773
v -0.198161 -0.035167 0.450725
v -0.197308 -0.035267 0.451633
v -0.194387 -0.030923 0.434027
v -0.192975 -0.030885 0.463634
v -0.193049 -0.030853 0.463644
v -0.192864 -0.032318 0.457363
v -0.192161 -0.032317 0.451774
v -0.198304 -0.033271 0.462242
v -0.200551 -0.033835 0.467676
v -0.200465 -0.032319 0.468761
v -0.200465 -0.035369 0.468761
v -0.200054 -0.032319 0.469076
v -0.193816 -0.031636 0.464454
v -0.197639 -0.034018 0.464393
v -0.197639 -0.031499 0.464393
v -0.198427 -0.034019 0.465420
v -0.211677 -0.024818 0.458881
v -0.208926 -0.025818 0.459343
v -0.208223 -0.023317 0.447384
v -0.208971 -0.022951 0.452835
v -0.208606 -0.023317 0.452860
v -0.212430 -0.022949 0.431509
v -0.261643 -0.024132 0.431671
v -0.263558 -0.022816 0.438436
v -0.260335 -0.022816 0.432733
v -0.265598 -0.024567 0.438158
v -0.264472 -0.023351 0.438318
v -0.265547 -0.025988 0.438018
v -0.265527 -0.027717 0.437968
v -0.265872 -0.030208 0.437818
v -0.267521 -0.030749 0.438523
v -0.268546 -0.030158 0.439641
v -0.269268 -0.030727 0.439850
v -0.261814 -0.030065 0.431257
v -0.259492 -0.030315 0.428450
v -0.279043 -0.031329 0.429526
v -0.278522 -0.030929 0.430018
v -0.282130 -0.031416 0.433620
v -0.283189 -0.035515 0.430301
v -0.283876 -0.034165 0.432055
v -0.283189 -0.034165 0.430301
v -0.269592 -0.035314 0.413755
v -0.265621 -0.033814 0.418504
v -0.259642 -0.032987 0.429505
v -0.261796 -0.031816 0.434008
v -0.254551 -0.032209 0.426025
v -0.253027 -0.032315 0.424764
v -0.250475 -0.033801 0.420126
v -0.251651 -0.033814 0.420554
v -0.249488 -0.032315 0.422967
v -0.250069 -0.032384 0.423200
v -0.241780 -0.032247 0.421201
v -0.237474 -0.032481 0.420581
v -0.237776 -0.033797 0.417810
v -0.238610 -0.035313 0.408169
v -0.240565 -0.035238 0.408291
v -0.235915 -0.032313 0.408087
v -0.235801 -0.035163 0.407918
v -0.254268 -0.031216 0.403390
v -0.225093 -0.035363 0.408477
v -0.223711 -0.035363 0.408967
v -0.228689 -0.032683 0.422426
v -0.227220 -0.032454 0.423192
v -0.244713 -0.031188 0.402552
v -0.241662 -0.031313 0.402519
v -0.254058 -0.030856 0.403613
v -0.253756 -0.031368 0.406050
v -0.255630 -0.034013 0.408701
v -0.255312 -0.031314 0.408601
v -0.254590 -0.034013 0.408171
v -0.259796 -0.031368 0.405913
v -0.265690 -0.031646 0.408834
v -0.259632 -0.030813 0.407685
v -0.260030 -0.030856 0.406140
v -0.258671 -0.031413 0.407288
v -0.276349 -0.031231 0.418738
v -0.278436 -0.030849 0.422193
v -0.279347 -0.030815 0.423852
v -0.281574 -0.031404 0.427736
v -0.281436 -0.030916 0.427288
v -0.279810 -0.030895 0.428021
v -0.278910 -0.030815 0.428250
v -0.280695 -0.031190 0.425231
v -0.272007 -0.031064 0.414046
v -0.271208 -0.030881 0.413532
v -0.258102 -0.030951 0.408620
v -0.253714 -0.034013 0.406270
v -0.254903 -0.035438 0.409434
v -0.256251 -0.035438 0.410018
v -0.255638 -0.034013 0.403783
v -0.257299 -0.034088 0.404365
v -0.229455 -0.031188 0.402554
v -0.232507 -0.031063 0.402587
v -0.241273 -0.035263 0.407934
v -0.251241 -0.024083 0.425472
v -0.256621 -0.024815 0.428341
v -0.251555 -0.024815 0.424809
v -0.250183 -0.024410 0.425642
v -0.260174 -0.024084 0.433360
v -0.262172 -0.023816 0.439010
v -0.264457 -0.025649 0.439254
v -0.264311 -0.027504 0.438976
v -0.264332 -0.027316 0.439029
v -0.264766 -0.031816 0.439678
v -0.265415 -0.025816 0.440112
v -0.265622 -0.032409 0.439552
v -0.268692 -0.031817 0.443640
v -0.268942 -0.032250 0.453633
v -0.269192 -0.032317 0.453633
v -0.265386 -0.032296 0.457549
v -0.264164 -0.032591 0.460292
v -0.261623 -0.032160 0.464117
v -0.262431 -0.032068 0.462651
v -0.259477 -0.031944 0.466737
v -0.258376 -0.032069 0.467990
v -0.253849 -0.031990 0.471744
v -0.257811 -0.032571 0.469301
v -0.258587 -0.035371 0.486905
v -0.258921 -0.032321 0.487329
v -0.262136 -0.031071 0.490821
v -0.259868 -0.031293 0.491705
v -0.259892 -0.034021 0.491881
v -0.256617 -0.033921 0.487895
v -0.256360 -0.031517 0.488434
v -0.253715 -0.031361 0.490931
v -0.251582 -0.035471 0.490023
v -0.235618 -0.035171 0.493418
v -0.241618 -0.032321 0.493418
v -0.253918 -0.030866 0.494176
v -0.253316 -0.030878 0.490875
v -0.253327 -0.030867 0.492019
v -0.225314 -0.032162 0.488557
v -0.224690 -0.032254 0.488924
v -0.225283 -0.032321 0.489173
v -0.232515 -0.030854 0.494645
v -0.223195 -0.030894 0.494185
v -0.222828 -0.031343 0.494026
v -0.229463 -0.030854 0.494645
v -0.205920 -0.031695 0.484208
v -0.197326 -0.031506 0.473702
v -0.217784 -0.031621 0.490146
v -0.209986 -0.032253 0.486045
v -0.217533 -0.034021 0.491811
v -0.217811 -0.031495 0.491636
v -0.218151 -0.030981 0.490083
v -0.223039 -0.031096 0.489681
v -0.222638 -0.031341 0.489369
v -0.221495 -0.031446 0.488173
v -0.222052 -0.030854 0.488588
v -0.223197 -0.030894 0.489556
v -0.217404 -0.030932 0.491542
v -0.216912 -0.030856 0.491506
v -0.211938 -0.030888 0.488674
v -0.213523 -0.030888 0.489689
v -0.208730 -0.031320 0.486651
v -0.221050 -0.035371 0.487470
v -0.231920 -0.031882 0.475651
v -0.235579 -0.031945 0.476136
v -0.233919 -0.031819 0.475866
v -0.237679 -0.032662 0.476796
v -0.240135 -0.032516 0.476712
v -0.237237 -0.032321 0.488400
v -0.236865 -0.033821 0.488907
v -0.240918 -0.033821 0.489217
v -0.240945 -0.032321 0.489226
v -0.224579 -0.033821 0.493115
v -0.232329 -0.030686 0.477592
v -0.236097 -0.030503 0.477978
v -0.243433 -0.023088 0.476353
v -0.243559 -0.023820 0.477074
v -0.236210 -0.023088 0.476666
v -0.265726 -0.023818 0.458564
v -0.265734 -0.024818 0.459041
v -0.268159 -0.024818 0.457558
v -0.267693 -0.026068 0.457750
v -0.268015 -0.030018 0.457615
v -0.268703 -0.029906 0.456771
v -0.268715 -0.031901 0.455878
v -0.254022 -0.030069 0.473417
v -0.247347 -0.030070 0.476494
v -0.250809 -0.030319 0.475228
v -0.265860 -0.030318 0.459089
v -0.266390 -0.030501 0.458584
v -0.278914 -0.030819 0.469283
v -0.279813 -0.030899 0.469511
v -0.281356 -0.030886 0.470406
v -0.279747 -0.031319 0.473992
v -0.281451 -0.031782 0.469752
v -0.278575 -0.031507 0.475780
v -0.269319 -0.032319 0.475699
v -0.269585 -0.035169 0.475693
v -0.282906 -0.032018 0.464405
v -0.282906 -0.034018 0.464405
v -0.285471 -0.031068 0.459995
v -0.285133 -0.031318 0.461579
v -0.286489 -0.031151 0.454411
v -0.286651 -0.031067 0.452520
v -0.286772 -0.032317 0.445777
v -0.286526 -0.031316 0.443070
v -0.286023 -0.030883 0.441261
v -0.285563 -0.030850 0.439395
v -0.286578 -0.030884 0.450630
v -0.286489 -0.030851 0.448765
v -0.284115 -0.030895 0.433746
v -0.282993 -0.032318 0.462818
v -0.284366 -0.033818 0.457354
v -0.282993 -0.033818 0.462818
v -0.279212 -0.035368 0.461836
v -0.279212 -0.032318 0.461837
v -0.278908 -0.032318 0.462284
v -0.276418 -0.033819 0.465901
v -0.276581 -0.032319 0.466144
v -0.279251 -0.035167 0.451310
v -0.279521 -0.032317 0.451581
v -0.279455 -0.035217 0.446079
v -0.282402 -0.032316 0.440566
v -0.282402 -0.033816 0.440566
v -0.281137 -0.032316 0.435481
v -0.279067 -0.035167 0.450717
v -0.278672 -0.031291 0.466092
v -0.278805 -0.031669 0.467326
v -0.278300 -0.030911 0.466788
v -0.279047 -0.031333 0.468006
v -0.278752 -0.030956 0.468240
v -0.273426 -0.032320 0.482179
v -0.275290 -0.031320 0.480122
v -0.276496 -0.031320 0.478653
v -0.269884 -0.031070 0.485428
v -0.271181 -0.030887 0.484031
v -0.263597 -0.030854 0.489609
v -0.258683 -0.030975 0.489421
v -0.260209 -0.030839 0.491413
v -0.272558 -0.030887 0.482707
v -0.273852 -0.030887 0.481363
v -0.264721 -0.024818 0.457199
v -0.265183 -0.024086 0.455998
v -0.250634 -0.024009 0.471678
v -0.250240 -0.025749 0.472392
v -0.248602 -0.024136 0.470324
v -0.249748 -0.023908 0.470400
v -0.227656 -0.023953 0.472349
v -0.233720 -0.023819 0.473797
v -0.216800 -0.025121 0.464310
v -0.216732 -0.024952 0.464826
v -0.217930 -0.024235 0.463910
v -0.218572 -0.024485 0.461682
v -0.215773 -0.024178 0.460275
v -0.215608 -0.025005 0.460878
v -0.213551 -0.025818 0.460214
v -0.213136 -0.032415 0.460264
v -0.216070 -0.032251 0.464951
v -0.215867 -0.032318 0.465096
v -0.217780 -0.032036 0.466909
v -0.217501 -0.025819 0.466391
v -0.219699 -0.028819 0.468730
v -0.231936 -0.030225 0.475615
v -0.221572 -0.031417 0.472234
v -0.222800 -0.028819 0.471267
v -0.225318 -0.030319 0.473997
v -0.218049 -0.032734 0.467906
v -0.211607 -0.033820 0.479035
v -0.211644 -0.035170 0.479115
v -0.209979 -0.035170 0.477410
v -0.208633 -0.033820 0.475997
v -0.211877 -0.032320 0.477281
v -0.243406 -0.025819 0.475849
v -0.246496 -0.026244 0.475116
v -0.242344 -0.032320 0.476520
v -0.247663 -0.031902 0.474750
v -0.251887 -0.032286 0.473281
v -0.258710 -0.035446 0.487178
v -0.243963 -0.032253 0.475999
v -0.246298 -0.024304 0.474045
v -0.247164 -0.025471 0.474242
v -0.246204 -0.023953 0.471964
v -0.214191 -0.025818 0.461089
v -0.214019 -0.024906 0.460571
v -0.199958 -0.033818 0.463323
v -0.208285 -0.032158 0.452461
v -0.208206 -0.032067 0.450022
v -0.212049 -0.024318 0.460085
v -0.268192 -0.022951 0.444885
v -0.268558 -0.023317 0.444885
v -0.265746 -0.024816 0.440446
v -0.265032 -0.024084 0.441036
v -0.267693 -0.022881 0.456250
v -0.268285 -0.023356 0.456233
v -0.268693 -0.023818 0.454750
v -0.264836 -0.032228 0.458391
v -0.264705 -0.025818 0.457727
v -0.217343 -0.023087 0.466978
v -0.222248 -0.024152 0.472495
v -0.216787 -0.023819 0.467454
v -0.228809 -0.024820 0.476062
v -0.228851 -0.030820 0.480868
v -0.228091 -0.030820 0.481451
v -0.221863 -0.030685 0.473052
v -0.222071 -0.030319 0.472751
v -0.210172 -0.024485 0.460169
v -0.214114 -0.030273 0.464678
v -0.216482 -0.030319 0.467716
v -0.212489 -0.024818 0.461358
v -0.209319 -0.029985 0.460101
v -0.195929 -0.030889 0.470261
v -0.198623 -0.031392 0.466735
v -0.198689 -0.030886 0.475415
v -0.198537 -0.031069 0.475517
v -0.203445 -0.030853 0.481252
v -0.228725 -0.032137 0.482916
v -0.247773 -0.030888 0.494769
v -0.250825 -0.030888 0.494768
v -0.247773 -0.031071 0.494952
v -0.255230 -0.030888 0.488701
v -0.264106 -0.032445 0.436717
v -0.264311 -0.030691 0.438976
v -0.264332 -0.030503 0.439029
v -0.269047 -0.032314 0.421827
v -0.265703 -0.035214 0.417570
v -0.278412 -0.035366 0.433856
v -0.278906 -0.035366 0.435248
v -0.278589 -0.031329 0.430809
v -0.278739 -0.031065 0.432145
v -0.225079 -0.022821 0.425277
v -0.231124 -0.022815 0.422830
v -0.230744 -0.023448 0.421518
v -0.192757 -0.033455 0.463764
v -0.192741 -0.032743 0.463720
v -0.191025 -0.031068 0.456307
v -0.190959 -0.031318 0.456318
v -0.190769 -0.031068 0.454461
v -0.190435 -0.031192 0.450692
v -0.190652 -0.030884 0.450684
v -0.190582 -0.031067 0.452588
v -0.190728 -0.031191 0.443127
v -0.191023 -0.031066 0.441241
v -0.192531 -0.030850 0.435794
v -0.191935 -0.030883 0.437586
v -0.191203 -0.030883 0.441270
v -0.190944 -0.030883 0.443152
v -0.190397 -0.031192 0.448774
v -0.197912 -0.030862 0.433595
v -0.198885 -0.030815 0.432318
v -0.196989 -0.035366 0.435862
v -0.197522 -0.035466 0.435734
v -0.199278 -0.035440 0.432480
v -0.208643 -0.033814 0.421635
v -0.216750 -0.033789 0.426902
v -0.217648 -0.033789 0.426039
v -0.200521 -0.035440 0.429040
v -0.198168 -0.032316 0.435479
v -0.219200 -0.030498 0.426802
v -0.217485 -0.030936 0.406073
v -0.213470 -0.031063 0.407668
v -0.213566 -0.030880 0.407824
v -0.211968 -0.030880 0.408845
v -0.209777 -0.031313 0.410084
v -0.208779 -0.031188 0.410892
v -0.201989 -0.031064 0.417461
v -0.199882 -0.030847 0.420629
v -0.198918 -0.030815 0.422232
v -0.204493 -0.031314 0.414655
v -0.198477 -0.030952 0.429300
v -0.218308 -0.032313 0.410209
v -0.220515 -0.030859 0.409258
v -0.219117 -0.030951 0.408624
v -0.177112 -0.025654 0.428823
v -0.176612 -0.028165 0.425958
v -0.177112 -0.031557 0.424293
v -0.176614 -0.017046 0.445275
v -0.176613 -0.017796 0.441470
v -0.176365 -0.018998 0.460028
v -0.176617 -0.038306 0.476986
v -0.176366 -0.034759 0.475787
v -0.176364 -0.074809 0.448971
v -0.176114 -0.074572 0.445270
v -0.177111 -0.053181 0.421444
v -0.177112 -0.060056 0.424290
v -0.176611 -0.045805 0.419974
v -0.176611 -0.049507 0.420210
v -0.177111 -0.045805 0.420474
v -0.177117 -0.045812 0.477474
v -0.176617 -0.049513 0.477736
v -0.176617 -0.045812 0.477974
v -0.168965 -0.068941 0.460756
v -0.169115 -0.069733 0.459154
v -0.168965 -0.069696 0.459138
v -0.168964 -0.071740 0.450187
v -0.168909 -0.071538 0.451990
v -0.168814 -0.021456 0.452530
v -0.169134 -0.021456 0.452530
v -0.169134 -0.021252 0.450598
v -0.168965 -0.022485 0.460372
v -0.169115 -0.022448 0.460390
v -0.169125 -0.024017 0.461838
v -0.169116 -0.027946 0.467867
v -0.169116 -0.026611 0.466508
v -0.175731 -0.035809 0.472476
v -0.169116 -0.035629 0.472899
v -0.169116 -0.033970 0.472124
v -0.168836 -0.035717 0.472692
v -0.168856 -0.034039 0.471990
v -0.168966 -0.029380 0.469074
v -0.168911 -0.028012 0.467798
v -0.168836 -0.046482 0.474740
v -0.175566 -0.050149 0.474595
v -0.175656 -0.045811 0.473584
v -0.175496 -0.047431 0.473531
v -0.175495 -0.066686 0.462004
v -0.168965 -0.067027 0.463931
v -0.169115 -0.067060 0.463954
v -0.169115 -0.068086 0.462379
v -0.175796 -0.064531 0.466689
v -0.175816 -0.065665 0.465291
v -0.169116 -0.058869 0.471456
v -0.175703 -0.057712 0.471904
v -0.175516 -0.060432 0.470472
v -0.175776 -0.055476 0.472948
v -0.169116 -0.051978 0.474232
v -0.169116 -0.050151 0.474609
v -0.168911 -0.063314 0.468071
v -0.168856 -0.061862 0.469236
v -0.168910 -0.068005 0.462330
v -0.168855 -0.066937 0.463868
v -0.168966 -0.055517 0.473051
v -0.175719 -0.071244 0.453882
v -0.175664 -0.071592 0.451995
v -0.169114 -0.071632 0.452001
v -0.169114 -0.071780 0.450189
v -0.168909 -0.071345 0.444619
v -0.168908 -0.070719 0.441926
v -0.175750 -0.070403 0.441059
v -0.175786 -0.069740 0.439334
v -0.175794 -0.071465 0.446497
v -0.175801 -0.071551 0.448349
v -0.175653 -0.064684 0.433181
v -0.175737 -0.064179 0.431605
v -0.169113 -0.068286 0.435905
v -0.169113 -0.067291 0.434327
v -0.168813 -0.064684 0.433182
v -0.168908 -0.069837 0.439295
v -0.175718 -0.069083 0.437601
v -0.175773 -0.068156 0.435981
v -0.168852 -0.062168 0.428960
v -0.168812 -0.060625 0.427975
v -0.168812 -0.062073 0.429076
v -0.168962 -0.055972 0.425088
v -0.169112 -0.055988 0.425051
v -0.168962 -0.054266 0.424431
v -0.175662 -0.052470 0.423883
v -0.175717 -0.050704 0.423535
v -0.168925 -0.047653 0.423132
v -0.169112 -0.050722 0.423443
v -0.169112 -0.048903 0.423159
v -0.168907 -0.041482 0.423434
v -0.168852 -0.039675 0.423863
v -0.175587 -0.037841 0.424246
v -0.175587 -0.039644 0.423735
v -0.175652 -0.031545 0.428919
v -0.175812 -0.030016 0.430099
v -0.168962 -0.031208 0.427510
v -0.169112 -0.031185 0.427477
v -0.169112 -0.029662 0.428596
v -0.168962 -0.025752 0.432493
v -0.169113 -0.024558 0.433995
v -0.175773 -0.024680 0.434081
v -0.175800 -0.024126 0.435772
v -0.169112 -0.025721 0.432467
v -0.175512 -0.026322 0.431785
v -0.175563 -0.022400 0.437721
v -0.168826 -0.022614 0.437823
v -0.168908 -0.020793 0.442243
v -0.168854 -0.020427 0.444079
v -0.175651 -0.020241 0.453334
v -0.175514 -0.019929 0.451472
v -0.175794 -0.020500 0.444092
v -0.175514 -0.019816 0.449605
v -0.169114 -0.019816 0.449606
v -0.175814 -0.024951 0.451419
v -0.175654 -0.024838 0.447857
v -0.175776 -0.037387 0.473414
v -0.168966 -0.040026 0.474266
v -0.169116 -0.039138 0.474104
v -0.175591 -0.044584 0.474925
v -0.175516 -0.042714 0.474789
v -0.168856 -0.044590 0.474796
v -0.168836 -0.042741 0.474567
v -0.175795 -0.024512 0.463494
v -0.175815 -0.025658 0.464926
v -0.175720 -0.020646 0.455130
v -0.175655 -0.022960 0.458116
v -0.175815 -0.021825 0.454490
v -0.169133 -0.024931 0.435944
v -0.168852 -0.036141 0.425000
v -0.168812 -0.036197 0.425139
v -0.168812 -0.037927 0.424513
v -0.175587 -0.036092 0.424879
v -0.175717 -0.034427 0.425704
v -0.175772 -0.032824 0.426622
v -0.168962 -0.052470 0.423884
v -0.169112 -0.054279 0.424393
v -0.169112 -0.052480 0.423845
v -0.175652 -0.053973 0.429626
v -0.175812 -0.050550 0.428516
v -0.175587 -0.059278 0.426759
v -0.175662 -0.060775 0.427762
v -0.175587 -0.063657 0.430096
v -0.175772 -0.057579 0.425959
v -0.175722 -0.055672 0.425793
v -0.175492 -0.058838 0.428097
v -0.175814 -0.071481 0.450174
v -0.256245 -0.095796 0.411863
v -0.256661 -0.093604 0.412155
v -0.218901 -0.095104 0.413090
v -0.220386 -0.095854 0.412192
v -0.215383 -0.095104 0.415468
v -0.224668 -0.098304 0.408436
v -0.221857 -0.098054 0.410096
v -0.219729 -0.098304 0.404959
v -0.225740 -0.095122 0.409487
v -0.224472 -0.095245 0.410092
v -0.225772 -0.095381 0.408105
v -0.276044 -0.095604 0.470283
v -0.276521 -0.098045 0.469380
v -0.278939 -0.097804 0.470743
v -0.258442 -0.095923 0.411515
v -0.259530 -0.095104 0.412146
v -0.263051 -0.095104 0.416063
v -0.252246 -0.095854 0.405158
v -0.252485 -0.095123 0.404237
v -0.252293 -0.093604 0.491626
v -0.254264 -0.093711 0.489764
v -0.250262 -0.093604 0.490183
v -0.223654 -0.095746 0.404054
v -0.223291 -0.094104 0.403645
v -0.247613 -0.093638 0.402597
v -0.244620 -0.093817 0.401898
v -0.242128 -0.093729 0.401732
v -0.269816 -0.093793 0.413436
v -0.264817 -0.093729 0.409637
v -0.258072 -0.093862 0.409172
v -0.279956 -0.096662 0.429769
v -0.278349 -0.096554 0.432092
v -0.276719 -0.093604 0.433593
v -0.278950 -0.093604 0.440744
v -0.278809 -0.093604 0.434332
v -0.283429 -0.096785 0.465540
v -0.282461 -0.096725 0.465381
v -0.279931 -0.096604 0.469814
v -0.270430 -0.093604 0.475978
v -0.273396 -0.093771 0.482044
v -0.274524 -0.093604 0.480522
v -0.279865 -0.093604 0.448178
v -0.283943 -0.093604 0.449536
v -0.283943 -0.093604 0.446484
v -0.258093 -0.094769 0.407861
v -0.258217 -0.096633 0.407388
v -0.215789 -0.093604 0.415199
v -0.222503 -0.093604 0.411657
v -0.219992 -0.094119 0.409684
v -0.219786 -0.096804 0.405097
v -0.222522 -0.096732 0.405853
v -0.202789 -0.093933 0.416871
v -0.202689 -0.095104 0.416863
v -0.223297 -0.094065 0.495336
v -0.223430 -0.095883 0.495471
v -0.216275 -0.095558 0.492472
v -0.216530 -0.093986 0.492363
v -0.195501 -0.096727 0.469761
v -0.196705 -0.096804 0.465298
v -0.193348 -0.096562 0.465512
v -0.191943 -0.094104 0.446484
v -0.191943 -0.094104 0.443433
v -0.191943 -0.095104 0.437330
v -0.195281 -0.093604 0.435091
v -0.193489 -0.093939 0.434070
v -0.192147 -0.093808 0.437330
v -0.197671 -0.093880 0.433623
v -0.198479 -0.093604 0.439351
v -0.201037 -0.093604 0.432204
v -0.207342 -0.093793 0.486304
v -0.211563 -0.093710 0.489445
v -0.218315 -0.093862 0.489900
v -0.245482 -0.093604 0.495684
v -0.248354 -0.094271 0.490026
v -0.265179 -0.093604 0.481319
v -0.256600 -0.096804 0.493975
v -0.258316 -0.096671 0.491867
v -0.279527 -0.098186 0.428453
v -0.280131 -0.095104 0.427672
v -0.273903 -0.096116 0.418644
v -0.273697 -0.095104 0.416863
v -0.230607 -0.093937 0.402055
v -0.230704 -0.093604 0.403056
v -0.250604 -0.095441 0.490226
v -0.251998 -0.095104 0.488879
v -0.251585 -0.095710 0.489642
v -0.245968 -0.095121 0.492350
v -0.259711 -0.098237 0.491649
v -0.259302 -0.098032 0.490322
v -0.259637 -0.095854 0.490853
v -0.283484 -0.096207 0.433926
v -0.262894 -0.095104 0.490984
v -0.265696 -0.095104 0.487093
v -0.236565 -0.095104 0.402247
v -0.238193 -0.095104 0.402986
v -0.277182 -0.096453 0.470526
v -0.280643 -0.096229 0.442481
v -0.280057 -0.095619 0.437565
v -0.282743 -0.096604 0.437329
v -0.282743 -0.096604 0.461743
v -0.279995 -0.096051 0.462099
v -0.269705 -0.094687 0.422234
v -0.271322 -0.094604 0.420649
v -0.275293 -0.094729 0.421037
v -0.254457 -0.096604 0.410271
v -0.252379 -0.096518 0.409938
v -0.240156 -0.095551 0.406154
v -0.236588 -0.095840 0.407874
v -0.236570 -0.095345 0.405896
v -0.221929 -0.096604 0.410271
v -0.222503 -0.096604 0.411657
v -0.200417 -0.095350 0.428120
v -0.199982 -0.096604 0.429927
v -0.199826 -0.098097 0.430018
v -0.197447 -0.097804 0.428329
v -0.213156 -0.095104 0.484556
v -0.211212 -0.095104 0.480406
v -0.215383 -0.095104 0.483605
v -0.196646 -0.098264 0.470436
v -0.192449 -0.098242 0.464645
v -0.196033 -0.095313 0.471422
v -0.194521 -0.098361 0.464000
v -0.197959 -0.098237 0.465312
v -0.239794 -0.093731 0.497459
v -0.192566 -0.095813 0.434108
v -0.193643 -0.095104 0.437330
v -0.252246 -0.095104 0.493914
v -0.251316 -0.095104 0.495967
v -0.245476 -0.095827 0.495602
v -0.210691 -0.096604 0.411979
v -0.216619 -0.096357 0.410640
v -0.208178 -0.096604 0.417532
v -0.205856 -0.096155 0.419630
v -0.196043 -0.096167 0.447721
v -0.196433 -0.095927 0.451360
v -0.202608 -0.094604 0.469899
v -0.199609 -0.094604 0.475933
v -0.199196 -0.094604 0.468778
v -0.204388 -0.096114 0.481538
v -0.208252 -0.096390 0.481969
v -0.220844 -0.096604 0.487516
v -0.221354 -0.096604 0.486918
v -0.224147 -0.095738 0.488671
v -0.244557 -0.094504 0.494450
v -0.282943 -0.106804 0.437578
v -0.279475 -0.106804 0.465336
v -0.277516 -0.100304 0.429464
v -0.277724 -0.100304 0.428865
v -0.282685 -0.095304 0.435436
v -0.283988 -0.098454 0.434897
v -0.282518 -0.098382 0.463657
v -0.283742 -0.098304 0.464477
v -0.256399 -0.098404 0.490123
v -0.226417 -0.121304 0.403261
v -0.204238 -0.122249 0.483662
v -0.215902 -0.121954 0.492043
v -0.194460 -0.098544 0.434475
v -0.192392 -0.098141 0.434556
v -0.194038 -0.098304 0.430841
v -0.197873 -0.106804 0.431353
v -0.197800 -0.106804 0.430962
v -0.220010 -0.106804 0.409216
v -0.210121 -0.095104 0.410293
v -0.215978 -0.095171 0.406704
v -0.216495 -0.095104 0.408127
v -0.218926 -0.121304 0.405846
v -0.211967 -0.121304 0.409633
v -0.238193 -0.106804 0.402786
v -0.245281 -0.106804 0.403326
v -0.253867 -0.106804 0.408093
v -0.270956 -0.100304 0.419677
v -0.270996 -0.103554 0.419278
v -0.271922 -0.106804 0.418198
v -0.272017 -0.100629 0.418567
v -0.277468 -0.095104 0.422097
v -0.260008 -0.098304 0.406668
v -0.259827 -0.098304 0.407760
v -0.258004 -0.098454 0.408166
v -0.283943 -0.121304 0.455639
v -0.284443 -0.120804 0.455639
v -0.284443 -0.120804 0.449536
v -0.280303 -0.121304 0.427024
v -0.276541 -0.122004 0.420493
v -0.264420 -0.121304 0.409633
v -0.259823 -0.106804 0.490981
v -0.259416 -0.106804 0.491938
v -0.257484 -0.106804 0.490622
v -0.281028 -0.100954 0.427326
v -0.281171 -0.098237 0.427607
v -0.281085 -0.095772 0.428106
v -0.273962 -0.098075 0.418669
v -0.273931 -0.099918 0.418647
v -0.273972 -0.102219 0.418683
v -0.273952 -0.104196 0.418661
v -0.273910 -0.105957 0.418632
v -0.219843 -0.098304 0.405236
v -0.223834 -0.098454 0.404418
v -0.223075 -0.098304 0.405300
v -0.216570 -0.100954 0.406402
v -0.216497 -0.106804 0.406439
v -0.192217 -0.122120 0.449537
v -0.191943 -0.120804 0.449536
v -0.191943 -0.120804 0.455639
v -0.193443 -0.100954 0.437578
v -0.193443 -0.106804 0.437578
v -0.193443 -0.106804 0.461494
v -0.194038 -0.098304 0.468231
v -0.194887 -0.098304 0.465129
v -0.205136 -0.095104 0.482593
v -0.210164 -0.095104 0.487885
v -0.224123 -0.095243 0.494116
v -0.216097 -0.098604 0.492429
v -0.253564 -0.106804 0.491824
v -0.252205 -0.106804 0.494137
v -0.245281 -0.106804 0.495746
v -0.253825 -0.098304 0.492833
v -0.254290 -0.098304 0.490969
v -0.258638 -0.098304 0.491452
v -0.256543 -0.098304 0.493836
v -0.266468 -0.138804 0.252915
v -0.266468 -0.134304 0.252915
v -0.260515 -0.134304 0.256355
v -0.241794 -0.134304 0.267176
v -0.235423 -0.136722 0.270857
v -0.235470 -0.141804 0.270830
v -0.281947 -0.121954 0.429812
v -0.283516 -0.121954 0.433740
v -0.283943 -0.121304 0.437330
v -0.264715 -0.122171 0.489644
v -0.260884 -0.121954 0.491834
v -0.253758 -0.121304 0.494678
v -0.205559 -0.121554 0.484737
v -0.195903 -0.121429 0.471974
v -0.192193 -0.121954 0.455917
v -0.213713 -0.141804 0.411196
v -0.213814 -0.138804 0.410936
v -0.213696 -0.138804 0.411237
v -0.222021 -0.141804 0.388806
v -0.222013 -0.138804 0.388830
v -0.238339 -0.124603 0.495920
v -0.270722 -0.121904 0.414129
v -0.273435 -0.121304 0.417317
v -0.278141 -0.141804 0.405068
v -0.278141 -0.144804 0.405067
v -0.278375 -0.144804 0.409883
v -0.278636 -0.144804 0.415382
v -0.278736 -0.141804 0.417518
v -0.278450 -0.141804 0.411459
v -0.272781 -0.144804 0.304537
v -0.272866 -0.141804 0.305725
v -0.272557 -0.141804 0.301483
v -0.271534 -0.138804 0.288734
v -0.271594 -0.137397 0.289430
v -0.271285 -0.136733 0.285935
v -0.271655 -0.145648 0.290142
v -0.271668 -0.144804 0.290299
v -0.271336 -0.144804 0.286496
v -0.273703 -0.141804 0.318207
v -0.273809 -0.138804 0.319890
v -0.273646 -0.138804 0.317303
v -0.258395 -0.149718 0.235608
v -0.228312 -0.149632 0.249797
v -0.225423 -0.149304 0.244406
v -0.238188 -0.143125 0.290922
v -0.238188 -0.141804 0.290922
v -0.238192 -0.141804 0.291089
v -0.252148 -0.130738 0.239038
v -0.258290 -0.130738 0.235488
v -0.255663 -0.130746 0.232184
v -0.235996 -0.130731 0.255348
v -0.239018 -0.130736 0.260576
v -0.242387 -0.130731 0.251654
v -0.243084 -0.130748 0.223355
v -0.242457 -0.130749 0.222271
v -0.240034 -0.130749 0.221707
v -0.246105 -0.130747 0.228582
v -0.249127 -0.130746 0.233810
v -0.251655 -0.129680 0.228353
v -0.237658 -0.123804 0.239438
v -0.236194 -0.123804 0.238774
v -0.237255 -0.123804 0.233687
v -0.235349 -0.123406 0.231216
v -0.237644 -0.123293 0.230212
v -0.275893 -0.138804 0.359090
v -0.275782 -0.138804 0.356648
v -0.275782 -0.141804 0.356651
v -0.276896 -0.141804 0.380061
v -0.276640 -0.141804 0.374879
v -0.276720 -0.144804 0.376520
v -0.276031 -0.141804 0.362126
v -0.276012 -0.144804 0.361690
v -0.277233 -0.141804 0.386807
v -0.277203 -0.144804 0.386208
v -0.277276 -0.144804 0.387655
v -0.199364 -0.122404 0.420895
v -0.284193 -0.121954 0.461743
v -0.283683 -0.121954 0.464855
v -0.282028 -0.121304 0.468473
v -0.240440 -0.095240 0.407904
v -0.277708 -0.094678 0.435779
v -0.278134 -0.095561 0.436260
v -0.259057 -0.095104 0.485635
v -0.259057 -0.093604 0.485635
v -0.277990 -0.095452 0.462696
v -0.277676 -0.093604 0.462936
v -0.269473 -0.095071 0.421968
v -0.230341 -0.095218 0.406597
v -0.209759 -0.095104 0.417213
v -0.211212 -0.095104 0.418666
v -0.210651 -0.095305 0.419165
v -0.208193 -0.096314 0.416774
v -0.218768 -0.098041 0.411486
v -0.225166 -0.098027 0.408455
v -0.217921 -0.097929 0.410961
v -0.217642 -0.098329 0.408387
v -0.219245 -0.097929 0.411456
v -0.217684 -0.096604 0.410729
v -0.218047 -0.095816 0.411552
v -0.278263 -0.096138 0.463188
v -0.280028 -0.095490 0.451649
v -0.279436 -0.095117 0.455655
v -0.278680 -0.098100 0.463118
v -0.278687 -0.098054 0.462813
v -0.270073 -0.095307 0.478401
v -0.276915 -0.095854 0.471157
v -0.277125 -0.096604 0.471193
v -0.274176 -0.095921 0.475262
v -0.276201 -0.096373 0.467826
v -0.276132 -0.096604 0.466828
v -0.279034 -0.098304 0.463072
v -0.279756 -0.098146 0.462594
v -0.250297 -0.095538 0.407282
v -0.245435 -0.095671 0.405968
v -0.251074 -0.097866 0.408316
v -0.257705 -0.098001 0.411369
v -0.258270 -0.096347 0.410189
v -0.266632 -0.095854 0.419046
v -0.267663 -0.095547 0.417479
v -0.267323 -0.095305 0.416827
v -0.254553 -0.098238 0.410040
v -0.252040 -0.097929 0.405742
v -0.251678 -0.097204 0.409231
v -0.250468 -0.095943 0.406908
v -0.254069 -0.096718 0.494447
v -0.267915 -0.093700 0.487206
v -0.266459 -0.093815 0.488434
v -0.257564 -0.096404 0.490267
v -0.197111 -0.093604 0.428514
v -0.195348 -0.094014 0.428370
v -0.208320 -0.094021 0.411675
v -0.209855 -0.093937 0.410540
v -0.256171 -0.094037 0.409616
v -0.253909 -0.096569 0.404350
v -0.256658 -0.096954 0.404959
v -0.260063 -0.096597 0.406529
v -0.239377 -0.094104 0.401301
v -0.236555 -0.093792 0.402096
v -0.253550 -0.094177 0.404249
v -0.268613 -0.095104 0.412084
v -0.284068 -0.093638 0.440381
v -0.284193 -0.093671 0.443433
v -0.278441 -0.093808 0.429879
v -0.263350 -0.093979 0.408403
v -0.259912 -0.094167 0.406523
v -0.269460 -0.093854 0.412876
v -0.268004 -0.093854 0.411682
v -0.281031 -0.096604 0.429020
v -0.282292 -0.096562 0.433911
v -0.278864 -0.096604 0.430306
v -0.281180 -0.094175 0.428577
v -0.280203 -0.094465 0.428354
v -0.278197 -0.094154 0.431430
v -0.283612 -0.093964 0.433914
v -0.281106 -0.093604 0.435091
v -0.281849 -0.093651 0.434728
v -0.272311 -0.094104 0.483654
v -0.273697 -0.095104 0.482209
v -0.279705 -0.094506 0.469523
v -0.278329 -0.094296 0.467819
v -0.278742 -0.096404 0.468704
v -0.280357 -0.094250 0.464662
v -0.279170 -0.094158 0.465156
v -0.279170 -0.096404 0.465156
v -0.278376 -0.093702 0.469327
v -0.276821 -0.093604 0.477606
v -0.275805 -0.093638 0.479156
v -0.277199 -0.093979 0.477880
v -0.278038 -0.094104 0.476747
v -0.283316 -0.093953 0.465332
v -0.279562 -0.093793 0.474103
v -0.280989 -0.093671 0.471267
v -0.281085 -0.093751 0.471307
v -0.281193 -0.094156 0.470604
v -0.281344 -0.096679 0.470503
v -0.281601 -0.093635 0.464224
v -0.283912 -0.096954 0.464959
v -0.283912 -0.094104 0.464959
v -0.283943 -0.093604 0.455639
v -0.284068 -0.093638 0.458691
v -0.284026 -0.093626 0.437329
v -0.284067 -0.093671 0.435768
v -0.279323 -0.094104 0.424310
v -0.273623 -0.094021 0.416816
v -0.266537 -0.093979 0.410531
v -0.258678 -0.096578 0.406664
v -0.253318 -0.096404 0.407364
v -0.253553 -0.094460 0.407945
v -0.258715 -0.094535 0.406767
v -0.253338 -0.094204 0.406019
v -0.217494 -0.096769 0.406340
v -0.203112 -0.093604 0.417142
v -0.204311 -0.093649 0.415654
v -0.217571 -0.094274 0.406811
v -0.220055 -0.096471 0.409442
v -0.216676 -0.093958 0.406601
v -0.219130 -0.096653 0.408940
v -0.218329 -0.096604 0.407974
v -0.222644 -0.094134 0.404385
v -0.222565 -0.096581 0.404312
v -0.222802 -0.096751 0.407665
v -0.223045 -0.094210 0.406021
v -0.222899 -0.094804 0.406081
v -0.223073 -0.094630 0.407327
v -0.221642 -0.093672 0.409577
v -0.222772 -0.093826 0.408656
v -0.228751 -0.094104 0.402219
v -0.230735 -0.095104 0.401867
v -0.225094 -0.094021 0.403121
v -0.192682 -0.094047 0.465238
v -0.197826 -0.093869 0.469545
v -0.217609 -0.094210 0.492063
v -0.222371 -0.096666 0.494474
v -0.221587 -0.093877 0.489627
v -0.220209 -0.093951 0.489470
v -0.223251 -0.093984 0.493137
v -0.223771 -0.093702 0.491924
v -0.222779 -0.094117 0.495081
v -0.222551 -0.094253 0.494718
v -0.237015 -0.093671 0.497522
v -0.232974 -0.095104 0.497503
v -0.232204 -0.094104 0.497406
v -0.226012 -0.093671 0.495965
v -0.223154 -0.093604 0.490134
v -0.222032 -0.096404 0.490085
v -0.219129 -0.096677 0.490165
v -0.217885 -0.096504 0.491791
v -0.222875 -0.096504 0.492981
v -0.199161 -0.094104 0.477900
v -0.198348 -0.094104 0.476747
v -0.198348 -0.095104 0.476747
v -0.205629 -0.093671 0.484801
v -0.206926 -0.093854 0.486197
v -0.208362 -0.093979 0.487417
v -0.209976 -0.093671 0.488366
v -0.197063 -0.094104 0.474762
v -0.196103 -0.094104 0.473126
v -0.192895 -0.093616 0.464831
v -0.195275 -0.094212 0.470482
v -0.197914 -0.096623 0.466515
v -0.195486 -0.093738 0.471271
v -0.198139 -0.094042 0.467979
v -0.197997 -0.093811 0.465793
v -0.196651 -0.094204 0.464830
v -0.196651 -0.096404 0.464830
v -0.193274 -0.094000 0.465284
v -0.194592 -0.093753 0.464478
v -0.192010 -0.093854 0.455639
v -0.192101 -0.093762 0.458691
v -0.192215 -0.093710 0.440381
v -0.193654 -0.096640 0.433705
v -0.196574 -0.094181 0.429300
v -0.197764 -0.094119 0.429689
v -0.198117 -0.093877 0.432891
v -0.197883 -0.096604 0.432229
v -0.197410 -0.096778 0.430555
v -0.192702 -0.093920 0.434048
v -0.195127 -0.096881 0.427943
v -0.196139 -0.093854 0.426018
v -0.249410 -0.093793 0.496207
v -0.245795 -0.095104 0.497183
v -0.253675 -0.096703 0.492323
v -0.253077 -0.093866 0.495298
v -0.252966 -0.093604 0.494943
v -0.247537 -0.093604 0.496363
v -0.258255 -0.094205 0.491016
v -0.258505 -0.093732 0.490379
v -0.259566 -0.094100 0.492644
v -0.265012 -0.094104 0.489646
v -0.251316 -0.094104 0.495967
v -0.253674 -0.094452 0.493663
v -0.256177 -0.093953 0.489472
v -0.254078 -0.096751 0.490505
v -0.226851 -0.094604 0.409609
v -0.226309 -0.093604 0.408705
v -0.280331 -0.096188 0.447946
v -0.279434 -0.097804 0.436701
v -0.279303 -0.096604 0.436684
v -0.278737 -0.098192 0.436037
v -0.273708 -0.094854 0.419032
v -0.273482 -0.094729 0.418908
v -0.270969 -0.095104 0.420296
v -0.271146 -0.095038 0.420473
v -0.275466 -0.095038 0.420905
v -0.276833 -0.094854 0.423101
v -0.277989 -0.098199 0.433858
v -0.276923 -0.097929 0.431954
v -0.278326 -0.095305 0.437055
v -0.230755 -0.096604 0.403584
v -0.224141 -0.095104 0.405158
v -0.231083 -0.095104 0.403532
v -0.257947 -0.095852 0.487430
v -0.267859 -0.096052 0.482074
v -0.266227 -0.095305 0.480399
v -0.257512 -0.095305 0.486732
v -0.263667 -0.095305 0.485166
v -0.263231 -0.095104 0.484556
v -0.266627 -0.095104 0.481859
v -0.259293 -0.095685 0.488187
v -0.239897 -0.095162 0.491111
v -0.239678 -0.095554 0.493968
v -0.239544 -0.095480 0.490513
v -0.251049 -0.096292 0.491443
v -0.250455 -0.095618 0.491689
v -0.252899 -0.097804 0.495491
v -0.252215 -0.098201 0.493676
v -0.248166 -0.095203 0.492084
v -0.251639 -0.098054 0.490399
v -0.251336 -0.098237 0.491064
v -0.258434 -0.098054 0.488124
v -0.266350 -0.095854 0.412467
v -0.259637 -0.095104 0.408219
v -0.231785 -0.094979 0.407054
v -0.231691 -0.095104 0.407031
v -0.231685 -0.095104 0.406981
v -0.235865 -0.094498 0.404204
v -0.236026 -0.094706 0.405431
v -0.197490 -0.096138 0.436734
v -0.196802 -0.096132 0.436767
v -0.199494 -0.095671 0.435352
v -0.200860 -0.095305 0.431801
v -0.201289 -0.095205 0.431678
v -0.202035 -0.096229 0.423685
v -0.198932 -0.097804 0.433262
v -0.198215 -0.095104 0.437779
v -0.195798 -0.096006 0.437605
v -0.197301 -0.098176 0.436409
v -0.194482 -0.098237 0.435489
v -0.236150 -0.095923 0.493618
v -0.224073 -0.095854 0.489204
v -0.218385 -0.098037 0.487839
v -0.217217 -0.098237 0.490377
v -0.223209 -0.098420 0.495400
v -0.224031 -0.098271 0.493200
v -0.219228 -0.097504 0.487571
v -0.219752 -0.095238 0.486714
v -0.210651 -0.095305 0.479907
v -0.209090 -0.095278 0.481540
v -0.212467 -0.095921 0.485519
v -0.216639 -0.095551 0.487919
v -0.216857 -0.095104 0.486927
v -0.218069 -0.096192 0.487719
v -0.225323 -0.097887 0.490622
v -0.221929 -0.097804 0.488801
v -0.224665 -0.097929 0.489861
v -0.225968 -0.095204 0.489391
v -0.225153 -0.095104 0.488407
v -0.236747 -0.095863 0.492959
v -0.230921 -0.095854 0.493285
v -0.226093 -0.095454 0.491754
v -0.208332 -0.096104 0.477630
v -0.248332 -0.095104 0.489673
v -0.198319 -0.095401 0.462489
v -0.199196 -0.095078 0.462366
v -0.199200 -0.094854 0.462730
v -0.199296 -0.098229 0.467712
v -0.197048 -0.098271 0.462753
v -0.196761 -0.098304 0.462910
v -0.197224 -0.097866 0.470736
v -0.207323 -0.095038 0.476517
v -0.205487 -0.095038 0.478353
v -0.205358 -0.094854 0.478224
v -0.203331 -0.095082 0.480543
v -0.197900 -0.097804 0.463054
v -0.198185 -0.096222 0.463874
v -0.196430 -0.096247 0.450897
v -0.197215 -0.095104 0.452286
v -0.196518 -0.095461 0.461601
v -0.222923 -0.096884 0.495231
v -0.240159 -0.093975 0.496242
v -0.239757 -0.095104 0.496328
v -0.194904 -0.096772 0.470428
v -0.244577 -0.094266 0.495646
v -0.240610 -0.094426 0.494807
v -0.280154 -0.102704 0.464917
v -0.280457 -0.106804 0.464902
v -0.279475 -0.102704 0.465336
v -0.279475 -0.098604 0.465336
v -0.282025 -0.098504 0.434488
v -0.282227 -0.100954 0.434724
v -0.279459 -0.102704 0.433720
v -0.279572 -0.098604 0.433893
v -0.280186 -0.100304 0.428573
v -0.284443 -0.100954 0.437329
v -0.284176 -0.095104 0.435035
v -0.282732 -0.095204 0.463465
v -0.278964 -0.104754 0.468569
v -0.278964 -0.102704 0.468569
v -0.279280 -0.102704 0.468826
v -0.256376 -0.102704 0.489856
v -0.259816 -0.100954 0.492670
v -0.266265 -0.106804 0.488779
v -0.223171 -0.120804 0.495388
v -0.230489 -0.120804 0.497167
v -0.223326 -0.121304 0.494913
v -0.192466 -0.120804 0.464934
v -0.195359 -0.120804 0.471746
v -0.192210 -0.095104 0.435035
v -0.191943 -0.100954 0.437330
v -0.194474 -0.100954 0.434550
v -0.196387 -0.098404 0.428469
v -0.197501 -0.102704 0.430567
v -0.197422 -0.100654 0.430503
v -0.197830 -0.102704 0.431547
v -0.197873 -0.098604 0.431353
v -0.219224 -0.104754 0.408844
v -0.219288 -0.102704 0.408923
v -0.218551 -0.100993 0.408222
v -0.210121 -0.100954 0.410293
v -0.204356 -0.095104 0.415140
v -0.196524 -0.106804 0.428714
v -0.196651 -0.106804 0.429542
v -0.196524 -0.100993 0.428714
v -0.199989 -0.120804 0.420065
v -0.202545 -0.120804 0.417020
v -0.204303 -0.113804 0.415192
v -0.216460 -0.120804 0.406458
v -0.215365 -0.121304 0.407596
v -0.223864 -0.100954 0.404249
v -0.223405 -0.106804 0.403608
v -0.253836 -0.102704 0.408158
v -0.256889 -0.098604 0.409083
v -0.258232 -0.100993 0.408150
v -0.259823 -0.100993 0.408091
v -0.259823 -0.106804 0.408091
v -0.270979 -0.101929 0.419967
v -0.271291 -0.100609 0.420264
v -0.271358 -0.103960 0.420208
v -0.271200 -0.101930 0.420213
v -0.271330 -0.105636 0.420247
v -0.270979 -0.105179 0.419967
v -0.257940 -0.106804 0.408108
v -0.277489 -0.105179 0.429346
v -0.277516 -0.103554 0.429464
v -0.280356 -0.106804 0.427895
v -0.280109 -0.103554 0.427989
v -0.277212 -0.100954 0.422456
v -0.277183 -0.106804 0.421983
v -0.272083 -0.113804 0.415192
v -0.266346 -0.113804 0.410351
v -0.267918 -0.120804 0.411530
v -0.245678 -0.120804 0.401870
v -0.242196 -0.120804 0.401452
v -0.242155 -0.121304 0.401951
v -0.245897 -0.100954 0.401905
v -0.245897 -0.106804 0.401905
v -0.252981 -0.106804 0.403608
v -0.253257 -0.098504 0.405639
v -0.245281 -0.095104 0.403326
v -0.245281 -0.100954 0.403326
v -0.238292 -0.100954 0.402036
v -0.230879 -0.100954 0.401844
v -0.272030 -0.120804 0.483932
v -0.276971 -0.120804 0.478247
v -0.271680 -0.121304 0.483576
v -0.280978 -0.113804 0.427231
v -0.280978 -0.120804 0.427231
v -0.282487 -0.120804 0.430401
v -0.273804 -0.120804 0.416979
v -0.272083 -0.120804 0.415192
v -0.283920 -0.113804 0.464934
v -0.283920 -0.106804 0.464934
v -0.284443 -0.106804 0.461743
v -0.279692 -0.098604 0.471055
v -0.279638 -0.095181 0.471166
v -0.279638 -0.100973 0.471166
v -0.266265 -0.100954 0.488779
v -0.272030 -0.100954 0.483932
v -0.272030 -0.106804 0.483933
v -0.257227 -0.104754 0.490307
v -0.257162 -0.102704 0.490228
v -0.279638 -0.106804 0.471166
v -0.279862 -0.100993 0.470358
v -0.276971 -0.113804 0.478247
v -0.272031 -0.113804 0.483932
v -0.276971 -0.106804 0.478247
v -0.222712 -0.098454 0.406259
v -0.222623 -0.098404 0.407397
v -0.210121 -0.106804 0.410293
v -0.195408 -0.120804 0.427231
v -0.193877 -0.120804 0.430453
v -0.194336 -0.121304 0.430651
v -0.196582 -0.098504 0.433925
v -0.193982 -0.100954 0.464106
v -0.196555 -0.098454 0.471112
v -0.197805 -0.102704 0.468009
v -0.197740 -0.106804 0.468232
v -0.205136 -0.100954 0.482593
v -0.205136 -0.106804 0.482593
v -0.210529 -0.100954 0.487223
v -0.196521 -0.100993 0.470223
v -0.196053 -0.100973 0.471456
v -0.195359 -0.106804 0.471746
v -0.192466 -0.100954 0.464934
v -0.216218 -0.113804 0.492491
v -0.216218 -0.106804 0.492491
v -0.223169 -0.106804 0.495387
v -0.237996 -0.113804 0.497786
v -0.237996 -0.106804 0.497786
v -0.245506 -0.106804 0.497229
v -0.222550 -0.102704 0.490915
v -0.222378 -0.098604 0.490803
v -0.219497 -0.102704 0.489989
v -0.219497 -0.098604 0.489989
v -0.219160 -0.100993 0.490307
v -0.219786 -0.098454 0.493974
v -0.222843 -0.102704 0.492313
v -0.222865 -0.106804 0.492802
v -0.253116 -0.098529 0.493650
v -0.253800 -0.102704 0.490953
v -0.253578 -0.102704 0.491361
v -0.253800 -0.106804 0.490953
v -0.224182 -0.100954 0.494137
v -0.231105 -0.100954 0.495746
v -0.196709 -0.098454 0.465285
v -0.195930 -0.102704 0.464902
v -0.195930 -0.098604 0.464902
v -0.278598 -0.098604 0.467331
v -0.282774 -0.098454 0.435265
v -0.279691 -0.098404 0.430167
v -0.260095 -0.132354 0.255628
v -0.254092 -0.132905 0.259645
v -0.268417 -0.148579 0.261932
v -0.267290 -0.151498 0.257882
v -0.268612 -0.151083 0.265192
v -0.264196 -0.155121 0.275537
v -0.268936 -0.152187 0.277770
v -0.268472 -0.152692 0.273530
v -0.260126 -0.156283 0.254363
v -0.261915 -0.156287 0.261198
v -0.266111 -0.153868 0.258627
v -0.265794 -0.148805 0.250613
v -0.265466 -0.149107 0.249606
v -0.247857 -0.147551 0.262117
v -0.254300 -0.146304 0.258779
v -0.248024 -0.146304 0.262406
v -0.241748 -0.146304 0.266033
v -0.235473 -0.146304 0.269661
v -0.235463 -0.147551 0.269280
v -0.235586 -0.136739 0.272082
v -0.236541 -0.136811 0.278404
v -0.236572 -0.143099 0.278307
v -0.243137 -0.127026 0.285187
v -0.243636 -0.128761 0.291250
v -0.239398 -0.129735 0.286199
v -0.238221 -0.137979 0.296247
v -0.238204 -0.137588 0.297594
v -0.237777 -0.144804 0.308169
v -0.238033 -0.147468 0.311933
v -0.238366 -0.147456 0.306045
v -0.244266 -0.152070 0.318538
v -0.249827 -0.153000 0.318970
v -0.249971 -0.153075 0.312509
v -0.238757 -0.149673 0.324852
v -0.238092 -0.149708 0.331829
v -0.243456 -0.151962 0.332103
v -0.237887 -0.136389 0.311139
v -0.237577 -0.138804 0.311142
v -0.237767 -0.138804 0.308321
v -0.242724 -0.131821 0.303319
v -0.243618 -0.131483 0.304168
v -0.239522 -0.134170 0.304179
v -0.253182 -0.129163 0.296733
v -0.253233 -0.130046 0.304134
v -0.248492 -0.129451 0.297186
v -0.268132 -0.131281 0.312636
v -0.263276 -0.130268 0.316384
v -0.263167 -0.130259 0.312332
v -0.251583 -0.130167 0.327355
v -0.251150 -0.130209 0.331317
v -0.246015 -0.130573 0.326978
v -0.244280 -0.130722 0.339016
v -0.243677 -0.130773 0.343036
v -0.239132 -0.131912 0.338792
v -0.232831 -0.138804 0.346826
v -0.233664 -0.138804 0.342710
v -0.233014 -0.136673 0.346826
v -0.232152 -0.136650 0.350910
v -0.231928 -0.138804 0.350906
v -0.254676 -0.130500 0.359077
v -0.247800 -0.130553 0.359074
v -0.248224 -0.130505 0.355121
v -0.260719 -0.130765 0.366816
v -0.259623 -0.130902 0.374682
v -0.253890 -0.130598 0.366840
v -0.248651 -0.130777 0.382537
v -0.246535 -0.130810 0.382537
v -0.246786 -0.130752 0.374705
v -0.242722 -0.130957 0.381247
v -0.243519 -0.130918 0.381247
v -0.243564 -0.130602 0.387247
v -0.240956 -0.129836 0.391944
v -0.235569 -0.130029 0.392100
v -0.235422 -0.130427 0.390646
v -0.245678 -0.122604 0.401871
v -0.242930 -0.124217 0.401216
v -0.247236 -0.124206 0.401823
v -0.282188 -0.128241 0.445673
v -0.284443 -0.122604 0.445447
v -0.284443 -0.122604 0.443433
v -0.276545 -0.136025 0.449537
v -0.275071 -0.138804 0.453620
v -0.274761 -0.135950 0.456275
v -0.272237 -0.138804 0.460592
v -0.271285 -0.138804 0.462257
v -0.271863 -0.135834 0.462526
v -0.256697 -0.141804 0.476611
v -0.249642 -0.141804 0.479228
v -0.251183 -0.138804 0.478798
v -0.257938 -0.128575 0.485009
v -0.256576 -0.130297 0.482603
v -0.254175 -0.128418 0.486539
v -0.264812 -0.123230 0.489627
v -0.260753 -0.123220 0.492033
v -0.276397 -0.121804 0.479008
v -0.277000 -0.121804 0.478208
v -0.277001 -0.122604 0.478208
v -0.261211 -0.121804 0.491942
v -0.247466 -0.123503 0.496505
v -0.242415 -0.124383 0.496021
v -0.233482 -0.122757 0.497534
v -0.235836 -0.122909 0.497685
v -0.191963 -0.122741 0.458408
v -0.191976 -0.122835 0.460636
v -0.197651 -0.121804 0.475698
v -0.194350 -0.122951 0.469567
v -0.194482 -0.123297 0.469529
v -0.193544 -0.123301 0.467330
v -0.203408 -0.128637 0.468381
v -0.207846 -0.130422 0.470208
v -0.204582 -0.130461 0.463797
v -0.203794 -0.131791 0.435370
v -0.201548 -0.129377 0.434709
v -0.201046 -0.129518 0.442112
v -0.216753 -0.134415 0.403157
v -0.217683 -0.132261 0.402766
v -0.214111 -0.131819 0.409079
v -0.228319 -0.130545 0.393610
v -0.230561 -0.129214 0.395643
v -0.229627 -0.128534 0.397287
v -0.232078 -0.131756 0.386526
v -0.232630 -0.130797 0.390362
v -0.229292 -0.131532 0.390038
v -0.236365 -0.131508 0.382537
v -0.237432 -0.131137 0.385773
v -0.235718 -0.131316 0.385807
v -0.228564 -0.133833 0.378626
v -0.226044 -0.135794 0.378624
v -0.226910 -0.135984 0.374731
v -0.231592 -0.134542 0.359066
v -0.230365 -0.136534 0.359066
v -0.231256 -0.136605 0.355023
v -0.229839 -0.144804 0.359699
v -0.231458 -0.141804 0.352945
v -0.231433 -0.141804 0.353053
v -0.251090 -0.152825 0.379548
v -0.250364 -0.152854 0.386281
v -0.254290 -0.152788 0.385982
v -0.261181 -0.152572 0.404481
v -0.260882 -0.152751 0.411074
v -0.265349 -0.152180 0.410164
v -0.278423 -0.146759 0.433592
v -0.278131 -0.145908 0.438518
v -0.278788 -0.145726 0.432710
v -0.277523 -0.138804 0.442667
v -0.278126 -0.138804 0.438863
v -0.278126 -0.141804 0.438863
v -0.276730 -0.146070 0.445997
v -0.276063 -0.145309 0.449662
v -0.276699 -0.148198 0.441119
v -0.275610 -0.148058 0.447069
v -0.265238 -0.152634 0.422684
v -0.265252 -0.152972 0.429197
v -0.269949 -0.151949 0.427657
v -0.264950 -0.153429 0.442441
v -0.269153 -0.152145 0.446973
v -0.269804 -0.152265 0.440592
v -0.243192 -0.155489 0.445924
v -0.242591 -0.155492 0.452598
v -0.248178 -0.155327 0.452214
v -0.235949 -0.153520 0.419400
v -0.239849 -0.154119 0.425865
v -0.240931 -0.153693 0.419407
v -0.242040 -0.153372 0.413060
v -0.245939 -0.153733 0.419142
v -0.246828 -0.153409 0.412774
v -0.245482 -0.152875 0.393135
v -0.244403 -0.152969 0.399734
v -0.248736 -0.153001 0.399439
v -0.225664 -0.150177 0.392726
v -0.223742 -0.150235 0.398900
v -0.227579 -0.151400 0.399340
v -0.224681 -0.152978 0.424559
v -0.228227 -0.154024 0.431788
v -0.229571 -0.153562 0.425341
v -0.216645 -0.152877 0.441406
v -0.216168 -0.152877 0.447202
v -0.221411 -0.153978 0.443292
v -0.206524 -0.145435 0.444882
v -0.206614 -0.146062 0.445036
v -0.206704 -0.146045 0.440230
v -0.218491 -0.152404 0.429486
v -0.217393 -0.152702 0.435607
v -0.223196 -0.153377 0.430805
v -0.214666 -0.146317 0.409644
v -0.212443 -0.145871 0.414828
v -0.207531 -0.144804 0.432015
v -0.207105 -0.144804 0.435237
v -0.207070 -0.145408 0.435263
v -0.206531 -0.138804 0.443805
v -0.206527 -0.141804 0.444248
v -0.208543 -0.141804 0.426449
v -0.208543 -0.138804 0.426448
v -0.207800 -0.138804 0.430313
v -0.209635 -0.141804 0.422301
v -0.211336 -0.141804 0.417414
v -0.211335 -0.138804 0.417415
v -0.219262 -0.136779 0.396545
v -0.219305 -0.138804 0.396808
v -0.220464 -0.138804 0.393607
v -0.223850 -0.141804 0.382519
v -0.225268 -0.141804 0.377383
v -0.223845 -0.138804 0.382537
v -0.227037 -0.138455 0.370837
v -0.228027 -0.138804 0.366916
v -0.225136 -0.138395 0.378004
v -0.224930 -0.138804 0.378626
v -0.226747 -0.146512 0.373046
v -0.225014 -0.146556 0.379599
v -0.225980 -0.148057 0.379670
v -0.222028 -0.144804 0.388781
v -0.221381 -0.146642 0.392197
v -0.223229 -0.146599 0.386054
v -0.218623 -0.144804 0.398615
v -0.217068 -0.146739 0.403984
v -0.219281 -0.146688 0.398159
v -0.210422 -0.145354 0.419976
v -0.210405 -0.144804 0.419991
v -0.209635 -0.144804 0.422301
v -0.208343 -0.141804 0.456916
v -0.206825 -0.141804 0.449537
v -0.208074 -0.138804 0.455924
v -0.216560 -0.138804 0.472051
v -0.220558 -0.138804 0.475399
v -0.220558 -0.141804 0.475399
v -0.231157 -0.130076 0.485591
v -0.231736 -0.132478 0.483070
v -0.225399 -0.132553 0.481354
v -0.234187 -0.126663 0.492124
v -0.234995 -0.127013 0.491420
v -0.234819 -0.124763 0.494011
v -0.234383 -0.124671 0.495615
v -0.240380 -0.124590 0.495940
v -0.241513 -0.124742 0.494177
v -0.241542 -0.126330 0.492473
v -0.240871 -0.126454 0.491701
v -0.237544 -0.126289 0.490629
v -0.236631 -0.127190 0.490734
v -0.235267 -0.126855 0.491597
v -0.239817 -0.127327 0.490659
v -0.238193 -0.127370 0.490390
v -0.245226 -0.132382 0.483180
v -0.238193 -0.132375 0.483690
v -0.238193 -0.130014 0.486246
v -0.234678 -0.141804 0.480274
v -0.233848 -0.144804 0.480172
v -0.229817 -0.144804 0.479404
v -0.242207 -0.144804 0.480422
v -0.245850 -0.147225 0.479479
v -0.241860 -0.147241 0.479917
v -0.256866 -0.148885 0.474551
v -0.249462 -0.149174 0.477242
v -0.253561 -0.147117 0.477469
v -0.268350 -0.149362 0.462029
v -0.265557 -0.149987 0.464593
v -0.268995 -0.147574 0.464200
v -0.271417 -0.147079 0.460868
v -0.266693 -0.144804 0.468444
v -0.266598 -0.146512 0.468123
v -0.263699 -0.146715 0.471071
v -0.254934 -0.152781 0.466712
v -0.254353 -0.153387 0.464353
v -0.252114 -0.153615 0.464791
v -0.230991 -0.154801 0.458664
v -0.230879 -0.153892 0.465068
v -0.232788 -0.153980 0.465410
v -0.215521 -0.147991 0.469378
v -0.212890 -0.147540 0.466011
v -0.212797 -0.146281 0.466863
v -0.222098 -0.148668 0.474570
v -0.218554 -0.146745 0.473464
v -0.222053 -0.146911 0.475865
v -0.227323 -0.144804 0.478677
v -0.227323 -0.141804 0.478677
v -0.207658 -0.144804 0.454202
v -0.208343 -0.144804 0.456916
v -0.208920 -0.145647 0.458613
v -0.213456 -0.150261 0.460848
v -0.211108 -0.149277 0.458236
v -0.210884 -0.148385 0.460332
v -0.209377 -0.149039 0.452513
v -0.207644 -0.146901 0.451790
v -0.209266 -0.148609 0.453995
v -0.210999 -0.144804 0.463963
v -0.212764 -0.144804 0.467162
v -0.253048 -0.130143 0.484012
v -0.249422 -0.130019 0.485090
v -0.250293 -0.128288 0.487713
v -0.228878 -0.123524 0.496471
v -0.231159 -0.123216 0.497100
v -0.219702 -0.122604 0.494103
v -0.218114 -0.122204 0.493405
v -0.217571 -0.123228 0.492980
v -0.219840 -0.123537 0.493742
v -0.221640 -0.126752 0.489213
v -0.225618 -0.126716 0.490562
v -0.222936 -0.128314 0.486258
v -0.214283 -0.132683 0.474166
v -0.219455 -0.132627 0.478401
v -0.215851 -0.135483 0.472762
v -0.207635 -0.123569 0.486384
v -0.209373 -0.123243 0.488036
v -0.199179 -0.122940 0.477853
v -0.199291 -0.123275 0.477793
v -0.197931 -0.123281 0.475812
v -0.205587 -0.122928 0.485045
v -0.213279 -0.122761 0.490833
v -0.205296 -0.128603 0.471759
v -0.234208 -0.125443 0.494397
v -0.229843 -0.152238 0.406067
v -0.228029 -0.152419 0.412470
v -0.232582 -0.152913 0.412916
v -0.279050 -0.138804 0.428565
v -0.279025 -0.141804 0.423830
v -0.278914 -0.141804 0.431366
v -0.277211 -0.127938 0.419256
v -0.268496 -0.128917 0.400888
v -0.269832 -0.130088 0.397553
v -0.273412 -0.130591 0.401039
v -0.251560 -0.125569 0.401878
v -0.251715 -0.127538 0.399130
v -0.255634 -0.127477 0.400147
v -0.247187 -0.122604 0.402132
v -0.251504 -0.124178 0.402819
v -0.259792 -0.122604 0.406393
v -0.259627 -0.124069 0.405904
v -0.272082 -0.122604 0.415194
v -0.281207 -0.127937 0.430221
v -0.270506 -0.123511 0.413343
v -0.267120 -0.123254 0.410790
v -0.266930 -0.127270 0.404824
v -0.263253 -0.127319 0.402992
v -0.266788 -0.128841 0.400184
v -0.251488 -0.122604 0.403156
v -0.250093 -0.121804 0.402777
v -0.271802 -0.133045 0.382537
v -0.270764 -0.132495 0.385930
v -0.277223 -0.134922 0.397592
v -0.277084 -0.135544 0.393304
v -0.277563 -0.137904 0.393170
v -0.277179 -0.145718 0.387804
v -0.278450 -0.138804 0.411459
v -0.278550 -0.138804 0.413546
v -0.278630 -0.135891 0.413115
v -0.279020 -0.145381 0.429693
v -0.269591 -0.151364 0.409029
v -0.273692 -0.150199 0.413517
v -0.273509 -0.150126 0.407635
v -0.265948 -0.151950 0.378363
v -0.265832 -0.151944 0.384728
v -0.269501 -0.151249 0.384158
v -0.259782 -0.152610 0.359689
v -0.259388 -0.152602 0.366071
v -0.266205 -0.151951 0.365844
v -0.266661 -0.151969 0.346933
v -0.266516 -0.151957 0.353280
v -0.272426 -0.149911 0.347407
v -0.274231 -0.136494 0.329225
v -0.273685 -0.134169 0.336727
v -0.273289 -0.134176 0.329088
v -0.268615 -0.131302 0.320867
v -0.268966 -0.131334 0.328662
v -0.263390 -0.130332 0.328203
v -0.272248 -0.138476 0.297416
v -0.272395 -0.138626 0.299325
v -0.272115 -0.136167 0.299349
v -0.267570 -0.131276 0.304069
v -0.267859 -0.131280 0.308409
v -0.263025 -0.130261 0.308243
v -0.261777 -0.127788 0.287116
v -0.262118 -0.128719 0.291437
v -0.257293 -0.127488 0.288269
v -0.265774 -0.127808 0.281445
v -0.261389 -0.126820 0.282956
v -0.260930 -0.125860 0.278772
v -0.270667 -0.135333 0.279483
v -0.270311 -0.134580 0.276082
v -0.270418 -0.138804 0.277074
v -0.271272 -0.146113 0.285792
v -0.271315 -0.148309 0.290244
v -0.266589 -0.152112 0.313714
v -0.271454 -0.149670 0.314164
v -0.271087 -0.149676 0.306623
v -0.274084 -0.144805 0.324373
v -0.273392 -0.147497 0.321597
v -0.273754 -0.147555 0.328586
v -0.249252 -0.152843 0.332519
v -0.255121 -0.153028 0.333042
v -0.255349 -0.153108 0.326189
v -0.260803 -0.153274 0.299493
v -0.266045 -0.152416 0.299140
v -0.265838 -0.152741 0.295328
v -0.269726 -0.151130 0.286303
v -0.270062 -0.150640 0.290537
v -0.270948 -0.148784 0.285921
v -0.242619 -0.156555 0.272559
v -0.243551 -0.156032 0.278105
v -0.248560 -0.156696 0.275769
v -0.245743 -0.157418 0.248019
v -0.248284 -0.157337 0.253767
v -0.253005 -0.157050 0.250644
v -0.257917 -0.151370 0.235568
v -0.255123 -0.150107 0.231615
v -0.233656 -0.149304 0.222253
v -0.229003 -0.149304 0.224699
v -0.233680 -0.151371 0.222530
v -0.226233 -0.153990 0.241032
v -0.226329 -0.154184 0.240686
v -0.224477 -0.152589 0.239079
v -0.229092 -0.156400 0.235907
v -0.231918 -0.157335 0.235325
v -0.231449 -0.157199 0.234574
v -0.242881 -0.156572 0.228270
v -0.245606 -0.155391 0.227464
v -0.244195 -0.155953 0.227615
v -0.247106 -0.154488 0.227185
v -0.251584 -0.150078 0.228031
v -0.251123 -0.151211 0.227925
v -0.234727 -0.157659 0.239793
v -0.242688 -0.157696 0.242202
v -0.239119 -0.158071 0.236367
v -0.230969 -0.157032 0.233833
v -0.233084 -0.157322 0.231416
v -0.228967 -0.156355 0.235808
v -0.239947 -0.157035 0.228473
v -0.238887 -0.157185 0.228769
v -0.230803 -0.150149 0.255017
v -0.234680 -0.151535 0.264817
v -0.234582 -0.149745 0.265489
v -0.237202 -0.154005 0.269575
v -0.240296 -0.155646 0.273879
v -0.239038 -0.155663 0.268260
v -0.239989 -0.150817 0.295347
v -0.242171 -0.151625 0.300504
v -0.242161 -0.152444 0.295094
v -0.237401 -0.136842 0.284713
v -0.238293 -0.150175 0.285308
v -0.239868 -0.151727 0.290174
v -0.239567 -0.152643 0.284972
v -0.231538 -0.153690 0.253339
v -0.237089 -0.156332 0.255139
v -0.234365 -0.156306 0.249524
v -0.271031 -0.146411 0.283193
v -0.270860 -0.146619 0.281415
v -0.270550 -0.149299 0.281569
v -0.268541 -0.138804 0.262666
v -0.268541 -0.141804 0.262667
v -0.269139 -0.141804 0.266553
v -0.267085 -0.129355 0.256803
v -0.267948 -0.129589 0.260992
v -0.266045 -0.127127 0.257463
v -0.260448 -0.131056 0.253399
v -0.254057 -0.131056 0.257093
v -0.241274 -0.131056 0.264481
v -0.235265 -0.131056 0.267954
v -0.241137 -0.131804 0.266039
v -0.261481 -0.130731 0.240619
v -0.262277 -0.130003 0.242598
v -0.231457 -0.130133 0.256368
v -0.233896 -0.129611 0.262584
v -0.240544 -0.130746 0.263218
v -0.233986 -0.130736 0.263484
v -0.234898 -0.130749 0.266537
v -0.255318 -0.124060 0.272664
v -0.255966 -0.124760 0.276617
v -0.250909 -0.124096 0.274880
v -0.268370 -0.128578 0.270607
v -0.268944 -0.129517 0.275316
v -0.264722 -0.125917 0.272486
v -0.259922 -0.124574 0.251823
v -0.255625 -0.123602 0.254503
v -0.252620 -0.123535 0.247454
v -0.248292 -0.123355 0.263916
v -0.245066 -0.123746 0.270170
v -0.243015 -0.123789 0.262968
v -0.225790 -0.127728 0.242488
v -0.226443 -0.126273 0.240470
v -0.230690 -0.124809 0.245687
v -0.223320 -0.130742 0.235146
v -0.226339 -0.125932 0.232981
v -0.228899 -0.130746 0.224816
v -0.233748 -0.128046 0.222932
v -0.228877 -0.127370 0.226101
v -0.250031 -0.127159 0.228362
v -0.247824 -0.126483 0.227268
v -0.246335 -0.125669 0.227253
v -0.242643 -0.125809 0.225073
v -0.247315 -0.128876 0.225168
v -0.243548 -0.124557 0.227480
v -0.242261 -0.124117 0.227800
v -0.236116 -0.123058 0.230522
v -0.233889 -0.123083 0.232339
v -0.238351 -0.122990 0.230494
v -0.239897 -0.123029 0.230786
v -0.240512 -0.122972 0.230937
v -0.241934 -0.122948 0.231823
v -0.243045 -0.122871 0.232811
v -0.243865 -0.122837 0.234190
v -0.248942 -0.123213 0.240438
v -0.243173 -0.122556 0.240062
v -0.244193 -0.123804 0.236538
v -0.243887 -0.122671 0.238367
v -0.242737 -0.122569 0.240529
v -0.241430 -0.122577 0.241629
v -0.239816 -0.122616 0.242363
v -0.237855 -0.122737 0.242565
v -0.238193 -0.123804 0.242537
v -0.236339 -0.122841 0.242282
v -0.234828 -0.122968 0.241567
v -0.234521 -0.123044 0.241321
v -0.233436 -0.123157 0.240198
v -0.232987 -0.123200 0.239549
v -0.232396 -0.123245 0.238138
v -0.235193 -0.123804 0.241733
v -0.241853 -0.123291 0.231796
v -0.243389 -0.123804 0.233537
v -0.232211 -0.123269 0.236149
v -0.232618 -0.123250 0.234283
v -0.233181 -0.123131 0.233193
v -0.229594 -0.124013 0.236029
v -0.230508 -0.123703 0.237124
v -0.244189 -0.122770 0.236276
v -0.252998 -0.129152 0.229793
v -0.253371 -0.127074 0.231804
v -0.251189 -0.127116 0.229465
v -0.246894 -0.124476 0.229810
v -0.245661 -0.124631 0.228535
v -0.236370 -0.122996 0.230701
v -0.235492 -0.130751 0.268791
v -0.273722 -0.136460 0.321418
v -0.275737 -0.144805 0.355668
v -0.274816 -0.147830 0.353655
v -0.275021 -0.147890 0.359675
v -0.276295 -0.144804 0.367768
v -0.275943 -0.146450 0.365346
v -0.276188 -0.146480 0.371022
v -0.272513 -0.149970 0.353535
v -0.276883 -0.136846 0.385612
v -0.276465 -0.136575 0.382537
v -0.242868 -0.151931 0.338777
v -0.251789 -0.152804 0.372870
v -0.258600 -0.152622 0.379041
v -0.258995 -0.152608 0.372522
v -0.234582 -0.141804 0.337383
v -0.233857 -0.141804 0.341675
v -0.234393 -0.144804 0.338569
v -0.236107 -0.138804 0.326340
v -0.237187 -0.136474 0.318637
v -0.236288 -0.136566 0.326381
v -0.235395 -0.144804 0.331858
v -0.235571 -0.146249 0.331812
v -0.262042 -0.152382 0.385216
v -0.277430 -0.146596 0.399372
v -0.277691 -0.146621 0.405158
v -0.277993 -0.145781 0.404750
v -0.277842 -0.138305 0.397782
v -0.278167 -0.136111 0.405431
v -0.278101 -0.133233 0.412694
v -0.241925 -0.131004 0.381247
v -0.240616 -0.131094 0.381247
v -0.240632 -0.131079 0.374716
v -0.230880 -0.127136 0.399162
v -0.228784 -0.126484 0.400306
v -0.226388 -0.127536 0.399824
v -0.230423 -0.121637 0.402086
v -0.212739 -0.122630 0.408547
v -0.216323 -0.123893 0.406440
v -0.216368 -0.122604 0.406507
v -0.212581 -0.127063 0.410491
v -0.209032 -0.124901 0.412139
v -0.209796 -0.127043 0.413332
v -0.199659 -0.123964 0.421396
v -0.197289 -0.123992 0.425107
v -0.198258 -0.125026 0.425505
v -0.195746 -0.121554 0.427129
v -0.195642 -0.121804 0.426789
v -0.191991 -0.122938 0.451751
v -0.192127 -0.123275 0.451748
v -0.194348 -0.125317 0.453848
v -0.197567 -0.127132 0.457751
v -0.197460 -0.127103 0.453660
v -0.192801 -0.124125 0.449537
v -0.194211 -0.125226 0.449537
v -0.194155 -0.125183 0.445301
v -0.198354 -0.127154 0.433934
v -0.194909 -0.125094 0.433140
v -0.194079 -0.125112 0.437121
v -0.192129 -0.123279 0.453959
v -0.202146 -0.122604 0.417465
v -0.202149 -0.123323 0.417682
v -0.208579 -0.121554 0.411761
v -0.210041 -0.121804 0.410351
v -0.219715 -0.124088 0.404681
v -0.219266 -0.126112 0.404311
v -0.270827 -0.121554 0.484737
v -0.267611 -0.121304 0.487149
v -0.277188 -0.125501 0.475426
v -0.272758 -0.127558 0.477271
v -0.274412 -0.125430 0.479065
v -0.266503 -0.127251 0.483174
v -0.261521 -0.128753 0.483126
v -0.262949 -0.127106 0.485619
v -0.275638 -0.129736 0.468906
v -0.273354 -0.131441 0.467539
v -0.271158 -0.131254 0.470655
v -0.280564 -0.130221 0.449537
v -0.278981 -0.132018 0.449537
v -0.280207 -0.130203 0.453596
v -0.284151 -0.124029 0.458731
v -0.283972 -0.124045 0.463370
v -0.282445 -0.124035 0.467853
v -0.276043 -0.133719 0.456611
v -0.278439 -0.131980 0.453325
v -0.277790 -0.133539 0.449537
v -0.248284 -0.129721 0.392270
v -0.248508 -0.130298 0.389066
v -0.255579 -0.130336 0.389580
v -0.237770 -0.132002 0.346930
v -0.233917 -0.134642 0.346844
v -0.234680 -0.134631 0.342742
v -0.241844 -0.130903 0.295885
v -0.243803 -0.130183 0.296389
v -0.245094 -0.130076 0.297479
v -0.238192 -0.138804 0.291089
f 1 2 3
f 4 5 6
f 7 8 9
f 10 11 12
f 13 14 15
f 17 18 19
f 20 21 22
f 23 24 25
f 32 33 34
f 44 45 46
f 47 48 49
f 52 53 54
f 56 57 58
f 59 60 61
f 64 65 66
f 65 67 66
f 68 69 70
f 72 73 74
f 75 76 77
f 72 74 80
f 88 89 90
f 91 92 93
f 101 102 103
f 104 105 106
f 107 108 109
f 110 111 112
f 113 114 115
f 121 122 123
f 126 127 128
f 134 135 136
f 137 138 139
f 140 141 142
f 143 144 145
f 146 77 147
f 148 149 150
f 151 152 153
f 156 157 158
f 163 164 165
f 166 167 168
f 169 170 171
f 177 178 179
f 180 181 182
f 185 186 187
f 188 189 190
f 193 194 195
f 196 197 198
f 202 203 204
f 205 206 207
f 184 211 209
f 212 213 214
f 215 216 217
f 218 219 220
f 224 225 226
f 227 228 229
f 230 231 232
f 233 234 235
f 236 237 238
f 241 242 243
f 244 245 246
f 247 248 249
f 252 253 254
f 255 256 257
f 259 260 261
f 262 263 264
f 267 268 269
f 237 270 271
f 273 274 275
f 276 277 278
f 279 280 281
f 289 290 291
f 292 293 294
f 295 296 297
f 305 306 307
f 280 311 312
f 317 318 319
f 324 325 326
f 253 327 328
f 329 330 331
f 333 334 335
f 337 338 339
f 341 342 343
f 346 347 348
f 349 350 245
f 351 70 68
f 353 354 355
f 357 358 359
f 367 368 369
f 372 373 374
f 375 376 370
f 380 381 382
f 383 384 385
f 386 387 388
f 389 390 391
f 393 394 395
f 396 397 398
f 399 400 401
f 402 403 404
f 405 400 406
f 407 408 409
f 410 411 412
f 413 411 414
f 415 411 416
f 417 418 419
f 420 421 422
f 423 424 425
f 426 427 428
f 429 427 430
f 431 432 428
f 437 438 439
f 440 441 442
f 443 444 445
f 446 447 448
f 449 393 450
f 451 452 453
f 454 455 456
f 457 458 459
f 460 461 462
f 463 464 465
f 468 469 470
f 471 472 473
f 474 475 2
f 476 477 478
f 485 486 487
f 482 490 6
f 492 493 494
f 497 498 499
f 502 503 504
f 509 510 511
f 514 515 516
f 517 518 519
f 527 528 529
f 540 535 534
f 542 543 541
f 544 545 546
f 24 549 25
f 552 34 553
f 554 298 555
f 556 557 558
f 559 560 561
f 562 563 564
f 566 567 568
f 573 574 575
f 576 577 578
f 593 594 592
f 595 588 596
f 599 588 595
f 600 601 602
f 603 604 83
f 612 613 614
f 622 623 624
f 637 638 639
f 645 17 646
f 647 648 649
f 650 651 647
f 652 653 654
f 657 658 659
f 665 666 667
f 669 664 670
f 683 684 685
f 690 691 692
f 693 694 695
f 673 700 701
f 702 703 704
f 706 707 708
f 710 711 712
f 713 714 715
f 718 719 54
f 722 723 724
f 726 727 728
f 1 730 731
f 73 733 239
f 738 739 635
f 741 742 611
f 750 751 578
f 583 579 752
f 757 201 758
f 757 759 201
f 760 761 762
f 769 767 92
f 770 771 772
f 773 774 775
f 784 785 786
f 802 803 804
f 821 822 823
f 824 825 826
f 829 365 830
f 832 833 834
f 835 833 832
f 836 837 838
f 109 108 839
f 840 841 842
f 849 112 850
f 110 852 853
f 855 856 857
f 871 135 872
f 878 141 879
f 882 883 884
f 886 887 888
f 889 890 149
f 891 892 893
f 99 125 894
f 895 896 897
f 911 912 913
f 362 916 169
f 174 922 923
f 177 186 185
f 192 932 933
f 940 941 942
f 967 968 969
f 899 971 972
f 976 977 978
f 980 981 218
f 332 990 991
f 233 999 1000
f 1009 1008 1010
f 1018 1017 1019
f 254 1026 1027
f 1028 254 1012
f 1035 1036 266
f 268 1039 28
f 1042 1043 1044
f 1060 1061 1062
f 1063 1064 1065
f 1066 299 1067
f 1068 1069 567
f 1070 277 1071
f 1072 1073 563
f 1079 1080 1081
f 1082 1083 1084
f 1090 1091 1092
f 304 1087 1093
f 1096 1095 1097
f 1098 1099 1100
f 1101 311 1102
f 1104 281 280
f 552 1106 1107
f 342 1108 1109
f 1116 1117 1118
f 316 1118 315
f 1124 1125 1126
f 1127 1126 1128
f 1130 318 328
f 1131 319 1132
f 1134 1135 320
f 1136 1137 323
f 996 995 332
f 1149 1150 1122
f 316 1116 1118
f 1154 340 1155
f 1163 1164 1165
f 1167 271 1168
f 1169 1170 1132
f 1175 1173 344
f 1013 1179 1180
f 1183 1184 1185
f 1002 228 1003
f 1190 1191 170
f 1193 160 1194
f 1196 1197 1198
f 1204 1205 1206
f 1208 1211 1212
f 1220 98 1221
f 1226 1227 1228
f 1239 1240 1241
f 398 1242 1243
f 1249 403 1250
f 1251 1252 1253
f 1254 1255 1256
f 1257 1258 1259
f 1262 1263 1264
f 1265 1266 1267
f 454 1268 1269
f 1270 1271 1272
f 422 1267 420
f 1282 1283 1284
f 1287 1288 1289
f 1278 1291 1292
f 434 413 414
f 433 434 1297
f 1260 1300 1301
f 441 1310 1311
f 1312 410 412
f 1316 1317 1318
f 1319 1320 1321
f 1324 1325 1326
f 1333 1334 1335
f 1336 1337 446
f 1349 1350 453
f 447 1365 448
f 1366 1367 1368
f 1372 1373 1374
f 1394 1395 1396
f 1397 1398 1399
f 1402 1403 1404
f 1405 1406 1407
f 1408 1409 1410
f 1413 1414 1415
f 1416 1417 1418
f 1419 1420 1421
f 1424 1425 1426
f 1430 1431 1432
f 1437 1438 1439
f 1440 1441 1442
f 1443 1444 1445
f 1446 1447 1448
f 1455 1456 1457
f 1461 1462 1463
f 1464 1465 1466
f 1467 1468 1469
f 1471 1472 1473
f 1477 1478 1479
f 1482 1483 1484
f 1487 1488 1489
f 1490 1491 1492
f 1497 1498 1499
f 1501 1504 1505
f 1509 1510 1511
f 1514 1515 1516
f 1517 1508 1518
f 1519 1520 1521
f 1526 1527 1466
f 1528 1529 1530
f 1531 1532 1533
f 1534 1535 1536
f 1539 1540 1541
f 1544 1545 1546
f 1549 1550 1551
f 1552 1545 1553
f 1555 1556 1554
f 1561 1562 1563
f 1564 1565 1566
f 1557 1459 1458
f 1574 1575 1576
f 1579 1580 1581
f 1582 1583 1544
f 1584 1585 1500
f 1586 1587 1588
f 1593 1592 1594
f 1596 1597 1598
f 1599 1600 1601
f 1602 1603 1563
f 1563 1603 1604
f 1607 1608 1609
f 1610 1607 1611
f 1612 1613 1614
f 1615 1564 1565
f 1616 1617 1618
f 1619 1620 1621
f 1622 1623 1624
f 1627 1628 1629
f 1630 1631 1632
f 1633 1634 1635
f 1638 1639 1640
f 1641 1642 1643
f 1644 1645 1646
f 1647 1648 1649
f 1654 1655 1656
f 1550 1663 1549
f 1384 1385 1393
f 1667 1419 1668
f 1669 1670 1671
f 1667 1672 1419
f 1389 1388 1386
f 1706 1707 1708
f 1712 1711 1713
f 1715 1720 1719
f 1726 1559 1404
f 1403 1729 1726
f 1742 1743 1412
f 1417 1753 1418
f 1754 1390 1755
f 1762 1763 1764
f 1402 1730 1770
f 1780 1783 1788
f 1812 1813 1814
f 1501 1817 1818
f 1823 1824 1825
f 1826 1821 1520
f 1827 1828 1829
f 1840 1834 1836
f 1861 1863 1865
f 1873 1861 1409
f 1880 1881 1669
f 1878 1882 1883
f 1878 1884 1877
f 1527 1464 1466
f 1470 1455 1536
f 1893 1746 1750
f 1906 1899 1907
f 1924 1925 1926
f 1502 1931 1521
f 1823 1519 1936
f 1942 1943 1465
f 1949 1950 1583
f 1951 1758 1537
f 1952 1953 1954
f 1955 1855 1469
f 1956 1567 1957
f 1958 1959 1960
f 1961 1962 1539
f 1501 1963 1964
f 1967 1968 1834
f 1971 1496 1972
f 1973 1974 1975
f 1512 1976 1977
f 1978 1979 1980
f 1981 1982 1983
f 1984 1985 1986
f 1987 1988 1989
f 1702 1993 1423
f 1998 1999 2000
f 2004 1455 2005
f 2008 2009 2010
f 2011 2012 2013
f 2017 2018 2019
f 2020 2021 2022
f 2023 1564 1566
f 2024 2025 2026
f 2027 1390 2028
f 2029 2028 2030
f 2031 2032 2033
f 2042 2043 2044
f 2045 2046 2047
f 1964 1501 1505
f 2052 2053 2054
f 2055 2056 1591
f 2057 2058 2059
f 2064 2065 2066
f 2067 2055 1591
f 2062 2068 2069
f 2070 2071 2072
f 2073 1592 1511
f 2074 2075 2076
f 2071 1593 2077
f 1694 2081 1951
f 1532 2082 1533
f 1530 2083 2084
f 2085 2086 2087
f 2088 2089 2090
f 2091 2092 2093
f 2094 2095 2096
f 2097 2098 2099
f 2100 2101 2102
f 2103 2104 2105
f 2106 2107 2108
f 2109 1637 2110
f 2113 2114 2115
f 2116 2117 2118
f 2121 2122 2123
f 2124 2125 2126
f 2127 2128 2129
f 2130 2131 2132
f 2133 2134 2135
f 2136 2137 2138
f 2141 2142 2143
f 2144 2145 2146
f 2147 2148 2149
f 2152 2153 2154
f 2155 2156 2157
f 2160 2161 2162
f 2163 2164 2165
f 2166 2167 2168
f 2169 2170 2171
f 2172 2173 2174
f 2175 2176 2177
f 2183 2184 2185
f 2190 2191 2189
f 2192 2193 2194
f 2195 2196 2197
f 2198 2199 2200
f 2201 2202 2203
f 2204 2205 2206
f 2152 2207 2208
f 2209 2210 2211
f 2212 2213 2214
f 2215 2216 2217
f 2218 2219 2220
f 2221 2222 2223
f 2224 2225 2226
f 2227 2228 2229
f 2232 2233 2234
f 2235 2236 2237
f 2238 2239 2240
f 2241 2242 2243
f 2244 2245 2246
f 2247 2248 2249
f 2250 2251 2252
f 2253 2254 2255
f 2256 2257 2258
f 2259 2260 2261
f 2262 2263 2264
f 2265 2266 2262
f 2267 2268 2269
f 2270 2271 2272
f 2273 2274 2275
f 2277 2278 2279
f 2280 1609 2281
f 2282 2283 2284
f 2287 2288 2289
f 2290 2291 2292
f 2254 2293 2294
f 2297 2298 2299
f 2300 2301 2302
f 2303 2304 2305
f 2306 2307 2308
f 2309 2310 2311
f 2314 2315 2316
f 2318 2319 2320
f 2328 2329 2326
f 2330 2331 2332
f 2330 2306 2333
f 2334 2335 2336
f 2337 2338 2339
f 2344 2345 2346
f 2347 2348 2349
f 2350 2351 2352
f 2353 2354 2355
f 2356 2357 2358
f 2359 2360 2361
f 2364 2363 2365
f 2366 2367 2368
f 2369 2362 2370
f 2371 2372 2373
f 2374 2375 2376
f 2378 2313 2379
f 2381 2382 2383
f 2384 2385 2386
f 2387 2388 2389
f 2390 2391 2392
f 2395 2396 2397
f 2398 2396 2399
f 2384 2401 2385
f 2404 2405 2406
f 2408 2409 2410
f 2411 2412 2413
f 2414 2415 2416
f 2155 2417 2156
f 1566 2420 1565
f 2423 2424 2425
f 2426 2427 2428
f 2429 2010 2430
f 2433 2434 2412
f 2437 2438 2439
f 2442 2443 2444
f 2445 2446 2447
f 2448 2449 2435
f 2450 2451 2452
f 2453 2454 2455
f 2456 2457 2458
f 2459 2460 2461
f 2462 2463 2464
f 2465 2466 2467
f 2468 2469 2470
f 2471 2472 2473
f 2474 1626 2475
f 2476 2477 2478
f 2479 2480 2481
f 2482 2483 2454
f 2484 2485 2486
f 2487 2488 2489
f 2490 2491 2492
f 2493 2494 2495
f 2496 2497 2498
f 2499 2500 2501
f 2504 2505 2506
f 2509 2510 2511
f 2511 2510 2514
f 2515 2516 2517
f 2509 2518 2519
f 2520 2521 2522
f 2525 2526 2527
f 2528 2495 2529
f 2531 2532 2100
f 2527 2526 2533
f 2534 2535 2492
f 2536 2537 2538
f 2539 2540 2541
f 2544 1597 1601
f 2547 2548 2549
f 2550 2549 2548
f 2551 2552 2469
f 2553 2554 2471
f 2555 2556 2557
f 2558 2559 2560
f 2561 2559 2562
f 2563 2564 2565
f 1647 2568 2569
f 2575 2578 2580
f 2572 2582 2583
f 2594 2593 2592
f 2575 2576 2577
f 2583 2585 2607
f 2609 2610 2611
f 2612 2613 2614
f 2615 2616 2617
f 2619 2620 2621
f 2622 2623 1655
f 2624 2625 2626
f 2627 2628 2629
f 2630 2631 2632
f 2636 2637 2638
f 2639 2640 2222
f 2641 2411 1616
f 2642 2643 2644
f 2651 2652 2653
f 2659 2660 2661
f 2662 2663 2664
f 1662 2665 2666
f 2673 2674 2675
f 2673 2676 2677
f 2173 2679 2680
f 2681 2682 2683
f 2684 2685 2686
f 2687 2688 2689
f 2690 2691 2692
f 1563 2693 2694
f 2695 2696 2697
f 1665 1563 1561
f 2699 2700 2701
f 2702 2123 2703
f 2704 2705 2706
f 2707 2708 2709
f 2710 2711 2712
f 2713 2714 2715
f 2716 2717 2718
f 2719 2720 2721
f 2723 2724 2725
f 2726 2727 2728
f 2729 2730 2731
f 2736 2737 2738
f 2739 2740 2741
f 2752 2753 2754
f 2755 2756 2757
f 2760 2761 2762
f 2764 2765 2766
f 2767 2768 2769
f 2772 2773 2774
f 2773 2775 2774
f 2776 2738 2777
f 2779 2780 2781
f 2779 2781 2786
f 2787 2788 2789
f 2796 2797 2798
f 2801 2802 2803
f 2807 2808 2809
f 2810 2811 2812
f 2813 2814 2815
f 2816 2817 2818
f 2819 2820 2821
f 2827 2828 2829
f 2832 2833 2834
f 2840 2841 2842
f 2843 2844 2845
f 2846 2847 2848
f 2849 2850 2851
f 2852 2783 2853
f 2854 2855 2856
f 2857 2858 2859
f 2868 2869 2870
f 2871 2872 2873
f 2874 2875 2876
f 2882 2883 2884
f 2885 2886 2887
f 2890 2891 2892
f 2893 2894 2895
f 2896 2897 2898
f 2899 2900 2901
f 2902 2903 2904
f 2909 2910 2911
f 2912 2913 2914
f 2889 2918 2916
f 2919 2920 2921
f 2922 2923 2924
f 2925 2926 2927
f 2931 2932 2933
f 2934 2935 2936
f 2937 2938 2939
f 2940 2941 2942
f 2943 2944 2945
f 2948 2949 2950
f 2951 2952 2953
f 2954 2955 2956
f 2959 2960 2961
f 2962 2963 2787
f 2965 2966 2967
f 2968 2969 2970
f 2971 2972 2973
f 2974 2975 2976
f 2944 2977 2978
f 2980 2981 2982
f 2983 2984 2985
f 2986 2987 2988
f 2996 2997 2998
f 2999 3000 3001
f 3002 3003 3004
f 3013 3014 3015
f 2987 3019 3020
f 3025 3026 3027
f 3032 3033 3034
f 2960 3035 3036
f 3037 3038 3039
f 3040 3037 3041
f 3042 3043 3044
f 3046 3047 3048
f 3050 3051 3052
f 3055 3056 3057
f 3058 3059 2952
f 3060 2777 2776
f 3062 3063 3064
f 3066 3067 3068
f 3076 3077 3078
f 3079 3080 3081
f 3082 3083 3084
f 3085 3086 3079
f 3090 3091 3092
f 3093 3094 3095
f 3096 3097 3098
f 3099 3100 3101
f 3104 3105 3106
f 3107 3108 3109
f 3110 3111 3112
f 3113 3114 3115
f 3116 3111 3117
f 3118 3119 3120
f 3121 3122 3123
f 3124 3122 3125
f 3126 3122 3127
f 3128 3129 3130
f 3131 3132 3133
f 3136 3137 3138
f 3139 3137 3140
f 3141 3142 3138
f 3147 3148 3149
f 3150 3151 3152
f 3153 3154 3155
f 3156 3157 3158
f 3159 3104 3160
f 3161 3162 3163
f 3164 3165 3166
f 3169 3170 3171
f 3176 3177 3178
f 3179 3180 3181
f 3182 3183 2708
f 3184 3185 3186
f 3193 3194 3195
f 3190 3198 2712
f 3200 3201 3202
f 3205 3206 3207
f 3210 3211 3212
f 3215 3216 3217
f 3218 3219 3220
f 3223 3224 3225
f 3235 3236 3237
f 3250 3233 3251
f 2730 3254 2731
f 3257 2741 3258
f 3259 3005 3260
f 3261 3262 3263
f 3264 3265 3266
f 3267 3268 3269
f 3271 3272 3273
f 2742 2740 3275
f 3277 3278 3279
f 3296 3290 3297
f 3298 3299 3300
f 3301 3290 3296
f 3302 3303 3304
f 3305 3306 2790
f 3314 3315 3316
f 3325 3326 3327
f 3341 3342 3343
f 3349 2723 3350
f 3351 3352 3353
f 3354 3355 3351
f 3356 3357 3358
f 3361 3362 3363
f 3369 3370 3371
f 3373 3368 3374
f 3386 3387 3388
f 3393 3394 3395
f 3396 3397 3398
f 3407 3408 3409
f 3411 3412 3413
f 3414 3415 3416
f 3419 3420 2762
f 3423 3424 3425
f 3427 3428 3429
f 2707 2957 3431
f 2780 3433 2946
f 3436 3437 2784
f 3441 3442 3339
f 3444 3445 3313
f 3459 2907 3460
f 3459 3461 2907
f 3462 3463 3464
f 3472 3470 2797
f 3473 3474 3475
f 3476 3477 3478
f 3486 3487 3488
f 3496 3497 3498
f 3504 3505 3506
f 3522 3521 3523
f 3524 3525 3526
f 3529 3074 3530
f 3531 3102 3103
f 3532 3533 3534
f 3535 3533 3532
f 3536 3537 3538
f 2815 2814 3539
f 2810 3547 3548
f 3549 2818 3550
f 2816 3552 3553
f 3555 3556 3557
f 3568 3569 3570
f 3570 3079 3568
f 3571 2841 3572
f 3578 2847 3579
f 3582 3583 3584
f 3585 3586 3587
f 3588 3589 2855
f 3590 3591 3592
f 2806 2831 3593
f 3594 3595 3596
f 3610 3611 3612
f 3071 3615 3616
f 2878 3617 3618
f 2882 2891 2890
f 2898 3632 3633
f 3640 3641 3642
f 3668 3669 3670
f 3598 3672 3673
f 3676 3677 3678
f 3680 3681 2925
f 2940 3697 3698
f 3706 3705 3707
f 3712 2788 3713
f 3716 3715 3717
f 2961 3723 3724
f 3725 2961 3709
f 3730 3731 3732
f 3733 3734 2972
f 2975 3736 2734
f 3739 3740 3741
f 3757 3758 3759
f 3760 3761 3762
f 3763 3006 3764
f 3765 3766 3272
f 3767 2984 3768
f 3769 3770 3268
f 3776 3777 3778
f 3779 3780 3781
f 3788 3789 3790
f 3012 3785 3791
f 3795 3793 3796
f 3797 3798 3799
f 3800 3019 3801
f 3803 2988 2987
f 3805 3806 3807
f 3051 3808 3809
f 3815 3816 3817
f 3825 3826 3827
f 3829 3026 3036
f 3830 3027 3831
f 3832 3833 3028
f 3834 3835 3031
f 3695 3694 3041
f 3847 3848 3821
f 3024 3815 3817
f 3852 3049 3853
f 3861 3862 3863
f 3866 3867 3831
f 3869 3870 3871
f 3872 3870 3053
f 3710 3877 3878
f 3880 3881 3882
f 3695 3883 3884
f 3887 3888 2875
f 3890 2865 3891
f 3893 3894 3895
f 3901 3902 3903
f 3905 3908 3909
f 3917 2804 3918
f 3532 3921 3922
f 3924 3925 3926
f 3938 3939 3940
f 3109 3941 3942
f 3948 3114 3949
f 3950 3951 3952
f 3953 3954 3955
f 3956 3957 3958
f 3961 3962 3963
f 3964 3965 3966
f 3164 3967 3968
f 3969 3970 3971
f 3133 3966 3131
f 3981 3982 3983
f 3986 3987 3988
f 3977 3990 3991
f 3144 3124 3125
f 3959 3999 4000
f 3151 4009 4010
f 4011 3121 3123
f 4017 4018 4019
f 4022 4023 4024
f 4031 4032 4033
f 4034 4035 3156
f 4048 4049 3163
f 3157 4066 3158
f 4072 4073 4074
f 4086 4087 4088
f 4089 4090 4091
f 4095 4096 4097
f 4102 4103 4104
f 4107 4108 4109
f 4110 4111 4112
f 4113 4114 4115
f 4116 4117 4118
f 4121 4122 4123
f 4124 4125 4126
f 4129 4130 4131
f 4140 4141 4142
f 4143 4144 4145
f 4146 4147 4148
f 4149 4150 4151
f 4152 4153 4154
f 4121 4157 4122
f 4166 4167 4168
f 4171 4172 4173
f 4175 4173 4176
f 4180 4181 4182
f 4185 4186 4187
f 4190 4191 4192
f 4193 4194 4087
f 4196 4197 4198
f 4199 4200 4201
f 4203 4206 4207
f 4211 4212 4213
f 4220 4221 4222
f 4225 4226 4227
f 4231 4232 4233
f 4239 4240 4241
f 4242 4243 4244
f 4245 4246 4247
f 4248 4249 4250
f 4239 4251 4252
f 4253 4254 4255
f 4257 4258 4259
f 4262 4263 4264
f 4265 4266 4267
f 4268 4269 4270
f 4271 4272 4273
f 4274 4275 4261
f 4282 4283 4284
f 4287 4288 4289
f 4290 4291 4292
f 4293 4203 4294
f 4298 4299 4300
f 4301 4302 4238
f 4305 4306 4307
f 4308 4309 4310
f 4311 4312 4313
f 4314 4315 4316
f 4240 4317 4318
f 4319 4320 4321
f 4326 4327 4269
f 4328 4329 4330
f 4331 4332 4333
f 4334 4335 4336
f 4337 4338 4339
f 4340 4341 4342
f 4343 4344 4345
f 4346 4347 4348
f 4349 4350 4351
f 4352 4353 4354
f 4355 4356 4357
f 4358 4359 4360
f 4361 4362 4363
f 4364 4365 4366
f 4367 4368 4369
f 4370 4371 4372
f 4373 4374 4375
f 4378 4379 4380
f 4382 4383 4384
f 4388 4389 4157
f 4390 4391 4392
f 4216 4397 4398
f 4424 4425 4426
f 4427 4426 4425
f 4418 4433 4417
f 4262 4444 4445
f 4163 4450 4451
f 4464 4463 4465
f 4122 4466 4467
f 4472 4473 4474
f 4475 4123 4476
f 4119 4484 4485
f 4261 4490 4491
f 4497 4127 4498
f 4494 4127 4457
f 4499 4448 4449
f 4503 4504 4131
f 4503 4505 4509
f 4510 4164 4511
f 4521 4522 4523
f 4525 4526 4519
f 4517 4527 4528
f 4534 4221 4535
f 4515 4514 4544
f 4545 4546 4547
f 4553 4554 4556
f 4439 4561 4552
f 4565 4566 4212
f 4435 4573 4175
f 4434 4575 4567
f 4386 4583 4582
f 4590 4591 4187
f 4604 4605 4599
f 4616 4615 4612
f 4120 4484 4619
f 4620 4621 4395
f 4196 4628 4629
f 4631 4195 4630
f 4633 4629 4628
f 4626 4635 4636
f 4648 4650 4649
f 4642 4641 4654
f 4656 4657 4640
f 4664 4665 4666
f 4207 4668 4669
f 4228 4155 4676
f 4679 4677 4680
f 4681 4682 4683
f 4685 4686 4687
f 4692 4693 4694
f 4695 4696 4697
f 4317 4698 4699
f 4210 4700 4290
f 4704 4705 4706
f 4711 4248 4712
f 4713 4714 4715
f 4716 4717 4718
f 4719 4720 4251
f 4721 4285 4722
f 4725 4726 4727
f 4728 4729 4730
f 4740 4741 4738
f 4742 4743 4744
f 4745 4746 4747
f 4748 4749 4750
f 4751 4752 4753
f 4754 4753 4511
f 4755 4756 4757
f 4758 4759 4760
f 4327 4761 4762
f 4763 4764 4765
f 4766 4767 4768
f 4769 4770 4771
f 4768 4773 4774
f 4775 4776 4777
f 4277 4278 4732
f 4741 4279 4278
f 4280 4281 4731
f 4780 4781 4782
f 4711 4784 4286
f 4785 4786 4787
f 4791 4792 4793
f 4794 4795 4796
f 4790 4797 4798
f 4799 4800 4801
f 4802 4803 4804
f 4805 4806 4807
f 4810 4811 4812
f 4645 4813 4814
f 4817 4818 4819
f 4296 4820 4821
f 4823 4824 4206
f 4679 4680 4825
f 4829 4830 4307
f 4831 4832 4833
f 4834 4835 4836
f 4837 4838 4839
f 4840 4841 4842
f 4843 4844 4845
f 4846 4847 4848
f 4849 4850 4851
f 4852 4853 4854
f 4857 4858 4859
f 4860 4861 4862
f 4863 4864 4865
f 4866 4867 4868
f 4871 4872 4873
f 4874 4875 4876
f 4877 4878 4879
f 4880 4881 4882
f 4883 4884 4885
f 4886 4887 4883
f 4888 4889 4890
f 4891 4892 4893
f 4894 4895 4896
f 4899 4900 4901
f 4902 4903 4904
f 4905 4906 4907
f 4908 4909 4910
f 4911 4912 4913
f 4914 4915 4916
f 4917 4918 4919
f 4314 4920 4921
f 4930 4931 4317
f 4932 4933 4934
f 4935 4936 4937
f 4938 4939 4940
f 4941 4942 4943
f 4944 4945 4946
f 4947 4948 4949
f 4950 4951 4952
f 4953 4954 4955
f 4956 4957 4958
f 4959 4960 4961
f 4962 4963 4964
f 4965 4966 4967
f 4968 4969 4970
f 4971 4972 4973
f 4976 4977 4974
f 4978 4979 4980
f 4981 4982 4983
f 4984 4985 4986
f 4987 4988 4989
f 4990 4991 4992
f 4993 4994 4995
f 4996 4997 4998
f 4999 5000 5001
f 5002 5003 5004
f 5005 5006 5007
f 5008 5009 5010
f 5013 5014 5015
f 5018 5019 5020
f 5021 5022 5023
f 5024 5025 5026
f 5027 5028 5029
f 5033 5034 5035
f 5036 5037 5038
f 5039 5040 5041
f 5042 5043 5044
f 5045 5046 5047
f 5048 5049 5050
f 5051 5052 5053
f 5067 5068 5069
f 5070 5071 5072
f 5073 5074 5075
f 5076 5077 5078
f 5079 5080 5081
f 5079 5081 5082
f 5083 5084 5085
f 5086 5087 5088
f 5089 5090 5091
f 5092 5093 5094
f 5095 5096 5097
f 5072 5098 5099
f 5100 5101 5102
f 5103 5104 5105
f 5106 5107 5108
f 5109 5110 5094
f 5111 5112 5113
f 5118 5119 5120
f 5121 5122 5123
f 5124 5125 5126
f 5129 5130 5131
f 4935 5135 4936
f 5137 5138 5139
f 5140 5141 5142
f 5144 5145 5146
f 5147 5148 5149
f 5150 4904 5151
f 5152 5153 5154
f 4312 4311 5156
f 5159 5160 5161
f 5150 5162 5163
f 5164 5165 5166
f 5167 5168 5169
f 5170 4380 4379
f 5171 5172 5173
f 5175 5176 5177
f 5178 5179 5180
f 5181 5182 5183
f 5184 5185 5186
f 5187 5188 5189
f 5190 5191 5192
f 5193 5194 5195
f 5196 5197 5198
f 5199 5200 5201
f 5202 5203 5204
f 5205 5206 5207
f 4340 5208 5209
f 5210 5211 5212
f 5213 5214 5215
f 5216 5217 5218
f 5219 5220 5221
f 5222 5223 5224
f 5225 5226 5227
f 5228 5229 5230
f 5231 4346 5232
f 5233 5234 5235
f 5236 5237 5238
f 5239 5240 5241
f 5248 5249 5250
f 5241 5251 5239
f 5257 5258 5259
f 5260 5261 5262
f 4351 4350 5263
f 5264 5265 5266
f 5267 5268 5269
f 5270 5271 5272
f 5273 5274 5275
f 5276 5277 5278
f 5279 5280 4829
f 5281 5282 5283
f 5288 5289 5290
f 5291 5292 5293
f 5294 5295 5296
f 5297 5298 5299
f 5300 5301 5302
f 5303 5304 5305
f 5308 5309 5310
f 4363 5311 5312
f 5315 5316 5317
f 5336 5334 5335
f 5348 5349 5350
f 5352 5353 5354
f 5312 5355 5356
f 5315 5356 5318
f 5282 5290 5357
f 5358 5187 5189
f 5359 5360 5361
f 5362 5363 5364
f 5185 5365 5186
f 4864 5368 4865
f 5369 5370 5371
f 5372 5373 5374
f 5375 5376 5377
f 5370 5380 5178
f 5381 5382 5383
f 5169 5384 5385
f 5386 5173 5387
f 5388 5389 5390
f 5391 5392 5393
f 5395 5396 5397
f 5398 5399 5400
f 5401 5402 5403
f 5404 5405 5406
f 4287 5407 5408
f 5409 5410 5411
f 5412 5413 5414
f 5415 5416 5417
f 5407 5418 5408
f 5419 4381 5420
f 5423 5396 5424
f 5426 5427 5428
f 5429 5430 5431
f 5432 5433 5434
f 5435 5436 5437
f 4382 5438 5439
f 5440 5439 5441
f 5442 5443 5444
f 5445 5446 5447
f 5448 5449 5450
f 5451 5452 5453
f 5455 5456 5457
f 5458 5459 5460
f 5461 5462 5463
f 5464 5465 5466
f 5467 5468 5469
f 5471 5472 5473
f 5474 5475 5476
f 5477 5478 5479
f 5484 5485 5486
f 5487 5488 5489
f 5499 5500 5501
f 5502 5503 5504
f 5507 5508 5509
f 5511 5512 5513
f 5514 5515 5516
f 5519 5520 5521
f 5520 5522 5521
f 5523 5486 5524
f 5526 5527 5528
f 5526 5528 5533
f 5534 5535 5536
f 5543 5544 5545
f 5548 5549 5550
f 5554 5555 5556
f 5557 5558 5559
f 5560 5561 5562
f 5563 5564 5565
f 5566 5567 5568
f 5574 5575 5576
f 5579 5580 5581
f 5587 5588 5589
f 5590 5591 5592
f 5593 5594 5595
f 5596 5597 5598
f 5599 5530 5600
f 5601 5602 5603
f 5604 5605 5606
f 5615 5616 5617
f 5618 5619 5620
f 5621 5622 5623
f 5629 5630 5631
f 5632 5633 5634
f 5637 5638 5639
f 5640 5641 5642
f 5643 5644 5645
f 5648 5649 5650
f 5655 5656 5657
f 5658 5659 5660
f 5636 5664 5662
f 5665 5666 5667
f 5668 5669 5670
f 5671 5672 5673
f 5677 5678 5679
f 5680 5681 5682
f 5683 5684 5685
f 5686 5687 5688
f 5689 5690 5691
f 5694 5695 5696
f 5697 5698 5699
f 5700 5701 5702
f 5705 5706 5707
f 5708 5709 5534
f 5711 5712 5713
f 5714 5715 5716
f 5717 5718 5719
f 5720 5721 5722
f 5690 5723 5724
f 5726 5727 5728
f 5729 5730 5731
f 5732 5733 5734
f 5742 5743 5744
f 5745 5746 5747
f 5748 5749 5750
f 5759 5760 5761
f 5733 5765 5766
f 5773 5774 5775
f 5774 5778 5779
f 5706 5780 5781
f 5782 5783 5784
f 5785 5782 5786
f 5787 5788 5789
f 5791 5792 5793
f 5795 5796 5797
f 5800 5801 5802
f 5803 5804 5698
f 5805 5524 5523
f 5807 5808 5809
f 5811 5812 5813
f 5821 5822 5823
f 5824 5825 5826
f 5827 5828 5829
f 5830 5831 5824
f 5835 5836 5837
f 5838 5839 5840
f 5841 5842 5843
f 5844 5845 5846
f 5849 5850 5851
f 5852 5853 5854
f 5855 5856 5857
f 5858 5859 5860
f 5861 5856 5862
f 5863 5864 5865
f 5866 5867 5868
f 5869 5867 5870
f 5871 5867 5872
f 5873 5874 5875
f 5876 5877 5878
f 5881 5882 5883
f 5884 5882 5885
f 5886 5887 5883
f 5892 5893 5894
f 5895 5896 5897
f 5898 5899 5900
f 5901 5902 5903
f 5904 5849 5905
f 5906 5907 5908
f 5909 5910 5911
f 5914 5915 5916
f 5921 5922 5923
f 5924 5925 5926
f 5927 5928 5456
f 5929 5930 5931
f 5939 5940 5941
f 5936 5944 5460
f 5946 5947 5948
f 5949 5950 5951
f 5952 5953 5954
f 5957 5958 5959
f 5962 5963 5964
f 5965 5966 5967
f 5971 5972 5973
f 5983 5984 5985
f 5998 5981 5999
f 5478 6002 5479
f 6005 5489 6006
f 6007 5751 6008
f 6009 6010 6011
f 6012 6013 6014
f 6015 6016 6017
f 6019 6020 6021
f 5488 6023 6024
f 6026 6027 6028
f 6045 6039 6046
f 6047 6048 6049
f 6050 6039 6045
f 6051 6052 6053
f 6054 6055 5537
f 6063 6064 6065
f 6074 6075 6076
f 6090 6091 6092
f 6095 6096 6097
f 6099 5471 6100
f 6101 6102 6103
f 6104 6105 6101
f 6106 6107 6108
f 6114 6115 6116
f 6119 6120 6121
f 6123 6118 6124
f 6136 6137 6138
f 6143 6144 6145
f 6146 6147 6148
f 6153 6154 6127
f 6157 6158 6159
f 6161 6162 6163
f 6164 6165 6166
f 6169 6170 5509
f 6173 6174 6175
f 6177 6178 6179
f 5455 5703 6181
f 5527 6183 5692
f 6186 6187 5531
f 6194 6195 6062
f 6209 5653 6210
f 6209 6211 5653
f 6212 6213 6214
f 6222 6220 5544
f 6223 6224 6225
f 6226 6227 6228
f 6236 6237 6238
f 5936 6244 6245
f 6246 6247 6248
f 6254 6255 6256
f 5942 5937 6257
f 6272 6271 6273
f 6274 6275 6276
f 6279 5819 6280
f 6281 5847 5848
f 6282 6283 6284
f 6285 6283 6282
f 6286 6287 6288
f 6297 5565 6298
f 5563 6300 6301
f 6304 6305 6306
f 6317 6318 6319
f 6319 5824 6317
f 6320 5588 6321
f 6328 5594 6329
f 6332 6333 6334
f 6335 6336 6337
f 6338 6339 5602
f 6340 6341 6342
f 5553 5578 6343
f 6344 6345 6346
f 6360 6361 6362
f 5816 6365 6366
f 5625 6367 6368
f 5629 5638 5637
f 5645 6382 6383
f 5643 6302 5566
f 6390 6391 6392
f 6418 6419 6420
f 6348 6422 6423
f 6426 6427 6428
f 6430 6431 5671
f 5686 6447 6448
f 6460 6463 6464
f 5707 6470 6471
f 6472 5707 6458
f 5705 6473 6474
f 6478 6479 6480
f 6481 6482 5718
f 5721 6484 5482
f 6487 6488 6489
f 6505 6506 6507
f 6510 5752 6511
f 6512 6513 6020
f 6514 5730 6515
f 6516 6517 6016
f 6523 6524 6525
f 6526 6527 6528
f 6535 6536 6537
f 5758 6532 6538
f 6542 6543 6544
f 6545 6546 6547
f 6548 5765 6549
f 6551 5734 5733
f 6553 6554 6555
f 5796 6556 6557
f 6563 6564 6565
f 6573 6574 6575
f 6577 5771 5781
f 6578 5772 6579
f 6580 6581 5773
f 6582 6583 5777
f 6445 6444 5786
f 6595 6596 6569
f 5770 6563 6565
f 6600 5794 6601
f 6609 6610 6611
f 6614 6615 6579
f 6619 6617 5798
f 6459 6624 6625
f 6627 6628 6629
f 6445 6630 6631
f 6634 5815 5622
f 6636 5612 6637
f 6645 6646 6647
f 6648 6649 6650
f 6652 6655 6656
f 6664 5551 6665
f 6282 6668 6669
f 6671 6672 6673
f 6685 6686 6687
f 5854 6688 6689
f 6695 5859 6696
f 6697 6698 6699
f 6700 6701 6702
f 6703 6704 6705
f 6708 6709 6710
f 6711 6712 6713
f 5909 6714 6715
f 6716 6717 6718
f 5878 6713 5876
f 6728 6729 6730
f 6733 6734 6735
f 6724 6737 6738
f 5889 5869 5870
f 6706 6746 6747
f 5896 6756 6757
f 6758 5866 5868
f 6764 6765 6766
f 6769 6770 6771
f 6778 6779 6780
f 6781 6782 5901
f 6795 6796 5908
f 5902 6813 5903
f 6819 6820 6821
f 6842 6843 6844
f 6849 6850 6851
f 6852 6853 6854
f 6855 6856 6857
f 6860 6861 6862
f 6863 6864 6865
f 6866 6867 6868
f 6871 6872 6873
f 6877 6878 6879
f 6884 6885 6886
f 6889 6890 6891
f 6892 6893 6894
f 6901 6902 6903
f 6907 6908 6909
f 6910 6911 6912
f 6913 6914 6915
f 6917 6918 6919
f 6923 6924 6925
f 6928 6929 6930
f 6933 6934 6935
f 6936 6937 6938
f 6940 6941 6942
f 6947 6949 6950
f 6885 6952 6953
f 6954 6955 6956
f 6959 6960 6941
f 6961 6952 6962
f 6963 6964 6892
f 6967 6968 6969
f 6970 6971 6972
f 6973 6974 6975
f 6978 6979 6916
f 6983 6984 6985
f 6988 6989 6990
f 6991 6992 6993
f 6994 6995 6996
f 6999 7000 6998
f 7005 7006 7007
f 7008 7009 7010
f 7020 7021 7022
f 7025 7026 7027
f 7028 7029 6988
f 7030 7031 6946
f 7032 7033 7034
f 7038 6954 7039
f 7041 7042 7043
f 7044 7045 7046
f 7047 7048 7007
f 7007 7048 7049
f 7052 7053 7054
f 7055 7052 7056
f 7059 7008 7009
f 7060 7061 7062
f 7063 7064 7065
f 7066 7067 7068
f 7071 7072 7073
f 7074 7075 7076
f 7077 7078 7079
f 7082 7083 7084
f 7085 7086 7087
f 7088 7089 7090
f 7091 7092 7093
f 7094 7095 7096
f 7099 7100 7101
f 6995 7108 6994
f 7111 6866 7112
f 7113 7114 7115
f 7111 7116 6866
f 6837 7126 6833
f 7141 6922 7138
f 6932 7153 7154
f 6900 7161 7162
f 7163 6898 7161
f 7167 7002 7168
f 6850 7171 7167
f 7181 6855 6901
f 6864 7196 6865
f 7197 6838 7198
f 7203 7199 7204
f 7208 7209 7210
f 7231 7232 7233
f 7235 6875 7234
f 7233 7242 7243
f 7256 7257 6877
f 7267 7268 7269
f 6947 7272 7273
f 7277 6963 7278
f 7162 7160 7305
f 7312 7308 7313
f 7316 7317 7001
f 7320 7308 7184
f 6971 6912 6972
f 7354 7355 7356
f 7361 7362 7363
f 7371 7370 7369
f 6948 7249 7250
f 7378 7377 7379
f 7380 6963 7381
f 7387 7388 7389
f 7388 6895 6955
f 7331 7392 6911
f 7393 7394 7395
f 7397 7398 7399
f 7397 7400 7029
f 7402 7403 7404
f 7405 7162 6915
f 7406 7011 7407
f 7408 7409 7410
f 7411 7412 6983
f 6947 7413 7414
f 7417 7418 7287
f 7419 7420 7421
f 7422 7423 7424
f 7425 7426 7427
f 6957 7430 7431
f 7432 7417 7433
f 7434 7435 7436
f 7437 7438 7439
f 7440 7441 7442
f 7452 7453 7454
f 7457 7019 7458
f 7461 7462 7463
f 7464 7465 7466
f 7470 7471 7472
f 7473 7474 7475
f 7476 7008 7010
f 7477 7478 7479
f 7480 7481 7338
f 7482 7338 7483
f 7484 7407 7485
f 7495 7496 7497
f 7498 7499 7500
f 7506 7507 7508
f 7509 7510 7037
f 7511 7512 7513
f 7520 7509 7037
f 7516 7521 7522
f 7523 7524 7525
f 7526 6954 6956
f 7527 7528 7529
f 7530 7531 7532
f 7139 7536 7401
f 6977 7314 6976
f 7538 7539 7540
f 7541 7542 7543
f 7544 7545 7546
f 7547 7548 7549
f 7552 7553 7554
f 7555 7556 7557
f 7558 7559 7560
f 7561 7081 7562
f 7565 7566 7567
f 7568 7569 7570
f 7573 7574 7575
f 7576 7577 7578
f 7579 7580 7581
f 7582 7583 7584
f 7585 7586 7587
f 7588 7589 7590
f 7593 7594 7595
f 7596 7597 7598
f 7599 7600 7601
f 7604 7605 7606
f 7607 7608 7609
f 7612 7613 7614
f 7615 7616 7617
f 7618 7619 7620
f 7621 7622 7623
f 7624 7625 7626
f 7627 7628 7629
f 7641 7642 7640
f 7643 7644 7645
f 7646 7647 7648
f 7649 7650 7651
f 7652 7653 7654
f 7655 7656 7657
f 7660 7661 7662
f 7663 7664 7665
f 7666 7667 7668
f 7669 7670 7671
f 7672 7673 7674
f 7675 7676 7677
f 7678 7679 7680
f 7683 7684 7685
f 7686 7687 7688
f 7689 7690 7691
f 7692 7693 7694
f 7695 7696 7697
f 7698 7699 7700
f 7701 7702 7703
f 7704 7705 7706
f 7707 7708 7709
f 7710 7711 7712
f 7713 7714 7715
f 7717 7718 7719
f 7720 7721 7722
f 7723 7724 7725
f 7727 7728 7729
f 7730 7054 7731
f 7732 7733 7734
f 7737 7738 7739
f 7740 7741 7742
f 7705 7743 7744
f 7747 7748 7749
f 7750 7751 7752
f 7753 7754 7755
f 7756 7757 7758
f 7759 7760 7761
f 7763 7764 7765
f 7776 7769 7773
f 7777 7778 7779
f 7777 7756 7780
f 7781 7782 7783
f 7784 7785 7786
f 7787 7788 7789
f 7790 7791 7792
f 7793 7794 7795
f 7796 7797 7798
f 7799 7800 7801
f 7802 7803 7804
f 7805 7806 7807
f 7808 7809 7810
f 7813 7812 7814
f 7817 7811 7818
f 7819 7820 7821
f 7822 7823 7824
f 7826 7762 7827
f 6984 7829 7830
f 7831 7832 7833
f 7834 7835 7836
f 7837 7838 7839
f 7842 7843 7844
f 7845 7846 7847
f 7831 7849 7832
f 7852 7853 7854
f 7856 7857 7858
f 7859 7860 7861
f 7862 7863 7864
f 7607 7865 7608
f 7866 7059 7867
f 7010 7869 7009
f 7872 7873 7874
f 7877 7878 7879
f 7881 7882 7860
f 7885 7886 7887
f 7890 7891 7892
f 7893 7894 7895
f 7896 7897 7883
f 7898 7899 7900
f 7901 7902 7903
f 7904 7905 7906
f 7907 7908 7909
f 7910 7911 7912
f 7913 7914 7915
f 7916 7917 7918
f 7919 7920 7921
f 7922 7070 7923
f 7924 7925 7926
f 7927 7928 7929
f 7930 7931 7902
f 7932 7933 7934
f 7935 7936 7937
f 7938 7939 7940
f 7941 7942 7943
f 7944 7945 7946
f 7947 7948 7949
f 7950 7951 7952
f 7953 7954 7955
f 7958 7959 7960
f 7960 7959 7964
f 7965 7966 7967
f 7958 7968 7969
f 7970 7971 7972
f 7975 7976 7977
f 7978 7943 7979
f 7981 7982 7552
f 7977 7976 7983
f 7984 7985 7940
f 7986 7987 7988
f 7989 7990 7991
f 7994 7042 7046
f 7997 7998 7999
f 8000 7999 7998
f 8001 8002 7917
f 8003 8004 7919
f 8005 8006 8007
f 8008 8009 8010
f 8011 8009 8012
f 8013 8014 8015
f 8023 8024 8025
f 8026 8027 8028
f 8031 8032 8033
f 8034 8035 8036
f 8024 8026 8028
f 8052 8053 8054
f 8027 8058 8057
f 8036 8037 8059
f 8061 8062 8063
f 8064 8065 8066
f 8067 8068 8069
f 8071 8072 8073
f 8074 8075 7100
f 8076 8077 8078
f 8079 8080 8081
f 8082 8083 8084
f 8088 8089 8090
f 8091 8092 7673
f 8093 7859 7060
f 8094 8095 8096
f 8103 8104 8105
f 8111 8112 8113
f 7107 8116 8117
f 8124 8125 8126
f 8124 8127 8128
f 7625 8130 8131
f 8132 8133 8134
f 8135 8136 8137
f 8138 8139 8140
f 8141 8142 8143
f 7007 8144 8145
f 8146 8147 8148
f 7110 7007 7005
f 8150 8151 8152
f 8153 7575 8154
f 8155 8156 8157
f 8158 8159 8160
f 8161 8162 8163
f 8164 8165 8166
f 8167 8168 8169
f 8170 8171 8172
f 8174 8175 8176
f 8177 8178 8179
f 8180 8181 8182
f 8189 8190 8191
f 8200 8201 8202
f 8203 8204 8205
f 8208 8209 8210
f 8212 8213 8214
f 8215 8216 8217
f 8220 8221 8222
f 8221 8223 8222
f 8224 8225 8226
f 8228 8229 8230
f 8231 8232 8233
f 8228 8230 8236
f 8244 8245 8246
f 8247 8248 8249
f 8257 8258 8259
f 8260 8261 8262
f 8263 8264 8265
f 8266 8267 8268
f 8269 8270 8271
f 8277 8278 8279
f 8282 8283 8284
f 8290 8291 8292
f 8293 8294 8295
f 8296 8297 8298
f 8299 8300 8301
f 8302 8233 8303
f 8304 8305 8306
f 8307 8308 8309
f 8312 8313 8314
f 8319 8320 8321
f 8322 8323 8324
f 8325 8326 8327
f 8333 8334 8335
f 8336 8337 8338
f 8341 8342 8343
f 8344 8345 8346
f 8347 8348 8349
f 8352 8353 8354
f 8358 8359 8360
f 8361 8362 8363
f 8340 8367 8365
f 8368 8369 8370
f 8371 8372 8373
f 8374 8375 8376
f 8380 8381 8382
f 8383 8384 8385
f 8386 8387 8388
f 8389 8390 8391
f 8392 8393 8394
f 8397 8398 8399
f 8400 8401 8402
f 8403 8404 8405
f 8408 8409 8410
f 8411 8412 8413
f 8415 8416 8417
f 8418 8419 8420
f 8423 8424 8425
f 8393 8426 8427
f 8429 8430 8431
f 8432 8433 8434
f 8435 8436 8437
f 8445 8446 8447
f 8448 8449 8450
f 8451 8452 8453
f 8462 8463 8464
f 8436 8468 8469
f 8476 8477 8478
f 8477 8481 8482
f 8409 8483 8484
f 8485 8486 8487
f 8489 8490 8491
f 8493 8494 8495
f 8497 8498 8499
f 8502 8503 8504
f 8505 8506 8401
f 8507 8226 8224
f 8509 8510 8511
f 8513 8514 8515
f 8523 8524 8525
f 8528 8529 8530
f 8531 8532 8526
f 8536 8537 8538
f 8539 8540 8541
f 8542 8543 8544
f 8545 8546 8547
f 8549 8550 8551
f 8552 8553 8554
f 8555 8556 8557
f 8558 8559 8560
f 8561 8556 8562
f 8563 8564 8565
f 8566 8567 8568
f 8569 8567 8570
f 8571 8567 8572
f 8573 8574 8575
f 8576 8577 8578
f 8579 8580 8581
f 8582 8583 8584
f 8585 8583 8586
f 8587 8588 8584
f 8593 8594 8595
f 8596 8597 8598
f 8599 8600 8601
f 8602 8603 8604
f 8605 8549 8606
f 8607 8608 8609
f 8610 8611 8612
f 8613 8614 8615
f 8616 8617 8618
f 8619 8620 8621
f 8624 8625 8626
f 8627 8628 8629
f 8630 8631 8159
f 8632 8633 8634
f 8642 8643 8644
f 8639 8647 8163
f 8649 8252 8650
f 8651 8652 8653
f 8654 8655 8656
f 8659 8660 8661
f 8666 8667 8668
f 8672 8673 8674
f 8675 8676 8677
f 8685 8686 8687
f 8698 8693 8692
f 8700 8701 8699
f 8702 8703 8704
f 8181 8707 8182
f 8710 8191 8711
f 8712 8454 8713
f 8714 8715 8716
f 8717 8718 8719
f 8720 8721 8722
f 8724 8725 8726
f 8731 8732 8733
f 8734 8735 8736
f 8751 8752 8750
f 8753 8746 8754
f 8757 8746 8753
f 8758 8759 8760
f 8761 8762 8239
f 8770 8771 8772
f 8780 8781 8782
f 8795 8796 8797
f 8800 8801 8802
f 8804 8174 8805
f 8806 8807 8808
f 8809 8810 8806
f 8811 8812 8813
f 8819 8820 8821
f 8824 8825 8826
f 8828 8823 8829
f 8842 8843 8844
f 8849 8850 8851
f 8852 8853 8854
f 8859 8860 8861
f 8862 8863 8864
f 8865 8866 8867
f 8869 8870 8871
f 8872 8873 8874
f 8877 8878 8210
f 8881 8882 8883
f 8885 8886 8887
f 8158 8889 8890
f 8229 8892 8395
f 8900 8901 8769
f 8909 8910 8736
f 8741 8737 8911
f 8916 8357 8917
f 8916 8918 8357
f 8919 8920 8921
f 8928 8926 8248
f 8929 8930 8931
f 8932 8933 8934
f 8943 8944 8945
f 8639 8951 8952
f 8961 8962 8963
f 8645 8640 8965
f 8980 8981 8982
f 8983 8984 8985
f 8988 8521 8989
f 8991 8992 8993
f 8994 8992 8991
f 8995 8996 8997
f 8998 8999 9000
f 9006 8268 9007
f 8266 9009 9010
f 9013 9014 9015
f 9028 8291 9029
f 9036 8297 9037
f 9040 9041 9042
f 9044 9045 9046
f 9047 9048 8305
f 9049 9050 9051
f 8255 8281 9052
f 9053 9054 9055
f 9069 9070 9071
f 8518 9074 8325
f 8330 9080 9081
f 8333 8342 8341
f 8349 9090 9091
f 8347 9011 8269
f 9098 9099 9100
f 9125 9126 9127
f 9057 9129 9130
f 9134 9135 9136
f 9138 9139 8374
f 8488 9148 9149
f 8389 9157 9158
f 9171 9174 9175
f 9176 9177 9178
f 8410 9183 9184
f 9185 8410 9169
f 8408 9186 9178
f 9192 9193 8422
f 8424 9196 8185
f 9199 9200 9201
f 9217 9218 9219
f 9222 8455 9223
f 9224 9225 8725
f 9226 8433 9227
f 9228 9229 8721
f 9235 9236 9237
f 9238 9239 9240
f 9246 9247 9248
f 8461 9243 9249
f 9252 9253 9254
f 9255 9256 9257
f 9258 8468 9259
f 9261 8437 8436
f 8710 9263 9264
f 8498 9265 9266
f 9273 9274 9275
f 8473 9275 8472
f 9281 9282 9283
f 9284 9283 9285
f 9287 8474 8484
f 9288 8475 9289
f 9291 9292 8476
f 9293 9294 8480
f 9154 9153 8488
f 9306 9307 9279
f 8473 9273 9275
f 9312 8496 9313
f 9321 9322 9323
f 9325 8427 9326
f 9327 9328 9289
f 9332 9330 8500
f 9170 9336 9337
f 9340 9341 9342
f 9160 8384 9161
f 9347 8517 8326
f 9349 8316 9350
f 9358 9359 9360
f 9361 9362 9363
f 9365 9368 9369
f 9377 8254 9378
f 9383 9384 9385
f 9396 9397 9398
f 8554 9399 9400
f 9406 8559 9407
f 9408 9409 9410
f 9411 9412 9413
f 9414 9415 9416
f 9419 9420 9421
f 9422 9423 9424
f 8610 9425 9426
f 9427 9428 9429
f 8578 9424 8576
f 9439 9440 9441
f 9444 9445 9446
f 9435 9448 9449
f 8590 8569 8570
f 8589 8590 9454
f 9417 9457 9458
f 8597 9467 9468
f 9469 8566 8568
f 9473 9474 9475
f 9476 9477 9478
f 9481 9482 9483
f 9490 9491 9492
f 9493 9494 8602
f 9506 9507 8609
f 8603 9522 8604
f 9523 9524 9525
f 9529 9530 9531
f 9543 9544 9545
f 9546 9547 9548
f 9552 9553 9554
f 9555 9556 9557
f 9560 9561 9562
f 9565 9566 9567
f 9568 9569 9570
f 9573 9574 9575
f 9576 9577 9578
f 9579 9580 9581
f 9582 9583 9584
f 9587 9588 9589
f 9598 9599 9600
f 9601 9602 9603
f 9604 9605 9606
f 9607 9608 9609
f 9610 9611 9612
f 9579 9615 9580
f 9624 9625 9626
f 9628 9629 9630
f 9632 9630 9633
f 9637 9638 9639
f 9642 9643 9644
f 9647 9648 9649
f 9650 9651 9544
f 9653 9654 9655
f 9656 9657 9658
f 9660 9662 9663
f 9603 9665 9666
f 9667 9668 9669
f 9676 9677 9678
f 9681 9682 9683
f 9694 9695 9696
f 9697 9698 9699
f 9700 9701 9702
f 9703 9704 9705
f 9694 9706 9707
f 9708 9709 9710
f 9712 9713 9714
f 9716 9717 9718
f 9719 9720 9721
f 9722 9723 9724
f 9725 9726 9727
f 9728 9729 9730
f 9736 9737 9738
f 9741 9742 9743
f 9744 9745 9746
f 9747 9660 9748
f 9753 9754 9755
f 9756 9757 9693
f 9760 9761 9762
f 9763 9764 9765
f 9766 9767 9768
f 9769 9770 9771
f 9772 9773 9774
f 9775 9776 9777
f 9781 9782 9723
f 9783 9784 9785
f 9786 9787 9788
f 9789 9790 9791
f 9792 9793 9794
f 9795 9796 9797
f 9798 9799 9800
f 9801 9802 9803
f 9804 9805 9806
f 9807 9808 9809
f 9810 9811 9812
f 9813 9814 9815
f 9816 9817 9818
f 9821 9822 9823
f 9824 9825 9826
f 9827 9828 9829
f 9832 9833 9834
f 9836 9837 9838
f 9842 9843 9615
f 9848 9849 9850
f 9865 9866 9867
f 9873 9883 9872
f 9716 9894 9895
f 9621 9899 9568
f 9568 9905 9906
f 9580 9916 9917
f 9921 9922 9923
f 9931 9932 9933
f 9576 9936 9937
f 9730 9715 9942
f 9945 9585 9948
f 9961 9962 9963
f 9966 9622 9967
f 9597 9596 9986
f 9988 9989 9990
f 9610 9991 9992
f 9661 9995 9996
f 10002 10003 10004
f 9607 10013 10014
f 10019 10020 9668
f 9886 10028 9632
f 9846 10041 10042
f 10043 10044 9644
f 10048 10049 10050
f 10055 10056 10057
f 10062 10063 9624
f 10068 10067 10065
f 9934 9936 9576
f 10072 10073 10074
f 10083 9654 9653
f 10098 10100 10099
f 10112 10113 10114
f 10119 10120 10121
f 10118 9970 9659
f 9663 10123 10124
f 9595 10128 9972
f 9684 10132 10133
f 10136 10134 10137
f 10143 10144 9631
f 10146 10147 10148
f 9726 10150 10151
f 10152 10153 10154
f 9773 10155 10156
f 9665 10157 10158
f 10168 9703 10169
f 10170 10171 10172
f 10173 10174 10175
f 10176 10177 9706
f 10178 9739 10179
f 10181 9718 10182
f 10183 10184 10182
f 10185 9711 10186
f 10196 10197 10194
f 10198 10199 10200
f 10201 10202 10203
f 10204 10205 10206
f 10208 10209 10210
f 10211 10210 9967
f 10212 10213 10214
f 10215 10216 10217
f 9782 10218 10219
f 10220 10221 10222
f 10223 10224 10225
f 10226 10227 10228
f 10225 10231 10232
f 10233 10234 10235
f 10197 9733 9732
f 9737 9563 10178
f 10168 10238 9740
f 10239 10240 10241
f 10247 10248 10249
f 10244 10250 10251
f 10251 10252 10253
f 10254 10255 10256
f 10257 10258 10259
f 10262 10263 10264
f 10269 10270 10271
f 9751 10272 10273
f 10275 10276 9662
f 10136 10137 10277
f 10280 10281 9762
f 10282 10283 10284
f 10285 10286 10287
f 10288 10289 10290
f 10293 10294 10295
f 10296 10297 10298
f 10299 10300 10301
f 10302 10303 10304
f 10307 10308 10309
f 10310 10311 10312
f 10313 10314 10315
f 10316 10317 10318
f 10319 10320 10321
f 10322 10323 10324
f 10325 10326 10327
f 10328 10329 10330
f 10331 10332 10333
f 10334 10335 10336
f 10337 10338 10334
f 10339 10340 10341
f 10342 10343 10344
f 10345 10346 10347
f 10348 10349 10350
f 10351 10352 10353
f 10354 10355 10356
f 10357 10358 10359
f 10360 10361 10362
f 10363 10364 10365
f 10366 10367 10368
f 10369 10370 10371
f 9769 10372 10373
f 10374 10375 10376
f 9769 9770 10377
f 10385 10386 10387
f 10388 10389 10390
f 10391 10392 10393
f 10394 10395 10396
f 10397 10398 10399
f 10400 10401 10402
f 10403 10404 10405
f 10406 10407 10408
f 10409 10410 10411
f 10412 10413 10414
f 10415 10416 10417
f 10418 10419 10420
f 10421 10422 10423
f 10424 10425 10426
f 10429 10430 10427
f 10431 10432 10433
f 10434 10435 10436
f 10437 10438 10439
f 10440 10441 10442
f 10443 10444 10445
f 10446 10447 10448
f 10449 10450 10451
f 10452 10453 10454
f 10455 10456 10457
f 10458 10459 10460
f 10461 10462 10463
f 10466 10467 10468
f 10471 10472 10473
f 10474 10475 10476
f 10477 10478 10479
f 10480 10481 10482
f 10487 10488 10489
f 10490 10491 10492
f 10493 10494 10495
f 10496 10497 10498
f 10499 10500 10501
f 10502 10503 10504
f 10505 10506 10507
f 10512 10379 10513
f 10521 10522 10523
f 10524 10525 10526
f 10527 10528 10529
f 10530 10531 10532
f 10533 10534 10535
f 10533 10535 10536
f 10537 10538 10539
f 10540 10541 10542
f 10543 10544 10545
f 10546 10547 10548
f 10549 10550 10551
f 10526 10552 10553
f 10554 10555 10556
f 10557 10558 10559
f 10560 10561 10562
f 10563 10564 10548
f 10565 10566 10567
f 10574 10575 10576
f 10577 10578 10579
f 10582 10583 10584
f 10388 10587 10389
f 10589 10590 10591
f 10592 10593 10594
f 10596 10597 10598
f 10599 10600 10601
f 10602 10356 10603
f 9767 9766 10607
f 10610 10611 10612
f 10602 10613 10614
f 10617 10618 10619
f 10620 9834 9833
f 10621 10622 10623
f 10625 10626 10627
f 10628 10629 10630
f 10631 10632 10633
f 10634 10635 10636
f 10637 10638 10639
f 10640 10641 10642
f 10643 10644 10645
f 10646 10647 10648
f 10649 10650 10651
f 10652 10653 10654
f 10655 10656 10657
f 9795 10658 10659
f 10660 10661 10662
f 10663 10664 10665
f 10666 10667 10668
f 10669 10670 10671
f 10672 10673 10674
f 10675 10676 10677
f 10678 10679 10680
f 10681 9801 10682
f 10683 10684 10685
f 10686 10687 10688
f 10689 10690 10691
f 10692 10693 10694
f 10698 10699 10700
f 10701 10702 10703
f 10709 10710 10711
f 10712 10713 10714
f 9806 9805 10715
f 10716 10717 10718
f 10719 10720 10721
f 10722 10723 10724
f 10725 10726 10727
f 10728 10729 10730
f 10731 10732 10280
f 10733 10734 10735
f 10740 10741 10742
f 10743 10744 10745
f 10746 10747 10748
f 10749 10750 10751
f 10752 10753 10754
f 10755 10756 10757
f 10760 10761 10762
f 10766 10767 10765
f 10776 10775 10777
f 10802 10803 10804
f 10763 10805 10806
f 10734 10742 10808
f 10809 10637 10639
f 10810 10811 10812
f 10813 10814 10815
f 10635 10816 10636
f 10314 10819 10315
f 10820 10821 10822
f 10823 10824 10825
f 10826 10827 10828
f 10821 10831 10628
f 10832 10833 10834
f 10836 10623 10837
f 10838 10839 10840
f 10841 10842 10843
f 10845 10846 10847
f 10848 10849 10850
f 10851 10852 10853
f 9741 10856 10857
f 10858 10859 10860
f 10861 10862 10863
f 10864 10865 10866
f 10856 10867 10857
f 10868 9835 10869
f 10872 10846 10873
f 10876 10877 10878
f 10879 10880 10881
f 10882 10883 10884
f 10885 10886 10887
f 9836 10888 10889
f 9837 10889 10890
f 10891 10892 10893
f 10894 10895 10896
f 10897 10898 10899
f 10900 10901 10902
