# Simplified demo mesh. See README.md for source/license.
# Simplification: vertex clustering grid=0.0020m, degenerate faces removed.
v 0.083572 -0.097223 0.452848
v 0.079563 -0.097223 0.457915
v 0.079563 -0.097218 0.452848
v -0.144962 -0.076698 0.497274
v -0.145871 -0.076673 0.497291
v -0.148971 -0.097223 0.457915
v -0.152981 -0.097221 0.452848
v -0.148971 -0.097220 0.452848
v -0.165009 0.096769 0.438075
v -0.160999 0.096766 0.442890
v -0.160999 0.096756 0.438070
v -0.144962 0.096716 0.442873
v -0.140953 0.096749 0.447815
v -0.140953 0.096698 0.442867
v -0.136943 0.096593 0.438000
v -0.132934 0.096659 0.442853
v -0.132934 0.096555 0.437984
v -0.169018 0.096776 0.438079
v -0.165009 0.096773 0.442892
v -0.173028 -0.097223 0.428357
v -0.169018 -0.097220 0.433300
v -0.173028 -0.097223 0.433302
v 0.081572 -0.031326 0.492394
v 0.083573 -0.036509 0.491856
v 0.083573 -0.031326 0.491856
v 0.081587 0.082176 0.492390
v 0.083573 0.077535 0.491856
v -0.064451 0.094310 0.464453
v -0.064774 0.096131 0.465763
v -0.065970 0.094310 0.464453
v 0.015685 0.082180 0.492386
v 0.016229 0.077306 0.494000
v 0.016229 0.081716 0.490025
v -0.172325 -0.051788 0.388615
v -0.173026 -0.039963 0.391915
v -0.171964 -0.041026 0.386915
v -0.171280 -0.038184 0.385925
v -0.170366 -0.039097 0.381626
v 0.156510 -0.012744 0.393094
v 0.156515 -0.015244 0.393095
v 0.152053 -0.015244 0.392231
v 0.044572 0.027778 0.394915
v 0.044572 -0.000222 0.389915
v 0.044572 -0.000222 0.394915
v 0.044572 -0.028222 0.394915
v 0.050308 -0.028222 0.389915
v 0.050308 -0.028222 0.394915
v 0.239088 0.043857 0.477771
v 0.240016 0.043709 0.476728
v 0.081572 -0.069720 0.503922
v 0.081573 -0.066480 0.495400
v 0.081572 -0.074035 0.499986
v 0.088546 -0.036363 0.498357
v 0.092651 0.009373 0.523658
v 0.088950 0.004639 0.523073
v 0.092646 0.004578 0.523659
v 0.281981 0.002058 0.474334
v 0.281974 -0.003991 0.474064
v 0.281984 -0.004583 0.472203
v 0.223304 0.037974 0.401210
v 0.222609 0.038017 0.404130
v 0.279218 0.000237 0.493280
v 0.279234 -0.000005 0.496623
v -0.156990 0.066777 0.391915
v -0.156990 -0.067223 0.391915
v -0.160999 -0.067223 0.391915
v -0.116896 -0.067223 0.391915
v -0.120906 -0.067223 0.391915
v -0.120906 0.066777 0.391915
v -0.060765 -0.067223 0.391915
v -0.060765 0.066777 0.391915
v -0.056756 -0.067223 0.391915
v -0.016662 -0.067223 0.391915
v -0.016662 0.066777 0.391915
v -0.012653 -0.067223 0.391915
v 0.027441 0.066777 0.391915
v 0.031451 0.066777 0.391915
v 0.031451 -0.067223 0.391915
v 0.075554 -0.067223 0.391915
v 0.071544 0.066777 0.391915
v 0.075554 0.066777 0.391915
v 0.028829 -0.035876 0.505901
v 0.033572 -0.030792 0.505915
v 0.033572 -0.026361 0.505915
v -0.013941 -0.035223 0.505915
v -0.009173 -0.035223 0.505915
v -0.009173 0.034777 0.505915
v -0.072328 -0.035223 0.505915
v -0.068877 -0.035223 0.505915
v -0.068877 0.034778 0.505915
v -0.082692 -0.035223 0.505915
v -0.079238 0.034778 0.505915
v -0.082692 0.034778 0.505915
v -0.099995 -0.035223 0.505915
v -0.096530 0.034778 0.505915
v -0.099995 0.034778 0.505915
v -0.156990 -0.097168 0.433273
v -0.160999 -0.097193 0.433285
v -0.160999 -0.097192 0.428337
v -0.068784 -0.091783 0.480110
v -0.066877 -0.091783 0.480112
v -0.132611 -0.073361 0.499402
v -0.160999 0.096773 0.447820
v -0.160999 0.096777 0.452848
v -0.156990 0.096776 0.452848
v -0.148971 0.096691 0.438042
v -0.148971 0.096731 0.442878
v -0.025012 0.079386 0.494890
v -0.024744 0.079308 0.494954
v -0.052331 0.096164 0.465570
v 0.079563 0.096777 0.457915
v 0.083572 0.096777 0.457915
v 0.083572 0.096777 0.452848
v -0.160999 -0.097223 0.457915
v -0.165009 -0.097223 0.457915
v -0.165009 -0.097222 0.452848
v -0.159854 -0.097214 0.422748
v -0.173028 -0.097223 0.447821
v -0.173028 -0.097223 0.452848
v -0.173028 -0.040782 0.505903
v -0.173028 -0.097223 0.422165
v -0.173028 -0.067223 0.391915
v -0.173028 0.096777 0.425598
v -0.173028 0.096777 0.424219
v -0.173028 0.066777 0.391915
v -0.173028 0.089435 0.483430
v -0.173028 0.091338 0.480110
v -0.173028 0.092989 0.476605
v -0.173028 0.055551 0.510264
v -0.173028 0.056744 0.511001
v -0.173028 0.061495 0.511158
v 0.083572 0.096777 0.422915
v 0.083572 0.096777 0.424219
v 0.083572 0.066777 0.391915
v 0.083572 0.096777 0.438080
v 0.083573 0.046432 0.491856
v 0.083573 0.036064 0.491856
v 0.083573 0.041248 0.491856
v 0.083574 -0.010590 0.491856
v 0.083572 -0.067223 0.391915
v 0.083574 -0.005406 0.491856
v 0.081572 -0.000223 0.492394
v 0.081572 -0.005407 0.492394
v 0.081572 0.044667 0.529126
v 0.081572 0.043842 0.528637
v 0.081572 0.053282 0.527346
v 0.081572 0.061606 0.513234
v 0.081572 0.046432 0.492394
v 0.081572 0.051616 0.492394
v 0.081579 0.009671 0.521830
v 0.081579 0.004725 0.521846
v 0.081572 0.004961 0.492394
v 0.081572 -0.052061 0.492394
v 0.081572 -0.046877 0.492394
v 0.081572 -0.062051 0.513234
v 0.081572 -0.039736 0.525796
v 0.081572 -0.041792 0.527062
v 0.081572 -0.057253 0.521814
v -0.024325 0.082209 0.492359
v -0.023970 0.080668 0.491066
v -0.030839 0.091774 0.474263
v -0.030839 0.092989 0.476605
v -0.030839 0.089712 0.478899
v -0.137235 0.090312 0.477685
v -0.131946 0.090312 0.477685
v -0.132934 0.091893 0.479012
v -0.085947 0.090312 0.477685
v -0.085947 0.091893 0.479012
v -0.088831 0.091893 0.479012
v -0.059101 0.083767 0.487777
v -0.059101 0.080668 0.491066
v -0.059101 0.084835 0.489599
v -0.065970 0.091338 0.480110
v -0.065970 0.090370 0.481875
v -0.065970 0.088813 0.480569
v -0.044728 0.076863 0.496840
v -0.040718 0.076863 0.496840
v -0.042041 0.075281 0.495513
v -0.053634 0.096078 0.466077
v -0.053634 0.095408 0.469299
v -0.053634 0.093408 0.469058
v 0.003385 0.082209 0.492359
v 0.007394 0.082195 0.492372
v 0.004062 0.080668 0.491066
v 0.002445 0.092989 0.476605
v 0.002445 0.091338 0.480110
v 0.002445 0.089559 0.479195
v 0.048034 0.082180 0.492386
v 0.048034 0.084835 0.489599
v 0.048034 0.081716 0.490025
v 0.023550 0.074037 0.498731
v 0.023668 0.072420 0.497374
v 0.041903 0.072420 0.497374
v 0.041073 0.074037 0.498731
v -0.065539 -0.089858 0.483465
v -0.065992 -0.088405 0.482013
v -0.004634 -0.094412 0.474099
v -0.002683 -0.092840 0.472527
v -0.000624 -0.094412 0.474099
v -0.015851 -0.093704 0.475938
v -0.014621 -0.091762 0.475419
v -0.000624 -0.096314 0.467209
v 0.003385 -0.096314 0.467209
v 0.003286 -0.094595 0.465489
v -0.139968 -0.052099 0.372379
v -0.147287 -0.058149 0.373083
v -0.161840 -0.034182 0.374485
v -0.169478 -0.043510 0.375220
v -0.172907 -0.054040 0.391915
v -0.172553 -0.055542 0.391915
v -0.166297 -0.061799 0.391915
v -0.136901 0.057823 0.391915
v -0.137891 0.058985 0.391915
v -0.139707 0.060372 0.391915
v -0.161662 -0.060131 0.382036
v -0.160328 -0.059354 0.378194
v -0.147830 -0.059273 0.377813
v -0.141423 0.031852 0.386915
v -0.140116 -0.033094 0.386915
v -0.141423 -0.032299 0.386915
v -0.171491 0.037528 0.386915
v -0.170339 0.035625 0.386105
v -0.139873 0.040146 0.372369
v -0.147287 0.033857 0.373083
v -0.164058 0.057112 0.374699
v -0.162607 0.057663 0.374559
v -0.169356 0.050043 0.375209
v -0.169770 0.056417 0.385295
v -0.170312 0.056959 0.387849
v -0.170946 0.049964 0.382129
v -0.170110 0.049128 0.378194
v -0.170946 0.041597 0.382129
v -0.139245 0.053378 0.377147
v -0.137970 0.053985 0.382233
v 0.149344 0.009601 0.398031
v 0.140895 0.014799 0.395767
v 0.147267 0.009690 0.397474
v 0.183898 0.002278 0.407986
v 0.170180 0.002613 0.403754
v 0.173860 0.002278 0.407814
v 0.195498 -0.011589 0.410398
v 0.195659 -0.010389 0.410441
v 0.184098 -0.002722 0.407503
v 0.169614 -0.006127 0.403462
v 0.190819 -0.015244 0.409144
v 0.180073 -0.002722 0.410615
v 0.178868 -0.002722 0.410391
v 0.098453 0.010917 0.396063
v 0.093176 0.012818 0.395479
v 0.088073 -0.000222 0.394915
v 0.167713 -0.006071 0.403521
v 0.168207 -0.004348 0.403774
v 0.099638 -0.014522 0.394915
v 0.096144 -0.015218 0.394915
v 0.100622 -0.021022 0.394915
v 0.067519 -0.028222 0.394915
v 0.073255 -0.028222 0.394915
v 0.088073 -0.015347 0.394915
v 0.067519 0.027778 0.394915
v 0.061782 0.027778 0.394915
v 0.111663 0.017478 0.394915
v 0.106268 0.018832 0.394915
v 0.105553 0.012927 0.394915
v 0.100477 0.013909 0.394915
v 0.105073 0.013016 0.394915
v 0.174906 -0.012744 0.397763
v 0.157874 -0.015244 0.393358
v 0.169355 -0.003728 0.398483
v 0.174486 -0.012744 0.399591
v 0.196269 0.008735 0.405428
v 0.195564 0.004283 0.405239
v 0.174486 0.012299 0.399591
v 0.088349 -0.015876 0.389915
v 0.088349 -0.000222 0.389915
v 0.102829 -0.010154 0.391516
v 0.097246 -0.011965 0.390899
v 0.155372 0.004783 0.397324
v 0.161301 0.004784 0.397980
v 0.169394 -0.000222 0.398588
v 0.088472 0.015299 0.389928
v 0.091926 0.014049 0.389915
v 0.095401 0.022482 0.389915
v 0.134424 -0.012744 0.389915
v 0.134424 -0.015314 0.389915
v 0.128781 -0.015560 0.389915
v 0.089940 -0.025209 0.389915
v 0.086800 -0.026633 0.389915
v 0.190819 0.014799 0.409144
v 0.168769 0.014799 0.398059
v 0.174165 0.012299 0.396247
v 0.174928 0.012299 0.397550
v 0.167517 0.014799 0.395048
v 0.163708 0.014799 0.394436
v 0.163069 0.014799 0.396532
v 0.172880 -0.018754 0.537749
v 0.175972 -0.019725 0.537448
v 0.179065 -0.018754 0.537749
v 0.158550 -0.007863 0.537718
v 0.159981 -0.010670 0.537699
v 0.167030 -0.016746 0.537749
v 0.283034 0.012777 0.426532
v 0.284357 0.012779 0.430945
v 0.284492 0.012847 0.435009
v 0.234880 0.045611 0.478594
v 0.238635 0.043983 0.478321
v 0.219967 0.061554 0.470140
v 0.281975 0.020015 0.425960
v 0.283791 0.013801 0.425828
v 0.195925 -0.005673 0.403192
v 0.195579 -0.000223 0.403099
v 0.196288 0.006037 0.403289
v 0.284829 -0.013760 0.427013
v 0.284450 -0.013378 0.491915
v 0.284638 -0.013428 0.487850
v 0.210491 -0.059083 0.494392
v 0.081573 0.069499 0.493769
v 0.081573 0.066034 0.495400
v 0.081572 0.073590 0.499986
v 0.081572 0.047910 0.530021
v 0.081572 0.046936 0.529999
v 0.081572 0.020560 0.492394
v 0.081572 -0.000218 0.521881
v 0.081573 -0.047733 0.499418
v 0.081572 -0.059313 0.517903
v 0.081573 -0.069945 0.493769
v 0.081573 -0.072425 0.492394
v 0.092644 -0.000218 0.523658
v 0.092646 -0.005014 0.523659
v 0.096344 -0.004950 0.524236
v 0.085653 0.024944 0.494704
v 0.081573 0.024916 0.494692
v 0.081573 -0.021460 0.492656
v 0.083574 0.020561 0.492394
v 0.213702 0.058770 0.489590
v 0.159950 0.017614 0.530672
v 0.085258 0.009613 0.522470
v 0.085260 0.014544 0.522453
v 0.253150 -0.031217 0.495284
v 0.253953 -0.030721 0.495416
v 0.282034 0.001618 0.472201
v 0.280134 -0.007568 0.459120
v 0.280134 -0.007995 0.457867
v 0.279534 -0.007988 0.453933
v 0.279534 -0.005133 0.449581
v 0.279534 -0.004051 0.462956
v 0.200580 -0.015244 0.401523
v 0.198130 -0.015244 0.394048
v 0.276520 -0.026666 0.412364
v 0.274327 -0.029393 0.411776
v 0.271922 -0.031931 0.411132
v 0.280467 -0.020228 0.413421
v 0.283060 -0.013847 0.414116
v 0.205029 -0.018505 0.393208
v 0.174864 -0.009716 0.399693
v 0.175328 -0.010876 0.399817
v 0.176355 -0.012423 0.400092
v 0.198323 -0.015563 0.403834
v 0.198451 -0.014291 0.403869
v 0.198275 0.014437 0.403696
v 0.199024 0.014778 0.403273
v 0.212479 -0.029948 0.395204
v 0.208313 -0.024534 0.394088
v 0.270145 0.033117 0.410656
v 0.272618 0.030792 0.411318
v 0.274904 0.028272 0.411931
v 0.203097 0.015214 0.395796
v 0.202939 0.014778 0.395754
v 0.203454 0.014778 0.395892
v 0.249741 0.042096 0.408294
v 0.248328 0.042839 0.407916
v 0.246372 0.042578 0.407391
v 0.280953 -0.017472 0.416657
v 0.281940 -0.014121 0.416922
v 0.246493 -0.043263 0.407423
v 0.249751 -0.042540 0.408297
v 0.203126 -0.015739 0.395804
v 0.204624 -0.018735 0.396205
v 0.251570 0.042224 0.408784
v 0.253061 0.041331 0.409184
v 0.283915 -0.000223 0.417451
v 0.284019 -0.003730 0.417479
v 0.248485 -0.044233 0.417275
v 0.251957 -0.043584 0.417858
v 0.282551 -0.003765 0.426403
v 0.283670 -0.014075 0.426055
v 0.197391 0.010340 0.403584
v 0.258406 0.041112 0.419933
v 0.255137 0.042269 0.419058
v 0.282551 0.003396 0.426403
v 0.283775 0.003296 0.417414
v 0.282901 0.003199 0.420765
v 0.283010 0.003145 0.420314
v 0.073791 -0.066426 0.391915
v 0.075340 -0.066307 0.391915
v 0.083099 -0.059696 0.391915
v 0.041941 0.064529 0.391915
v 0.039136 0.061980 0.391915
v 0.083573 0.056200 0.391915
v 0.043816 0.023485 0.391915
v 0.044231 0.026652 0.386915
v 0.045079 0.027116 0.386915
v 0.082391 0.034875 0.386915
v 0.082480 -0.036482 0.386915
v 0.050379 -0.029335 0.376340
v 0.049170 -0.028126 0.382028
v 0.070763 -0.029053 0.377669
v 0.051861 -0.058108 0.355008
v 0.050410 -0.057556 0.355148
v 0.045474 -0.051982 0.355624
v 0.044991 -0.043510 0.355670
v 0.044359 -0.049573 0.358644
v 0.044359 -0.042878 0.358644
v 0.081612 -0.037766 0.382692
v 0.081609 -0.054681 0.382677
v 0.065664 0.033707 0.353679
v 0.054977 0.033488 0.354708
v 0.065664 0.057854 0.353679
v 0.071328 0.055889 0.353134
v 0.072467 0.054875 0.353024
v 0.068655 0.057320 0.353391
v 0.054977 0.058073 0.354708
v 0.054140 0.058910 0.358644
v 0.066638 0.058829 0.358263
v 0.052797 0.031308 0.364965
v 0.067757 0.031614 0.363524
v 0.068628 0.030743 0.367624
v 0.039476 -0.054455 0.381615
v 0.038296 -0.055635 0.387165
v 0.039388 -0.037908 0.382028
v 0.281234 0.003858 0.489729
v 0.281320 0.002314 0.488195
v 0.279034 0.002669 0.495651
v 0.279034 0.000720 0.492955
v 0.279159 -0.002836 0.495892
v 0.279087 -0.001020 0.493112
v 0.279315 -0.001515 0.492617
v 0.279231 -0.000240 0.490529
v 0.279201 -0.002129 0.487604
v 0.279389 -0.001170 0.490634
v 0.279534 -0.004988 0.491915
v 0.279367 0.004469 0.491915
v 0.279410 0.001306 0.491891
v 0.279534 0.000928 0.487310
v 0.279409 0.002015 0.487752
v 0.281534 0.003148 0.488236
v 0.281459 0.000187 0.487224
v 0.281459 -0.001987 0.487889
v 0.281474 -0.000321 0.486925
v 0.281479 -0.000308 0.496339
v 0.281384 -0.003684 0.488780
v 0.281334 -0.004241 0.489477
v 0.281354 -0.004145 0.494005
v 0.281309 -0.004544 0.492452
v 0.279034 -0.003455 0.495410
v 0.279034 -0.004202 0.494505
v 0.277534 0.005602 0.495730
v 0.277534 0.006382 0.494188
v 0.277534 -0.003050 0.485505
v 0.277534 -0.006395 0.488583
v 0.277534 0.001480 0.498701
v 0.281734 -0.008209 0.455900
v 0.281734 -0.007556 0.452682
v 0.280734 -0.006940 0.460285
v 0.280734 -0.005481 0.461930
v 0.280734 -0.000238 0.463929
v 0.079563 -0.097194 0.422915
v 0.078990 -0.097193 0.422664
v -0.169018 -0.096699 0.416335
v -0.173028 -0.097206 0.420915
v -0.173028 -0.096699 0.416335
v -0.068402 -0.097206 0.420915
v -0.067639 -0.097191 0.421408
v -0.072221 -0.097192 0.421408
v 0.035460 -0.097206 0.420915
v 0.037750 -0.097196 0.421220
v 0.033169 -0.097120 0.421488
v -0.040144 -0.096952 0.422353
v -0.035563 -0.097089 0.421881
v -0.035562 -0.096943 0.422348
v -0.144962 -0.097175 0.422914
v -0.140953 -0.097103 0.424143
v -0.144962 -0.097129 0.424159
v -0.155906 -0.075066 0.498387
v -0.159303 -0.071680 0.501084
v -0.159332 -0.075825 0.497877
v 0.033572 -0.037416 0.506069
v 0.035019 -0.037258 0.506079
v 0.039015 -0.046296 0.515317
v 0.033572 -0.045922 0.513618
v 0.033572 -0.047325 0.514201
v 0.059973 -0.050008 0.524154
v 0.054691 -0.050285 0.522058
v 0.076370 -0.078915 0.495867
v 0.082467 -0.077805 0.496871
v 0.076353 -0.076601 0.497892
v 0.067535 -0.096956 0.422879
v 0.065245 -0.097046 0.422388
v 0.069827 -0.097092 0.422400
v 0.023432 -0.071817 0.392269
v 0.027441 -0.076303 0.393322
v 0.023432 -0.076303 0.393322
v -0.068784 -0.071817 0.392269
v -0.064774 -0.076303 0.393322
v -0.068784 -0.076303 0.393322
v -0.160999 -0.071817 0.392269
v -0.156990 -0.076303 0.393322
v -0.160999 -0.076303 0.393322
v -0.080812 -0.093628 0.407675
v -0.076803 -0.095497 0.411887
v -0.080812 -0.095497 0.411887
v 0.011404 -0.095497 0.411887
v 0.015413 -0.096699 0.416335
v 0.011404 -0.096699 0.416335
v 0.019425 -0.096649 0.422453
v 0.024007 -0.096727 0.422354
v -0.072793 -0.096307 0.425019
v -0.076803 -0.096586 0.423807
v -0.072793 -0.096564 0.423791
v -0.160999 -0.096608 0.465573
v -0.156990 -0.095853 0.469299
v -0.160999 -0.095853 0.469299
v -0.148971 -0.085280 0.489599
v -0.144962 -0.082625 0.492386
v -0.148971 -0.082625 0.492386
v -0.159222 -0.059834 0.510129
v -0.162672 -0.060048 0.510462
v -0.127901 -0.043139 0.505817
v -0.131304 -0.039305 0.505934
v -0.131372 -0.043359 0.505829
v -0.052356 -0.038671 0.505995
v -0.047548 -0.042198 0.506035
v -0.047548 -0.038642 0.506029
v 0.014704 -0.042566 0.507507
v 0.019422 -0.041016 0.506959
v 0.014675 -0.040977 0.506681
v 0.070735 -0.054691 0.524410
v 0.065353 -0.054081 0.523587
v 0.055014 -0.074012 0.499074
v 0.055263 -0.074530 0.498701
v 0.060663 -0.096873 0.422852
v 0.063526 -0.096663 0.423727
v 0.059516 -0.096513 0.424107
v -0.032699 -0.095802 0.426206
v -0.028690 -0.095971 0.424931
v -0.028690 -0.095734 0.426207
v -0.116896 -0.096668 0.433021
v -0.120906 -0.096716 0.428064
v -0.116896 -0.096651 0.428026
v -0.093718 -0.062186 0.504200
v -0.092840 -0.064955 0.503264
v -0.090278 -0.064590 0.503389
v -0.148764 -0.049027 0.506487
v -0.152222 -0.048227 0.506295
v -0.152231 -0.049358 0.506567
v -0.072437 -0.046150 0.506467
v -0.075906 -0.044890 0.506184
v -0.075925 -0.046259 0.506472
v -0.028329 -0.049195 0.507219
v -0.023522 -0.048361 0.507333
v -0.028329 -0.048346 0.507189
v 0.028955 -0.052169 0.512103
v 0.033572 -0.053213 0.512700
v 0.033572 -0.052991 0.512882
v 0.047488 -0.076698 0.497274
v 0.051497 -0.073442 0.499357
v 0.047488 -0.073442 0.499357
v 0.035460 -0.095066 0.426209
v 0.031451 -0.095276 0.424932
v 0.035460 -0.095420 0.424932
v -0.048737 -0.096725 0.442719
v -0.052746 -0.096311 0.437674
v -0.048737 -0.096291 0.437669
v -0.136943 -0.097073 0.461700
v -0.140953 -0.097223 0.457915
v -0.136943 -0.097223 0.457915
v -0.100403 -0.051740 0.507359
v -0.103871 -0.051735 0.507472
v -0.121161 -0.051924 0.508007
v -0.124632 -0.052596 0.508252
v -0.124642 -0.053078 0.508301
v -0.069005 -0.054515 0.505984
v -0.072494 -0.051761 0.506645
v -0.072524 -0.054613 0.506005
v -0.089894 -0.048432 0.506957
v -0.093362 -0.047974 0.506856
v -0.093380 -0.048711 0.507036
v -0.089962 -0.051433 0.507062
v -0.093434 -0.051000 0.507187
v -0.093453 -0.051771 0.507129
v -0.084821 -0.070066 0.501153
v -0.084821 -0.073442 0.499357
v -0.081360 -0.073442 0.499357
v -0.040718 -0.096540 0.465975
v -0.042886 -0.096460 0.466436
v -0.012653 -0.089880 0.483430
v -0.010589 -0.091783 0.480110
v -0.008643 -0.090989 0.481570
v -0.028690 -0.076698 0.497274
v -0.024681 -0.073442 0.499357
v -0.028690 -0.073442 0.499357
v -0.079349 -0.094476 0.473921
v -0.080812 -0.093434 0.476605
v -0.044728 -0.070066 0.501153
v -0.040718 -0.066509 0.502694
v -0.044728 -0.066509 0.502694
v 0.035460 -0.070066 0.501153
v 0.035460 -0.067970 0.502102
v 0.033572 -0.067393 0.502343
v 0.035460 -0.094728 0.430034
v 0.031451 -0.094669 0.427541
v 0.035460 -0.094847 0.427542
v -0.052746 -0.097198 0.452845
v -0.056756 -0.097054 0.447778
v -0.052746 -0.097050 0.447778
v -0.116896 -0.095853 0.469299
v -0.112887 -0.094779 0.473035
v -0.116896 -0.094779 0.473035
v -0.116896 -0.097073 0.461700
v -0.112887 -0.096608 0.465573
v -0.116896 -0.096608 0.465573
v -0.056756 -0.097223 0.457915
v -0.060765 -0.097199 0.452845
v -0.056756 -0.097199 0.452845
v 0.031451 -0.095426 0.437665
v 0.035460 -0.094864 0.432609
v 0.035460 -0.095518 0.437665
v 0.015413 -0.094779 0.473035
v 0.019422 -0.093434 0.476605
v 0.015413 -0.093434 0.476605
v 0.019422 -0.082625 0.492386
v 0.023432 -0.079754 0.494954
v 0.019422 -0.079754 0.494954
v 0.019422 -0.091783 0.480110
v 0.023432 -0.089880 0.483430
v 0.019422 -0.089880 0.483430
v 0.011404 -0.096608 0.465573
v 0.015413 -0.095853 0.469299
v 0.011404 -0.095853 0.469299
v 0.023432 -0.097171 0.452845
v 0.019422 -0.096861 0.447777
v 0.023432 -0.096861 0.447777
v -0.024681 -0.097001 0.447777
v -0.028690 -0.096626 0.442717
v -0.024681 -0.096595 0.442717
v 0.035460 -0.096289 0.442717
v 0.039469 -0.095631 0.437667
v 0.039469 -0.096339 0.442718
v 0.023432 -0.087697 0.486616
v 0.027441 -0.085280 0.489599
v 0.023432 -0.085280 0.489599
v 0.000479 -0.062383 0.504090
v 0.005281 -0.062397 0.504090
v -0.032699 -0.070066 0.501153
v -0.028690 -0.066509 0.502694
v -0.032699 -0.066509 0.502694
v -0.080812 -0.085280 0.489599
v -0.076803 -0.082625 0.492386
v -0.080812 -0.082625 0.492386
v -0.056756 -0.087697 0.486616
v -0.056756 -0.085868 0.488917
v -0.057430 -0.087697 0.486616
v -0.004315 -0.059560 0.504895
v 0.000493 -0.056198 0.506019
v -0.004311 -0.056153 0.505920
v -0.008643 -0.082625 0.492386
v -0.008670 -0.079768 0.494942
v -0.028690 -0.095853 0.469299
v -0.029515 -0.095255 0.471515
v -0.032283 -0.095848 0.469318
v -0.060765 -0.093434 0.476605
v -0.056756 -0.094779 0.473035
v -0.056756 -0.093434 0.476605
v -0.092108 -0.094281 0.473819
v -0.092569 -0.093736 0.475871
v -0.116896 -0.093434 0.476605
v -0.112887 -0.091783 0.480110
v -0.116896 -0.091783 0.480110
v -0.084821 -0.097085 0.447787
v -0.088831 -0.096854 0.442766
v -0.084821 -0.096834 0.442759
v -0.020671 -0.095338 0.430035
v -0.016662 -0.095299 0.427544
v -0.016662 -0.095224 0.430036
v 0.047488 -0.096444 0.442719
v 0.051497 -0.095969 0.437666
v 0.051497 -0.096482 0.442718
v 0.043479 -0.087697 0.486616
v 0.047488 -0.085280 0.489599
v 0.043479 -0.085280 0.489599
v 0.014868 -0.061995 0.504309
v 0.019624 -0.062251 0.504322
v -0.004358 -0.042410 0.506511
v 0.000399 -0.040758 0.506234
v -0.004370 -0.040683 0.506163
v -0.018738 -0.045759 0.506986
v -0.013957 -0.042324 0.506284
v -0.018737 -0.042287 0.506209
v -0.052359 -0.052644 0.506400
v -0.047549 -0.056024 0.505627
v -0.047549 -0.052605 0.506449
v -0.057163 -0.056109 0.505551
v -0.052356 -0.059508 0.504845
v -0.052358 -0.056059 0.505590
v -0.082953 -0.049392 0.506973
v -0.086413 -0.048183 0.506888
v -0.086443 -0.049635 0.507038
v -0.121122 -0.050218 0.507474
v -0.124543 -0.048608 0.506654
v -0.124583 -0.050321 0.507479
v -0.135042 -0.055551 0.508804
v -0.138490 -0.055536 0.509039
v -0.138498 -0.056069 0.508990
v -0.152306 -0.057571 0.509911
v -0.155759 -0.057772 0.510173
v -0.141950 -0.056589 0.509185
v -0.145394 -0.056550 0.509455
v -0.145401 -0.057112 0.509388
v -0.135009 -0.053463 0.508702
v -0.138462 -0.053662 0.508826
v -0.110848 -0.053893 0.507537
v -0.114301 -0.053946 0.507707
v -0.097299 -0.065662 0.503011
v -0.100829 -0.066392 0.502738
v -0.124915 -0.087697 0.486616
v -0.120906 -0.085280 0.489599
v -0.124915 -0.085280 0.489599
v -0.136943 -0.097188 0.447813
v -0.140953 -0.097143 0.442867
v -0.136943 -0.097124 0.442860
v -0.056756 -0.095956 0.432634
v -0.052746 -0.095932 0.432624
v -0.003486 -0.096580 0.422681
v -0.000624 -0.095937 0.423749
v -0.004634 -0.096168 0.423347
v 0.047488 -0.096102 0.424538
v 0.043479 -0.096208 0.423732
v 0.047488 -0.094779 0.473035
v 0.051497 -0.093434 0.476605
v 0.047488 -0.093434 0.476605
v 0.044278 -0.070468 0.500996
v 0.049641 -0.072248 0.500095
v 0.044276 -0.070113 0.501255
v 0.054850 -0.061082 0.510094
v 0.049503 -0.057796 0.512625
v 0.049532 -0.060333 0.509622
v 0.065330 -0.052659 0.524971
v 0.059999 -0.052262 0.523351
v 0.005248 -0.048474 0.509052
v 0.010014 -0.047556 0.509431
v 0.005240 -0.047556 0.508915
v 0.005137 -0.039081 0.505976
v 0.009869 -0.037731 0.505846
v 0.005124 -0.038146 0.505877
v -0.042742 -0.042192 0.506042
v -0.042742 -0.038626 0.506050
v -0.089730 -0.041139 0.505807
v -0.093136 -0.038251 0.505936
v -0.093205 -0.041273 0.505800
v -0.131440 -0.047384 0.506168
v -0.134874 -0.045666 0.505921
v -0.134906 -0.047708 0.506222
v -0.155752 -0.056847 0.510156
v -0.159205 -0.056695 0.510311
v -0.159209 -0.057533 0.510431
v -0.131888 -0.069607 0.501446
v -0.135257 -0.066712 0.503140
v -0.135328 -0.070387 0.501068
v -0.128924 -0.076698 0.497274
v -0.124915 -0.073442 0.499357
v -0.128924 -0.073442 0.499357
v -0.144962 -0.093435 0.476605
v -0.140953 -0.091783 0.480110
v -0.144962 -0.091783 0.480110
v -0.136943 -0.096962 0.433169
v -0.140953 -0.097006 0.428230
v -0.136943 -0.096954 0.428200
v -0.052746 -0.095893 0.427559
v -0.056756 -0.096222 0.424956
v -0.052746 -0.096202 0.424947
v 0.007394 -0.096530 0.422636
v 0.005678 -0.096672 0.422474
v 0.010260 -0.096708 0.422394
v 0.043479 -0.080574 0.395050
v 0.047488 -0.084531 0.397412
v 0.043479 -0.084531 0.397412
v -0.048737 -0.084531 0.397412
v -0.044728 -0.080574 0.395050
v -0.044728 -0.084531 0.397412
v -0.140953 -0.080574 0.395050
v -0.136943 -0.084531 0.397412
v -0.140953 -0.084531 0.397412
v -0.068784 -0.088079 0.400351
v -0.064774 -0.091136 0.403800
v -0.068784 -0.091136 0.403800
v 0.023432 -0.091136 0.403800
v 0.027441 -0.088079 0.400351
v 0.027441 -0.091136 0.403800
v -0.084821 -0.084531 0.397412
v -0.080812 -0.088079 0.400351
v -0.084821 -0.088079 0.400351
v 0.007394 -0.084531 0.397412
v 0.011404 -0.088079 0.400351
v 0.007394 -0.088079 0.400351
v 0.043479 -0.091136 0.403800
v 0.047488 -0.093628 0.407675
v 0.043479 -0.093628 0.407675
v -0.000624 -0.091136 0.403800
v 0.003385 -0.093628 0.407675
v -0.000624 -0.093628 0.407675
v -0.044728 -0.091136 0.403800
v -0.040718 -0.093628 0.407675
v -0.044728 -0.093628 0.407675
v -0.088831 -0.091136 0.403800
v -0.084821 -0.093628 0.407675
v -0.088831 -0.093628 0.407675
v -0.132934 -0.095497 0.411887
v -0.128925 -0.093628 0.407675
v -0.128925 -0.095497 0.411887
v -0.148971 -0.088079 0.400351
v -0.144962 -0.091136 0.403800
v -0.148971 -0.091136 0.403800
v -0.112887 -0.076303 0.393322
v -0.108878 -0.080574 0.395050
v -0.112887 -0.080574 0.395050
v -0.020671 -0.076303 0.393322
v -0.016662 -0.080574 0.395050
v -0.020671 -0.080574 0.395050
v 0.063526 -0.084531 0.397412
v 0.067535 -0.088079 0.400351
v 0.063526 -0.088079 0.400351
v 0.063526 -0.097073 0.461700
v 0.067535 -0.096608 0.465573
v 0.063526 -0.096608 0.465573
v 0.071037 -0.075315 0.498928
v 0.076335 -0.074261 0.499886
v 0.071010 -0.073122 0.500777
v 0.024160 -0.041032 0.507332
v 0.028870 -0.040253 0.507166
v 0.024147 -0.040229 0.506805
v 0.044491 -0.043586 0.514515
v 0.039068 -0.044562 0.513999
v 0.044428 -0.044724 0.515807
v 0.049481 -0.048215 0.519920
v 0.044233 -0.048809 0.517996
v 0.081572 -0.043748 0.528307
v 0.076055 -0.044449 0.527366
v 0.044736 -0.009106 0.507496
v 0.039218 -0.013376 0.506258
v 0.044736 -0.013548 0.507490
v -0.004391 0.037557 0.505925
v -0.009159 0.038397 0.505989
v -0.009166 0.036592 0.505936
v -0.102071 0.066065 0.502692
v -0.104205 0.063426 0.503702
v -0.100716 0.062822 0.503888
v -0.169018 0.087252 0.486616
v -0.169018 0.089435 0.483430
v -0.148971 0.071372 0.392269
v -0.152981 0.075858 0.393322
v -0.148971 0.075858 0.393322
v -0.056756 0.071372 0.392269
v -0.060765 0.075858 0.393322
v -0.056756 0.075858 0.393322
v 0.035460 0.075858 0.393322
v 0.031451 0.071372 0.392269
v 0.031451 0.075858 0.393322
v 0.046914 0.096761 0.420915
v 0.047488 0.096254 0.416335
v 0.043479 0.096254 0.416335
v -0.044728 0.095052 0.411887
v -0.048737 0.096254 0.416335
v -0.044728 0.096254 0.416335
v -0.136752 0.096761 0.420915
v -0.140953 0.096254 0.416335
v -0.140953 0.096761 0.420915
v -0.104868 0.080129 0.395050
v -0.108878 0.084086 0.397412
v -0.104868 0.084086 0.397412
v -0.012653 0.080129 0.395050
v -0.016662 0.084086 0.397412
v -0.012653 0.084086 0.397412
v 0.055507 0.090690 0.403800
v 0.051497 0.093183 0.407675
v 0.055507 0.093183 0.407675
v -0.036709 0.087634 0.400351
v -0.040718 0.090690 0.403800
v -0.036709 0.090690 0.403800
v -0.128925 0.090690 0.403800
v -0.132934 0.093183 0.407675
v -0.128925 0.093183 0.407675
v -0.072793 0.087634 0.400351
v -0.076803 0.090690 0.403800
v -0.072793 0.090690 0.403800
v 0.015413 0.090690 0.403800
v 0.011404 0.087634 0.400351
v 0.011404 0.090690 0.403800
v 0.011404 0.084086 0.397412
v 0.007394 0.087634 0.400351
v -0.080812 0.084086 0.397412
v -0.084821 0.087634 0.400351
v -0.080812 0.087634 0.400351
v -0.150117 0.096770 0.421418
v -0.150117 0.096761 0.420915
v -0.152981 0.096761 0.420915
v -0.064774 0.096085 0.423764
v -0.063915 0.096522 0.422362
v -0.067638 0.096587 0.422127
v 0.015413 0.095432 0.423442
v 0.015413 0.096065 0.422617
v 0.014843 0.096066 0.422618
v -0.012652 0.096591 0.421850
v -0.017234 0.096497 0.422121
v -0.003488 0.096531 0.421927
v -0.008070 0.096541 0.421983
v 0.046916 0.096503 0.422221
v 0.051499 0.096512 0.422357
v 0.074408 0.096699 0.422410
v 0.075554 0.096674 0.422910
v 0.051755 0.072912 0.499406
v 0.049641 0.071797 0.500083
v 0.081572 0.050339 0.529506
v 0.076119 0.050227 0.528758
v 0.076087 0.009570 0.520468
v 0.055280 -0.004820 0.511598
v 0.050073 -0.009254 0.509375
v 0.055280 -0.009418 0.511591
v 0.005137 0.038635 0.505976
v 0.000399 0.040312 0.506234
v 0.000379 0.038548 0.505969
v -0.093793 0.064653 0.503213
v -0.092840 0.066063 0.502694
v -0.096849 0.066063 0.502694
v -0.152981 0.094334 0.473035
v -0.156990 0.095408 0.469299
v -0.156990 0.094334 0.473035
v -0.114402 0.095271 0.469839
v -0.112887 0.095408 0.469299
v -0.120110 0.094221 0.473367
v -0.120906 0.092989 0.476605
v -0.132934 0.096735 0.447811
v -0.128925 0.096770 0.452847
v -0.128925 0.096728 0.447809
v -0.118687 0.095994 0.466554
v -0.117695 0.095893 0.467090
v -0.116896 0.096163 0.465573
v -0.086875 0.082633 0.491943
v -0.088168 0.082253 0.492320
v -0.084821 0.082180 0.492386
v -0.124915 0.096333 0.428100
v -0.120906 0.096285 0.433053
v -0.120906 0.096270 0.428064
v -0.028690 0.096777 0.457915
v -0.024681 0.096628 0.461700
v -0.024681 0.096777 0.457915
v 0.059516 0.096777 0.457915
v 0.063526 0.096628 0.461700
v 0.063526 0.096777 0.457915
v -0.012653 0.096028 0.442718
v -0.008643 0.096496 0.447777
v -0.008643 0.095982 0.442718
v -0.092840 0.096048 0.425146
v -0.088831 0.095771 0.427768
v -0.088831 0.096005 0.425117
v -0.004634 0.094547 0.432611
v -0.000624 0.095117 0.437666
v -0.000624 0.094427 0.432611
v 0.067535 0.095644 0.432707
v 0.063526 0.095688 0.437665
v 0.067535 0.095848 0.437724
v -0.032700 0.095583 0.424930
v -0.036709 0.095415 0.426206
v -0.032700 0.095357 0.426206
v -0.004634 0.095181 0.424532
v -0.008643 0.094797 0.426211
v -0.004634 0.094681 0.426211
v 0.039469 0.095385 0.424333
v 0.043479 0.095554 0.424335
v 0.039469 0.094495 0.430038
v 0.035460 0.094419 0.432609
v 0.039469 0.094605 0.432613
v -0.012653 0.094734 0.427544
v -0.016662 0.094779 0.430036
v -0.012653 0.094654 0.430037
v -0.056756 0.095511 0.432634
v -0.052746 0.095866 0.437674
v -0.052746 0.095487 0.432624
v -0.072793 0.096340 0.442740
v -0.068784 0.096619 0.447781
v -0.068784 0.096328 0.442735
v -0.028690 0.096567 0.447777
v -0.024681 0.096746 0.452845
v -0.024681 0.096556 0.447777
v 0.023432 0.094871 0.437666
v 0.019422 0.095754 0.442718
v 0.023432 0.095758 0.442717
v 0.071544 0.096352 0.442782
v 0.067535 0.096543 0.447783
v 0.071544 0.096604 0.447793
v 0.047488 0.096731 0.452845
v 0.043479 0.096777 0.457915
v 0.047488 0.096777 0.457915
v 0.015413 0.092989 0.476605
v 0.011404 0.091338 0.480110
v 0.015413 0.091338 0.480110
v -0.060765 0.069621 0.501153
v -0.064774 0.066063 0.502694
v -0.060765 0.066063 0.502694
v -0.018739 0.055599 0.505766
v -0.023523 0.059036 0.504899
v -0.023522 0.055574 0.505740
v -0.018739 0.050093 0.507416
v -0.023522 0.050198 0.507238
v 0.005289 0.055804 0.506155
v 0.000486 0.052479 0.507601
v 0.005277 0.052557 0.507896
v 0.023668 0.076253 0.497274
v 0.027441 0.079308 0.494954
v 0.023668 0.079309 0.494954
v 0.049617 0.069052 0.502182
v 0.044268 0.068246 0.502295
v 0.054811 0.045862 0.521100
v 0.054845 0.045236 0.520634
v 0.060067 0.044809 0.522354
v 0.036400 0.040862 0.509135
v 0.039235 0.039483 0.508389
v 0.039189 0.040865 0.509882
v 0.033572 0.062250 0.505107
v 0.038912 0.063363 0.504955
v 0.044554 0.042089 0.513148
v 0.049894 0.041287 0.514072
v 0.049823 0.042321 0.515367
v 0.033572 0.049300 0.514365
v 0.038877 0.049770 0.516014
v 0.028909 0.043415 0.510738
v 0.024214 0.043914 0.510129
v 0.044167 0.051348 0.517380
v 0.049447 0.052415 0.518718
v 0.044171 0.052081 0.516900
v 0.005230 0.045920 0.508567
v 0.000460 0.047102 0.508488
v 0.000452 0.045993 0.508188
v 0.060359 0.039043 0.516795
v 0.060393 0.038402 0.516457
v 0.065506 0.038860 0.519223
v 0.059909 0.048126 0.524182
v 0.054681 0.048130 0.522104
v 0.039469 0.076252 0.497274
v 0.039469 0.072997 0.499357
v 0.027441 0.082180 0.492386
v 0.023668 0.082180 0.492386
v 0.014808 0.050304 0.510028
v 0.010040 0.049979 0.509492
v 0.014868 0.061267 0.504413
v 0.010081 0.061796 0.504170
v 0.010083 0.060968 0.504451
v 0.005280 0.062090 0.504050
v 0.007394 0.066063 0.502694
v 0.003385 0.066063 0.502694
v -0.023522 0.052195 0.506787
v -0.071149 0.081903 0.492654
v -0.072793 0.079308 0.494954
v -0.068784 0.079308 0.494954
v -0.048737 0.089435 0.483430
v -0.052746 0.087252 0.486616
v -0.048737 0.087252 0.486616
v -0.030839 0.095408 0.469299
v -0.032699 0.094334 0.473035
v -0.030839 0.094334 0.473035
v -0.004349 0.081881 0.492675
v -0.004634 0.079308 0.494954
v -0.020671 0.082180 0.492386
v -0.020671 0.079308 0.494954
v -0.068784 0.076252 0.497274
v -0.072793 0.072997 0.499357
v -0.068784 0.072997 0.499357
v -0.052746 0.062489 0.503915
v -0.056756 0.066063 0.502694
v -0.056756 0.062489 0.503915
v -0.023524 0.062489 0.503915
v -0.020671 0.066063 0.502694
v -0.024681 0.066063 0.502694
v 0.003385 0.079308 0.494954
v 0.007394 0.079308 0.494954
v 0.015413 0.096777 0.457915
v 0.019422 0.096628 0.461700
v 0.019422 0.096777 0.457915
v -0.004634 0.089435 0.483430
v -0.008643 0.087252 0.486616
v -0.004634 0.087252 0.486616
v -0.020671 0.096744 0.452845
v -0.016662 0.096777 0.457915
v -0.016662 0.096742 0.452845
v -0.045433 0.096098 0.465959
v -0.044728 0.096163 0.465573
v -0.065970 0.096099 0.465954
v -0.068784 0.096163 0.465573
v -0.112887 0.096141 0.427989
v -0.108878 0.096097 0.432957
v -0.108878 0.096076 0.427951
v -0.072793 0.096628 0.461700
v -0.076803 0.096163 0.465573
v -0.072793 0.096163 0.465573
v -0.084821 0.076252 0.497274
v -0.088831 0.072997 0.499357
v -0.084821 0.072997 0.499357
v -0.096849 0.092989 0.476605
v -0.096849 0.094334 0.473035
v -0.099033 0.093884 0.474328
v -0.116896 0.096704 0.447803
v -0.112887 0.096766 0.452847
v -0.112887 0.096695 0.447801
v -0.152981 0.096729 0.424187
v -0.152981 0.096753 0.422915
v -0.154699 0.096757 0.422915
v -0.148971 0.082180 0.492386
v -0.152981 0.079308 0.494954
v -0.148971 0.079308 0.494954
v -0.100859 0.076252 0.497274
v -0.104868 0.079308 0.494954
v -0.104868 0.076252 0.497274
v -0.061966 0.047099 0.506718
v -0.065467 0.048304 0.506785
v -0.065463 0.046927 0.506684
v -0.009136 0.047078 0.507837
v -0.013965 0.047508 0.507651
v 0.036422 0.039711 0.507825
v 0.070760 -0.014732 0.518543
v 0.065561 -0.019273 0.516285
v 0.070760 -0.019568 0.518514
v 0.065561 0.028346 0.516510
v 0.070760 0.028786 0.518777
v 0.070759 0.031207 0.519157
v 0.065203 0.047525 0.526033
v 0.070582 0.047230 0.527678
v 0.081572 0.055202 0.524683
v 0.076150 0.054326 0.525403
v 0.081572 0.054041 0.526408
v 0.079563 0.094334 0.473035
v 0.075554 0.092989 0.476605
v 0.079563 0.092989 0.476605
v 0.067535 0.084835 0.489599
v 0.063526 0.082180 0.492386
v 0.067535 0.082180 0.492386
v 0.043479 0.074037 0.498731
v 0.047488 0.072236 0.499784
v 0.047488 0.074037 0.498731
v 0.071544 0.092989 0.476605
v 0.067535 0.091338 0.480110
v 0.071544 0.091338 0.480110
v 0.075554 0.096298 0.433054
v 0.071544 0.096088 0.437816
v 0.075554 0.096386 0.437931
v 0.069827 0.096600 0.422644
v 0.047488 0.096129 0.423160
v 0.047488 0.096295 0.422791
v 0.019422 0.095423 0.423442
v -0.040144 0.096578 0.422118
v -0.044726 0.096516 0.422356
v -0.072793 0.096119 0.423791
v -0.072793 0.096402 0.422842
v -0.076801 0.096416 0.422847
v -0.090550 0.096723 0.421658
v -0.095131 0.096699 0.421905
v -0.118041 0.096707 0.422160
v -0.122623 0.096696 0.422409
v -0.152981 0.093183 0.407675
v -0.156990 0.095052 0.411887
v -0.152981 0.095052 0.411887
v -0.120906 0.093183 0.407675
v -0.124915 0.095052 0.411887
v -0.120906 0.095052 0.411887
v -0.088831 0.093183 0.407675
v -0.092840 0.095052 0.411887
v -0.088831 0.095052 0.411887
v -0.058475 0.096763 0.421142
v -0.058475 0.096761 0.420915
v -0.060765 0.096761 0.420915
v -0.026400 0.096762 0.421139
v -0.026400 0.096761 0.420915
v -0.028690 0.096761 0.420915
v 0.005674 0.096760 0.421131
v 0.005674 0.096761 0.420915
v 0.003385 0.096761 0.420915
v 0.037750 0.096753 0.421199
v 0.037749 0.096761 0.420915
v 0.035460 0.096761 0.420915
v 0.067535 0.093183 0.407675
v 0.063526 0.095052 0.411887
v 0.067535 0.095052 0.411887
v 0.039469 0.075858 0.393322
v 0.035460 0.080129 0.395050
v 0.039469 0.080129 0.395050
v -0.052746 0.075858 0.393322
v -0.056756 0.080129 0.395050
v -0.052746 0.080129 0.395050
v -0.144962 0.075858 0.393322
v -0.148971 0.080129 0.395050
v -0.144962 0.080129 0.395050
v -0.165009 0.096777 0.457915
v -0.160999 0.096628 0.461700
v -0.160999 0.096777 0.457915
v -0.166137 0.064503 0.508117
v -0.162713 0.067944 0.504448
v -0.166152 0.068578 0.504318
v -0.093380 0.048266 0.507036
v -0.089910 0.048726 0.507063
v -0.093416 0.049787 0.507167
v -0.138514 0.056695 0.508774
v -0.135077 0.057158 0.508310
v -0.138530 0.057725 0.508440
v -0.121074 0.047810 0.506575
v -0.117644 0.049107 0.507231
v -0.121115 0.049487 0.507351
v -0.148834 0.054864 0.509557
v -0.145381 0.054965 0.509431
v -0.148839 0.055445 0.509662
v -0.162664 0.057674 0.510711
v -0.159211 0.057510 0.510452
v -0.169569 0.055549 0.510230
v -0.166113 0.055910 0.510416
v -0.173028 0.050871 0.507191
v -0.169565 0.052580 0.508109
v -0.173028 0.052150 0.507785
v -0.155698 0.049244 0.506654
v -0.152241 0.050059 0.506985
v -0.155706 0.050413 0.507098
v -0.155735 0.054086 0.509335
v -0.152281 0.054191 0.509397
v -0.131467 0.048414 0.506640
v -0.128011 0.048521 0.506739
v -0.166123 0.059799 0.510787
v -0.162676 0.060543 0.510128
v -0.166127 0.061085 0.510360
v -0.131540 0.052074 0.508363
v -0.128086 0.052119 0.508319
v -0.131567 0.053579 0.508633
v -0.107147 0.044001 0.505857
v -0.103696 0.044567 0.505915
v -0.141970 0.057593 0.508821
v -0.145411 0.057514 0.509196
v -0.107303 0.050035 0.507508
v -0.103840 0.050060 0.507452
v -0.082796 0.040467 0.505829
v -0.079368 0.043155 0.505949
v -0.082846 0.043298 0.505929
v -0.124702 0.055500 0.507950
v -0.121281 0.056731 0.507273
v -0.124743 0.057300 0.507326
v -0.166195 0.081165 0.493340
v -0.165009 0.082180 0.492386
v -0.169018 0.082180 0.492386
v -0.138830 0.074465 0.498462
v -0.136943 0.076252 0.497274
v -0.140953 0.076252 0.497274
v -0.107776 0.067185 0.502244
v -0.104868 0.069621 0.501153
v -0.108878 0.069621 0.501153
v -0.089962 0.050987 0.507062
v -0.093453 0.051325 0.507129
v -0.072381 0.040247 0.505877
v -0.068930 0.042867 0.506041
v -0.072408 0.042942 0.506004
v -0.013950 0.038335 0.506006
v -0.018736 0.040058 0.506058
v -0.018735 0.038283 0.506026
v 0.035731 0.037879 0.506499
v 0.060422 -0.014267 0.513941
v 0.055280 -0.018613 0.511562
v 0.060422 -0.018948 0.513920
v 0.055290 -0.038363 0.513685
v 0.050077 -0.038627 0.511386
v 0.055233 -0.039278 0.514170
v 0.055075 -0.042008 0.516572
v 0.049823 -0.042766 0.515367
v 0.055010 -0.043015 0.517773
v 0.024104 -0.037363 0.505876
v 0.024089 -0.036299 0.505864
v -0.075818 -0.038011 0.505924
v -0.079238 -0.035223 0.505915
v -0.079283 -0.038042 0.505927
v -0.155634 -0.040153 0.505913
v -0.159086 -0.035223 0.505915
v -0.159113 -0.040279 0.505910
v -0.089601 0.034778 0.505915
v -0.086206 0.037685 0.505932
v -0.089667 0.037741 0.505934
v 0.014574 0.034777 0.505915
v 0.009844 0.035790 0.505856
v 0.009827 0.034777 0.505915
v 0.033572 -0.035223 0.505915
v -0.162663 -0.057795 0.510697
v -0.166117 -0.057934 0.510930
v -0.152437 -0.070281 0.501730
v -0.155835 -0.067097 0.504704
v -0.155871 -0.070985 0.501412
v -0.169604 -0.078033 0.496265
v -0.173028 -0.074357 0.499694
v -0.173028 -0.078739 0.495703
v -0.144962 -0.097093 0.425517
v -0.140953 -0.097056 0.425495
v -0.067637 -0.096833 0.422836
v -0.064774 -0.096530 0.423764
v -0.068784 -0.096546 0.423777
v 0.028589 -0.096811 0.422261
v 0.033171 -0.096829 0.422276
v 0.024004 -0.097187 0.421254
v 0.028585 -0.097188 0.421256
v -0.012653 -0.096699 0.416335
v -0.008643 -0.097206 0.420915
v -0.012653 -0.097206 0.420915
v -0.040718 -0.097206 0.420915
v -0.040147 -0.097208 0.421141
v -0.044729 -0.097208 0.421142
v -0.080812 -0.096699 0.416335
v -0.080812 -0.097206 0.420915
v -0.081386 -0.097206 0.420915
v -0.112887 -0.097206 0.420915
v -0.108878 -0.097109 0.422154
v -0.113460 -0.097205 0.421416
v -0.145535 -0.097209 0.421917
v -0.140953 -0.097193 0.422082
v -0.169018 -0.076303 0.393322
v -0.165009 -0.080574 0.395050
v -0.169018 -0.080574 0.395050
v -0.084821 -0.071817 0.392269
v -0.080812 -0.067223 0.391915
v -0.080812 -0.071817 0.392269
v 0.007394 -0.071817 0.392269
v 0.011404 -0.067223 0.391915
v 0.011404 -0.071817 0.392269
v 0.051497 0.066777 0.391915
v 0.055507 0.071372 0.392269
v 0.055507 0.066777 0.391915
v -0.040718 0.066777 0.391915
v -0.036709 0.071372 0.392269
v -0.036709 0.066777 0.391915
v -0.128925 0.066777 0.391915
v -0.132934 0.071372 0.392269
v -0.128925 0.071372 0.392269
v 0.075554 -0.091136 0.403800
v 0.079563 -0.093628 0.407675
v 0.075554 -0.093628 0.407675
v 0.083572 -0.097223 0.428357
v 0.079563 -0.097082 0.433229
v 0.079563 -0.097099 0.428271
v 0.071544 -0.091783 0.480110
v 0.075554 -0.089880 0.483430
v 0.071544 -0.089880 0.483430
v -0.031430 0.075948 0.497484
v -0.031457 0.074627 0.495964
v -0.023495 0.077525 0.496350
v -0.023782 0.076690 0.494477
v -0.023466 0.075957 0.495026
v -0.131948 0.083507 0.491049
v -0.132791 0.082459 0.489246
v -0.132791 0.083993 0.490533
v -0.114220 0.093516 0.468612
v -0.134611 0.095224 0.469928
v -0.118217 0.091807 0.474175
v -0.118643 0.093756 0.474675
v -0.128189 0.086474 0.487631
v -0.127995 0.084822 0.486495
v -0.098135 0.082530 0.492046
v -0.098641 0.081151 0.490596
v -0.085303 0.094016 0.466248
v -0.084405 0.093879 0.466961
v -0.084821 0.095690 0.468077
v -0.082785 0.095210 0.470033
v -0.082549 0.093446 0.468902
v -0.081449 0.093025 0.470491
v -0.086353 0.092395 0.476296
v -0.096769 0.086473 0.487631
v -0.096575 0.084822 0.486495
v -0.067567 0.083221 0.491346
v -0.066612 0.082352 0.489359
v -0.067567 0.081685 0.490056
v -0.041151 0.094025 0.469367
v -0.041340 0.095244 0.469932
v -0.041880 0.094244 0.467960
v -0.052032 0.094787 0.471596
v -0.052034 0.093117 0.470165
v -0.012395 0.082679 0.491895
v -0.012650 0.081243 0.490504
v -0.001561 0.086031 0.488183
v -0.001211 0.084585 0.486792
v 0.042056 0.095645 0.468272
v 0.042573 0.093832 0.467199
v 0.018368 0.093916 0.471955
v 0.019058 0.094840 0.471416
v 0.028608 0.094513 0.472484
v 0.028278 0.092812 0.471218
v -0.068613 -0.095879 0.469192
v -0.067441 -0.094029 0.468327
v -0.090836 -0.082625 0.492386
v -0.091271 -0.081916 0.490274
v -0.089763 -0.079659 0.492406
v -0.090946 -0.094235 0.472114
v -0.091864 -0.092768 0.472733
v -0.084477 -0.092716 0.477697
v -0.083964 -0.093256 0.477017
v -0.065898 -0.076377 0.497498
v -0.066171 -0.074828 0.496133
v -0.036318 -0.094451 0.473986
v -0.040366 -0.092790 0.478061
v -0.040465 -0.093729 0.471940
v -0.038566 -0.084051 0.490945
v -0.038161 -0.082521 0.489652
v -0.045471 -0.091634 0.475722
v -0.045341 -0.093168 0.476636
v 0.009420 -0.069669 0.499679
v 0.005004 -0.074509 0.496342
v 0.004451 -0.074291 0.496484
v 0.003928 -0.075912 0.497807
v -0.169932 -0.051063 0.377915
v -0.170366 -0.053354 0.381626
v -0.170768 -0.051899 0.381850
v -0.161672 -0.060698 0.384515
v -0.142329 -0.059247 0.382652
v -0.140168 -0.059306 0.386667
v -0.141916 -0.060328 0.386821
v -0.141048 -0.058426 0.382529
v -0.143499 -0.058077 0.377147
v -0.142213 -0.057261 0.377047
v -0.136106 0.056516 0.391915
v -0.138017 0.056708 0.386667
v -0.161672 0.060253 0.384515
v -0.162655 0.059568 0.381850
v -0.163254 0.060166 0.384667
v -0.170691 -0.036771 0.385887
v -0.166239 -0.032715 0.384955
v -0.166181 -0.032105 0.386915
v -0.138160 -0.037543 0.382251
v -0.139653 -0.037985 0.377097
v -0.169619 0.034218 0.386915
v -0.143141 0.035673 0.372684
v -0.141059 0.035743 0.377013
v -0.142213 0.034745 0.377047
v -0.138227 0.041024 0.377534
v -0.138629 0.039569 0.377310
v -0.169750 0.054296 0.381463
v -0.169530 0.052073 0.377691
v -0.170366 0.052909 0.381626
v -0.140169 0.058859 0.386667
v -0.141454 0.059676 0.386767
v 0.180688 0.002278 0.410587
v 0.181290 -0.000222 0.410464
v 0.181290 0.002278 0.410464
v 0.099361 -0.013854 0.395398
v 0.143351 -0.009791 0.398115
v 0.149219 -0.009595 0.399109
v 0.169423 -0.003738 0.403832
v 0.166699 -0.006476 0.403434
v 0.160770 -0.005606 0.402923
v 0.126084 -0.007387 0.398889
v 0.131539 -0.006317 0.399663
v 0.126009 -0.006653 0.399051
v 0.143239 -0.009213 0.399080
v 0.149086 -0.008667 0.400289
v 0.143118 -0.008084 0.400060
v 0.126607 -0.010407 0.396264
v 0.131947 -0.009780 0.397410
v 0.174923 -0.015244 0.397763
v 0.142184 -0.006670 0.390942
v 0.147222 -0.006417 0.392301
v 0.128500 -0.006759 0.390123
v 0.122594 -0.007168 0.390071
v 0.093725 -0.013380 0.390157
v 0.099372 -0.011590 0.390111
v 0.162307 -0.005681 0.396515
v 0.157252 -0.005795 0.395191
v 0.167964 -0.005425 0.397950
v 0.168753 -0.004580 0.398562
v 0.169545 0.002843 0.398474
v 0.169258 0.003869 0.398352
v 0.168236 0.004614 0.398223
v 0.147193 0.005812 0.392390
v 0.152249 0.005704 0.393707
v 0.138168 0.006098 0.390317
v 0.142103 0.005864 0.391180
v 0.114615 0.007513 0.390303
v 0.110867 0.008327 0.390065
v 0.116720 0.007450 0.390050
v 0.105113 0.009704 0.389963
v 0.099381 0.011175 0.390086
v 0.116708 -0.007805 0.390048
v 0.089944 0.024763 0.394915
v 0.095404 0.022482 0.394915
v 0.137335 0.008868 0.398427
v 0.131947 0.009335 0.397410
v 0.195537 0.012610 0.405232
v 0.194342 0.013241 0.410088
v 0.194836 0.012610 0.410220
v 0.137376 0.014816 0.390043
v 0.134424 0.014869 0.389915
v 0.137156 0.007337 0.399704
v 0.143027 0.006318 0.400762
v 0.143065 0.007020 0.400485
v 0.120576 0.007477 0.398280
v 0.115133 0.008495 0.397585
v 0.168100 0.005548 0.403615
v 0.169596 0.004070 0.403752
v 0.168901 0.004406 0.403792
v 0.094136 0.015147 0.394915
v 0.092671 0.015388 0.394915
v 0.094011 0.014865 0.395062
v 0.117435 -0.016811 0.389915
v 0.111663 -0.017923 0.394915
v 0.111662 -0.017923 0.389915
v 0.169373 -0.002722 0.405567
v 0.173860 -0.000222 0.407814
v 0.169373 -0.000222 0.405567
v 0.166715 -0.021692 0.530616
v 0.170422 -0.022751 0.530474
v 0.163314 -0.016484 0.536524
v 0.161952 -0.015452 0.536334
v 0.161174 -0.016498 0.532094
v 0.169573 -0.018862 0.537525
v 0.166558 -0.017618 0.537441
v 0.172664 -0.020046 0.537252
v 0.182603 -0.019537 0.536903
v 0.179280 -0.020046 0.537252
v 0.179333 -0.020365 0.536903
v 0.198747 -0.000222 0.530490
v 0.198314 0.003499 0.530606
v 0.185144 -0.020835 0.530438
v 0.183556 -0.021916 0.529989
v 0.174263 -0.023903 0.530061
v 0.166616 -0.034895 0.529109
v 0.172530 -0.034071 0.528351
v 0.190387 -0.031049 0.526264
v 0.187399 -0.031633 0.526585
v 0.193238 -0.030492 0.525901
v 0.196055 -0.030074 0.525410
v 0.185592 -0.021866 0.529543
v 0.214452 -0.026771 0.522144
v 0.211336 -0.027563 0.522508
v 0.237067 -0.016502 0.521108
v 0.240519 -0.018148 0.518757
v 0.240667 -0.016084 0.520163
v 0.255852 -0.000221 0.519746
v 0.259438 -0.000221 0.518652
v 0.259413 0.001889 0.518570
v 0.276771 -0.003999 0.511622
v 0.273202 -0.005954 0.512674
v 0.276617 -0.005837 0.511138
v 0.286572 0.003880 0.504457
v 0.286318 0.005786 0.503652
v 0.285228 0.011675 0.497976
v 0.285050 0.012525 0.496277
v 0.286475 -0.006334 0.503811
v 0.286677 -0.004361 0.504538
v 0.284837 -0.012675 0.495981
v 0.285171 -0.012062 0.497954
v 0.285741 0.007885 0.502085
v 0.284543 0.012825 0.491915
v 0.284652 0.012712 0.493977
v 0.284519 0.012822 0.471592
v 0.284595 0.012860 0.467527
v 0.284802 0.013122 0.475656
v 0.284820 0.013198 0.471592
v 0.284807 0.013429 0.441892
v 0.284825 0.013353 0.443139
v 0.284827 0.013327 0.439074
v 0.270494 0.032138 0.439551
v 0.271491 0.030786 0.444325
v 0.273800 0.028917 0.443942
v 0.248927 0.042941 0.449684
v 0.249945 0.042414 0.452197
v 0.251732 0.041587 0.449405
v 0.247910 0.043421 0.454866
v 0.248893 0.042888 0.456846
v 0.250933 0.041881 0.454440
v 0.256986 0.038826 0.453500
v 0.258389 0.038013 0.455279
v 0.259990 0.037259 0.452991
v 0.239419 0.046097 0.468489
v 0.244274 0.043688 0.467917
v 0.248807 0.040588 0.471127
v 0.242378 0.036707 0.494645
v 0.244557 0.037409 0.489826
v 0.240986 0.038814 0.491128
v 0.222456 0.045896 0.497899
v 0.220635 0.046901 0.498789
v 0.219337 0.047900 0.495815
v 0.223453 0.050354 0.480749
v 0.225071 0.050586 0.476416
v 0.223195 0.050437 0.481116
v 0.226822 0.050909 0.470764
v 0.227451 0.050710 0.470491
v 0.232047 0.044448 0.487344
v 0.232202 0.044644 0.486677
v 0.237273 0.041687 0.488149
v 0.237077 0.041481 0.489031
v 0.229893 0.043999 0.491808
v 0.231005 0.043152 0.492811
v 0.231284 0.042964 0.492945
v 0.222552 0.045799 0.496441
v 0.224369 0.044816 0.496687
v 0.234749 0.040039 0.496039
v 0.230395 0.042008 0.496586
v 0.230715 0.049446 0.470050
v 0.227145 0.051416 0.470356
v 0.234494 0.048782 0.468900
v 0.226717 0.051722 0.470633
v 0.224865 0.050884 0.476406
v 0.218528 0.049408 0.492170
v 0.220936 0.050762 0.485810
v 0.222699 0.051719 0.481317
v 0.216106 0.052060 0.493942
v 0.216826 0.052321 0.492230
v 0.216495 0.050974 0.494909
v 0.215653 0.051551 0.495961
v 0.218197 0.055976 0.487211
v 0.216760 0.055810 0.489817
v 0.218683 0.062550 0.471217
v 0.218577 0.063349 0.467676
v 0.217840 0.063237 0.471194
v 0.218261 0.063783 0.463873
v 0.218159 0.063417 0.462688
v 0.216657 0.063544 0.462673
v 0.208790 0.059744 0.470481
v 0.207095 0.056209 0.467275
v 0.206421 0.056193 0.470180
v 0.208496 0.051633 0.460121
v 0.211484 0.054869 0.459969
v 0.224670 0.057360 0.457105
v 0.223912 0.058785 0.459149
v 0.225731 0.057151 0.457225
v 0.222709 0.060744 0.462606
v 0.221846 0.061427 0.463328
v 0.226034 0.056161 0.468852
v 0.225727 0.054566 0.470421
v 0.225628 0.055688 0.469976
v 0.223285 0.055567 0.476670
v 0.224544 0.056592 0.471807
v 0.225050 0.055737 0.471336
v 0.233240 0.050751 0.468001
v 0.237975 0.047848 0.467340
v 0.237850 0.048753 0.450519
v 0.238484 0.048596 0.453400
v 0.240617 0.047193 0.450351
v 0.228292 0.053035 0.450313
v 0.227962 0.054330 0.452831
v 0.229419 0.052956 0.450526
v 0.240775 0.045742 0.435735
v 0.236046 0.046483 0.431798
v 0.237922 0.047004 0.438234
v 0.209403 0.038765 0.438866
v 0.212168 0.042590 0.442876
v 0.213217 0.041119 0.437173
v 0.203573 0.027506 0.419123
v 0.206744 0.031416 0.420179
v 0.206613 0.030698 0.417268
v 0.241878 0.044833 0.423628
v 0.237304 0.045009 0.420209
v 0.237134 0.045600 0.426105
v 0.284824 0.013197 0.427012
v 0.284815 0.013159 0.430945
v 0.284533 0.012821 0.447203
v 0.284557 0.012831 0.443139
v 0.284521 0.012816 0.451268
v 0.284812 0.013249 0.459397
v 0.284824 0.013197 0.455333
v 0.284801 0.013201 0.435009
v 0.282034 -0.008735 0.494837
v 0.283034 -0.009100 0.493396
v 0.282034 -0.009100 0.493396
v 0.284252 -0.011705 0.498021
v 0.285146 -0.010722 0.499594
v 0.286450 0.000135 0.504903
v 0.286531 0.001822 0.504784
v 0.284684 -0.013438 0.475656
v 0.284646 -0.013387 0.479721
v 0.284639 -0.013498 0.447203
v 0.284370 -0.013226 0.443139
v 0.284809 -0.013629 0.430945
v 0.284812 -0.013592 0.435009
v 0.284648 -0.013425 0.451268
v 0.284791 -0.013531 0.467527
v 0.284755 -0.013477 0.471592
v 0.284758 -0.013409 0.494012
v 0.272357 -0.016153 0.503772
v 0.275095 -0.014734 0.504233
v 0.271739 -0.015217 0.505809
v 0.256964 -0.021845 0.503909
v 0.260034 -0.020453 0.503819
v 0.238924 -0.022460 0.515891
v 0.241968 -0.021781 0.515111
v 0.232683 -0.024492 0.515913
v 0.235790 -0.023536 0.515768
v 0.258894 -0.026094 0.499238
v 0.260110 -0.024088 0.499861
v 0.256936 -0.025323 0.500626
v 0.269327 -0.019584 0.498438
v 0.272318 -0.017938 0.498627
v 0.269292 -0.018791 0.499607
v 0.284356 -0.015217 0.482005
v 0.280777 -0.017583 0.484077
v 0.280900 -0.018001 0.479080
v 0.251000 -0.033321 0.493053
v 0.249281 -0.035663 0.489340
v 0.252027 -0.034447 0.488700
v 0.230383 -0.042459 0.496593
v 0.226250 -0.044347 0.496817
v 0.218690 -0.048902 0.495776
v 0.219657 -0.048138 0.495824
v 0.218466 -0.050147 0.491921
v 0.218348 -0.049494 0.493942
v 0.231308 -0.046320 0.484187
v 0.228269 -0.048895 0.480069
v 0.233103 -0.046794 0.479299
v 0.221196 -0.049268 0.490188
v 0.223932 -0.048103 0.489805
v 0.221333 -0.047643 0.494482
v 0.256340 -0.035172 0.478957
v 0.252306 -0.038254 0.475498
v 0.257014 -0.035974 0.474391
v 0.239658 -0.046243 0.468679
v 0.235316 -0.047906 0.469478
v 0.227472 -0.051416 0.470331
v 0.226743 -0.051687 0.470748
v 0.248812 -0.041950 0.467229
v 0.244348 -0.043996 0.468098
v 0.257901 -0.037594 0.464576
v 0.253055 -0.040101 0.465523
v 0.227387 -0.053350 0.469738
v 0.226354 -0.053881 0.470265
v 0.225866 -0.053866 0.471148
v 0.221021 -0.050923 0.485728
v 0.219145 -0.050301 0.489946
v 0.218959 -0.050578 0.490060
v 0.226569 -0.051480 0.471327
v 0.211738 -0.055712 0.497572
v 0.215037 -0.056549 0.491907
v 0.214122 -0.058431 0.490293
v 0.224977 -0.056531 0.471330
v 0.225573 -0.056299 0.469965
v 0.225290 -0.055517 0.471168
v 0.238097 -0.048150 0.467438
v 0.233488 -0.050776 0.468181
v 0.227275 -0.055626 0.468560
v 0.226760 -0.055979 0.468751
v 0.224526 -0.057167 0.471574
v 0.224925 -0.057181 0.470276
v 0.217339 -0.064359 0.467675
v 0.216810 -0.064486 0.467670
v 0.217272 -0.064482 0.464082
v 0.219276 -0.063625 0.462790
v 0.218112 -0.063809 0.462650
v 0.236412 -0.050441 0.458517
v 0.236037 -0.050690 0.456269
v 0.238938 -0.048852 0.455968
v 0.240617 -0.047639 0.450351
v 0.239764 -0.047817 0.447108
v 0.242481 -0.046456 0.447018
v 0.221684 -0.060285 0.459983
v 0.221824 -0.059462 0.458980
v 0.214658 -0.063941 0.463517
v 0.216179 -0.064419 0.463944
v 0.211342 -0.061016 0.462985
v 0.212136 -0.062200 0.463806
v 0.212162 -0.060385 0.461936
v 0.209302 -0.056909 0.461983
v 0.210963 -0.061226 0.464385
v 0.210935 -0.061896 0.467520
v 0.209503 -0.060247 0.467443
v 0.214784 -0.064535 0.474432
v 0.215610 -0.064536 0.471052
v 0.215192 -0.062165 0.482036
v 0.212062 -0.063729 0.484635
v 0.214625 -0.063022 0.481581
v 0.218606 -0.058660 0.482031
v 0.218171 -0.059172 0.481841
v 0.210965 -0.064505 0.484300
v 0.212569 -0.064481 0.481105
v 0.209927 -0.064036 0.480422
v 0.211741 -0.064316 0.477391
v 0.185514 -0.046777 0.497046
v 0.188720 -0.045552 0.492636
v 0.189849 -0.049078 0.493750
v 0.168625 -0.019644 0.505736
v 0.164539 -0.014854 0.507708
v 0.168625 -0.014789 0.505736
v 0.163242 -0.042977 0.511661
v 0.167503 -0.041344 0.508069
v 0.168213 -0.043520 0.509509
v 0.146565 -0.030278 0.513130
v 0.141841 -0.025597 0.513854
v 0.146565 -0.025269 0.513130
v 0.096784 -0.050441 0.505004
v 0.094906 -0.052199 0.503686
v 0.093070 -0.049941 0.502261
v 0.094847 -0.065352 0.505226
v 0.096948 -0.062678 0.506322
v 0.097427 -0.062572 0.507241
v 0.081857 -0.082694 0.492318
v 0.082300 -0.080292 0.494633
v 0.088684 -0.059274 0.515863
v 0.088827 -0.058385 0.517204
v 0.085137 -0.060328 0.515133
v 0.092930 -0.065879 0.507874
v 0.094677 -0.065220 0.508072
v 0.096086 -0.063361 0.509967
v 0.107832 -0.055854 0.516231
v 0.105006 -0.057619 0.514710
v 0.104226 -0.058096 0.514289
v 0.101922 -0.059823 0.512504
v 0.117233 -0.047141 0.526309
v 0.119106 -0.047611 0.525197
v 0.120102 -0.046323 0.526852
v 0.140623 -0.042393 0.528383
v 0.143663 -0.043122 0.527455
v 0.143620 -0.042060 0.528277
v 0.145263 -0.046445 0.524048
v 0.148554 -0.046677 0.524268
v 0.142034 -0.046330 0.523640
v 0.137946 -0.046668 0.524068
v 0.161334 -0.048319 0.522539
v 0.164260 -0.049476 0.521397
v 0.166794 -0.050601 0.519631
v 0.169654 -0.051584 0.518579
v 0.176786 -0.053855 0.513269
v 0.178150 -0.052680 0.510087
v 0.179320 -0.055092 0.511859
v 0.199826 -0.062662 0.494080
v 0.200672 -0.061275 0.490810
v 0.201823 -0.062752 0.491453
v 0.195437 -0.062465 0.499020
v 0.196715 -0.061063 0.495853
v 0.197694 -0.062566 0.496607
v 0.184889 -0.058944 0.509818
v 0.186778 -0.059914 0.507624
v 0.187436 -0.060744 0.508498
v 0.183274 -0.057964 0.512480
v 0.185510 -0.059447 0.510661
v 0.185860 -0.059514 0.511133
v 0.175530 -0.053847 0.516742
v 0.178275 -0.055112 0.515530
v 0.173213 -0.052185 0.518711
v 0.170070 -0.051450 0.519308
v 0.177267 -0.046720 0.519625
v 0.179756 -0.044320 0.519913
v 0.176903 -0.043904 0.520980
v 0.180439 -0.050576 0.517257
v 0.182932 -0.048185 0.517164
v 0.180099 -0.047409 0.518449
v 0.196908 -0.062465 0.505460
v 0.199939 -0.062248 0.502845
v 0.198564 -0.040667 0.515294
v 0.196002 -0.041534 0.515755
v 0.190558 -0.036189 0.521554
v 0.193297 -0.035964 0.520863
v 0.193277 -0.034026 0.522521
v 0.181998 -0.038193 0.522649
v 0.184639 -0.034815 0.524362
v 0.181682 -0.035067 0.524958
v 0.166055 -0.048631 0.521890
v 0.164496 -0.048822 0.521990
v 0.167543 -0.049612 0.521151
v 0.158198 -0.047745 0.523173
v 0.160877 -0.036093 0.529328
v 0.166660 -0.035101 0.528871
v 0.149316 -0.038040 0.530132
v 0.155024 -0.036803 0.530049
v 0.115201 -0.043524 0.531367
v 0.111846 -0.043569 0.531309
v 0.117800 -0.043324 0.531318
v 0.081572 -0.050852 0.529499
v 0.085908 -0.050402 0.529884
v 0.092743 -0.038120 0.527091
v 0.096497 -0.041883 0.529635
v 0.096471 -0.037662 0.527486
v 0.111418 -0.039830 0.530321
v 0.115162 -0.041371 0.531037
v 0.115136 -0.039280 0.530434
v 0.107467 -0.009275 0.525887
v 0.111197 -0.013615 0.526376
v 0.111178 -0.009136 0.526409
v 0.085293 -0.043157 0.528658
v 0.085287 -0.038957 0.526138
v 0.096394 0.023485 0.524230
v 0.092671 0.018995 0.523630
v 0.096377 0.018738 0.524202
v 0.096518 0.044137 0.530795
v 0.092775 0.044033 0.530425
v 0.111197 0.013171 0.526376
v 0.107467 0.008839 0.525887
v 0.111178 0.008699 0.526409
v 0.111443 0.041485 0.530996
v 0.107690 0.039913 0.530183
v 0.111418 0.039373 0.530318
v 0.095836 0.047865 0.530708
v 0.101411 0.046848 0.530869
v 0.090354 0.047957 0.530631
v 0.096069 0.046442 0.531098
v 0.094921 0.058283 0.515336
v 0.096290 0.059992 0.513304
v 0.093922 0.061842 0.511575
v 0.083406 0.082673 0.491901
v 0.084715 0.079786 0.494411
v 0.082989 0.071906 0.501719
v 0.082872 0.076071 0.498076
v 0.087398 0.032131 0.497409
v 0.081573 0.035831 0.498338
v 0.087398 0.035831 0.498338
v 0.117028 0.018049 0.513106
v 0.111851 0.019304 0.511851
v 0.113899 0.019416 0.512449
v 0.121348 0.014800 0.512455
v 0.126858 0.014161 0.513158
v 0.126827 0.013758 0.512656
v 0.097176 0.022201 0.505112
v 0.092799 0.023382 0.501985
v 0.093224 0.012136 0.486146
v 0.087398 0.009397 0.483434
v 0.087398 0.012136 0.486146
v 0.101341 0.014215 0.497217
v 0.099593 0.014843 0.496917
v 0.103318 0.014843 0.500723
v 0.128501 0.008488 0.505858
v 0.124577 0.007905 0.503970
v 0.102656 0.006743 0.485337
v 0.101833 0.007664 0.484854
v 0.101968 0.007897 0.485061
v 0.101419 -0.007501 0.484438
v 0.102197 -0.006540 0.484887
v 0.098154 -0.010071 0.483811
v 0.087398 -0.047733 0.499418
v 0.081573 -0.043908 0.499350
v 0.087398 -0.043908 0.499350
v 0.091071 -0.069300 0.500538
v 0.089535 -0.071655 0.499074
v 0.089536 -0.067188 0.499075
v 0.089536 -0.024920 0.499075
v 0.088789 -0.024454 0.498254
v 0.092811 -0.024018 0.502013
v 0.106708 -0.020384 0.509970
v 0.101849 -0.021768 0.507852
v 0.154827 -0.012336 0.511034
v 0.149413 -0.013324 0.512404
v 0.120247 -0.014660 0.511033
v 0.121377 -0.014660 0.511561
v 0.118946 -0.015288 0.511603
v 0.141162 -0.010966 0.510412
v 0.136462 -0.011781 0.510648
v 0.136651 -0.010966 0.509700
v 0.152198 -0.010968 0.510639
v 0.154400 -0.011004 0.510429
v 0.148925 -0.011641 0.511513
v 0.167303 -0.000222 0.504871
v 0.167303 -0.005278 0.504871
v 0.166847 -0.005278 0.505041
v 0.178174 -0.005934 0.499354
v 0.167923 -0.008932 0.505580
v 0.170135 -0.008996 0.504665
v 0.165117 -0.009849 0.507084
v 0.137240 -0.026019 0.514306
v 0.132490 -0.021314 0.514509
v 0.137240 -0.020860 0.514306
v 0.106890 -0.021521 0.510227
v 0.109433 -0.022627 0.511144
v 0.105020 -0.023959 0.509462
v 0.186121 -0.024135 0.491120
v 0.188641 -0.019353 0.487690
v 0.188641 -0.024135 0.487690
v 0.192998 -0.019353 0.480423
v 0.194856 -0.014570 0.476619
v 0.194856 -0.019353 0.476619
v 0.192998 -0.005005 0.480423
v 0.194856 -0.000223 0.476619
v 0.194856 -0.005005 0.476619
v 0.178497 0.004935 0.499091
v 0.178691 0.004999 0.498946
v 0.176376 0.007538 0.500815
v 0.178276 0.005870 0.499290
v 0.138223 0.014205 0.513946
v 0.143949 0.014085 0.513488
v 0.127849 0.043090 0.514439
v 0.124767 0.044741 0.515500
v 0.129012 0.043565 0.515826
v 0.163243 0.042531 0.511661
v 0.158575 0.043592 0.514960
v 0.163852 0.044313 0.513156
v 0.142034 0.045867 0.524081
v 0.145108 0.045318 0.522277
v 0.142034 0.045278 0.522385
v 0.154468 0.046931 0.521846
v 0.151487 0.046607 0.522731
v 0.154601 0.047101 0.522277
v 0.177699 0.054522 0.514670
v 0.175205 0.053394 0.516236
v 0.164007 0.049249 0.520856
v 0.160991 0.048453 0.521651
v 0.175914 0.053111 0.517347
v 0.172584 0.052165 0.517653
v 0.173151 0.051840 0.518601
v 0.185339 0.058929 0.510429
v 0.183087 0.057491 0.512220
v 0.185594 0.059038 0.510774
v 0.200044 0.064090 0.498432
v 0.202401 0.064171 0.495777
v 0.213512 0.064083 0.477731
v 0.214518 0.064106 0.474396
v 0.208203 0.063447 0.483395
v 0.209244 0.063247 0.480256
v 0.199266 0.044898 0.474287
v 0.195715 0.041281 0.478473
v 0.197190 0.045051 0.479165
v 0.183400 0.014089 0.494344
v 0.186121 0.014125 0.491120
v 0.186121 0.009342 0.491120
v 0.165491 0.010704 0.507259
v 0.164539 0.014409 0.507708
v 0.168625 0.014344 0.505736
v 0.178150 0.052233 0.510086
v 0.176786 0.053409 0.513268
v 0.179319 0.054646 0.511858
v 0.182823 0.054488 0.506960
v 0.181767 0.055957 0.510361
v 0.184130 0.057346 0.508777
v 0.183400 0.037941 0.494344
v 0.186121 0.033255 0.491120
v 0.183400 0.033255 0.494344
v 0.194275 0.055660 0.493891
v 0.194611 0.052285 0.490441
v 0.191041 0.052119 0.494912
v 0.194137 0.063470 0.502471
v 0.195945 0.062742 0.499475
v 0.193508 0.062651 0.501800
v 0.198759 0.060726 0.493379
v 0.199643 0.059222 0.490211
v 0.197802 0.059118 0.492730
v 0.194856 0.004560 0.476619
v 0.196516 0.009342 0.472714
v 0.196516 0.004560 0.472714
v 0.199791 0.037618 0.464001
v 0.199293 0.036375 0.464246
v 0.209933 0.050604 0.458002
v 0.213117 0.053579 0.457759
v 0.223140 0.050137 0.446307
v 0.226258 0.049865 0.444226
v 0.224160 0.049090 0.443658
v 0.202660 0.052477 0.475327
v 0.202594 0.048589 0.469573
v 0.200895 0.048717 0.474802
v 0.200015 0.018907 0.460500
v 0.200573 0.023690 0.456309
v 0.200573 0.018907 0.456309
v 0.200777 -0.014570 0.452038
v 0.200602 -0.009788 0.447843
v 0.200602 -0.014570 0.447843
v 0.195715 -0.041726 0.478473
v 0.199266 -0.045343 0.474287
v 0.197189 -0.045497 0.479165
v 0.199087 -0.024135 0.439514
v 0.197671 -0.019353 0.435246
v 0.197671 -0.024135 0.435246
v 0.193168 -0.012290 0.426285
v 0.193341 -0.013054 0.426564
v 0.193341 -0.009788 0.426564
v 0.207221 -0.042011 0.450359
v 0.204185 -0.038943 0.452466
v 0.204779 -0.038352 0.449520
v 0.221552 -0.057501 0.456713
v 0.220146 -0.059146 0.458819
v 0.219233 -0.048445 0.445178
v 0.214746 -0.046791 0.446772
v 0.215587 -0.045895 0.444026
v 0.232934 -0.049931 0.442904
v 0.233063 -0.050757 0.445801
v 0.231916 -0.050969 0.445552
v 0.233305 -0.048284 0.437099
v 0.230308 -0.048916 0.439345
v 0.230989 -0.048106 0.436523
v 0.241942 -0.045226 0.419576
v 0.241923 -0.045242 0.421445
v 0.237304 -0.045455 0.420209
v 0.271491 -0.031232 0.444325
v 0.269072 -0.032960 0.444691
v 0.270494 -0.032584 0.439551
v 0.266051 -0.033757 0.457513
v 0.267594 -0.033064 0.453500
v 0.262816 -0.036486 0.448028
v 0.261366 -0.037472 0.445654
v 0.263991 -0.036062 0.445357
v 0.251325 -0.042668 0.436501
v 0.246714 -0.044326 0.432364
v 0.251968 -0.042670 0.432922
v 0.281145 -0.018662 0.469091
v 0.277906 -0.022456 0.465085
v 0.281267 -0.018930 0.464095
v 0.218383 -0.038871 0.412085
v 0.214061 -0.036655 0.413761
v 0.213865 -0.035997 0.410831
v 0.203769 -0.029794 0.426178
v 0.203496 -0.029795 0.427325
v 0.200183 -0.025658 0.426007
v 0.194839 -0.000223 0.408777
v 0.195181 -0.005673 0.408882
v 0.192791 0.009962 0.425690
v 0.193341 0.009342 0.426564
v 0.200016 0.023690 0.443521
v 0.199110 0.028420 0.439599
v 0.199087 0.023690 0.439514
v 0.203412 0.026683 0.416238
v 0.206425 0.029939 0.414357
v 0.202612 -0.024349 0.407859
v 0.200605 -0.021104 0.407477
v 0.208985 -0.039894 0.441748
v 0.205712 -0.037115 0.443614
v 0.206064 -0.036477 0.440659
v 0.204398 -0.052890 0.469876
v 0.206421 -0.056639 0.470180
v 0.205593 -0.056615 0.473047
v 0.194740 -0.045585 0.483877
v 0.198752 -0.049228 0.479872
v 0.196193 -0.049238 0.484751
v 0.211716 0.064141 0.480870
v 0.207980 0.061692 0.493847
v 0.189191 0.059529 0.510829
v 0.186710 0.058103 0.512297
v 0.170677 0.040450 0.524162
v 0.168056 0.042539 0.523739
v 0.167695 0.040408 0.524896
v 0.197011 0.061777 0.505564
v 0.196718 0.062199 0.505503
v 0.199167 0.059519 0.505714
v 0.210140 0.056425 0.497871
v 0.210328 0.057791 0.495851
v 0.214541 0.052399 0.496713
v 0.213550 0.053540 0.496751
v 0.212463 0.054858 0.496990
v 0.212332 0.054747 0.497322
v 0.216712 0.050328 0.496104
v 0.212809 0.052594 0.499942
v 0.213669 0.052043 0.499286
v 0.212351 0.049615 0.504817
v 0.211696 0.051710 0.502629
v 0.209593 0.051428 0.505068
v 0.219593 0.047287 0.500551
v 0.222099 0.045750 0.500608
v 0.228167 0.042084 0.500555
v 0.226675 0.041528 0.503083
v 0.228166 0.039411 0.505097
v 0.226621 0.024947 0.518058
v 0.229729 0.024079 0.517777
v 0.233330 0.018701 0.520655
v 0.229832 0.016911 0.522847
v 0.233455 0.016492 0.522004
v 0.215569 -0.000220 0.528113
v 0.219234 -0.005576 0.527408
v 0.219275 -0.000220 0.527579
v 0.237696 -0.000221 0.524281
v 0.241282 -0.004932 0.523239
v 0.241352 -0.000221 0.523484
v 0.255759 0.004077 0.519440
v 0.259339 0.003981 0.518331
v 0.259221 0.006043 0.517944
v 0.266042 0.016814 0.506561
v 0.264940 0.015799 0.508746
v 0.268354 0.015279 0.507313
v 0.276617 0.005388 0.511138
v 0.280154 0.003486 0.510008
v 0.279994 0.005280 0.509506
v 0.281614 0.013939 0.499707
v 0.257010 0.018637 0.509804
v 0.259981 0.018039 0.508777
v 0.235884 0.022557 0.516756
v 0.238913 0.022074 0.515775
v 0.269231 0.017117 0.502300
v 0.272321 0.016280 0.501789
v 0.284807 0.013429 0.487850
v 0.284580 0.014103 0.486933
v 0.281139 0.018225 0.469059
v 0.277902 0.022019 0.465044
v 0.277695 0.021513 0.470267
v 0.284687 0.013715 0.493939
v 0.281353 0.015413 0.494523
v 0.281390 0.015191 0.495391
v 0.263255 0.021184 0.500156
v 0.266282 0.019684 0.499929
v 0.256489 0.034997 0.477199
v 0.256422 0.035437 0.475850
v 0.251648 0.034890 0.486491
v 0.245964 0.034334 0.495966
v 0.241893 0.036445 0.496072
v 0.236919 0.038046 0.498643
v 0.236702 0.037924 0.499129
v 0.239567 0.036599 0.498600
v 0.253883 0.021634 0.505535
v 0.256974 0.019874 0.506431
v 0.256967 0.020816 0.504693
v 0.231959 0.029996 0.508500
v 0.234876 0.031239 0.506337
v 0.231735 0.032455 0.506864
v 0.244340 0.027751 0.504566
v 0.247385 0.028601 0.502724
v 0.244206 0.029860 0.503358
v 0.246870 0.039601 0.478973
v 0.247171 0.039873 0.477585
v 0.260532 0.033732 0.473511
v 0.257620 0.036239 0.469810
v 0.257019 0.035527 0.474388
v 0.262357 0.034375 0.465284
v 0.257983 0.036838 0.465919
v 0.272342 0.018857 0.496545
v 0.275332 0.017445 0.496105
v 0.284808 0.013258 0.491914
v 0.232820 0.023280 0.517385
v 0.244095 0.017222 0.517736
v 0.247832 0.014826 0.518114
v 0.247657 0.016733 0.516661
v 0.200229 0.002737 0.529854
v 0.200084 -0.000221 0.529910
v 0.204429 -0.000220 0.529471
v 0.189307 0.027557 0.527398
v 0.185630 0.025016 0.528687
v 0.189336 0.024531 0.528314
v 0.183624 0.021686 0.529783
v 0.181743 0.022014 0.530191
v 0.163969 0.018371 0.531757
v 0.161118 0.016110 0.531893
v 0.163259 0.016114 0.536334
v 0.154763 -0.007558 0.531363
v 0.156199 -0.011012 0.531271
v 0.156418 -0.010864 0.531647
v 0.157716 0.014117 0.530851
v 0.155629 0.011756 0.530754
v 0.140916 -0.008040 0.529851
v 0.144663 -0.011773 0.530084
v 0.144650 -0.007910 0.530161
v 0.126130 -0.025379 0.528278
v 0.129891 -0.029021 0.529072
v 0.129846 -0.024966 0.528645
v 0.133458 -0.008307 0.529136
v 0.137202 -0.012168 0.529439
v 0.137186 -0.008173 0.529509
v 0.118571 -0.000219 0.527417
v 0.122283 -0.004468 0.527883
v 0.122279 -0.000219 0.527888
v 0.122317 0.012541 0.527813
v 0.118588 0.008419 0.527397
v 0.122296 0.008280 0.527864
v 0.133288 0.040094 0.531066
v 0.130038 0.039935 0.531124
v 0.133736 0.038983 0.531023
v 0.172537 0.033653 0.528311
v 0.166615 0.034445 0.529122
v 0.190499 0.033899 0.523099
v 0.187580 0.034134 0.523738
v 0.196046 0.031222 0.523812
v 0.193244 0.030462 0.525482
v 0.196051 0.030327 0.524722
v 0.200333 0.028657 0.524864
v 0.202016 0.028404 0.524563
v 0.178363 0.032399 0.527954
v 0.166696 0.021286 0.530576
v 0.163336 0.019376 0.530715
v 0.144663 0.011325 0.530084
v 0.140916 0.007601 0.529851
v 0.144650 0.007469 0.530161
v 0.155943 0.032569 0.530195
v 0.152217 0.029470 0.530291
v 0.155928 0.028964 0.530262
v 0.137365 0.031529 0.530089
v 0.133606 0.028089 0.529336
v 0.137323 0.027623 0.529576
v 0.148376 -0.000219 0.530491
v 0.152117 -0.003937 0.530717
v 0.152156 -0.000219 0.530734
v 0.178011 0.022335 0.530486
v 0.174270 0.022436 0.530629
v 0.200478 0.020241 0.527930
v 0.196825 0.017731 0.529032
v 0.200530 0.017379 0.528635
v 0.226189 0.017330 0.523643
v 0.222635 0.015283 0.525312
v 0.226296 0.014933 0.524597
v 0.220526 0.025872 0.519928
v 0.223551 0.025569 0.518759
v 0.201364 0.043087 0.512417
v 0.204123 0.045503 0.510217
v 0.201205 0.047283 0.510425
v 0.204016 0.053491 0.507627
v 0.203924 0.049586 0.508731
v 0.211455 0.053599 0.500287
v 0.211339 0.027114 0.522576
v 0.214425 0.026595 0.521904
v 0.169918 0.035775 0.527012
v 0.169730 0.034774 0.527879
v 0.165411 0.044253 0.523480
v 0.162673 0.045686 0.523371
v 0.162368 0.043939 0.524211
v 0.151756 0.046567 0.523838
v 0.148568 0.046115 0.524390
v 0.121278 0.047663 0.517966
v 0.125187 0.046094 0.518048
v 0.118520 0.046288 0.513431
v 0.116595 0.047804 0.514157
v 0.120531 0.045950 0.514537
v 0.109433 0.034985 0.511144
v 0.105020 0.033687 0.509462
v 0.105020 0.037078 0.509462
v 0.100841 0.035862 0.507443
v 0.096784 0.034544 0.505004
v 0.096784 0.038407 0.505004
v 0.089536 0.066743 0.499075
v 0.087965 0.064579 0.497433
v 0.087965 0.069208 0.497433
v 0.089593 0.071496 0.499697
v 0.091528 0.068500 0.501402
v 0.110660 0.053187 0.516165
v 0.113813 0.051013 0.516455
v 0.110250 0.052854 0.515110
v 0.111277 0.053571 0.517786
v 0.114371 0.051530 0.520020
v 0.129927 0.047286 0.523697
v 0.133872 0.046605 0.523547
v 0.118415 0.050463 0.520793
v 0.122136 0.049238 0.521877
v 0.098653 0.061853 0.509527
v 0.101685 0.059471 0.512040
v 0.094273 0.066445 0.506257
v 0.096551 0.064072 0.508281
v 0.115080 0.049615 0.522651
v 0.117140 0.049850 0.521932
v 0.149755 0.041665 0.527434
v 0.146711 0.042067 0.527553
v 0.155027 0.046798 0.523713
v 0.145257 0.045843 0.524065
v 0.149953 0.043455 0.526189
v 0.146840 0.043893 0.526169
v 0.160835 0.035461 0.529571
v 0.155044 0.036469 0.529963
v 0.138243 0.039623 0.530617
v 0.132776 0.041237 0.530253
v 0.132907 0.040968 0.530495
v 0.103586 0.051599 0.522516
v 0.105016 0.052661 0.520556
v 0.102377 0.053985 0.519360
v 0.101134 0.047828 0.530196
v 0.106346 0.046905 0.530096
v 0.100995 0.048254 0.529780
v 0.123080 0.041877 0.531289
v 0.122694 0.042186 0.531186
v 0.112224 0.044629 0.531076
v 0.117330 0.043834 0.530929
v 0.112070 0.044969 0.530867
v 0.099150 0.061693 0.510456
v 0.098793 0.059472 0.506278
v 0.096784 0.057721 0.505004
v 0.096630 0.061963 0.505203
v 0.137405 -0.035873 0.530668
v 0.141134 -0.037226 0.530765
v 0.141114 -0.035299 0.530627
v 0.163297 -0.020189 0.530643
v 0.164826 -0.021287 0.530569
v 0.158298 -0.014110 0.531318
v 0.157122 -0.008490 0.536630
v 0.156097 -0.005255 0.536767
v 0.157759 -0.004834 0.537749
v 0.155184 0.006914 0.532153
v 0.154254 0.003426 0.532044
v 0.155905 0.004860 0.536334
v 0.164049 0.015099 0.537649
v 0.161803 0.012823 0.537686
v 0.164239 0.014855 0.537724
v 0.170080 0.019573 0.536408
v 0.172586 0.020081 0.536630
v 0.169670 0.018140 0.537649
v 0.172803 0.018774 0.537686
v 0.182646 0.019225 0.536618
v 0.185593 0.017559 0.537148
v 0.185690 0.017738 0.536903
v 0.191741 0.016779 0.529883
v 0.194094 0.013809 0.530186
v 0.200620 -0.012011 0.529377
v 0.204282 -0.014637 0.528676
v 0.204330 -0.011785 0.528977
v 0.192243 -0.017743 0.529594
v 0.193116 -0.018527 0.529383
v 0.193136 -0.016887 0.529627
v 0.192339 0.010472 0.537564
v 0.190471 0.013126 0.537525
v 0.196485 -0.001921 0.536630
v 0.195911 -0.005271 0.536622
v 0.188243 -0.015987 0.537357
v 0.185416 -0.017674 0.537441
v 0.191115 0.013719 0.536630
v 0.193067 0.010948 0.536903
v 0.193236 0.011058 0.536531
v 0.178733 0.054258 0.516223
v 0.198238 0.064105 0.501603
v 0.200804 0.064089 0.499058
v 0.201510 0.063506 0.499622
v 0.203861 0.063576 0.496802
v 0.192629 0.064190 0.506132
v 0.195288 0.064193 0.503726
v 0.190675 0.062328 0.508123
v 0.169613 0.051125 0.518507
v 0.145558 0.011255 0.511614
v 0.144068 0.011482 0.511843
v 0.130632 -0.000222 0.505666
v 0.130632 -0.005278 0.505666
v 0.128807 -0.005278 0.505029
v 0.103978 0.004833 0.486608
v 0.103163 0.002547 0.485687
v 0.103360 0.005780 0.485949
v 0.105913 -0.010647 0.492186
v 0.108244 -0.011781 0.496270
v 0.105002 -0.011781 0.493028
v 0.089700 -0.022106 0.497437
v 0.090880 -0.019241 0.493483
v 0.092631 -0.019241 0.495864
v 0.116810 -0.008933 0.499903
v 0.112834 -0.010008 0.497836
v 0.113245 -0.008933 0.497314
v 0.142878 -0.000222 0.508204
v 0.142158 -0.005278 0.508129
v 0.158848 0.009722 0.509018
v 0.154479 0.010403 0.510285
v 0.159318 -0.000222 0.507218
v 0.159318 0.004833 0.507218
v 0.162775 0.004833 0.506363
v 0.115853 -0.005278 0.498168
v 0.117245 -0.006538 0.499251
v 0.113731 -0.006538 0.496699
v 0.132241 0.011662 0.510204
v 0.136462 0.011336 0.510648
v 0.183399 -0.033659 0.494344
v 0.186121 -0.028918 0.491120
v 0.186121 -0.033700 0.491120
v 0.087670 -0.032577 0.497409
v 0.087398 -0.030637 0.496800
v 0.111725 0.011336 0.499243
v 0.108900 0.010521 0.495561
v 0.108244 0.011336 0.496270
v 0.092871 0.015070 0.488637
v 0.095402 0.015602 0.493422
v 0.096193 0.014843 0.492818
v 0.107713 0.042038 0.530936
v 0.103961 0.040438 0.530027
v 0.090049 -0.047871 0.530756
v 0.086020 -0.047884 0.530517
v 0.081572 -0.062281 0.512881
v 0.084912 -0.063400 0.510901
v 0.128017 -0.041775 0.531086
v 0.133135 -0.040914 0.530890
v 0.126631 -0.043839 0.529008
v 0.128765 -0.044273 0.527988
v 0.129429 -0.043253 0.529156
v 0.122813 -0.042841 0.531126
v 0.208238 -0.028007 0.523285
v 0.216719 -0.033372 0.513064
v 0.213915 -0.031619 0.516144
v 0.213651 -0.034500 0.513489
v 0.212350 -0.050061 0.504818
v 0.211696 -0.052155 0.502629
v 0.214353 -0.050392 0.502360
v 0.228600 -0.034151 0.507362
v 0.225728 -0.032690 0.509530
v 0.225473 -0.035439 0.507829
v 0.241024 -0.031583 0.503960
v 0.238030 -0.030496 0.505777
v 0.237844 -0.032883 0.504533
v 0.251099 -0.031986 0.496049
v 0.250574 -0.032442 0.495670
v 0.230892 -0.041824 0.498541
v 0.226789 -0.044000 0.498704
v 0.231633 -0.041577 0.498061
v 0.217724 -0.048665 0.501402
v 0.216266 -0.049681 0.501263
v 0.214459 -0.051585 0.499676
v 0.214736 -0.052104 0.497857
v 0.212197 -0.054753 0.498142
v 0.213988 -0.053066 0.497461
v 0.214850 -0.052468 0.496781
v 0.216333 -0.050032 0.499752
v 0.217381 -0.049275 0.499614
v 0.217885 -0.048976 0.499355
v 0.247273 -0.031146 0.501797
v 0.246601 -0.031439 0.501932
v 0.248182 -0.033191 0.496859
v 0.213124 -0.041069 0.509386
v 0.210347 -0.039039 0.511569
v 0.210096 -0.042620 0.509696
v 0.199433 -0.063065 0.502684
v 0.202048 -0.063058 0.500006
v 0.201760 -0.062223 0.501062
v 0.200803 -0.064535 0.499059
v 0.202597 -0.064612 0.495917
v 0.203177 -0.064518 0.496333
v 0.204587 -0.064617 0.492995
v 0.206520 -0.064601 0.490050
v 0.195894 -0.064387 0.504397
v 0.198333 -0.064515 0.501695
v 0.200319 -0.064615 0.498655
v 0.214182 -0.029061 0.519118
v 0.211104 -0.029805 0.519656
v 0.171499 -0.051620 0.515808
v 0.173159 -0.050679 0.512847
v 0.174179 -0.052699 0.514585
v 0.148174 -0.046107 0.521951
v 0.150917 -0.045510 0.519999
v 0.151217 -0.046485 0.521548
v 0.156587 -0.045913 0.518293
v 0.159066 -0.045482 0.516493
v 0.159593 -0.046872 0.518065
v 0.108655 -0.051928 0.510878
v 0.105146 -0.054381 0.509516
v 0.105020 -0.051087 0.509462
v 0.129799 -0.047610 0.522561
v 0.133732 -0.046232 0.521604
v 0.133836 -0.046948 0.523042
v 0.111231 -0.053972 0.517659
v 0.103681 -0.057555 0.511913
v 0.106429 -0.055099 0.512575
v 0.106867 -0.055337 0.513590
v 0.099057 -0.062181 0.510278
v 0.096627 -0.064419 0.508491
v 0.098901 -0.062237 0.509984
v 0.114645 -0.052195 0.519731
v 0.129887 -0.047783 0.523346
v 0.133900 -0.047114 0.523961
v 0.090202 -0.070966 0.502695
v 0.092106 -0.069377 0.504072
v 0.090372 -0.070007 0.503722
v 0.085841 -0.078013 0.496401
v 0.084264 -0.080235 0.494451
v 0.113900 -0.045850 0.512448
v 0.109433 -0.045032 0.511144
v 0.113900 -0.042808 0.512448
v 0.140552 -0.043403 0.527531
v 0.143705 -0.044133 0.526596
v 0.231279 -0.054013 0.455780
v 0.229477 -0.055222 0.455485
v 0.231135 -0.053744 0.453371
v 0.214430 -0.054783 0.494433
v 0.214062 -0.054270 0.495520
v 0.244095 -0.017656 0.517734
v 0.262923 -0.017903 0.507705
v 0.266042 -0.017332 0.506427
v 0.251017 -0.020028 0.512259
v 0.254020 -0.019458 0.511220
v 0.254731 -0.016205 0.514340
v 0.282559 -0.010359 0.505063
v 0.278965 -0.011955 0.505611
v 0.282263 -0.011670 0.503807
v 0.285440 -0.011592 0.500049
v 0.284515 -0.013340 0.483786
v 0.258879 -0.010439 0.516717
v 0.262170 -0.011983 0.514508
v 0.262390 -0.010186 0.515463
v 0.282034 -0.000223 0.446915
v 0.283034 0.001185 0.447026
v 0.282034 0.001690 0.447906
v 0.281991 0.005972 0.472601
v 0.281972 0.004414 0.472809
v 0.281987 0.003525 0.474011
v 0.281984 0.006376 0.474347
v 0.281984 0.007165 0.472504
v 0.281977 0.007355 0.473977
v 0.281967 0.000237 0.472414
v 0.281984 -0.001761 0.475373
v 0.282001 -0.002147 0.474522
v 0.281984 -0.007269 0.472482
v 0.281984 -0.006304 0.472890
v 0.282034 0.001629 0.463686
v 0.279534 0.003406 0.463060
v 0.282034 0.003406 0.463060
v 0.279534 0.001451 0.448100
v 0.282034 0.005438 0.497587
v 0.279534 0.006257 0.496630
v 0.282034 0.006257 0.496630
v 0.279534 -0.007988 0.489933
v 0.282034 -0.007556 0.488682
v 0.279534 -0.007556 0.488682
v 0.228487 0.055243 0.455337
v 0.227717 0.056329 0.457453
v 0.229477 0.054776 0.455484
v 0.217621 0.049931 0.493962
v 0.278669 0.024448 0.438775
v 0.277996 0.024726 0.443139
v 0.279851 0.022424 0.442727
v 0.192511 -0.010240 0.394875
v 0.198130 -0.010240 0.394048
v 0.176025 -0.010295 0.396290
v 0.194846 0.004858 0.405047
v 0.196185 0.009879 0.403261
v 0.195649 0.009879 0.405262
v 0.186859 -0.000233 0.395431
v 0.181187 0.004771 0.395729
v 0.186859 0.004771 0.395431
v 0.205755 0.021682 0.399982
v 0.204354 0.019271 0.399980
v 0.206219 0.025764 0.403494
v 0.204035 0.023010 0.403232
v 0.207604 0.028805 0.405957
v 0.210200 0.031261 0.406294
v 0.205691 -0.026560 0.404499
v 0.208223 -0.029080 0.404562
v 0.207968 -0.029226 0.405115
v 0.211842 -0.030316 0.401570
v 0.209557 -0.028226 0.401923
v 0.205387 -0.022874 0.401451
v 0.207392 -0.025617 0.401672
v 0.220362 -0.036684 0.400422
v 0.219586 -0.036684 0.403320
v 0.217112 -0.034952 0.402657
v 0.234743 -0.042951 0.409319
v 0.234852 -0.042729 0.408070
v 0.238075 -0.043399 0.410245
v 0.225273 -0.040122 0.406765
v 0.228401 -0.041176 0.406986
v 0.228350 -0.041485 0.408186
v 0.222017 -0.039311 0.408273
v 0.225192 -0.040529 0.408222
v 0.248566 -0.044230 0.416955
v 0.242196 -0.043220 0.407506
v 0.243240 -0.043208 0.407421
v 0.263249 -0.037299 0.417030
v 0.265875 -0.035350 0.417441
v 0.279396 -0.023690 0.423635
v 0.281098 -0.020631 0.424032
v 0.280949 -0.014652 0.421560
v 0.281398 -0.013675 0.421890
v 0.282424 -0.013672 0.423442
v 0.283477 -0.014113 0.424667
v 0.282225 -0.012512 0.423582
v 0.282622 -0.007343 0.426094
v 0.282704 -0.011843 0.425486
v 0.282924 -0.000221 0.421391
v 0.282770 0.003172 0.421682
v 0.281531 0.013306 0.422107
v 0.277712 0.026385 0.424575
v 0.275476 0.029128 0.424087
v 0.261417 0.039327 0.418553
v 0.258397 0.040841 0.418083
v 0.268324 0.032640 0.416721
v 0.265758 0.034710 0.416029
v 0.279745 0.016514 0.420307
v 0.278486 0.019627 0.420535
v 0.276932 0.022591 0.420295
v 0.270378 0.033919 0.421971
v 0.267605 0.035994 0.420848
v 0.280242 0.020054 0.422955
v 0.279462 0.023353 0.424002
v 0.280835 0.020195 0.423685
v 0.281198 0.020287 0.424260
v 0.282475 0.006502 0.420900
v 0.281825 0.009961 0.420653
v 0.272896 -0.028370 0.418315
v 0.274929 -0.025733 0.418767
v 0.268315 -0.033164 0.417558
v 0.270770 -0.030923 0.418461
v 0.265692 -0.035199 0.416664
v 0.261736 -0.037834 0.414614
v 0.263051 -0.037119 0.416185
v 0.260182 -0.038641 0.414556
v 0.279795 -0.016957 0.419909
v 0.280889 -0.013799 0.420613
v 0.268162 0.033490 0.413230
v 0.267386 0.033490 0.416128
v 0.247974 0.042781 0.413401
v 0.244747 0.043283 0.412852
v 0.238052 0.042785 0.409535
v 0.238283 0.043031 0.410509
v 0.238288 0.042648 0.408576
v 0.234754 0.042679 0.409843
v 0.231511 0.042075 0.409297
v 0.219562 0.036449 0.404387
v 0.216754 0.034621 0.403991
v 0.221881 0.038937 0.408715
v 0.218683 0.037378 0.408572
v 0.221745 0.039026 0.409391
v 0.251676 0.042660 0.415651
v 0.248499 0.043573 0.415642
v 0.245102 0.044134 0.415621
v 0.241772 0.044520 0.415292
v 0.239704 0.043703 0.412429
v 0.239691 0.043943 0.413100
v 0.281803 0.012418 0.422492
v 0.282637 0.012421 0.424331
v 0.282670 0.012370 0.426127
v 0.282883 0.013017 0.425977
v 0.282600 0.010567 0.424493
v 0.282833 0.013331 0.424230
v 0.282982 -0.017508 0.425198
v 0.283791 -0.015528 0.425551
v 0.273157 -0.032043 0.423132
v 0.275574 -0.029483 0.423684
v 0.267467 -0.036260 0.420340
v 0.269826 -0.033951 0.420412
v 0.270437 -0.034303 0.421926
v 0.248203 -0.043478 0.414094
v 0.251389 -0.042720 0.414669
v 0.267780 -0.036520 0.421708
v 0.218885 -0.037799 0.408051
v 0.209501 0.027792 0.402049
v 0.207132 0.025281 0.402111
v 0.261793 0.038764 0.408418
v 0.263929 0.037120 0.412096
v 0.264706 0.037120 0.409198
v 0.271145 -0.031931 0.414029
v 0.273551 -0.029393 0.414674
v 0.206862 -0.022141 0.393699
v 0.206216 -0.021877 0.396632
v 0.047256 -0.031740 0.369986
v 0.044762 -0.031348 0.375574
v 0.046047 -0.030532 0.375674
v 0.050410 -0.034894 0.355148
v 0.051195 -0.033677 0.358141
v 0.051861 -0.034343 0.355008
v 0.045555 -0.038547 0.357977
v 0.044103 -0.039097 0.362076
v 0.044719 -0.037710 0.361912
v 0.051215 -0.060611 0.365117
v 0.050359 -0.059610 0.362076
v 0.051814 -0.060012 0.362300
v 0.076878 -0.038976 0.362646
v 0.078231 -0.039479 0.367345
v 0.077225 -0.040485 0.362612
v 0.072140 -0.033204 0.363102
v 0.074245 -0.033200 0.366858
v 0.073421 -0.034025 0.362979
v 0.072729 -0.027087 0.386915
v 0.073321 -0.028163 0.382413
v 0.071831 -0.027985 0.382692
v 0.077829 0.037580 0.367121
v 0.078281 0.035126 0.371980
v 0.077213 0.036193 0.366957
v 0.078230 0.052526 0.367341
v 0.078895 0.055048 0.372136
v 0.079297 0.053593 0.372360
v 0.079571 0.064132 0.391915
v 0.079666 0.062075 0.386896
v 0.078511 0.063072 0.386930
v 0.074407 0.054664 0.357497
v 0.073437 0.053694 0.352931
v 0.073421 0.057981 0.362979
v 0.070970 0.057632 0.357596
v 0.072140 0.058802 0.363102
v 0.049076 0.056344 0.355277
v 0.049809 0.057713 0.357977
v 0.050410 0.057112 0.355148
v 0.041852 0.057162 0.375398
v 0.042416 0.054596 0.370012
v 0.041236 0.055776 0.375562
v 0.041306 0.061962 0.386365
v 0.043641 0.061780 0.380849
v 0.042486 0.060782 0.380815
v 0.042202 0.033698 0.375623
v 0.043819 0.034264 0.369886
v 0.070747 0.032149 0.363236
v 0.070970 0.033929 0.357596
v 0.072140 0.032759 0.363102
v 0.073708 0.029188 0.377167
v 0.073321 0.027718 0.382413
v 0.072253 0.028786 0.377390
v 0.040380 0.030402 0.386915
v 0.041401 0.031846 0.381261
v 0.042398 0.030691 0.381228
v 0.044332 -0.026923 0.386915
v 0.044129 -0.027269 0.386915
v 0.043066 -0.026206 0.391915
v 0.044359 0.042433 0.358644
v 0.043701 0.040107 0.362300
v 0.043522 0.041597 0.362579
v 0.078587 -0.056185 0.372055
v 0.077829 -0.054426 0.367117
v 0.074559 -0.057413 0.362869
v 0.072255 -0.057261 0.357497
v 0.073909 -0.055686 0.357480
v 0.052797 -0.060698 0.364965
v 0.053304 -0.060191 0.362579
v 0.043666 -0.060047 0.375265
v 0.041489 -0.060072 0.380849
v 0.042668 -0.058893 0.375299
v 0.042386 -0.037381 0.370150
v 0.041794 -0.034785 0.375674
v 0.043003 -0.035994 0.369986
v 0.081480 -0.060079 0.387029
v 0.082096 -0.058693 0.387193
v 0.281334 0.001909 0.495638
v 0.281384 0.003194 0.494587
v 0.281534 -0.003455 0.495410
v 0.279034 -0.004573 0.490013
v 0.280734 -0.002198 0.463653
v 0.281734 -0.001557 0.463817
v 0.075554 -0.087697 0.486616
v 0.079563 -0.087697 0.486616
v 0.079563 -0.085280 0.489599
v 0.075554 -0.097206 0.420915
v 0.075554 -0.096699 0.416335
v 0.078990 -0.097206 0.420915
v -0.168445 -0.097219 0.421667
v -0.163863 -0.097217 0.421418
v -0.099714 -0.097200 0.421414
v -0.099714 -0.097206 0.420915
v -0.096849 -0.097206 0.420915
v -0.028690 -0.097206 0.420915
v -0.026400 -0.097206 0.420915
v -0.026399 -0.097158 0.421446
v 0.042332 -0.097207 0.421137
v -0.021817 -0.097136 0.421628
v -0.090549 -0.097126 0.421901
v -0.090548 -0.096920 0.422868
v -0.092840 -0.096931 0.422871
v -0.165009 -0.082625 0.492386
v -0.160999 -0.082625 0.492386
v -0.162778 -0.080808 0.494056
v -0.169571 -0.057401 0.510976
v -0.169570 -0.056775 0.510702
v -0.173028 -0.057190 0.511001
v 0.081572 -0.046023 0.529580
v 0.076060 -0.046533 0.528676
v 0.039048 -0.045208 0.514590
v 0.044160 -0.050343 0.517897
v 0.038892 -0.049938 0.516027
v 0.076282 -0.067492 0.506146
v 0.081572 -0.068118 0.505545
v 0.081572 -0.065937 0.507975
v 0.067535 -0.097073 0.461700
v 0.063526 -0.097223 0.457915
v 0.067535 -0.084531 0.397412
v 0.071544 -0.084531 0.397412
v 0.071544 -0.088079 0.400351
v -0.012653 -0.071817 0.392269
v -0.008643 -0.071817 0.392269
v -0.008643 -0.076303 0.393322
v -0.100859 -0.071817 0.392269
v -0.096849 -0.071817 0.392269
v -0.096849 -0.076303 0.393322
v -0.140953 -0.095497 0.411887
v -0.136943 -0.095497 0.411887
v -0.136943 -0.096699 0.416335
v -0.052746 -0.096699 0.416335
v -0.052746 -0.095497 0.411887
v -0.048737 -0.095497 0.411887
v 0.039469 -0.095497 0.411887
v 0.039469 -0.093628 0.407675
v 0.014842 -0.096799 0.422250
v -0.060765 -0.096425 0.424158
v -0.148971 -0.097100 0.433239
v -0.152981 -0.097137 0.433257
v -0.152981 -0.097135 0.428304
v -0.118080 -0.066587 0.502746
v -0.121540 -0.067322 0.502453
v -0.118888 -0.070066 0.501154
v -0.160999 -0.093435 0.476605
v -0.156990 -0.093435 0.476605
v -0.156990 -0.091783 0.480110
v -0.117521 -0.044336 0.505812
v -0.117482 -0.042505 0.505794
v -0.120956 -0.042711 0.505800
v -0.052357 -0.042215 0.506043
v 0.035007 -0.039465 0.507029
v 0.033572 -0.039425 0.506929
v 0.038879 -0.051159 0.515757
v 0.033572 -0.050597 0.514230
v 0.060366 -0.074395 0.499195
v 0.065725 -0.075975 0.498161
v 0.065696 -0.073950 0.499871
v 0.059955 -0.076459 0.497439
v 0.061870 -0.076698 0.497274
v -0.076803 -0.096102 0.432722
v -0.080812 -0.096145 0.432747
v -0.080812 -0.096113 0.427704
v -0.120906 -0.087697 0.486616
v -0.116896 -0.087697 0.486616
v -0.116896 -0.085280 0.489599
v -0.117760 -0.054441 0.507819
v -0.121217 -0.054493 0.508033
v -0.114142 -0.047575 0.506439
v -0.114120 -0.046732 0.506169
v -0.117582 -0.047049 0.506213
v -0.065467 -0.048749 0.506785
v -0.065471 -0.050177 0.506760
v -0.061966 -0.049298 0.506791
v -0.047548 -0.059486 0.504872
v -0.042742 -0.059473 0.504891
v 0.005261 -0.050361 0.508985
v 0.010038 -0.050175 0.509535
v 0.019621 -0.060425 0.505043
v 0.039469 -0.096608 0.465573
v 0.043479 -0.096608 0.465573
v 0.043479 -0.095853 0.469299
v -0.000624 -0.095013 0.426211
v 0.003385 -0.095276 0.424934
v -0.080812 -0.096816 0.442752
v -0.084821 -0.096496 0.437763
v -0.104868 -0.085280 0.489599
v -0.100859 -0.085280 0.489599
v -0.100859 -0.082625 0.492386
v -0.117686 -0.051261 0.507847
v -0.117676 -0.050819 0.507728
v -0.072703 -0.063069 0.503875
v -0.072793 -0.066509 0.502694
v -0.079552 -0.054959 0.506037
v -0.079504 -0.052087 0.506716
v -0.083008 -0.052323 0.506755
v -0.100372 -0.050532 0.507362
v -0.103840 -0.050506 0.507452
v -0.076116 -0.060439 0.504624
v -0.079647 -0.060658 0.504579
v -0.076802 -0.063256 0.503818
v -0.092840 -0.086517 0.488133
v -0.092840 -0.085280 0.489599
v -0.096849 -0.085280 0.489599
v -0.072793 -0.096608 0.465573
v -0.068784 -0.096608 0.465573
v -0.072105 -0.096262 0.467471
v -0.028690 -0.096608 0.465573
v -0.024681 -0.096608 0.465573
v -0.024681 -0.095853 0.469299
v -0.000624 -0.076698 0.497274
v 0.001751 -0.075355 0.498178
v -0.008643 -0.089880 0.483430
v -0.012653 -0.073442 0.499357
v -0.008643 -0.073442 0.499357
v -0.008643 -0.070066 0.501153
v -0.024006 -0.082625 0.492387
v -0.020671 -0.082625 0.492386
v -0.020671 -0.079754 0.494954
v -0.052746 -0.087697 0.486616
v -0.078108 -0.094547 0.473717
v -0.076803 -0.093434 0.476605
v -0.080441 -0.080110 0.494653
v -0.081826 -0.081575 0.493374
v -0.052746 -0.079754 0.494954
v -0.052746 -0.076698 0.497274
v -0.055387 -0.078561 0.495905
v -0.004321 -0.049937 0.508233
v 0.000477 -0.050533 0.508514
v 0.027441 -0.087697 0.486616
v 0.031451 -0.087697 0.486616
v 0.031451 -0.085280 0.489599
v 0.007394 -0.094479 0.430036
v 0.007394 -0.094581 0.427543
v 0.011404 -0.094494 0.427544
v -0.076803 -0.097201 0.452845
v -0.080812 -0.097202 0.452845
v -0.080812 -0.097079 0.447786
v -0.092840 -0.097073 0.461700
v -0.092840 -0.097223 0.457915
v -0.088831 -0.097223 0.457915
v -0.112887 -0.097223 0.457915
v -0.116896 -0.097223 0.457915
v -0.116896 -0.097212 0.452847
v -0.028690 -0.097223 0.457915
v -0.032699 -0.097223 0.457915
v -0.032699 -0.097194 0.452845
v 0.011404 -0.096872 0.447777
v 0.007394 -0.096882 0.447777
v 0.007394 -0.096258 0.442718
v 0.015413 -0.087697 0.486616
v 0.019422 -0.087697 0.486616
v 0.019422 -0.085280 0.489599
v 0.003385 -0.062935 0.503915
v 0.007394 -0.093434 0.476605
v 0.003385 -0.093434 0.476605
v 0.003385 -0.094412 0.474099
v 0.015413 -0.089880 0.483430
v 0.011404 -0.094779 0.473035
v 0.011404 -0.097173 0.452845
v 0.007394 -0.097174 0.452845
v -0.024681 -0.097191 0.452845
v -0.028690 -0.097193 0.452845
v -0.028690 -0.097012 0.447777
v 0.039469 -0.095050 0.432613
v 0.031451 -0.091783 0.480110
v 0.035460 -0.091783 0.480110
v 0.035460 -0.089880 0.483430
v 0.015413 -0.066509 0.502694
v 0.019422 -0.066509 0.502694
v 0.019423 -0.063988 0.503588
v -0.018739 -0.050106 0.507482
v -0.013965 -0.049707 0.507713
v -0.033134 -0.061199 0.504450
v -0.037937 -0.061199 0.504448
v -0.036709 -0.062934 0.503915
v -0.076803 -0.079754 0.494954
v -0.079408 -0.079180 0.495418
v -0.068784 -0.085280 0.489599
v -0.064774 -0.085280 0.489599
v -0.064774 -0.082625 0.492386
v -0.040320 -0.079970 0.494774
v -0.004324 -0.062309 0.504112
v -0.016662 -0.073442 0.499357
v -0.012653 -0.070066 0.501153
v -0.022391 -0.089843 0.483489
v -0.020671 -0.089880 0.483430
v -0.021970 -0.088212 0.485906
v -0.032699 -0.096608 0.465573
v -0.053302 -0.091781 0.480109
v -0.056756 -0.091783 0.480110
v -0.053352 -0.092435 0.478806
v -0.072793 -0.097073 0.461700
v -0.076803 -0.097073 0.461700
v -0.076803 -0.097223 0.457915
v -0.104868 -0.093434 0.476605
v -0.100859 -0.093434 0.476605
v -0.100859 -0.091783 0.480110
v -0.120906 -0.094779 0.473035
v -0.072793 -0.097068 0.447783
v -0.076803 -0.097073 0.447784
v -0.076803 -0.096800 0.442746
v -0.012653 -0.095179 0.427544
v -0.012653 -0.095356 0.426211
v -0.008643 -0.095242 0.426211
v 0.039469 -0.097174 0.452845
v 0.039469 -0.096896 0.447777
v 0.043479 -0.096911 0.447777
v 0.039469 -0.085280 0.489599
v 0.043479 -0.082625 0.492386
v 0.028980 -0.065543 0.503108
v 0.033572 -0.066792 0.502660
v -0.009133 -0.049295 0.507997
v -0.052359 -0.047475 0.506725
v -0.052359 -0.049208 0.506816
v -0.047549 -0.049184 0.506857
v -0.033134 -0.049180 0.507098
v -0.056756 -0.073442 0.499357
v -0.056756 -0.070066 0.501153
v -0.058465 -0.072690 0.499787
v -0.065491 -0.057318 0.505295
v -0.065483 -0.054453 0.505965
v -0.068948 -0.046068 0.506473
v -0.068939 -0.044701 0.506232
v -0.072422 -0.044783 0.506203
v -0.103728 -0.046235 0.506178
v -0.107188 -0.046126 0.506097
v -0.145290 -0.048153 0.506295
v -0.148753 -0.047919 0.506234
v -0.148851 -0.057061 0.509678
v -0.131812 -0.066001 0.503382
v -0.131735 -0.062486 0.505469
v -0.135184 -0.063140 0.505377
v -0.148822 -0.054201 0.509171
v -0.148810 -0.053169 0.508622
v -0.152271 -0.053581 0.508823
v -0.128144 -0.055527 0.508309
v -0.128124 -0.054534 0.508456
v -0.131585 -0.055039 0.508626
v -0.100716 -0.063268 0.503888
v -0.100632 -0.060223 0.504908
v -0.104119 -0.060774 0.504796
v -0.100859 -0.079754 0.494954
v -0.096849 -0.079754 0.494954
v -0.096849 -0.076698 0.497274
v -0.132934 -0.091783 0.480110
v -0.128924 -0.091783 0.480110
v -0.128924 -0.089880 0.483430
v -0.100859 -0.096654 0.437835
v -0.104868 -0.096698 0.437854
v -0.104868 -0.096479 0.432925
v -0.028690 -0.095592 0.427540
v -0.024681 -0.095655 0.426208
v 0.007394 -0.095479 0.424331
v 0.011404 -0.095716 0.423728
v 0.051497 -0.095897 0.426211
v 0.047488 -0.095712 0.426218
v 0.051497 -0.094779 0.473035
v 0.055507 -0.094779 0.473035
v 0.055507 -0.093434 0.476605
v 0.047488 -0.071920 0.500210
v 0.024290 -0.052742 0.510655
v 0.024297 -0.053658 0.509945
v 0.028963 -0.053931 0.510784
v 0.033572 -0.051691 0.513772
v 0.010004 -0.046646 0.509176
v 0.014763 -0.046393 0.509699
v 0.014614 -0.037542 0.505826
v -0.037938 -0.042196 0.506057
v -0.037938 -0.038623 0.506061
v -0.079368 -0.043601 0.505949
v -0.079325 -0.040822 0.505843
v -0.082796 -0.040913 0.505829
v -0.117561 -0.046136 0.506004
v -0.120994 -0.044592 0.505828
v -0.155682 -0.047354 0.506166
v -0.155666 -0.044965 0.505964
v -0.159139 -0.045198 0.505993
v -0.138830 -0.074910 0.498462
v -0.138764 -0.071171 0.500670
v -0.142195 -0.071956 0.500252
v -0.108326 -0.067744 0.502196
v -0.107688 -0.064510 0.503494
v -0.128924 -0.079754 0.494954
v -0.124915 -0.079754 0.494954
v -0.152981 -0.093435 0.476605
v -0.152981 -0.091783 0.480110
v -0.124915 -0.096778 0.428100
v -0.128925 -0.096840 0.428135
v -0.128925 -0.096929 0.425417
v -0.048737 -0.096327 0.424335
v -0.044728 -0.096454 0.423728
v -0.008212 -0.096700 0.422556
v 0.042335 -0.096719 0.422648
v 0.039469 -0.096625 0.422717
v 0.047488 -0.080574 0.395050
v -0.048737 -0.080574 0.395050
v -0.136943 -0.080574 0.395050
v -0.064774 -0.093628 0.407675
v -0.060765 -0.091136 0.403800
v 0.031451 -0.088079 0.400351
v -0.080812 -0.084531 0.397412
v 0.011404 -0.084531 0.397412
v 0.047488 -0.095497 0.411887
v 0.051497 -0.095497 0.411887
v 0.051497 -0.096699 0.416335
v 0.003385 -0.095497 0.411887
v 0.007394 -0.093628 0.407675
v -0.044728 -0.096699 0.416335
v -0.040718 -0.096699 0.416335
v -0.084821 -0.095497 0.411887
v -0.132934 -0.091136 0.403800
v -0.128925 -0.091136 0.403800
v -0.144962 -0.088079 0.400351
v -0.108878 -0.076303 0.393322
v -0.024681 -0.076303 0.393322
v 0.063526 -0.080574 0.395050
v 0.067535 -0.080574 0.395050
v 0.059516 -0.097223 0.457915
v 0.059516 -0.097176 0.452845
v 0.063526 -0.097178 0.452845
v 0.067535 -0.082625 0.492386
v 0.071544 -0.082625 0.492386
v 0.071544 -0.079754 0.494954
v 0.076123 -0.051390 0.528486
v 0.076119 -0.050679 0.528781
v 0.070688 -0.050845 0.527524
v 0.019533 -0.048485 0.510969
v 0.024253 -0.047966 0.511830
v 0.054718 -0.047670 0.521860
v 0.033572 -0.044482 0.512616
v 0.065196 -0.048971 0.526180
v 0.050023 -0.039562 0.511972
v 0.050073 -0.018286 0.509354
v 0.050073 -0.022804 0.509346
v 0.024104 0.036918 0.505876
v 0.024112 0.037439 0.505938
v 0.019367 0.037399 0.505870
v -0.068939 0.044255 0.506232
v -0.128925 0.072010 0.499916
v -0.132287 0.072836 0.499448
v -0.131888 0.069162 0.501446
v -0.165009 0.091338 0.480110
v -0.169018 0.091338 0.480110
v -0.152981 0.071372 0.392269
v -0.060765 0.071372 0.392269
v 0.027441 0.071372 0.392269
v 0.027441 0.075858 0.393322
v 0.043479 0.096761 0.420915
v -0.017236 0.096761 0.420915
v -0.016662 0.096761 0.420915
v -0.016662 0.096254 0.416335
v -0.084821 0.095052 0.411887
v -0.088831 0.096254 0.416335
v -0.156990 0.096254 0.416335
v -0.156990 0.096761 0.420915
v -0.154699 0.096761 0.420915
v -0.092840 0.080129 0.395050
v -0.096850 0.080129 0.395050
v -0.096850 0.084086 0.397412
v -0.000624 0.080129 0.395050
v -0.004634 0.080129 0.395050
v -0.004634 0.084086 0.397412
v 0.043479 0.087634 0.400351
v 0.039469 0.087634 0.400351
v 0.039469 0.090690 0.403800
v -0.048737 0.090690 0.403800
v -0.052746 0.090690 0.403800
v -0.052746 0.093183 0.407675
v -0.136943 0.090690 0.403800
v -0.140953 0.090690 0.403800
v -0.140953 0.093183 0.407675
v -0.064774 0.087634 0.400351
v -0.068784 0.087634 0.400351
v -0.068784 0.090690 0.403800
v 0.027441 0.090690 0.403800
v 0.023432 0.090690 0.403800
v 0.023432 0.093183 0.407675
v -0.000624 0.084086 0.397412
v -0.004634 0.087634 0.400351
v -0.092840 0.084086 0.397412
v -0.096850 0.087634 0.400351
v -0.140953 0.096760 0.421916
v -0.145535 0.096757 0.422165
v -0.100095 0.096557 0.422720
v -0.056756 0.096364 0.422826
v -0.056756 0.096058 0.423745
v -0.053892 0.096560 0.421983
v 0.023432 0.095633 0.423156
v 0.027441 0.095673 0.423155
v 0.024007 0.096069 0.422621
v 0.042332 0.096762 0.421137
v 0.079563 0.090690 0.403800
v 0.075554 0.090690 0.403800
v 0.075554 0.093183 0.407675
v 0.079563 0.096628 0.461700
v 0.060379 0.074855 0.498385
v 0.060366 0.073949 0.499195
v 0.061871 0.076253 0.497274
v 0.076086 0.033985 0.521803
v 0.076086 0.031594 0.521154
v 0.081580 0.031838 0.522595
v 0.076040 -0.038973 0.523663
v 0.070759 -0.038568 0.521348
v 0.070699 -0.039701 0.521852
v 0.044823 0.037015 0.508682
v 0.044860 0.036182 0.508449
v 0.050167 0.036657 0.510775
v -0.033134 0.041763 0.506080
v -0.033134 0.045282 0.506636
v -0.037938 0.045275 0.506566
v -0.100859 0.069621 0.501153
v -0.100859 0.072997 0.499357
v -0.104868 0.072997 0.499357
v -0.152981 0.096163 0.465573
v -0.152981 0.096628 0.461700
v -0.156990 0.096628 0.461700
v -0.108878 0.096163 0.465573
v -0.112887 0.096163 0.465573
v -0.136943 0.087252 0.486616
v -0.136944 0.088878 0.484290
v -0.140953 0.087252 0.486616
v -0.124710 0.094901 0.471205
v -0.124915 0.094334 0.473035
v -0.130982 0.093486 0.475383
v -0.132934 0.093486 0.475383
v -0.132934 0.092989 0.476605
v -0.148971 0.096655 0.433239
v -0.144962 0.096662 0.438029
v -0.136943 0.096777 0.457915
v -0.136943 0.096628 0.461700
v -0.132934 0.096628 0.461700
v -0.108878 0.091338 0.480110
v -0.110461 0.091338 0.480110
v -0.110502 0.090284 0.482023
v -0.108878 0.084835 0.489599
v -0.112887 0.084835 0.489599
v -0.112887 0.082180 0.492386
v -0.080784 0.086675 0.487372
v -0.076803 0.084835 0.489599
v -0.092840 0.096628 0.461700
v -0.092622 0.096219 0.465215
v -0.090427 0.096177 0.465487
v -0.088831 0.096759 0.452846
v -0.088831 0.096777 0.457915
v -0.084821 0.096777 0.457915
v -0.004634 0.096777 0.457915
v -0.004634 0.096628 0.461700
v -0.000624 0.096628 0.461700
v 0.071544 0.096749 0.452846
v 0.067535 0.096739 0.452845
v 0.067535 0.096777 0.457915
v -0.020671 0.096113 0.442717
v -0.020671 0.096543 0.447777
v -0.016662 0.096528 0.447777
v -0.084821 0.095964 0.425090
v -0.084821 0.095717 0.427735
v -0.080812 0.095668 0.427704
v 0.003385 0.094315 0.432611
v 0.003385 0.095039 0.437666
v 0.007394 0.094969 0.437666
v 0.055507 0.095807 0.424917
v 0.051497 0.095696 0.424934
v 0.051497 0.095452 0.426211
v -0.040718 0.095464 0.426207
v -0.040718 0.095339 0.427540
v -0.000624 0.095444 0.423728
v 0.039469 0.094824 0.426212
v 0.043479 0.095048 0.426217
v 0.035460 0.094402 0.427542
v 0.035460 0.094283 0.430034
v -0.008643 0.094670 0.432612
v -0.008643 0.095289 0.437666
v -0.004634 0.095202 0.437666
v -0.048737 0.095458 0.432617
v -0.048737 0.095846 0.437669
v -0.044728 0.095822 0.437666
v -0.076803 0.095657 0.432722
v -0.076803 0.095986 0.437733
v -0.072793 0.095959 0.437719
v -0.032699 0.095711 0.437663
v -0.032699 0.096208 0.442716
v -0.028690 0.096181 0.442717
v 0.011404 0.096427 0.447777
v 0.011404 0.096728 0.452845
v 0.015413 0.096727 0.452845
v 0.059516 0.095614 0.437648
v 0.059516 0.096067 0.442710
v 0.047452 0.093207 0.476077
v 0.047488 0.094334 0.473035
v 0.039469 0.096777 0.457915
v 0.039469 0.096628 0.461700
v 0.043479 0.096628 0.461700
v 0.015685 0.084835 0.489599
v 0.011404 0.084835 0.489599
v -0.052746 0.066063 0.502694
v -0.052746 0.069621 0.501153
v -0.056756 0.069621 0.501153
v -0.061966 0.059835 0.504622
v -0.065499 0.059711 0.504663
v -0.072494 0.051316 0.506645
v -0.068986 0.051218 0.506615
v -0.069005 0.054069 0.505984
v 0.000110 0.062351 0.503958
v -0.004313 0.052409 0.507364
v -0.004317 0.050699 0.508012
v 0.023432 0.066063 0.502694
v 0.023882 0.064391 0.503305
v 0.039192 0.093743 0.474710
v 0.038732 0.093936 0.474186
v 0.035460 0.092989 0.476605
v 0.044276 0.069667 0.501255
v 0.044279 0.070146 0.500921
v 0.038923 0.068284 0.501801
v 0.060422 0.009140 0.513956
v 0.060422 0.004459 0.513965
v 0.065561 0.004540 0.516338
v 0.054722 0.052726 0.520582
v 0.054744 0.054193 0.518957
v 0.039109 0.042968 0.512681
v 0.039068 0.044117 0.513999
v 0.033572 0.044036 0.512615
v 0.044162 0.050330 0.517802
v 0.033572 0.047224 0.514265
v 0.028939 0.047998 0.513031
v 0.044209 0.048364 0.517975
v 0.033572 0.051543 0.513601
v 0.028952 0.050927 0.512614
v 0.019488 0.044396 0.509618
v 0.055141 0.040491 0.515432
v 0.055174 0.039905 0.514911
v 0.060328 0.039668 0.517187
v 0.039469 0.069621 0.501153
v 0.041961 0.069622 0.501152
v 0.027062 0.094250 0.473287
v 0.026509 0.094105 0.473708
v 0.027441 0.092989 0.476605
v 0.033572 0.066947 0.502343
v 0.035460 0.067525 0.502102
v 0.035460 0.069621 0.501153
v 0.019579 0.052979 0.509261
v 0.014831 0.052792 0.508709
v 0.014824 0.051940 0.509262
v 0.019423 0.063542 0.503588
v 0.019422 0.066063 0.502694
v 0.015413 0.066063 0.502694
v 0.000493 0.055752 0.506019
v -0.004311 0.055707 0.505920
v -0.028329 0.055557 0.505720
v -0.028330 0.059025 0.504904
v -0.033134 0.059887 0.504678
v -0.075458 0.082047 0.492514
v -0.059101 0.095408 0.469299
v -0.059101 0.094334 0.473035
v -0.056756 0.094334 0.473035
v -0.052746 0.094334 0.473035
v -0.053634 0.094692 0.471911
v -0.040219 0.079308 0.494954
v -0.036709 0.079308 0.494954
v -0.036709 0.082180 0.492386
v -0.040219 0.089434 0.483430
v -0.040219 0.087252 0.486616
v -0.036709 0.087252 0.486616
v -0.015788 0.084713 0.489736
v -0.024681 0.072997 0.499357
v -0.026095 0.073224 0.499224
v -0.023970 0.092989 0.476605
v -0.023970 0.091338 0.480110
v -0.020671 0.091338 0.480110
v -0.023356 0.076484 0.497111
v -0.020671 0.076252 0.497274
v -0.032699 0.079308 0.494954
v -0.031128 0.078146 0.495881
v -0.047088 0.076863 0.496840
v -0.047912 0.079308 0.494954
v -0.032699 0.062489 0.503915
v -0.033133 0.062489 0.503915
v -0.012653 0.062489 0.503915
v -0.013950 0.062489 0.503915
v -0.013958 0.059068 0.504888
v 0.019634 0.094772 0.470444
v 0.020289 0.095295 0.469365
v -0.000624 0.096163 0.465573
v -0.000624 0.095408 0.469299
v 0.002445 0.096093 0.465989
v -0.000764 0.086269 0.487888
v -0.000624 0.087252 0.486616
v -0.004634 0.091338 0.480110
v -0.004634 0.092989 0.476605
v -0.008643 0.092989 0.476605
v -0.016662 0.096628 0.461700
v -0.020671 0.096628 0.461700
v -0.020671 0.096163 0.465573
v -0.036709 0.096777 0.457915
v -0.040718 0.096777 0.457915
v -0.040718 0.096628 0.461700
v -0.056756 0.096754 0.452845
v -0.056756 0.096777 0.457915
v -0.052746 0.096777 0.457915
v -0.066192 0.089169 0.483838
v -0.068784 0.089435 0.483430
v -0.104868 0.096190 0.425236
v -0.104868 0.096012 0.427913
v -0.100859 0.095949 0.427875
v -0.096672 0.096161 0.465599
v -0.096849 0.096628 0.461700
v -0.072793 0.089435 0.483430
v -0.072793 0.087252 0.486616
v -0.084821 0.079308 0.494954
v -0.096460 0.094720 0.471820
v -0.097055 0.094622 0.472138
v -0.108878 0.094334 0.473035
v -0.108878 0.092989 0.476605
v -0.105538 0.093486 0.475383
v -0.116896 0.096767 0.452847
v -0.152981 0.096710 0.425555
v -0.148971 0.096681 0.425537
v -0.144962 0.084835 0.489599
v -0.144962 0.087252 0.486616
v -0.148971 0.087252 0.486616
v -0.128720 0.082232 0.492338
v -0.128924 0.079308 0.494954
v -0.090278 0.064144 0.503389
v -0.088831 0.063952 0.503453
v -0.088831 0.066063 0.502694
v -0.052359 0.050475 0.506699
v -0.057164 0.050530 0.506669
v -0.057164 0.048801 0.506798
v -0.004334 0.046206 0.507919
v 0.033572 0.038107 0.506489
v 0.028861 0.038948 0.506609
v 0.055280 0.008973 0.511591
v 0.055280 0.004375 0.511598
v 0.065561 0.023593 0.516269
v 0.065561 0.018828 0.516285
v 0.070760 0.019123 0.518514
v 0.065332 0.043937 0.523587
v 0.065365 0.042999 0.522628
v 0.070645 0.043123 0.524830
v 0.065462 0.058962 0.515163
v 0.070827 0.059370 0.515711
v 0.070853 0.060908 0.513277
v 0.083572 0.091338 0.480110
v 0.079563 0.091338 0.480110
v 0.079563 0.089435 0.483430
v 0.076370 0.078469 0.495867
v 0.081572 0.079800 0.494635
v 0.076388 0.080705 0.493757
v 0.055507 0.087252 0.486616
v 0.051497 0.087252 0.486616
v 0.051497 0.084835 0.489599
v 0.079563 0.096163 0.465573
v 0.075554 0.096163 0.465573
v 0.075554 0.095408 0.469299
v 0.078990 0.096748 0.422664
v 0.079563 0.096749 0.422915
v 0.067535 0.096305 0.423796
v 0.071544 0.096425 0.423906
v 0.031451 0.095734 0.423155
v 0.028590 0.096086 0.422638
v 0.001095 0.096381 0.422273
v -0.020671 0.096028 0.423156
v -0.016662 0.095983 0.423156
v -0.040718 0.096183 0.423155
v -0.044728 0.096105 0.423442
v -0.084821 0.096193 0.423843
v -0.080812 0.095926 0.425065
v -0.108878 0.096391 0.423974
v -0.108878 0.096239 0.425267
v -0.128065 0.096663 0.422909
v -0.128925 0.096566 0.424085
v -0.159281 0.096761 0.420915
v -0.136943 0.096254 0.416335
v -0.112887 0.093183 0.407675
v -0.116896 0.093183 0.407675
v -0.116896 0.095052 0.411887
v -0.095132 0.096761 0.420915
v -0.092840 0.096761 0.420915
v -0.092840 0.096254 0.416335
v -0.067639 0.096761 0.420915
v -0.064774 0.096761 0.420915
v -0.053893 0.096761 0.420915
v -0.052746 0.096761 0.420915
v -0.021818 0.096762 0.421138
v -0.024681 0.096761 0.420915
v -0.008643 0.095052 0.411887
v -0.012653 0.095052 0.411887
v -0.012653 0.096254 0.416335
v 0.010256 0.096761 0.420915
v 0.011404 0.096761 0.420915
v 0.011404 0.096254 0.416335
v 0.039469 0.096761 0.420915
v 0.055507 0.096761 0.420915
v 0.051497 0.096761 0.420915
v 0.056079 0.096747 0.421408
v 0.075554 0.087634 0.400351
v 0.071544 0.087634 0.400351
v 0.071544 0.090690 0.403800
v 0.007394 0.075858 0.393322
v 0.003385 0.075858 0.393322
v 0.003385 0.080129 0.395050
v -0.084821 0.075858 0.393322
v -0.088831 0.075858 0.393322
v -0.088831 0.080129 0.395050
v -0.165009 0.080129 0.395050
v -0.169018 0.080129 0.395050
v -0.169018 0.084086 0.397412
v -0.173028 0.096163 0.465573
v -0.173028 0.095408 0.469299
v -0.169018 0.095408 0.469299
v -0.145428 0.058868 0.508717
v -0.142010 0.060274 0.507610
v -0.075818 0.037565 0.505924
v -0.072355 0.037544 0.505921
v -0.128119 0.053843 0.508469
v -0.141914 0.053403 0.508954
v -0.138458 0.052956 0.508750
v -0.138466 0.053476 0.508901
v -0.169574 0.058963 0.511312
v -0.166120 0.058483 0.511012
v -0.173028 0.053324 0.508542
v -0.166103 0.052604 0.508166
v -0.166110 0.054762 0.509736
v -0.152231 0.048913 0.506567
v -0.148764 0.048581 0.506487
v -0.148776 0.049704 0.506879
v -0.152251 0.051122 0.507533
v -0.148787 0.050748 0.507397
v -0.148810 0.052723 0.508622
v -0.138403 0.049625 0.507035
v -0.134941 0.049253 0.506929
v -0.134984 0.051548 0.508142
v -0.155774 0.059448 0.509697
v -0.152322 0.058897 0.509495
v -0.152332 0.060017 0.509019
v -0.103658 0.042946 0.505781
v -0.100186 0.042734 0.505782
v -0.100224 0.044315 0.505905
v -0.145401 0.056667 0.509388
v -0.141950 0.056144 0.509185
v -0.114226 0.050403 0.507704
v -0.110772 0.050432 0.507634
v -0.086264 0.040573 0.505817
v -0.121217 0.054047 0.508033
v -0.117760 0.053996 0.507819
v -0.173028 0.069817 0.504058
v -0.169590 0.069203 0.504188
v -0.169597 0.073261 0.500051
v -0.152522 0.077880 0.496085
v -0.149100 0.077033 0.496717
v -0.114446 0.058917 0.505827
v -0.110982 0.058338 0.505877
v -0.111072 0.061521 0.504529
v -0.096849 0.065142 0.503039
v -0.097220 0.062259 0.504055
v -0.086413 0.047737 0.506888
v -0.082939 0.048232 0.506900
v -0.061966 0.042304 0.506096
v -0.057163 0.041799 0.506066
v -0.004370 0.040237 0.506163
v -0.004358 0.041965 0.506511
v -0.009148 0.041920 0.506383
v 0.044736 0.004219 0.507499
v 0.044736 -0.000223 0.507500
v 0.050073 -0.000223 0.509382
v 0.050073 -0.036289 0.510558
v 0.050073 -0.031855 0.509866
v 0.044875 -0.035781 0.508326
v 0.076047 -0.041864 0.525365
v 0.070664 -0.042213 0.523608
v 0.028843 -0.037391 0.505955
v -0.065429 -0.035223 0.505915
v -0.065437 -0.037969 0.505917
v -0.061966 -0.036999 0.505915
v -0.138251 -0.039540 0.505929
v -0.138189 -0.035223 0.505915
v -0.141667 -0.035223 0.505915
v -0.103460 0.034778 0.505915
v -0.100074 0.037954 0.505939
v -0.013941 0.034777 0.505915
v -0.013946 0.036554 0.505967
v -0.018734 0.036522 0.505995
v 0.039218 0.008546 0.506260
v 0.039218 0.012931 0.506258
v 0.033572 0.012845 0.505915
v -0.166093 -0.049449 0.506596
v -0.166090 -0.048198 0.506347
v -0.169559 -0.048475 0.506418
v -0.169575 -0.060420 0.511174
v -0.173028 -0.060577 0.511552
v -0.145621 -0.072739 0.499814
v -0.149052 -0.073521 0.499356
v -0.169597 -0.073707 0.500051
v -0.148971 -0.097097 0.428282
v -0.152981 -0.097155 0.425555
v -0.108878 -0.096836 0.423974
v -0.060765 -0.096817 0.422829
v -0.058472 -0.096812 0.422827
v -0.008070 -0.097048 0.421854
v -0.003488 -0.097041 0.421848
v 0.039469 -0.096699 0.416335
v 0.043479 -0.096699 0.416335
v 0.042332 -0.097206 0.420915
v 0.023718 -0.097206 0.420915
v -0.004634 -0.096699 0.416335
v -0.000624 -0.096699 0.416335
v -0.003490 -0.097206 0.420915
v -0.024681 -0.097206 0.420915
v -0.048737 -0.097206 0.420915
v -0.048737 -0.096699 0.416335
v -0.044729 -0.097206 0.420915
v -0.068784 -0.096699 0.416335
v -0.085968 -0.097196 0.421411
v -0.108878 -0.097206 0.420915
v -0.136371 -0.097206 0.421667
v -0.131789 -0.097211 0.421418
v -0.160140 -0.097206 0.420915
v -0.160999 -0.096699 0.416335
v -0.156990 -0.071817 0.392269
v -0.152981 -0.067223 0.391915
v -0.064774 -0.071817 0.392269
v -0.064774 -0.067223 0.391915
v 0.027441 -0.071817 0.392269
v 0.027441 -0.067223 0.391915
v 0.035460 0.066777 0.391915
v 0.035460 0.071372 0.392269
v 0.039469 0.071372 0.392269
v -0.056756 0.066777 0.391915
v -0.052746 0.071372 0.392269
v -0.148971 0.066777 0.391915
v -0.144962 0.071372 0.392269
v 0.079563 -0.096699 0.416335
v 0.083572 -0.096699 0.416335
v 0.083572 -0.097206 0.420915
v 0.075554 -0.096801 0.428065
v 0.075554 -0.096928 0.425360
v 0.079563 -0.097136 0.425528
v 0.075554 -0.093434 0.476605
v 0.079563 -0.093434 0.476605
v 0.079563 -0.091783 0.480110
v -0.030430 0.074103 0.498690
v -0.030738 0.072813 0.497136
v -0.028977 0.078157 0.493313
v -0.028977 0.079713 0.494618
v -0.029272 0.079624 0.494693
v -0.026165 0.071553 0.497881
v -0.129063 0.080831 0.490912
v -0.129063 0.082371 0.492204
v -0.113327 0.083988 0.487516
v -0.113327 0.085520 0.488802
v -0.112887 0.085942 0.488293
v -0.117695 0.094129 0.465610
v -0.133312 0.095591 0.468522
v -0.134117 0.093680 0.467900
v -0.130973 0.091872 0.474002
v -0.130468 0.093884 0.474328
v -0.121110 0.094619 0.472147
v -0.120906 0.094580 0.472272
v -0.120612 0.092854 0.471077
v -0.120892 0.085996 0.488227
v -0.121366 0.085834 0.488424
v -0.121198 0.084355 0.487074
v -0.129905 0.088275 0.485184
v -0.130105 0.087958 0.483869
v -0.118217 0.087996 0.485581
v -0.121787 0.087562 0.486194
v -0.102834 0.083553 0.488026
v -0.102834 0.085085 0.489312
v -0.102536 0.084835 0.489599
v -0.086389 0.081281 0.490465
v -0.079672 0.093261 0.475948
v -0.080412 0.094042 0.473888
v -0.079847 0.091867 0.474015
v -0.097001 0.094349 0.464211
v -0.104579 0.093898 0.471597
v -0.105013 0.093240 0.472381
v -0.105013 0.092613 0.471855
v -0.094251 0.093209 0.469827
v -0.095142 0.093174 0.469960
v -0.094839 0.094871 0.471313
v -0.086297 0.087329 0.483007
v -0.086101 0.087906 0.482100
v -0.086101 0.089454 0.483399
v -0.094716 0.084152 0.487320
v -0.094716 0.085684 0.488605
v -0.095142 0.084254 0.487197
v -0.094633 0.087562 0.486194
v -0.097818 0.087338 0.486493
v -0.075150 0.080433 0.491291
v -0.066626 0.088366 0.485052
v -0.066571 0.086902 0.483647
v -0.040847 0.093560 0.469921
v -0.040846 0.094933 0.471077
v -0.047865 0.094448 0.472687
v -0.047629 0.094334 0.473032
v -0.047629 0.092680 0.471644
v -0.013372 0.081603 0.490141
v -0.013372 0.083140 0.491430
v 0.002037 0.082731 0.488950
v 0.002381 0.084549 0.489918
v -0.003259 0.085735 0.488544
v -0.003259 0.084203 0.487258
v 0.029657 0.094392 0.463878
v 0.032109 0.094408 0.463731
v 0.031451 0.096213 0.465256
v 0.047585 0.092198 0.475900
v 0.024254 0.092778 0.477096
v 0.024254 0.091178 0.475753
v 0.023909 0.090614 0.477038
v 0.036127 0.094512 0.472484
v 0.036457 0.092812 0.471219
v -0.061008 -0.091671 0.475638
v -0.062426 -0.093188 0.474122
v -0.062426 -0.094076 0.475009
v -0.077204 -0.094725 0.464662
v -0.076803 -0.096461 0.466434
v -0.075481 -0.094695 0.464860
v -0.092569 -0.092588 0.474722
v -0.088772 -0.079824 0.494896
v -0.088557 -0.078149 0.493682
v -0.065449 -0.069885 0.501241
v -0.067223 -0.069730 0.501314
v -0.066444 -0.068274 0.499785
v -0.079114 -0.092921 0.472285
v -0.085263 -0.087736 0.486561
v -0.085149 -0.085955 0.485604
v -0.072749 -0.075880 0.497834
v -0.072706 -0.074427 0.496395
v -0.062744 -0.080584 0.494250
v -0.062684 -0.079554 0.492499
v -0.031412 -0.084456 0.490511
v -0.034910 -0.087117 0.487378
v -0.044783 -0.093835 0.475623
v -0.040366 -0.087117 0.487378
v -0.039320 -0.084330 0.490649
v -0.037921 -0.094689 0.473303
v -0.037612 -0.093076 0.471806
v -0.045616 -0.089400 0.480405
v -0.045641 -0.090918 0.481694
v -0.033473 -0.083671 0.491342
v -0.033885 -0.082201 0.489984
v 0.012791 -0.082560 0.489610
v 0.012791 -0.083975 0.491025
v 0.013269 -0.081989 0.490201
v 0.007771 -0.070214 0.501085
v 0.007771 -0.068714 0.499585
v -0.009007 -0.072572 0.497548
v -0.009007 -0.074031 0.499007
v -0.009683 -0.073177 0.497186
v 0.005849 -0.082958 0.492061
v 0.004893 -0.083927 0.491075
v 0.005451 -0.081989 0.490201
v -0.171745 -0.054734 0.388112
v -0.171128 -0.056120 0.387948
v -0.164020 -0.060450 0.384741
v -0.164033 -0.061392 0.388336
v -0.141781 -0.061799 0.391915
v -0.138939 -0.056231 0.382326
v -0.139910 -0.057413 0.382419
v -0.141059 -0.056264 0.377013
v -0.136584 0.054035 0.386931
v -0.146712 0.059947 0.383074
v -0.145194 0.059797 0.382928
v -0.146341 0.058650 0.377534
v -0.171175 0.053718 0.385430
v -0.168097 -0.037261 0.377428
v -0.168436 -0.035848 0.381346
v -0.167573 -0.033482 0.385083
v -0.141688 -0.033614 0.382591
v -0.171536 0.039339 0.385465
v -0.170768 0.040107 0.381850
v -0.170366 0.038652 0.381626
v -0.142329 0.032759 0.382652
v -0.141049 0.033580 0.382529
v -0.165986 0.035700 0.374884
v -0.165945 0.034664 0.377428
v -0.166875 0.059927 0.387949
v -0.166239 0.059291 0.384955
v -0.167573 0.058524 0.385083
v 0.183658 -0.000222 0.408617
v 0.183310 0.002278 0.409125
v 0.169373 0.002278 0.405567
v 0.164846 0.002278 0.403402
v 0.164846 -0.000222 0.403402
v 0.137335 -0.009313 0.398427
v 0.168024 -0.007236 0.403233
v 0.148988 -0.007428 0.401140
v 0.148955 -0.006725 0.401417
v 0.114879 -0.007612 0.397849
v 0.120471 -0.007190 0.398439
v 0.137687 -0.015253 0.395129
v 0.140895 -0.015244 0.395767
v 0.137729 -0.010535 0.395134
v 0.168121 0.005085 0.397934
v 0.169146 -0.005044 0.398160
v 0.134420 -0.006601 0.390078
v 0.138163 -0.006498 0.390343
v 0.105079 -0.010013 0.390132
v 0.108501 -0.008636 0.392143
v 0.152180 -0.005892 0.393930
v 0.155635 -0.005736 0.394952
v 0.157316 0.005690 0.394993
v 0.134421 0.006306 0.389965
v 0.162284 0.005126 0.396587
v 0.125881 0.005505 0.394064
v 0.126362 0.006308 0.390305
v 0.128499 0.006273 0.390178
v 0.122603 0.006830 0.389991
v 0.097301 0.011582 0.390597
v 0.117435 0.016366 0.389915
v 0.111662 0.017478 0.389915
v 0.137414 0.009287 0.397804
v 0.191899 0.014766 0.404257
v 0.173540 0.014799 0.395769
v 0.122623 0.007062 0.389915
v 0.131725 0.007961 0.398848
v 0.114944 0.007538 0.397828
v 0.109634 0.009336 0.397070
v 0.098945 0.012330 0.395889
v 0.104249 0.010697 0.396475
v 0.104468 0.011373 0.396218
v 0.088139 0.015158 0.394915
v 0.089102 0.014839 0.389998
v 0.093798 0.013138 0.389963
v 0.195041 -0.013686 0.405099
v 0.194049 -0.013957 0.410010
v 0.181636 -0.021949 0.530669
v 0.178013 -0.022597 0.530747
v 0.167154 -0.020770 0.531304
v 0.163912 -0.018824 0.531728
v 0.163829 -0.019087 0.531285
v 0.164650 -0.017552 0.536334
v 0.166182 -0.018312 0.536622
v 0.182459 -0.019117 0.537357
v 0.182371 -0.018862 0.537525
v 0.185762 -0.018312 0.536622
v 0.196390 -0.003629 0.536334
v 0.197910 -0.003887 0.531291
v 0.195841 -0.010938 0.530576
v 0.196034 -0.011035 0.530325
v 0.197520 -0.007595 0.530387
v 0.188207 -0.018947 0.530881
v 0.187295 -0.017552 0.536334
v 0.172627 -0.023837 0.530148
v 0.170774 -0.024052 0.530211
v 0.170766 -0.027410 0.529786
v 0.190385 -0.030987 0.526315
v 0.198869 -0.030054 0.524524
v 0.198888 -0.029421 0.525079
v 0.200332 -0.029103 0.524864
v 0.181899 -0.029093 0.528257
v 0.181875 -0.032225 0.527543
v 0.184375 -0.031804 0.527229
v 0.189134 -0.020144 0.529503
v 0.188967 -0.019902 0.529593
v 0.204008 -0.028475 0.524226
v 0.202016 -0.028850 0.524563
v 0.223691 -0.025108 0.520106
v 0.220621 -0.025635 0.520836
v 0.237205 -0.014327 0.522158
v 0.259413 -0.002333 0.518571
v 0.273006 -0.007761 0.512035
v 0.286385 -0.007196 0.505197
v 0.286115 -0.008739 0.504263
v 0.286784 0.003370 0.506479
v 0.286884 0.001750 0.506027
v 0.284652 0.013907 0.496949
v 0.285659 -0.009468 0.501162
v 0.286079 -0.008016 0.502598
v 0.284792 0.012215 0.495980
v 0.284557 0.012831 0.487850
v 0.284806 0.013121 0.467527
v 0.284815 0.013159 0.463462
v 0.284354 0.014777 0.449315
v 0.284581 0.014103 0.451581
v 0.281077 0.020258 0.446356
v 0.280496 0.020628 0.450432
v 0.282524 0.017773 0.449862
v 0.271387 0.032184 0.434275
v 0.274845 0.028571 0.439201
v 0.245162 0.044717 0.446902
v 0.243355 0.045732 0.450158
v 0.246147 0.044310 0.449934
v 0.236865 0.049629 0.460512
v 0.234138 0.051272 0.462664
v 0.235484 0.050393 0.462496
v 0.252845 0.040980 0.451825
v 0.247291 0.043667 0.460826
v 0.246530 0.043152 0.466002
v 0.248193 0.042111 0.466348
v 0.248671 0.041644 0.467028
v 0.243944 0.042725 0.472686
v 0.247383 0.041167 0.472016
v 0.249483 0.040303 0.470863
v 0.241432 0.041512 0.482310
v 0.243462 0.040854 0.481069
v 0.243645 0.041145 0.479691
v 0.244256 0.037909 0.488900
v 0.247527 0.034240 0.494209
v 0.243327 0.036170 0.494818
v 0.216444 0.049377 0.500061
v 0.217628 0.048731 0.499291
v 0.218715 0.048459 0.495604
v 0.218796 0.048394 0.494721
v 0.229503 0.046313 0.485597
v 0.230112 0.046351 0.484494
v 0.226277 0.048057 0.484988
v 0.221221 0.050149 0.485642
v 0.234273 0.045741 0.479321
v 0.226682 0.050846 0.471207
v 0.242776 0.042149 0.477525
v 0.234448 0.044644 0.483115
v 0.235395 0.044547 0.482059
v 0.232822 0.043249 0.489920
v 0.236528 0.041626 0.489565
v 0.238959 0.039847 0.490783
v 0.238544 0.039940 0.491252
v 0.232561 0.042205 0.493290
v 0.231034 0.041759 0.496223
v 0.233119 0.041913 0.493332
v 0.227002 0.044753 0.493649
v 0.226071 0.044021 0.496570
v 0.223625 0.045241 0.497106
v 0.238040 0.038380 0.496201
v 0.239252 0.038039 0.495304
v 0.235177 0.047690 0.469379
v 0.219199 0.049804 0.489922
v 0.224377 0.052529 0.476514
v 0.224128 0.053194 0.476545
v 0.216888 0.058122 0.485484
v 0.216132 0.057867 0.487267
v 0.218306 0.058639 0.481752
v 0.219037 0.063462 0.463154
v 0.216018 0.064012 0.464106
v 0.219328 0.061968 0.461622
v 0.209503 0.059801 0.467443
v 0.201184 0.040386 0.462600
v 0.200812 0.040558 0.464066
v 0.202209 0.044327 0.464147
v 0.213979 0.061872 0.462142
v 0.221023 0.060776 0.460876
v 0.220501 0.060821 0.460844
v 0.227525 0.056662 0.459430
v 0.227440 0.056520 0.461563
v 0.219003 0.061561 0.473213
v 0.219452 0.061777 0.471228
v 0.222416 0.058247 0.472865
v 0.225735 0.053625 0.471349
v 0.224975 0.056590 0.470589
v 0.221289 0.054986 0.481804
v 0.222369 0.056710 0.477333
v 0.221170 0.058364 0.475892
v 0.220561 0.058327 0.477488
v 0.218018 0.060179 0.479073
v 0.217730 0.060534 0.478730
v 0.217196 0.061553 0.477973
v 0.227388 0.054659 0.468827
v 0.242455 0.045335 0.466602
v 0.243299 0.045794 0.461428
v 0.240927 0.047115 0.461769
v 0.227576 0.056085 0.463407
v 0.224608 0.058624 0.463698
v 0.227447 0.055564 0.466414
v 0.235652 0.050369 0.453629
v 0.232940 0.052198 0.453821
v 0.233124 0.052250 0.456543
v 0.232650 0.051935 0.451145
v 0.234603 0.050828 0.451550
v 0.234033 0.050678 0.448772
v 0.225183 0.050960 0.446843
v 0.227382 0.051555 0.447369
v 0.233896 0.047812 0.437242
v 0.216315 0.044610 0.441254
v 0.203693 0.031106 0.433691
v 0.206560 0.034746 0.434792
v 0.206713 0.034099 0.431870
v 0.214277 0.037411 0.419639
v 0.210254 0.034286 0.418407
v 0.210334 0.034922 0.421336
v 0.241942 0.044780 0.419576
v 0.282155 0.019777 0.430298
v 0.284684 0.012923 0.459397
v 0.284710 0.012953 0.455333
v 0.284735 0.012982 0.439074
v 0.282034 0.003392 0.500157
v 0.283034 0.003392 0.500157
v 0.283034 0.001986 0.500640
v 0.283034 -0.001296 0.504871
v 0.283034 0.000851 0.504871
v 0.284908 0.011358 0.497859
v 0.285811 0.006887 0.502798
v 0.283034 0.006887 0.502798
v 0.284409 -0.013229 0.439074
v 0.284590 -0.013298 0.455333
v 0.285037 -0.013087 0.496096
v 0.278418 -0.014275 0.502576
v 0.278392 -0.015151 0.500827
v 0.272316 -0.016911 0.501121
v 0.275396 -0.016286 0.499883
v 0.275436 -0.015965 0.501093
v 0.247884 -0.021511 0.511171
v 0.250925 -0.020866 0.510246
v 0.250915 -0.020264 0.511801
v 0.229807 -0.024053 0.518539
v 0.226754 -0.024575 0.519347
v 0.247590 -0.025298 0.505384
v 0.247687 -0.023759 0.507115
v 0.244594 -0.024619 0.507851
v 0.262462 -0.026839 0.493429
v 0.265262 -0.025502 0.492649
v 0.265227 -0.025246 0.493330
v 0.260089 -0.022721 0.500982
v 0.263255 -0.021629 0.500156
v 0.263183 -0.020557 0.501446
v 0.284356 -0.015216 0.486908
v 0.281022 -0.018356 0.474086
v 0.284356 -0.015219 0.472499
v 0.284356 -0.015218 0.476904
v 0.261459 -0.032337 0.478721
v 0.259244 -0.033452 0.479313
v 0.259502 -0.033618 0.478149
v 0.247908 -0.034639 0.493824
v 0.224242 -0.045399 0.497358
v 0.222652 -0.046254 0.497663
v 0.216170 -0.051506 0.495619
v 0.223453 -0.050802 0.480750
v 0.223283 -0.050790 0.481117
v 0.235390 -0.041663 0.492214
v 0.233761 -0.040987 0.495897
v 0.232604 -0.042852 0.492716
v 0.218864 -0.048950 0.494152
v 0.250398 -0.036639 0.484763
v 0.247778 -0.037807 0.485362
v 0.246425 -0.039749 0.481266
v 0.262795 -0.034916 0.463319
v 0.230007 -0.049242 0.475045
v 0.231438 -0.049558 0.470031
v 0.234649 -0.047227 0.474328
v 0.234893 -0.048618 0.469187
v 0.252937 -0.040236 0.465209
v 0.252856 -0.040326 0.464993
v 0.254730 -0.039356 0.464677
v 0.229826 -0.051784 0.469438
v 0.222812 -0.051928 0.481288
v 0.220828 -0.051494 0.485896
v 0.224851 -0.051387 0.476413
v 0.223043 -0.051107 0.481140
v 0.216876 -0.051881 0.493139
v 0.217484 -0.051152 0.492817
v 0.217346 -0.051010 0.493416
v 0.208690 -0.056088 0.500613
v 0.210421 -0.056226 0.498476
v 0.211446 -0.061936 0.488926
v 0.209362 -0.061930 0.492062
v 0.210406 -0.061975 0.490632
v 0.214871 -0.056318 0.492599
v 0.220635 -0.056760 0.482058
v 0.218219 -0.056408 0.487211
v 0.242899 -0.045504 0.466657
v 0.243000 -0.045402 0.466757
v 0.231127 -0.053226 0.465978
v 0.231719 -0.053382 0.462953
v 0.234138 -0.051717 0.462664
v 0.228331 -0.054417 0.468691
v 0.225073 -0.057055 0.470248
v 0.225133 -0.057432 0.468708
v 0.224483 -0.059183 0.463709
v 0.223932 -0.059008 0.466786
v 0.220552 -0.062934 0.464041
v 0.220610 -0.062223 0.467093
v 0.219500 -0.063699 0.463427
v 0.225486 -0.058788 0.461088
v 0.224733 -0.059481 0.461057
v 0.226706 -0.057807 0.459378
v 0.247042 -0.044324 0.452543
v 0.244170 -0.045824 0.452858
v 0.246147 -0.044756 0.449934
v 0.231615 -0.052832 0.450941
v 0.232651 -0.052381 0.451145
v 0.216996 -0.063516 0.462234
v 0.211484 -0.055315 0.459969
v 0.214407 -0.058484 0.460328
v 0.213293 -0.059439 0.461140
v 0.205652 -0.052764 0.464296
v 0.204265 -0.049547 0.463888
v 0.212255 -0.063553 0.470812
v 0.212586 -0.063323 0.467586
v 0.217762 -0.062149 0.476238
v 0.216865 -0.062223 0.478272
v 0.216152 -0.063014 0.478190
v 0.215540 -0.059287 0.486376
v 0.214417 -0.061526 0.484584
v 0.219937 -0.057589 0.481640
v 0.219578 -0.056920 0.483796
v 0.222416 -0.058693 0.472865
v 0.223272 -0.057535 0.473843
v 0.218246 -0.062223 0.474782
v 0.221716 -0.060274 0.469991
v 0.220900 -0.061306 0.469129
v 0.212089 -0.064575 0.480971
v 0.213519 -0.064556 0.477731
v 0.208413 -0.063063 0.480051
v 0.209696 -0.063128 0.477015
v 0.191041 -0.052565 0.494912
v 0.187056 -0.052342 0.499015
v 0.186639 -0.050894 0.498483
v 0.183399 -0.038387 0.494344
v 0.180168 -0.033677 0.497627
v 0.155709 -0.013330 0.510944
v 0.160207 -0.012159 0.509428
v 0.160047 -0.014925 0.509510
v 0.158106 -0.042564 0.513452
v 0.157653 -0.041069 0.511959
v 0.162654 -0.041168 0.510190
v 0.147468 -0.042266 0.515984
v 0.142034 -0.042102 0.516069
v 0.118521 -0.029292 0.513431
v 0.123127 -0.028198 0.514081
v 0.118521 -0.032199 0.513431
v 0.096784 -0.058167 0.505004
v 0.094906 -0.060196 0.503686
v 0.094906 -0.056198 0.503686
v 0.093249 -0.066278 0.502406
v 0.093895 -0.065809 0.503446
v 0.084979 -0.075043 0.493827
v 0.083572 -0.077980 0.491856
v 0.083572 -0.073314 0.491856
v 0.084688 -0.066898 0.507013
v 0.084464 -0.070690 0.503409
v 0.090282 -0.061838 0.512289
v 0.088097 -0.063422 0.510686
v 0.089910 -0.063940 0.510078
v 0.099597 -0.051847 0.524688
v 0.095255 -0.050990 0.528250
v 0.096949 -0.052835 0.523987
v 0.115079 -0.050061 0.522651
v 0.117139 -0.050296 0.521932
v 0.102590 -0.057819 0.515204
v 0.101995 -0.058939 0.513800
v 0.104738 -0.057045 0.515529
v 0.122054 -0.046763 0.525831
v 0.121166 -0.047983 0.524371
v 0.124282 -0.047111 0.525051
v 0.132248 -0.042707 0.529247
v 0.131723 -0.043709 0.528208
v 0.134675 -0.043209 0.528348
v 0.151867 -0.046494 0.524450
v 0.150204 -0.046294 0.524665
v 0.154907 -0.047550 0.523234
v 0.158073 -0.048066 0.522763
v 0.172800 -0.052656 0.518005
v 0.174848 -0.053583 0.515675
v 0.177416 -0.054736 0.514245
v 0.185879 -0.053825 0.501866
v 0.187834 -0.054925 0.500009
v 0.188091 -0.055740 0.500338
v 0.199642 -0.059667 0.490212
v 0.197837 -0.056293 0.489111
v 0.199441 -0.056371 0.486595
v 0.194003 -0.063767 0.502328
v 0.191222 -0.063434 0.504336
v 0.180675 -0.056516 0.513837
v 0.178864 -0.054440 0.516434
v 0.176045 -0.053331 0.517567
v 0.175951 -0.051992 0.518394
v 0.185692 -0.049030 0.515805
v 0.185432 -0.045333 0.517518
v 0.184265 -0.056872 0.513883
v 0.181606 -0.055616 0.515199
v 0.198236 -0.054076 0.509046
v 0.198173 -0.056743 0.508329
v 0.200888 -0.056295 0.507794
v 0.204123 -0.045948 0.510216
v 0.204323 -0.041968 0.512167
v 0.201364 -0.043532 0.512417
v 0.194575 -0.047597 0.512858
v 0.194655 -0.044111 0.514690
v 0.193379 -0.044339 0.515055
v 0.190617 -0.038110 0.520077
v 0.191952 -0.038095 0.519654
v 0.178534 -0.034041 0.526685
v 0.178447 -0.033443 0.527333
v 0.165411 -0.044698 0.523480
v 0.168413 -0.045087 0.522659
v 0.168055 -0.042984 0.523739
v 0.153258 -0.045195 0.525048
v 0.153425 -0.046528 0.524345
v 0.155122 -0.046700 0.524127
v 0.137894 -0.039735 0.530918
v 0.143490 -0.038786 0.530687
v 0.141162 -0.039165 0.530791
v 0.133522 -0.040482 0.531062
v 0.095648 -0.049312 0.530080
v 0.101134 -0.048273 0.530196
v 0.089042 -0.046633 0.530728
v 0.092721 -0.033716 0.525204
v 0.107713 -0.042489 0.530937
v 0.107731 -0.043765 0.531241
v 0.103759 -0.009413 0.525351
v 0.103775 -0.014032 0.525329
v 0.107484 -0.013825 0.525860
v 0.092684 0.023807 0.523658
v 0.085296 0.044845 0.529841
v 0.100148 0.030109 0.525561
v 0.096429 0.030535 0.525060
v 0.096416 0.028219 0.524617
v 0.118752 0.029990 0.528132
v 0.115040 0.030471 0.527778
v 0.114994 0.026163 0.527051
v 0.101828 0.045131 0.531287
v 0.100276 0.045352 0.531258
v 0.100268 0.044774 0.531199
v 0.090139 0.050085 0.529611
v 0.089521 0.046533 0.530799
v 0.085753 0.052674 0.527570
v 0.085697 0.053442 0.526512
v 0.095928 0.055087 0.519459
v 0.098482 0.053867 0.520558
v 0.097381 0.056771 0.516775
v 0.088064 0.074547 0.499034
v 0.089818 0.071951 0.501257
v 0.084464 0.070245 0.503409
v 0.087592 0.066992 0.506659
v 0.087513 0.067642 0.506049
v 0.086212 0.066034 0.495400
v 0.084980 0.069387 0.493826
v 0.093070 0.028780 0.502261
v 0.093070 0.024637 0.502261
v 0.089536 0.026563 0.499075
v 0.085841 0.022508 0.493488
v 0.081573 0.021468 0.492918
v 0.100841 0.028645 0.507443
v 0.100841 0.025037 0.507443
v 0.096784 0.026818 0.505004
v 0.127114 0.016382 0.514351
v 0.121519 0.017157 0.513837
v 0.123126 0.017580 0.514081
v 0.116943 0.017642 0.513002
v 0.121449 0.016540 0.513672
v 0.116709 0.015938 0.511951
v 0.092817 0.022823 0.501838
v 0.093185 0.021331 0.501058
v 0.093405 0.020931 0.500703
v 0.092438 0.021100 0.499872
v 0.098384 0.011813 0.485946
v 0.098334 0.009846 0.483926
v 0.100473 0.010422 0.485662
v 0.101424 0.009607 0.485781
v 0.098854 0.015602 0.497583
v 0.099142 0.015602 0.497900
v 0.115446 0.011336 0.501946
v 0.114844 0.011989 0.502846
v 0.117347 0.011989 0.504428
v 0.106318 0.009563 0.491812
v 0.109460 0.009563 0.494955
v 0.109911 0.008488 0.494467
v 0.100908 0.008541 0.484489
v 0.101145 0.006676 0.484264
v 0.100021 0.002547 0.483809
v 0.100273 -0.010488 0.484997
v 0.101284 -0.009697 0.485248
v 0.098353 -0.012239 0.485828
v 0.098824 -0.008126 0.483528
v 0.099538 -0.008112 0.483700
v 0.085908 -0.022842 0.493428
v 0.085772 -0.023064 0.493546
v 0.089535 -0.040576 0.499076
v 0.093070 -0.041655 0.502261
v 0.087398 -0.062795 0.496800
v 0.087965 -0.060771 0.497433
v 0.087965 -0.065025 0.497433
v 0.096784 -0.038852 0.505004
v 0.093070 -0.037512 0.502261
v 0.092438 -0.021546 0.499871
v 0.116886 -0.017775 0.512885
v 0.121449 -0.016987 0.513673
v 0.132641 -0.015461 0.514302
v 0.138121 -0.014071 0.513605
v 0.132404 -0.013859 0.513285
v 0.116703 -0.016215 0.511756
v 0.112781 -0.012434 0.501404
v 0.111390 -0.012108 0.499668
v 0.137813 -0.012568 0.512227
v 0.132340 -0.013456 0.512789
v 0.159946 -0.010167 0.508779
v 0.159889 -0.010604 0.509066
v 0.154321 -0.006538 0.508146
v 0.158544 -0.006538 0.507479
v 0.158602 -0.007767 0.507771
v 0.163393 -0.000222 0.506185
v 0.166847 0.004833 0.505041
v 0.176527 -0.009830 0.500706
v 0.177290 -0.007298 0.500093
v 0.180168 -0.009781 0.497627
v 0.164538 -0.011630 0.507709
v 0.174799 -0.007653 0.501778
v 0.137829 -0.016083 0.514260
v 0.111976 -0.020324 0.511932
v 0.113899 -0.019861 0.512449
v 0.113900 -0.021515 0.512448
v 0.117037 -0.018534 0.513114
v 0.188641 -0.014570 0.487690
v 0.188641 -0.009788 0.487690
v 0.190921 -0.009788 0.484135
v 0.193362 -0.041897 0.483026
v 0.192043 -0.038182 0.482191
v 0.192999 -0.038090 0.480423
v 0.197951 -0.009788 0.468725
v 0.197951 -0.005005 0.468725
v 0.199128 -0.005005 0.464654
v 0.188641 -0.005005 0.487690
v 0.190921 -0.005005 0.484135
v 0.180168 0.009336 0.497627
v 0.160251 0.011372 0.509379
v 0.164538 0.011185 0.507709
v 0.149622 0.013943 0.512517
v 0.146564 0.014620 0.513130
v 0.123127 0.044537 0.514081
v 0.151065 0.034516 0.512188
v 0.151649 0.039438 0.512045
v 0.156292 0.044623 0.517253
v 0.159067 0.045036 0.516493
v 0.157512 0.047520 0.521260
v 0.174847 0.053137 0.515673
v 0.167135 0.050046 0.520270
v 0.164170 0.049136 0.521198
v 0.180675 0.056070 0.513837
v 0.191572 0.063494 0.504782
v 0.206630 0.064168 0.490105
v 0.208368 0.064150 0.487060
v 0.215338 0.064114 0.471032
v 0.214792 0.064089 0.470994
v 0.209696 0.062682 0.477015
v 0.210048 0.062028 0.473812
v 0.200944 0.044670 0.469269
v 0.199410 0.040704 0.468966
v 0.197737 0.041036 0.473779
v 0.190921 0.014125 0.484135
v 0.188641 0.014125 0.487690
v 0.188641 0.018907 0.487690
v 0.164539 0.019286 0.507708
v 0.160047 0.014479 0.509510
v 0.164539 0.033917 0.507708
v 0.164539 0.038795 0.507708
v 0.166814 0.038699 0.506654
v 0.175689 0.051200 0.511514
v 0.180528 0.053328 0.508568
v 0.191917 0.045160 0.488383
v 0.190672 0.041545 0.487403
v 0.187640 0.041555 0.491560
v 0.183400 0.023660 0.494344
v 0.186121 0.023690 0.491120
v 0.196116 0.055759 0.491543
v 0.197837 0.055847 0.489111
v 0.196795 0.063672 0.500241
v 0.198863 0.063451 0.497495
v 0.188567 0.060346 0.505384
v 0.186398 0.058809 0.507116
v 0.186778 0.059467 0.507623
v 0.209783 0.064099 0.483892
v 0.199128 0.004560 0.464654
v 0.199128 0.009342 0.464654
v 0.200015 0.009342 0.460500
v 0.200748 0.034136 0.453530
v 0.201706 0.034920 0.454091
v 0.202104 0.034566 0.451767
v 0.207882 0.046703 0.456591
v 0.206665 0.047572 0.459170
v 0.221981 0.051280 0.448894
v 0.220707 0.052491 0.451372
v 0.222621 0.053438 0.451818
v 0.200857 0.038009 0.461051
v 0.200175 0.029350 0.439151
v 0.199650 0.029673 0.441762
v 0.200495 0.034960 0.457082
v 0.200572 0.034025 0.456310
v 0.199128 -0.019353 0.464654
v 0.199128 -0.014570 0.464654
v 0.200015 -0.014570 0.460500
v 0.200812 -0.041004 0.464066
v 0.202209 -0.044772 0.464147
v 0.200944 -0.045115 0.469269
v 0.200748 -0.034581 0.453530
v 0.200572 -0.035241 0.456310
v 0.200573 -0.033700 0.456309
v 0.199087 -0.009788 0.439514
v 0.199087 -0.005005 0.439514
v 0.197671 -0.005005 0.435246
v 0.194455 -0.016201 0.426824
v 0.195788 -0.016201 0.421158
v 0.199650 -0.030118 0.441762
v 0.203344 -0.033027 0.440690
v 0.213807 -0.047723 0.449445
v 0.212757 -0.048698 0.452088
v 0.209880 -0.045466 0.451219
v 0.220539 -0.057126 0.456562
v 0.211499 -0.043824 0.445696
v 0.212168 -0.043036 0.442876
v 0.230046 -0.049899 0.442233
v 0.241702 -0.045424 0.427681
v 0.241355 -0.045710 0.431715
v 0.236635 -0.046873 0.431946
v 0.225798 -0.047712 0.438129
v 0.225049 -0.048575 0.440919
v 0.220880 -0.046632 0.439679
v 0.241878 -0.045279 0.423628
v 0.247580 -0.044614 0.420893
v 0.273800 -0.029362 0.443942
v 0.284354 -0.015223 0.449316
v 0.284354 -0.015223 0.446893
v 0.284355 -0.015221 0.461899
v 0.284355 -0.015222 0.458169
v 0.284807 -0.013875 0.459397
v 0.274474 -0.027185 0.455754
v 0.271512 -0.029766 0.456394
v 0.273241 -0.028774 0.452257
v 0.261520 -0.036759 0.454705
v 0.258334 -0.038347 0.458973
v 0.258389 -0.038459 0.455279
v 0.259853 -0.038480 0.443012
v 0.264965 -0.035785 0.442636
v 0.239910 -0.046901 0.439666
v 0.245192 -0.044908 0.439887
v 0.241304 -0.046736 0.443550
v 0.265769 -0.035649 0.439810
v 0.260797 -0.038312 0.439972
v 0.261531 -0.038307 0.436903
v 0.284355 -0.015220 0.466901
v 0.284355 -0.015220 0.467716
v 0.284354 -0.015223 0.434118
v 0.284354 -0.015223 0.431888
v 0.284807 -0.013875 0.431888
v 0.218211 -0.038245 0.409163
v 0.222994 -0.040725 0.410445
v 0.210191 -0.037246 0.430127
v 0.209743 -0.038540 0.435957
v 0.206560 -0.035192 0.434792
v 0.196929 -0.016201 0.415447
v 0.199209 -0.021104 0.416221
v 0.198648 -0.021104 0.419123
v 0.197883 -0.016201 0.409699
v 0.201486 0.025212 0.420141
v 0.198648 0.020658 0.419123
v 0.198040 0.020658 0.422009
v 0.192117 0.005227 0.424659
v 0.192055 0.004560 0.424568
v 0.193341 0.004560 0.426564
v 0.198785 0.027687 0.438478
v 0.202064 0.025212 0.417190
v 0.203499 0.027100 0.417677
v 0.209913 0.032925 0.412563
v 0.214061 0.036209 0.413761
v 0.213865 0.035551 0.410831
v 0.214199 -0.037268 0.416692
v 0.210114 -0.034071 0.415476
v 0.226109 -0.053250 0.449873
v 0.227183 -0.053423 0.450095
v 0.225765 -0.054777 0.452451
v 0.202432 -0.045346 0.464158
v 0.206458 -0.042713 0.453185
v 0.205596 -0.043408 0.456000
v 0.203495 -0.039511 0.455419
v 0.201334 -0.036948 0.458020
v 0.200470 -0.037376 0.460992
v 0.200294 -0.036831 0.460967
v 0.214339 0.063466 0.464122
v 0.209837 0.063801 0.487690
v 0.211522 0.063833 0.484493
v 0.210523 0.058657 0.494421
v 0.199433 0.062619 0.502684
v 0.199161 0.063170 0.502454
v 0.184503 0.055587 0.514234
v 0.186193 0.056274 0.513385
v 0.173599 0.050428 0.519444
v 0.172131 0.049927 0.519983
v 0.174743 0.048278 0.519679
v 0.190978 0.050470 0.512883
v 0.191029 0.052443 0.512137
v 0.188570 0.053638 0.512908
v 0.201664 0.057360 0.505608
v 0.204060 0.057481 0.503231
v 0.201656 0.059581 0.503362
v 0.205093 0.058992 0.500361
v 0.205758 0.056567 0.502443
v 0.205534 0.057555 0.501659
v 0.206212 0.060017 0.497929
v 0.205800 0.061494 0.496784
v 0.212256 0.055762 0.496266
v 0.211775 0.055503 0.497211
v 0.212952 0.060299 0.488306
v 0.212104 0.061520 0.487991
v 0.217621 0.049528 0.495702
v 0.212861 0.044179 0.507983
v 0.212595 0.047816 0.506961
v 0.209846 0.045897 0.508267
v 0.220737 0.046424 0.501046
v 0.235282 0.039111 0.498234
v 0.230155 0.041622 0.499018
v 0.232054 0.040549 0.499100
v 0.224955 0.041007 0.505544
v 0.225123 0.040922 0.505521
v 0.226490 0.025760 0.516671
v 0.233107 0.022894 0.517751
v 0.222808 0.010214 0.526331
v 0.219123 0.010436 0.526947
v 0.219234 0.005129 0.527408
v 0.230360 -0.000220 0.525730
v 0.230306 -0.005252 0.525525
v 0.233973 -0.005145 0.524810
v 0.237632 -0.005038 0.524049
v 0.237456 -0.009777 0.523406
v 0.241091 -0.009557 0.522553
v 0.261942 0.013234 0.513290
v 0.262171 0.011537 0.514513
v 0.265648 0.011231 0.513155
v 0.265406 0.012859 0.511918
v 0.269099 0.010935 0.511716
v 0.276414 0.007149 0.510475
v 0.275483 0.015234 0.502135
v 0.274866 0.015283 0.502584
v 0.275095 0.014292 0.504235
v 0.262383 0.017493 0.508031
v 0.247774 0.020277 0.513225
v 0.244997 0.020692 0.514257
v 0.235790 0.023091 0.515768
v 0.251010 0.019660 0.512168
v 0.272342 0.015880 0.503289
v 0.284353 0.014778 0.477273
v 0.284352 0.014778 0.481906
v 0.284807 0.013429 0.479721
v 0.284354 0.014778 0.458125
v 0.284354 0.014778 0.461899
v 0.274046 0.024623 0.471333
v 0.274305 0.025337 0.465892
v 0.270497 0.028434 0.466619
v 0.280645 0.016643 0.489079
v 0.280521 0.016121 0.493184
v 0.281315 0.015817 0.492928
v 0.269276 0.018007 0.500255
v 0.272314 0.016931 0.499833
v 0.262929 0.028093 0.488318
v 0.263359 0.029499 0.483198
v 0.260906 0.030733 0.483887
v 0.258060 0.032100 0.484645
v 0.258323 0.032522 0.482808
v 0.255925 0.036228 0.473663
v 0.253288 0.036881 0.477088
v 0.253128 0.037317 0.475720
v 0.250363 0.038087 0.478359
v 0.249630 0.035452 0.488039
v 0.249226 0.037213 0.483456
v 0.246527 0.038116 0.484646
v 0.246703 0.037681 0.485900
v 0.251702 0.033585 0.490090
v 0.244915 0.034379 0.497143
v 0.245450 0.034139 0.497037
v 0.241025 0.031137 0.503961
v 0.240649 0.033616 0.503065
v 0.244594 0.024174 0.507851
v 0.244719 0.022802 0.509868
v 0.247784 0.022054 0.509065
v 0.263109 0.019201 0.502904
v 0.263035 0.018474 0.504499
v 0.266128 0.017788 0.503429
v 0.247490 0.026633 0.503915
v 0.253327 0.033228 0.488752
v 0.253112 0.033303 0.489030
v 0.249902 0.039491 0.473734
v 0.251125 0.038812 0.473445
v 0.250806 0.038979 0.473441
v 0.262018 0.033947 0.468488
v 0.253056 0.039654 0.465523
v 0.269072 0.032514 0.444691
v 0.267075 0.033338 0.449567
v 0.269754 0.031541 0.449049
v 0.272998 0.020268 0.492834
v 0.272839 0.019399 0.495542
v 0.275330 0.018288 0.494803
v 0.244257 0.015239 0.519168
v 0.244420 0.013192 0.520278
v 0.204402 0.005566 0.529336
v 0.204330 0.011333 0.528978
v 0.200656 0.008624 0.529571
v 0.192037 0.017085 0.529675
v 0.189273 0.030533 0.526570
v 0.187381 0.030852 0.526831
v 0.174262 0.023463 0.530061
v 0.183370 0.020886 0.530880
v 0.170544 0.021213 0.531721
v 0.156489 0.010410 0.531673
v 0.154998 0.007033 0.531680
v 0.155078 0.007006 0.531831
v 0.153893 0.007413 0.530811
v 0.152485 0.003550 0.530747
v 0.137224 -0.016164 0.529338
v 0.140951 -0.015898 0.529672
v 0.126231 -0.033555 0.529651
v 0.126281 -0.037589 0.530650
v 0.129988 -0.037019 0.530679
v 0.129719 -0.004331 0.528761
v 0.129732 -0.008442 0.528735
v 0.118575 0.004100 0.527414
v 0.114869 0.004170 0.526925
v 0.114865 -0.000219 0.526927
v 0.125997 -0.004399 0.528333
v 0.126010 -0.008579 0.528310
v 0.187455 0.032080 0.525662
v 0.184508 0.032842 0.525756
v 0.191990 0.039687 0.518200
v 0.193339 0.039589 0.517789
v 0.192026 0.041781 0.516829
v 0.198869 0.029609 0.524524
v 0.201974 0.029238 0.523748
v 0.204008 0.028029 0.524226
v 0.196056 0.029421 0.525547
v 0.181372 0.031894 0.527598
v 0.184380 0.031404 0.527215
v 0.170759 0.030326 0.529288
v 0.167053 0.030883 0.529563
v 0.167057 0.027466 0.529961
v 0.170460 0.022182 0.530577
v 0.148429 0.018713 0.530125
v 0.144702 0.019038 0.529870
v 0.144680 0.015181 0.529974
v 0.159639 0.028461 0.530199
v 0.155913 0.025357 0.530309
v 0.141163 0.038720 0.530791
v 0.143497 0.038493 0.530543
v 0.137251 0.019700 0.529257
v 0.133528 0.020037 0.528906
v 0.133499 0.015979 0.528974
v 0.158031 0.013872 0.531030
v 0.160603 0.016657 0.530997
v 0.190410 0.031242 0.525611
v 0.211677 0.013618 0.527711
v 0.207982 0.013903 0.528216
v 0.208036 0.011108 0.528535
v 0.222727 0.012765 0.525929
v 0.223624 0.025127 0.519482
v 0.201525 0.039046 0.514886
v 0.198569 0.040016 0.515430
v 0.198622 0.038004 0.516849
v 0.194575 0.047152 0.512858
v 0.190904 0.047703 0.514085
v 0.190860 0.046099 0.514868
v 0.204240 0.055295 0.505464
v 0.201850 0.055104 0.507748
v 0.209088 0.053550 0.502864
v 0.205112 0.028286 0.523696
v 0.208225 0.027721 0.523125
v 0.208194 0.028053 0.522666
v 0.226472 0.024126 0.519453
v 0.155254 0.037586 0.528873
v 0.155196 0.037241 0.529124
v 0.158192 0.037188 0.528561
v 0.168768 0.046785 0.521737
v 0.169100 0.048994 0.520998
v 0.167666 0.048598 0.521433
v 0.154880 0.047137 0.523137
v 0.129837 0.047295 0.522892
v 0.142034 0.042538 0.517579
v 0.144834 0.042746 0.517890
v 0.105020 0.050641 0.509462
v 0.105358 0.054055 0.510027
v 0.108656 0.051482 0.510878
v 0.109433 0.031784 0.511144
v 0.093070 0.049496 0.502261
v 0.093070 0.045353 0.502261
v 0.091278 0.047060 0.500726
v 0.086960 0.075651 0.496297
v 0.087963 0.073840 0.497431
v 0.086444 0.071824 0.495685
v 0.085686 0.078539 0.495530
v 0.087376 0.075578 0.497930
v 0.086917 0.076283 0.497171
v 0.099280 0.059454 0.507249
v 0.102762 0.056852 0.509952
v 0.105996 0.054413 0.511558
v 0.125951 0.048238 0.522647
v 0.122782 0.048869 0.522330
v 0.126028 0.048021 0.523089
v 0.102590 0.057373 0.515204
v 0.105332 0.055599 0.516809
v 0.104739 0.056600 0.515530
v 0.127461 0.045900 0.525614
v 0.130691 0.045243 0.526054
v 0.130180 0.046217 0.524944
v 0.152710 0.040834 0.527520
v 0.152894 0.042176 0.526688
v 0.137962 0.046190 0.524582
v 0.143706 0.043688 0.526596
v 0.149367 0.037991 0.529745
v 0.126631 0.043394 0.529008
v 0.129430 0.042807 0.529156
v 0.128766 0.043827 0.527989
v 0.104811 0.049546 0.525922
v 0.106042 0.047529 0.529335
v 0.107487 0.048644 0.526483
v 0.095480 0.049657 0.529363
v 0.100718 0.049002 0.528853
v 0.127869 0.041599 0.530925
v 0.118897 0.041404 0.531243
v 0.115180 0.041992 0.531251
v 0.115162 0.040920 0.531036
v 0.085866 0.050803 0.529387
v 0.094906 0.055752 0.503686
v 0.094906 0.051754 0.503686
v 0.093070 0.053639 0.502261
v 0.170262 0.050802 0.519657
v 0.152175 -0.022574 0.530250
v 0.152195 -0.026250 0.530233
v 0.155913 -0.025803 0.530310
v 0.160796 -0.016895 0.531217
v 0.155141 -0.007430 0.531994
v 0.159473 -0.011001 0.537525
v 0.156478 -0.001837 0.537587
v 0.156624 0.001382 0.537649
v 0.159597 0.010477 0.537587
v 0.160786 0.013759 0.536482
v 0.159636 0.012492 0.536334
v 0.175972 0.019620 0.537441
v 0.179214 0.019216 0.537525
v 0.184913 0.016302 0.537749
v 0.187609 0.014730 0.537737
v 0.186182 0.019711 0.530756
v 0.195843 0.010494 0.530572
v 0.185547 0.021318 0.529566
v 0.199549 -0.003808 0.529911
v 0.211467 -0.022063 0.525241
v 0.197230 0.007059 0.530780
v 0.193751 0.007577 0.537649
v 0.195455 -0.005156 0.537252
v 0.194267 -0.008247 0.537357
v 0.192584 -0.011075 0.537441
v 0.190472 -0.013570 0.537525
v 0.192308 0.012492 0.536334
v 0.183527 0.054775 0.514904
v 0.185950 0.052385 0.514434
v 0.193165 0.063936 0.506817
v 0.196506 0.063046 0.505051
v 0.188081 0.060699 0.509350
v 0.185860 0.059068 0.511132
v 0.170079 0.051035 0.519317
v 0.143712 0.012916 0.513106
v 0.141049 0.011336 0.511371
v 0.130632 0.004833 0.505666
v 0.128807 0.004833 0.505029
v 0.128772 0.006093 0.505123
v 0.119340 0.004833 0.500466
v 0.119340 -0.000222 0.500466
v 0.117300 0.004833 0.499168
v 0.104565 0.006093 0.487531
v 0.102981 -0.007785 0.485937
v 0.104332 -0.007767 0.487715
v 0.097507 -0.014660 0.492750
v 0.101170 -0.012434 0.490206
v 0.100397 -0.014660 0.496192
v 0.099142 -0.016047 0.497900
v 0.098854 -0.016047 0.497583
v 0.099593 -0.015288 0.496916
v 0.107340 -0.016047 0.505477
v 0.111082 -0.016047 0.508184
v 0.106773 -0.018498 0.508599
v 0.102779 -0.010966 0.488939
v 0.120537 -0.008933 0.502187
v 0.124475 -0.008933 0.504192
v 0.124197 -0.010008 0.504795
v 0.141426 0.006093 0.508153
v 0.141438 0.004833 0.508054
v 0.138698 0.004833 0.507663
v 0.158825 0.009563 0.508900
v 0.159919 0.009657 0.508738
v 0.158696 0.008488 0.508248
v 0.163393 0.004833 0.506185
v 0.145670 -0.007767 0.508783
v 0.145650 -0.008933 0.509269
v 0.141335 -0.008933 0.508932
v 0.109478 -0.005278 0.492838
v 0.110477 -0.005908 0.493854
v 0.136651 0.010521 0.509700
v 0.141210 0.010042 0.510002
v 0.178714 0.005240 0.498928
v 0.089536 -0.035938 0.499075
v 0.108012 0.011989 0.497520
v 0.100579 0.018796 0.504569
v 0.099929 0.019626 0.505273
v 0.102058 0.019154 0.506444
v 0.093142 0.014843 0.488458
v 0.088391 0.060811 0.513202
v 0.090657 0.059400 0.514636
v 0.090282 0.061393 0.512290
v 0.095901 -0.047926 0.530860
v 0.081572 -0.056580 0.523065
v 0.085361 -0.057684 0.519647
v 0.117113 -0.044651 0.530618
v 0.122374 -0.043570 0.530591
v 0.143505 -0.039153 0.530369
v 0.149687 -0.041493 0.527840
v 0.152709 -0.041279 0.527520
v 0.152522 -0.039858 0.528323
v 0.106727 -0.046398 0.530871
v 0.112070 -0.045414 0.530867
v 0.151756 -0.047061 0.523821
v 0.216989 -0.030687 0.515656
v 0.204240 -0.055740 0.505464
v 0.201663 -0.057805 0.505608
v 0.204059 -0.057927 0.503232
v 0.219095 -0.044528 0.506278
v 0.218715 -0.044736 0.506321
v 0.217990 -0.046650 0.504218
v 0.231735 -0.032900 0.506864
v 0.231959 -0.030441 0.508500
v 0.228841 -0.031549 0.509030
v 0.240857 -0.033968 0.503027
v 0.243520 -0.032789 0.502532
v 0.242438 -0.035742 0.498045
v 0.256292 -0.030014 0.494106
v 0.235895 -0.039400 0.497783
v 0.232054 -0.040994 0.499101
v 0.231321 -0.041201 0.499576
v 0.220000 -0.047869 0.497336
v 0.211801 -0.053904 0.500031
v 0.252756 -0.028764 0.500644
v 0.250496 -0.029745 0.501131
v 0.225981 -0.030207 0.511605
v 0.222886 -0.031228 0.512122
v 0.202327 -0.060044 0.502690
v 0.207832 -0.062223 0.493939
v 0.206862 -0.063048 0.494284
v 0.190617 -0.062824 0.508048
v 0.192840 -0.064592 0.506404
v 0.191183 -0.062330 0.508784
v 0.188838 -0.060700 0.510354
v 0.206029 -0.061947 0.496518
v 0.210850 -0.032580 0.516603
v 0.208014 -0.030566 0.520168
v 0.191851 -0.060486 0.509660
v 0.193116 -0.061453 0.508723
v 0.192897 -0.057485 0.509889
v 0.163635 -0.049566 0.520091
v 0.166391 -0.050320 0.518859
v 0.137871 -0.045719 0.521794
v 0.142034 -0.045559 0.522083
v 0.120487 -0.046294 0.514335
v 0.123127 -0.044982 0.514081
v 0.103218 -0.057427 0.510933
v 0.102762 -0.057297 0.509952
v 0.105996 -0.054859 0.511558
v 0.110659 -0.053633 0.516165
v 0.114182 -0.051886 0.517556
v 0.099744 -0.059912 0.508200
v 0.118396 -0.050939 0.520724
v 0.140482 -0.044369 0.526641
v 0.140412 -0.045329 0.525754
v 0.143748 -0.045141 0.525750
v 0.088446 -0.072499 0.501463
v 0.088314 -0.073549 0.500368
v 0.082873 -0.076516 0.498076
v 0.160855 -0.048907 0.521346
v 0.172816 -0.034031 0.503304
v 0.172092 -0.038898 0.503751
v 0.230805 -0.054041 0.463058
v 0.228083 -0.056123 0.463354
v 0.230548 -0.054463 0.461248
v 0.218751 -0.055390 0.486934
v 0.215973 -0.054966 0.491882
v 0.230541 -0.050206 0.469921
v 0.236297 -0.022753 0.516866
v 0.236930 -0.018640 0.519730
v 0.269208 -0.016762 0.505070
v 0.251202 -0.016684 0.515528
v 0.272517 -0.011101 0.510187
v 0.269098 -0.011383 0.511710
v 0.268843 -0.012938 0.510463
v 0.258672 -0.012299 0.515791
v 0.283034 -0.000223 0.446915
v 0.279534 0.001629 0.463686
v 0.282034 0.004480 0.498404
v 0.279534 0.004480 0.498404
v 0.279534 0.005438 0.497587
v 0.282034 -0.007988 0.489933
v 0.240133 0.046270 0.438785
v 0.245193 0.044462 0.439887
v 0.206465 0.053007 0.462933
v 0.208744 0.056882 0.462825
v 0.262754 -0.006351 0.516748
v 0.262587 -0.008305 0.516191
v 0.266089 -0.008116 0.514889
v 0.202650 -0.012336 0.393173
v 0.203701 -0.015244 0.392941
v 0.175609 -0.008495 0.395779
v 0.181187 -0.010240 0.395729
v 0.177559 -0.012900 0.397178
v 0.178481 -0.013716 0.397425
v 0.177931 0.012435 0.395787
v 0.177559 0.012435 0.397178
v 0.178481 0.013250 0.397425
v 0.181187 0.009775 0.395729
v 0.186859 0.009775 0.395431
v 0.203873 0.015214 0.392898
v 0.204415 0.018417 0.396149
v 0.209973 0.027646 0.400744
v 0.209413 0.026950 0.400594
v 0.204441 0.022830 0.402689
v 0.202489 0.019917 0.402489
v 0.205208 0.026143 0.405679
v 0.201607 -0.020746 0.403886
v 0.203494 -0.023757 0.404237
v 0.209048 -0.028520 0.403018
v 0.211586 -0.030817 0.403097
v 0.204572 -0.019697 0.399297
v 0.201274 -0.017191 0.401805
v 0.216951 -0.034969 0.403262
v 0.232866 -0.042080 0.403773
v 0.236206 -0.042745 0.404667
v 0.231534 -0.042444 0.409047
v 0.216298 -0.035591 0.405840
v 0.219202 -0.037360 0.406323
v 0.234895 -0.044022 0.412807
v 0.238334 -0.044484 0.413562
v 0.242586 -0.044246 0.413293
v 0.245088 -0.044196 0.414115
v 0.241963 -0.043759 0.411846
v 0.243978 -0.043615 0.412253
v 0.280514 -0.020506 0.423249
v 0.281988 -0.017339 0.423640
v 0.280166 -0.017052 0.421492
v 0.280665 -0.015452 0.421482
v 0.281499 -0.012700 0.421898
v 0.282760 -0.013065 0.425429
v 0.282802 -0.003705 0.423954
v 0.282843 -0.000196 0.424166
v 0.279953 0.016574 0.421124
v 0.278757 0.019702 0.421115
v 0.283551 0.014009 0.424620
v 0.267658 0.036135 0.421939
v 0.263905 0.036187 0.416128
v 0.260363 0.038506 0.416268
v 0.272352 0.028684 0.417459
v 0.270820 0.030439 0.417819
v 0.280894 0.013344 0.420394
v 0.275181 0.025428 0.419976
v 0.266489 0.035302 0.418698
v 0.263879 0.037303 0.418294
v 0.277145 0.026114 0.422712
v 0.274970 0.028827 0.422138
v 0.275190 0.028921 0.422520
v 0.279728 0.023468 0.425001
v 0.268617 0.032925 0.418509
v 0.283138 -0.000223 0.420349
v 0.262976 -0.037068 0.416010
v 0.257231 -0.040063 0.413929
v 0.255542 -0.040729 0.412954
v 0.256318 -0.040729 0.410056
v 0.254107 -0.041277 0.413771
v 0.239980 -0.043157 0.406276
v 0.239956 -0.043170 0.407138
v 0.279704 -0.017344 0.419428
v 0.251129 0.042014 0.413936
v 0.244643 0.042680 0.410788
v 0.247804 0.042293 0.411450
v 0.242648 0.042775 0.409169
v 0.241587 0.042775 0.407845
v 0.240263 0.042773 0.408923
v 0.238352 0.043430 0.411585
v 0.228644 0.040656 0.405989
v 0.225599 0.039457 0.404931
v 0.226387 0.039462 0.402036
v 0.228228 0.041615 0.410302
v 0.225089 0.040245 0.408887
v 0.225014 0.040393 0.409551
v 0.216765 0.034241 0.402564
v 0.217542 0.034241 0.399666
v 0.214563 0.032416 0.401974
v 0.224895 0.040485 0.410233
v 0.255284 0.042239 0.418321
v 0.251912 0.043150 0.417619
v 0.270349 0.034023 0.423133
v 0.281954 0.010142 0.422180
v 0.279697 -0.023844 0.425443
v 0.281503 -0.020767 0.425727
v 0.283060 -0.017532 0.425658
v 0.277525 -0.026620 0.423293
v 0.277329 -0.026553 0.422942
v 0.255312 -0.042563 0.417921
v 0.254988 -0.042166 0.416464
v 0.258393 -0.041202 0.417960
v 0.255225 -0.042687 0.419081
v 0.258574 -0.041520 0.419625
v 0.208494 -0.028902 0.404038
v 0.210897 -0.031369 0.404684
v 0.210505 0.027156 0.394675
v 0.208515 0.024396 0.394142
v 0.207739 0.024396 0.397040
v 0.276983 0.025580 0.412488
v 0.274127 0.028272 0.414828
v 0.256588 -0.041160 0.410129
v 0.257365 -0.041160 0.407231
v 0.260572 -0.039810 0.408090
v 0.041014 -0.029219 0.389018
v 0.040398 -0.028603 0.391915
v 0.041009 -0.028084 0.391915
v 0.038870 -0.033673 0.386915
v 0.039404 -0.032396 0.386915
v 0.040585 -0.033576 0.381361
v 0.051588 -0.030544 0.370652
v 0.052797 -0.031753 0.364965
v 0.051215 -0.031840 0.365117
v 0.043888 -0.036879 0.365823
v 0.043294 -0.038288 0.365880
v 0.043888 -0.055572 0.365823
v 0.044719 -0.054740 0.361912
v 0.045535 -0.056026 0.361812
v 0.072467 -0.055320 0.353024
v 0.073437 -0.054138 0.352931
v 0.074559 -0.035038 0.362869
v 0.075400 -0.034197 0.366824
v 0.076397 -0.035352 0.366858
v 0.054140 -0.033097 0.358644
v 0.054186 -0.033976 0.354785
v 0.081434 -0.036277 0.382413
v 0.074500 0.039907 0.352828
v 0.075840 0.039569 0.357760
v 0.083099 0.059252 0.391915
v 0.082096 0.058248 0.387193
v 0.081480 0.059635 0.387029
v 0.048219 0.062233 0.375674
v 0.050127 0.061254 0.370236
v 0.075529 0.055786 0.362776
v 0.076396 0.056653 0.366854
v 0.077212 0.055367 0.366954
v 0.070761 0.062951 0.377658
v 0.072251 0.062773 0.377379
v 0.071184 0.061706 0.372360
v 0.044359 0.049128 0.358644
v 0.043522 0.049964 0.362579
v 0.043701 0.051454 0.362300
v 0.048230 0.059292 0.365404
v 0.048329 0.058141 0.361862
v 0.037733 0.035807 0.389816
v 0.038349 0.036424 0.386915
v 0.038468 0.034875 0.386915
v 0.047890 0.036183 0.355391
v 0.049076 0.035217 0.355277
v 0.048523 0.034664 0.357877
v 0.074245 0.032756 0.366858
v 0.075313 0.031688 0.371880
v 0.074027 0.030872 0.371980
v 0.047680 0.027860 0.381748
v 0.046225 0.028262 0.381525
v 0.047434 0.029471 0.375837
v 0.037808 0.032165 0.391915
v 0.038365 0.032722 0.389294
v 0.039038 0.031279 0.389131
v 0.042434 0.026538 0.391915
v 0.043356 0.027743 0.386915
v 0.049681 0.031718 0.365265
v 0.048230 0.032270 0.365404
v 0.048972 0.033012 0.361912
v 0.044016 0.065508 0.391915
v 0.045133 0.064392 0.386662
v 0.043747 0.063775 0.386498
v 0.079597 -0.060298 0.381911
v 0.078599 -0.061453 0.381877
v 0.077533 -0.060386 0.376858
v 0.073706 -0.062816 0.377155
v 0.072251 -0.063218 0.377379
v 0.071184 -0.062151 0.372360
v 0.046106 -0.061861 0.375398
v 0.047492 -0.062477 0.375562
v 0.046313 -0.063657 0.381112
v 0.037406 -0.058194 0.391915
v 0.038676 -0.057853 0.386774
v 0.043294 -0.054163 0.365880
v 0.042416 -0.055041 0.370012
v 0.042014 -0.053586 0.370236
v 0.080367 -0.037344 0.377390
v 0.079965 -0.035889 0.377167
v 0.279284 0.004254 0.490373
v 0.281384 -0.002156 0.495883
v 0.281734 -0.005643 0.461780
v 0.158842 0.062666 0.484418
v 0.158573 0.056496 0.495573
v 0.158842 0.062666 0.490360
v 0.178251 0.058111 0.482428
v 0.182642 0.058617 0.479287
v 0.179466 0.058617 0.483186
v 0.182432 0.058092 0.478390
v 0.186681 0.084017 0.419069
v 0.196832 0.084017 0.448765
v 0.194116 0.084017 0.433101
v 0.182745 0.058083 0.418546
v 0.178321 0.058617 0.415489
v 0.184315 0.058367 0.416922
v 0.178870 0.058055 0.422721
v 0.163939 0.056817 0.428180
v 0.158664 0.056496 0.401868
v 0.166733 0.056817 0.425386
v 0.153996 0.084017 0.496710
v 0.130721 0.084017 0.493587
v 0.146101 0.084017 0.496951
v 0.184450 0.058617 0.483606
v 0.164225 0.057909 0.460167
v 0.165594 0.056817 0.436987
v 0.173966 0.056817 0.445068
v 0.170185 0.056817 0.445068
v 0.164750 0.058024 0.445764
v 0.166171 0.058242 0.445797
v 0.170191 0.057877 0.445825
v 0.170089 0.058024 0.451675
v 0.168298 0.058046 0.451633
v 0.158842 0.056817 0.453796
v 0.158842 0.057920 0.451662
v 0.158842 0.056817 0.452465
v 0.158842 0.058617 0.448765
v 0.160734 0.058617 0.451266
v 0.161722 0.058280 0.431663
v 0.170566 0.058617 0.430319
v 0.166894 0.058124 0.426502
v 0.172450 0.058274 0.428787
v 0.159798 0.058230 0.441632
v 0.158842 0.058305 0.442482
v 0.172043 0.057847 0.429614
v 0.177422 0.057928 0.424196
v 0.194629 0.058127 0.451754
v 0.185467 0.058092 0.445777
v 0.181807 0.057929 0.451778
v 0.179659 0.058511 0.446036
v 0.177767 0.058617 0.451266
v 0.177767 0.058492 0.446047
v 0.193501 0.058055 0.445764
v 0.195955 0.058266 0.451615
v 0.165844 0.058130 0.435727
v 0.158842 0.058594 0.434850
v 0.161589 0.058232 0.457730
v 0.158842 0.057874 0.445661
v 0.158842 0.056817 0.443738
v 0.158842 0.056817 0.445068
v 0.172182 0.058083 0.468122
v 0.170762 0.058138 0.466733
v 0.165358 0.058428 0.461650
v 0.177760 0.058179 0.473737
v 0.176215 0.058240 0.472332
v 0.171981 0.058138 0.476375
v 0.172815 0.058024 0.477241
v 0.159949 0.058133 0.464351
v 0.092011 0.064666 0.455717
v 0.105289 0.064666 0.478404
v 0.095382 0.064666 0.469213
v 0.109860 0.084017 0.417079
v 0.105289 0.084017 0.478404
v 0.184070 0.056817 0.413516
v 0.185479 0.058024 0.416112
v 0.135634 0.061478 0.495804
v 0.087414 0.050419 0.448319
v 0.087054 0.058581 0.474158
v 0.087054 0.064666 0.467979
v 0.097881 0.064666 0.423975
v 0.095980 0.064565 0.440337
v 0.101809 0.064666 0.431100
v 0.101965 0.064711 0.466377
v 0.097881 0.064666 0.473561
v 0.103606 0.064733 0.470029
v 0.102346 0.065900 0.464123
v 0.102191 0.065799 0.462154
v 0.110209 0.065841 0.439759
v 0.103622 0.065815 0.448250
v 0.118221 0.058320 0.443781
v 0.099095 0.044460 0.441353
v 0.097019 0.045044 0.441426
v 0.097019 0.039077 0.441426
v 0.099256 0.059805 0.441437
v 0.096019 0.053327 0.441461
v 0.096297 0.045214 0.441887
v 0.096023 0.036331 0.444124
v 0.096294 0.039077 0.441998
v 0.092054 0.025285 0.438700
v 0.092054 0.030878 0.440143
v 0.092054 0.025102 0.440143
v 0.099042 0.062048 0.456181
v 0.095857 0.053327 0.456027
v 0.099151 0.063354 0.456197
v 0.099639 0.056460 0.456259
v 0.096362 0.046484 0.455815
v 0.099095 0.044460 0.456183
v 0.097019 0.045895 0.456110
v 0.092054 0.032321 0.462985
v 0.092054 0.030878 0.457393
v 0.092075 0.033806 0.462465
v 0.113680 0.030817 0.465710
v 0.118290 0.030567 0.467370
v 0.117372 0.030464 0.465588
v 0.134721 0.045317 0.495168
v 0.140554 0.031317 0.495168
v 0.134721 0.038967 0.495168
v 0.143983 0.030817 0.484268
v 0.145932 0.030835 0.494737
v 0.125897 0.030795 0.476337
v 0.124204 0.030830 0.490362
v 0.126815 0.030817 0.477187
v 0.158254 0.029884 0.495799
v 0.158299 0.031351 0.495941
v 0.147840 0.030567 0.484269
v 0.148165 0.030835 0.494738
v 0.149973 0.030823 0.494694
v 0.149472 0.030817 0.484554
v 0.151991 0.030825 0.494702
v 0.151309 0.030738 0.484290
v 0.153861 0.030826 0.494705
v 0.158054 0.030817 0.492607
v 0.157609 0.030829 0.494713
v 0.155794 0.030831 0.494727
v 0.133483 0.058381 0.494664
v 0.133775 0.058517 0.482126
v 0.135623 0.058517 0.482886
v 0.087054 0.032617 0.474027
v 0.087054 0.027071 0.470235
v 0.087054 0.030100 0.472542
v 0.088954 0.011511 0.444261
v 0.094331 0.009349 0.444327
v 0.088829 0.009363 0.444478
v 0.148332 0.058328 0.402618
v 0.158304 0.046974 0.402118
v 0.158365 0.048814 0.402118
v 0.133295 0.030817 0.403100
v 0.141800 0.030826 0.402830
v 0.140266 0.030844 0.402766
v 0.110213 0.030817 0.432009
v 0.105415 0.030830 0.427197
v 0.106747 0.030817 0.432192
v 0.157782 0.030861 0.402673
v 0.151322 0.030817 0.413076
v 0.158287 0.030009 0.406802
v 0.156040 0.030822 0.402844
v 0.152038 0.030817 0.402863
v 0.149472 0.030817 0.412983
v 0.147940 0.030817 0.402865
v 0.147648 0.030817 0.412984
v 0.149901 0.030836 0.402792
v 0.145829 0.030817 0.413078
v 0.143847 0.030817 0.402866
v 0.141975 0.030484 0.413927
v 0.143983 0.030817 0.413268
v 0.158387 0.030153 0.404741
v 0.118077 0.030817 0.430035
v 0.114395 0.030817 0.414827
v 0.112225 0.030817 0.417160
v 0.158460 0.059803 0.401748
v 0.158554 0.059017 0.404751
v 0.152221 0.058017 0.402368
v 0.158054 0.050655 0.402368
v 0.158054 0.052495 0.402368
v 0.133295 0.058517 0.403100
v 0.122412 0.058517 0.423328
v 0.127547 0.058517 0.405439
v 0.158342 0.060074 0.410400
v 0.156518 0.062130 0.411869
v 0.118932 0.065966 0.425862
v 0.118641 0.065866 0.428604
v 0.119386 0.065833 0.427487
v 0.112629 0.065966 0.428653
v 0.102262 0.065887 0.434376
v 0.112176 0.065966 0.429484
v 0.115902 0.057874 0.436831
v 0.116123 0.058326 0.440151
v 0.116445 0.057977 0.438171
v 0.115812 0.065907 0.431846
v 0.114793 0.065924 0.432127
v 0.117133 0.057960 0.437098
v 0.109484 0.065966 0.435890
v 0.103360 0.065716 0.444118
v 0.103552 0.065859 0.429659
v 0.106420 0.065866 0.423982
v 0.105224 0.065841 0.426066
v 0.121852 0.064666 0.410364
v 0.123471 0.064666 0.410307
v 0.135749 0.061403 0.401687
v 0.117278 0.065828 0.424348
v 0.116685 0.065790 0.423895
v 0.135852 0.030644 0.402472
v 0.138057 0.030823 0.402840
v 0.087054 0.040790 0.448768
v 0.087054 0.022228 0.432774
v 0.087054 0.019498 0.437719
v 0.158554 0.054336 0.495668
v 0.158554 0.052580 0.496245
v 0.152221 0.058517 0.494668
v 0.153092 0.058517 0.484985
v 0.156429 0.058539 0.484787
v 0.157604 0.061269 0.486195
v 0.158228 0.060683 0.487137
v 0.115644 0.064666 0.475766
v 0.124461 0.064654 0.478148
v 0.122664 0.064666 0.475866
v 0.115893 0.065899 0.469436
v 0.113774 0.065766 0.475674
v 0.116397 0.065784 0.473877
v 0.123836 0.058517 0.475595
v 0.125331 0.058517 0.476900
v 0.100054 0.058517 0.448768
v 0.106112 0.058442 0.451598
v 0.100054 0.058517 0.451291
v 0.113570 0.059416 0.455482
v 0.117681 0.059416 0.454693
v 0.116064 0.064183 0.454876
v 0.113758 0.058416 0.456464
v 0.116363 0.058088 0.458349
v 0.116016 0.065866 0.467805
v 0.116676 0.065927 0.465657
v 0.109882 0.065866 0.462554
v 0.112504 0.064466 0.448768
v 0.118165 0.064466 0.451365
v 0.118304 0.064216 0.448768
v 0.138462 0.030817 0.483105
v 0.140237 0.030817 0.483579
v 0.141997 0.030835 0.494738
v 0.133613 0.030830 0.494530
v 0.138289 0.030823 0.494695
v 0.121785 0.030817 0.488792
v 0.092290 0.032398 0.446033
v 0.092086 0.033826 0.445250
v 0.099158 0.056618 0.441415
v 0.175556 0.057548 0.480089
v 0.176999 0.058549 0.481071
v 0.180304 0.057712 0.476172
v 0.186827 0.063617 0.478229
v 0.185468 0.058306 0.481467
v 0.184052 0.058242 0.480038
v 0.184521 0.063617 0.483515
v 0.185413 0.070417 0.481684
v 0.184521 0.070417 0.483515
v 0.196032 0.077217 0.440835
v 0.196032 0.084017 0.440835
v 0.190980 0.063617 0.425778
v 0.190980 0.056817 0.425778
v 0.186681 0.063617 0.419069
v 0.179138 0.058242 0.414014
v 0.178270 0.057627 0.414566
v 0.181743 0.057920 0.419702
v 0.180211 0.057901 0.421351
v 0.179959 0.058617 0.420926
v 0.173561 0.058549 0.419896
v 0.172415 0.058549 0.421042
v 0.172286 0.058366 0.420912
v 0.169949 0.057493 0.423012
v 0.169753 0.057138 0.422816
v 0.156842 0.064666 0.413112
v 0.157842 0.064398 0.419054
v 0.156842 0.064666 0.419054
v 0.156842 0.064666 0.442823
v 0.157842 0.064398 0.442823
v 0.156842 0.064666 0.448765
v 0.117242 0.070417 0.485451
v 0.111573 0.064666 0.481405
v 0.117242 0.064666 0.485451
v 0.130721 0.070417 0.493587
v 0.130721 0.077217 0.493587
v 0.123648 0.077217 0.490072
v 0.158208 0.064032 0.472534
v 0.158574 0.063666 0.466591
v 0.161746 0.070417 0.495184
v 0.161746 0.077217 0.495184
v 0.153996 0.070417 0.496710
v 0.179210 0.063617 0.486339
v 0.181385 0.058222 0.485576
v 0.182975 0.063617 0.484925
v 0.146101 0.070417 0.496951
v 0.153996 0.077217 0.496710
v 0.146101 0.077217 0.496951
v 0.163004 0.057931 0.458943
v 0.173648 0.057332 0.451986
v 0.175776 0.058353 0.451602
v 0.160023 0.058117 0.445764
v 0.167709 0.058242 0.445797
v 0.172006 0.058200 0.445786
v 0.162073 0.058200 0.451743
v 0.166404 0.057386 0.451950
v 0.159988 0.058617 0.433822
v 0.160957 0.058549 0.432500
v 0.165828 0.057931 0.427275
v 0.167555 0.058147 0.425778
v 0.164669 0.058117 0.436922
v 0.161610 0.057332 0.440293
v 0.167677 0.058242 0.433866
v 0.166845 0.058366 0.434650
v 0.174737 0.058065 0.426642
v 0.175433 0.057224 0.426571
v 0.196032 0.063617 0.440835
v 0.196589 0.056817 0.445068
v 0.196032 0.056817 0.440835
v 0.196043 0.063617 0.456627
v 0.192415 0.058188 0.451611
v 0.184140 0.058333 0.445889
v 0.181552 0.058457 0.445922
v 0.187505 0.057956 0.451822
v 0.185309 0.057386 0.451950
v 0.192871 0.056817 0.445068
v 0.189917 0.057627 0.445576
v 0.189090 0.056817 0.445068
v 0.191014 0.058242 0.445797
v 0.191076 0.070417 0.471570
v 0.191076 0.077217 0.471570
v 0.186827 0.077217 0.478229
v 0.175933 0.058617 0.424952
v 0.173426 0.058549 0.427812
v 0.163337 0.058583 0.430296
v 0.164164 0.057138 0.428406
v 0.161144 0.056817 0.430975
v 0.161555 0.056817 0.456509
v 0.161329 0.057138 0.456734
v 0.172407 0.056817 0.467361
v 0.174895 0.057752 0.470615
v 0.167784 0.058200 0.463754
v 0.173453 0.058349 0.477743
v 0.168736 0.058242 0.473114
v 0.167703 0.058366 0.472034
v 0.163914 0.058189 0.468201
v 0.158842 0.058308 0.463207
v 0.165829 0.057931 0.470254
v 0.174768 0.058549 0.471060
v 0.099321 0.071116 0.474900
v 0.099321 0.064666 0.474900
v 0.092143 0.077217 0.440819
v 0.091512 0.071116 0.448765
v 0.091512 0.077217 0.448765
v 0.099342 0.077217 0.422610
v 0.099342 0.084017 0.422610
v 0.102571 0.084017 0.420300
v 0.116506 0.070417 0.412693
v 0.109860 0.077217 0.417079
v 0.116506 0.077217 0.412693
v 0.153383 0.077217 0.400754
v 0.153383 0.084017 0.400754
v 0.161218 0.077217 0.402199
v 0.178945 0.063617 0.411058
v 0.181379 0.058457 0.411948
v 0.175117 0.056817 0.417002
v 0.175343 0.057138 0.417227
v 0.185270 0.063617 0.415400
v 0.184257 0.070417 0.413687
v 0.185270 0.070417 0.415400
v 0.168708 0.063617 0.404913
v 0.168708 0.056817 0.404913
v 0.161218 0.056817 0.402199
v 0.092011 0.071116 0.455717
v 0.093272 0.077566 0.462572
v 0.092011 0.077566 0.455717
v 0.175989 0.077217 0.488476
v 0.175989 0.084017 0.488476
v 0.169143 0.077217 0.492415
v 0.135754 0.063656 0.494624
v 0.142434 0.060795 0.496909
v 0.138564 0.061285 0.496394
v 0.135734 0.053545 0.496856
v 0.127832 0.061310 0.493895
v 0.127881 0.063026 0.493154
v 0.135718 0.060996 0.495970
v 0.113475 0.061597 0.487277
v 0.113408 0.063184 0.486356
v 0.093991 0.058183 0.477471
v 0.100464 0.061545 0.479856
v 0.094001 0.061859 0.475671
v 0.093991 0.058183 0.420065
v 0.087054 0.054184 0.421636
v 0.087054 0.058581 0.423378
v 0.099229 0.061882 0.418581
v 0.093978 0.062064 0.421982
v 0.102499 0.064733 0.442968
v 0.101831 0.064800 0.437180
v 0.095967 0.064666 0.457575
v 0.095578 0.064190 0.456423
v 0.094754 0.064666 0.457211
v 0.087054 0.063885 0.470557
v 0.089740 0.063775 0.471893
v 0.090235 0.064432 0.470834
v 0.104389 0.065711 0.469852
v 0.103942 0.065866 0.468786
v 0.102489 0.065733 0.465310
v 0.102471 0.065733 0.459736
v 0.103172 0.065878 0.455985
v 0.103112 0.065166 0.454633
v 0.102748 0.064800 0.454594
v 0.103458 0.065799 0.452183
v 0.103563 0.065816 0.449494
v 0.103478 0.065816 0.445662
v 0.111933 0.065591 0.445317
v 0.112109 0.065716 0.443550
v 0.112535 0.064555 0.441968
v 0.112199 0.065738 0.441721
v 0.113294 0.064338 0.442350
v 0.116040 0.064399 0.442783
v 0.118761 0.064254 0.443351
v 0.119003 0.063980 0.443597
v 0.119003 0.058804 0.443597
v 0.117364 0.059166 0.442741
v 0.116384 0.058060 0.441995
v 0.106112 0.058517 0.446246
v 0.112169 0.058404 0.445785
v 0.118849 0.057925 0.431435
v 0.114371 0.056817 0.435532
v 0.118470 0.056976 0.430552
v 0.102879 0.037927 0.432394
v 0.101413 0.037651 0.436747
v 0.102045 0.035479 0.434391
v 0.100398 0.036937 0.437314
v 0.097085 0.035060 0.435150
v 0.100496 0.036772 0.436973
v 0.096171 0.037602 0.441440
v 0.099434 0.038416 0.441151
v 0.097006 0.038579 0.441352
v 0.100557 0.050388 0.440312
v 0.100708 0.044851 0.439962
v 0.100383 0.038034 0.440275
v 0.103043 0.055218 0.432626
v 0.105174 0.056817 0.426746
v 0.102874 0.056817 0.432031
v 0.100123 0.063726 0.441957
v 0.099031 0.062381 0.441356
v 0.098993 0.064465 0.440607
v 0.095533 0.063541 0.441860
v 0.094670 0.064099 0.448768
v 0.095054 0.063166 0.448768
v 0.095427 0.047642 0.442009
v 0.092528 0.037153 0.440143
v 0.092409 0.036917 0.438584
v 0.092291 0.030094 0.434217
v 0.092233 0.032440 0.434327
v 0.092203 0.024769 0.440143
v 0.092117 0.025051 0.441647
v 0.095933 0.025581 0.443781
v 0.092528 0.025444 0.443281
v 0.094054 0.030801 0.446497
v 0.092528 0.030801 0.446417
v 0.095660 0.030826 0.446602
v 0.097002 0.024653 0.442046
v 0.096653 0.024907 0.442813
v 0.100488 0.024516 0.442662
v 0.100447 0.024396 0.454202
v 0.096253 0.025214 0.453899
v 0.096432 0.025134 0.448768
v 0.096023 0.034372 0.445992
v 0.096054 0.032658 0.446845
v 0.091580 0.041714 0.451137
v 0.095580 0.041533 0.451242
v 0.095580 0.040870 0.448768
v 0.095643 0.046295 0.453766
v 0.094962 0.047359 0.453511
v 0.095209 0.047569 0.453844
v 0.087471 0.049634 0.451263
v 0.091580 0.048185 0.452871
v 0.087471 0.047813 0.452848
v 0.087479 0.045956 0.453299
v 0.087554 0.044686 0.453141
v 0.087459 0.043342 0.452584
v 0.087423 0.042003 0.451309
v 0.087571 0.041390 0.449707
v 0.087580 0.041485 0.447494
v 0.091580 0.041714 0.446400
v 0.087471 0.042158 0.446090
v 0.087563 0.043923 0.444659
v 0.087509 0.045932 0.444260
v 0.091580 0.045817 0.444031
v 0.087505 0.047527 0.444576
v 0.094745 0.048104 0.444329
v 0.091580 0.048185 0.444666
v 0.095419 0.046497 0.443855
v 0.095124 0.047482 0.443849
v 0.087580 0.050233 0.449755
v 0.091580 0.049919 0.451137
v 0.087554 0.048685 0.445269
v 0.095239 0.047593 0.455078
v 0.095358 0.058517 0.455748
v 0.099033 0.058029 0.456180
v 0.099664 0.059536 0.455681
v 0.100406 0.050388 0.456876
v 0.101925 0.055238 0.461181
v 0.102605 0.056817 0.463159
v 0.103043 0.055218 0.464911
v 0.101321 0.037835 0.460420
v 0.103410 0.044960 0.464674
v 0.102879 0.037927 0.465142
v 0.100272 0.037776 0.457672
v 0.097085 0.036780 0.460149
v 0.097085 0.037383 0.457724
v 0.096238 0.037734 0.456139
v 0.095819 0.043306 0.453117
v 0.092528 0.034949 0.452618
v 0.095875 0.034307 0.451653
v 0.095580 0.035053 0.452497
v 0.092117 0.036800 0.458145
v 0.092289 0.037077 0.457393
v 0.092203 0.036168 0.460448
v 0.092289 0.035261 0.461777
v 0.093688 0.030878 0.463729
v 0.092528 0.030094 0.463569
v 0.092528 0.032445 0.463469
v 0.097143 0.032617 0.463674
v 0.094848 0.031033 0.463788
v 0.102411 0.030564 0.464331
v 0.098549 0.027606 0.463114
v 0.103221 0.030351 0.464378
v 0.110592 0.029946 0.464554
v 0.113728 0.030165 0.464805
v 0.105197 0.030887 0.470259
v 0.106539 0.030888 0.472778
v 0.108306 0.031284 0.476089
v 0.106103 0.031200 0.472490
v 0.104018 0.031093 0.468208
v 0.104922 0.031095 0.470173
v 0.103291 0.031173 0.466526
v 0.102472 0.031155 0.464488
v 0.103049 0.030847 0.465029
v 0.112862 0.044976 0.485755
v 0.113823 0.038106 0.485251
v 0.109545 0.038088 0.478925
v 0.144443 0.031070 0.495103
v 0.144273 0.030824 0.494700
v 0.153168 0.030750 0.484018
v 0.155971 0.030650 0.483870
v 0.158077 0.029909 0.485800
v 0.153407 0.027744 0.483747
v 0.151771 0.027614 0.483921
v 0.155047 0.027012 0.490048
v 0.154464 0.026769 0.488256
v 0.154699 0.026826 0.485054
v 0.149204 0.026185 0.485557
v 0.154502 0.026912 0.484402
v 0.146863 0.027258 0.484023
v 0.148544 0.027340 0.484065
v 0.137967 0.027096 0.482441
v 0.135518 0.026489 0.481930
v 0.135061 0.030658 0.481544
v 0.133377 0.030567 0.480696
v 0.120315 0.025693 0.469908
v 0.123759 0.026262 0.473861
v 0.122360 0.026060 0.472389
v 0.124965 0.026367 0.475020
v 0.129062 0.026916 0.478175
v 0.130181 0.030317 0.478889
v 0.130315 0.027005 0.478969
v 0.132913 0.027010 0.480415
v 0.134260 0.027122 0.481038
v 0.127119 0.030317 0.476790
v 0.118243 0.023842 0.469403
v 0.115465 0.021884 0.461868
v 0.104014 0.019475 0.458454
v 0.103237 0.018967 0.458479
v 0.094070 0.022888 0.465839
v 0.094847 0.019688 0.460782
v 0.101563 0.020493 0.462302
v 0.107541 0.026558 0.477328
v 0.114308 0.026458 0.479940
v 0.107541 0.028179 0.481245
v 0.121183 0.028154 0.489974
v 0.128260 0.027357 0.491707
v 0.156679 0.028448 0.496092
v 0.150266 0.028135 0.496162
v 0.148319 0.027181 0.495128
v 0.149001 0.026370 0.489583
v 0.154539 0.026815 0.489126
v 0.158304 0.028892 0.488674
v 0.158304 0.028892 0.486425
v 0.158554 0.029325 0.490922
v 0.158521 0.029200 0.488674
v 0.157778 0.028952 0.496204
v 0.158426 0.041452 0.495357
v 0.158365 0.039612 0.495296
v 0.146388 0.031070 0.495103
v 0.140554 0.058484 0.494793
v 0.142499 0.058450 0.494918
v 0.136665 0.058450 0.494918
v 0.134721 0.058267 0.495101
v 0.130398 0.058675 0.480018
v 0.128679 0.058584 0.479062
v 0.127806 0.059017 0.478155
v 0.128409 0.062717 0.478581
v 0.128595 0.063467 0.478948
v 0.125642 0.064016 0.477476
v 0.128292 0.064016 0.479406
v 0.154075 0.064012 0.490561
v 0.154295 0.063892 0.494775
v 0.155968 0.061830 0.496980
v 0.155493 0.061453 0.497246
v 0.141939 0.063221 0.495933
v 0.147527 0.064217 0.495134
v 0.142071 0.064217 0.494705
v 0.156575 0.060386 0.497369
v 0.156367 0.045817 0.498014
v 0.157557 0.042515 0.497862
v 0.157959 0.045821 0.497837
v 0.143114 0.045817 0.497758
v 0.135895 0.045817 0.497230
v 0.142998 0.039211 0.497381
v 0.136090 0.031843 0.495870
v 0.128260 0.030658 0.494987
v 0.135514 0.030104 0.496501
v 0.107345 0.032617 0.485558
v 0.107455 0.039186 0.486493
v 0.087054 0.024446 0.467624
v 0.094070 0.024715 0.469047
v 0.088697 0.020316 0.461445
v 0.087817 0.019704 0.460206
v 0.088815 0.018482 0.458558
v 0.088964 0.017482 0.456757
v 0.088773 0.015875 0.454068
v 0.088787 0.009438 0.453187
v 0.100188 0.013827 0.453160
v 0.100219 0.016362 0.454057
v 0.096080 0.017554 0.456237
v 0.099938 0.017120 0.455011
v 0.102100 0.018648 0.457433
v 0.100775 0.018039 0.453186
v 0.100727 0.016422 0.452572
v 0.100551 0.009104 0.452392
v 0.094331 0.008590 0.445172
v 0.100037 0.008628 0.448768
v 0.094331 0.008417 0.448768
v 0.088487 0.008792 0.448768
v 0.088521 0.008709 0.450540
v 0.088454 0.017363 0.448768
v 0.088454 0.013437 0.452783
v 0.087754 0.017900 0.443110
v 0.088916 0.016506 0.442828
v 0.100391 0.015816 0.444179
v 0.100374 0.013827 0.444577
v 0.095126 0.017520 0.441298
v 0.094631 0.017503 0.441297
v 0.088964 0.017482 0.440779
v 0.094070 0.024715 0.428489
v 0.093741 0.022851 0.431759
v 0.108286 0.021361 0.433784
v 0.106802 0.023926 0.428491
v 0.107542 0.023965 0.428290
v 0.116546 0.022781 0.430856
v 0.117330 0.023251 0.429739
v 0.116594 0.022600 0.431625
v 0.116214 0.022384 0.433198
v 0.115673 0.023969 0.435819
v 0.117352 0.024594 0.432256
v 0.117322 0.025073 0.432371
v 0.116557 0.024615 0.433919
v 0.120043 0.025459 0.427943
v 0.119205 0.024979 0.429023
v 0.125261 0.025924 0.421654
v 0.121183 0.024792 0.424059
v 0.124556 0.025314 0.420751
v 0.107541 0.025153 0.424213
v 0.100827 0.026682 0.422913
v 0.107541 0.026558 0.420209
v 0.141879 0.026241 0.408303
v 0.141728 0.025979 0.412571
v 0.135345 0.026430 0.408718
v 0.128260 0.029483 0.402783
v 0.135514 0.027770 0.401931
v 0.128260 0.028425 0.403447
v 0.114307 0.049746 0.407234
v 0.114433 0.045817 0.406959
v 0.135895 0.045817 0.400306
v 0.142998 0.039211 0.400156
v 0.135733 0.039212 0.400562
v 0.144288 0.061791 0.400614
v 0.148147 0.062134 0.400494
v 0.155651 0.061579 0.400379
v 0.158159 0.056132 0.400106
v 0.158057 0.052699 0.399857
v 0.149955 0.045817 0.399552
v 0.156342 0.053218 0.399731
v 0.158516 0.042524 0.400402
v 0.158541 0.045839 0.400513
v 0.148332 0.031317 0.402368
v 0.150276 0.031152 0.402411
v 0.142499 0.031070 0.402433
v 0.133929 0.038469 0.402497
v 0.134721 0.032617 0.402368
v 0.128456 0.031218 0.404482
v 0.124561 0.031259 0.406455
v 0.122464 0.030936 0.407923
v 0.120133 0.031067 0.409368
v 0.120024 0.030900 0.409689
v 0.116259 0.031159 0.412430
v 0.117543 0.031063 0.411373
v 0.115059 0.031134 0.413540
v 0.112901 0.030948 0.415901
v 0.113230 0.030915 0.415617
v 0.112345 0.031282 0.416279
v 0.109393 0.031131 0.419981
v 0.108727 0.031044 0.420971
v 0.106828 0.031200 0.423794
v 0.105729 0.031274 0.425690
v 0.104310 0.031234 0.428566
v 0.106067 0.038035 0.425395
v 0.102866 0.031317 0.432050
v 0.103119 0.031317 0.431375
v 0.102850 0.030226 0.433307
v 0.103635 0.030280 0.433220
v 0.104217 0.030830 0.429781
v 0.104571 0.027449 0.434148
v 0.106799 0.029949 0.433182
v 0.116887 0.030382 0.432479
v 0.117349 0.030500 0.432048
v 0.118305 0.025339 0.430627
v 0.119233 0.025469 0.429153
v 0.119199 0.030783 0.428540
v 0.125664 0.030442 0.421878
v 0.127078 0.030567 0.420693
v 0.124966 0.026426 0.422525
v 0.130163 0.030442 0.418619
v 0.131731 0.030550 0.417645
v 0.133744 0.030488 0.416662
v 0.135633 0.027221 0.415932
v 0.135121 0.030317 0.416139
v 0.141954 0.026485 0.413760
v 0.138753 0.027091 0.414846
v 0.135518 0.026489 0.415606
v 0.150148 0.027379 0.413494
v 0.149460 0.030317 0.413482
v 0.148577 0.027266 0.413459
v 0.154490 0.027455 0.413735
v 0.158487 0.029075 0.408863
v 0.158366 0.029712 0.411772
v 0.158304 0.028892 0.408863
v 0.155554 0.030658 0.413861
v 0.153436 0.030829 0.402819
v 0.145942 0.030817 0.402860
v 0.138559 0.030658 0.414760
v 0.140296 0.030750 0.414201
v 0.141602 0.027199 0.414167
v 0.152221 0.031070 0.402433
v 0.158475 0.031807 0.401670
v 0.158065 0.028775 0.401835
v 0.157986 0.031716 0.400605
v 0.157556 0.030299 0.400639
v 0.142855 0.030191 0.400877
v 0.150263 0.028298 0.401259
v 0.156946 0.028678 0.401280
v 0.154464 0.026769 0.409281
v 0.155047 0.027012 0.407489
v 0.154812 0.026876 0.412474
v 0.148391 0.027183 0.402409
v 0.149001 0.026370 0.407954
v 0.154526 0.026807 0.408537
v 0.155645 0.027934 0.413848
v 0.155017 0.026994 0.412777
v 0.155164 0.027079 0.412879
v 0.148601 0.026668 0.413155
v 0.158487 0.033624 0.402118
v 0.158521 0.035931 0.401993
v 0.158304 0.028892 0.406614
v 0.157382 0.028762 0.413451
v 0.157054 0.030317 0.413709
v 0.137181 0.027100 0.415343
v 0.122193 0.025991 0.425323
v 0.104571 0.024238 0.438245
v 0.107134 0.024207 0.437818
v 0.102422 0.023763 0.440009
v 0.101967 0.018471 0.439913
v 0.103237 0.018967 0.439057
v 0.109440 0.019888 0.436624
v 0.114829 0.020821 0.435441
v 0.109743 0.020456 0.437443
v 0.114790 0.021723 0.436438
v 0.109875 0.023462 0.437679
v 0.104589 0.019117 0.438027
v 0.100698 0.017395 0.442812
v 0.100686 0.013827 0.445028
v 0.100223 0.008742 0.445154
v 0.100582 0.023878 0.448768
v 0.100775 0.018039 0.444350
v 0.100809 0.023878 0.444118
v 0.092448 0.027760 0.434726
v 0.094848 0.031033 0.433749
v 0.096008 0.030878 0.433686
v 0.096008 0.031035 0.433688
v 0.100648 0.031040 0.433445
v 0.100648 0.030878 0.433443
v 0.102056 0.031829 0.433328
v 0.092409 0.033996 0.434742
v 0.094268 0.030878 0.433778
v 0.103305 0.030703 0.432838
v 0.108425 0.030847 0.421943
v 0.108950 0.030879 0.420960
v 0.110895 0.030879 0.418372
v 0.110215 0.030817 0.419635
v 0.103944 0.031254 0.429363
v 0.110042 0.058291 0.419861
v 0.115244 0.058517 0.422755
v 0.114676 0.058291 0.423482
v 0.118870 0.057379 0.428516
v 0.119242 0.058115 0.427861
v 0.120199 0.059017 0.426626
v 0.119312 0.059416 0.427813
v 0.123701 0.062717 0.422754
v 0.124187 0.063506 0.422046
v 0.140381 0.063467 0.413512
v 0.140257 0.064016 0.412977
v 0.134262 0.063467 0.415524
v 0.137591 0.058675 0.414324
v 0.135711 0.058584 0.414883
v 0.143382 0.058767 0.413081
v 0.145319 0.059017 0.412920
v 0.143391 0.059017 0.413148
v 0.155554 0.060980 0.413400
v 0.155276 0.061503 0.413285
v 0.153559 0.063688 0.412508
v 0.154075 0.064012 0.406975
v 0.158165 0.060154 0.400611
v 0.158104 0.058260 0.402447
v 0.158094 0.058767 0.411866
v 0.158152 0.059017 0.411900
v 0.153038 0.058767 0.412981
v 0.155047 0.058675 0.413195
v 0.147207 0.058562 0.412464
v 0.149137 0.058623 0.412504
v 0.156110 0.058267 0.402435
v 0.158521 0.054336 0.401993
v 0.150276 0.058450 0.402618
v 0.138610 0.058517 0.402868
v 0.140554 0.058484 0.402743
v 0.123921 0.058550 0.422033
v 0.132010 0.058550 0.416391
v 0.133775 0.058517 0.415410
v 0.134678 0.062717 0.415565
v 0.130478 0.059017 0.417655
v 0.132181 0.059017 0.416725
v 0.119613 0.058465 0.426571
v 0.125745 0.045079 0.403874
v 0.133136 0.052074 0.402626
v 0.125934 0.052068 0.403822
v 0.158479 0.060117 0.405809
v 0.157144 0.061410 0.400964
v 0.147527 0.064217 0.402402
v 0.141983 0.063553 0.402012
v 0.124847 0.064407 0.419727
v 0.119507 0.063536 0.427426
v 0.119674 0.064518 0.425843
v 0.119148 0.065378 0.425802
v 0.114094 0.065840 0.422043
v 0.110123 0.065915 0.434353
v 0.109906 0.058916 0.435572
v 0.111643 0.058666 0.432330
v 0.109780 0.059416 0.435529
v 0.109601 0.065874 0.438211
v 0.113239 0.058550 0.428995
v 0.113676 0.058416 0.429239
v 0.115763 0.062062 0.428173
v 0.114040 0.059416 0.427874
v 0.112920 0.058916 0.428816
v 0.112803 0.059416 0.428751
v 0.114049 0.065902 0.427802
v 0.115784 0.058778 0.428563
v 0.113398 0.058825 0.434619
v 0.113624 0.059291 0.434513
v 0.114601 0.058916 0.435839
v 0.114701 0.059416 0.435695
v 0.117027 0.065766 0.431444
v 0.118458 0.059416 0.429061
v 0.117562 0.065766 0.430503
v 0.116050 0.065915 0.429723
v 0.113931 0.065915 0.434098
v 0.114116 0.065816 0.435427
v 0.115094 0.064179 0.435480
v 0.115022 0.065766 0.435579
v 0.115896 0.065952 0.433331
v 0.115166 0.062591 0.435381
v 0.116116 0.059416 0.428497
v 0.116203 0.059162 0.429053
v 0.116110 0.065766 0.428486
v 0.118769 0.057693 0.429818
v 0.119038 0.057940 0.431540
v 0.117455 0.058216 0.436314
v 0.118512 0.058398 0.433586
v 0.111186 0.065915 0.431786
v 0.102158 0.065666 0.436014
v 0.102384 0.065701 0.437368
v 0.102839 0.065833 0.439741
v 0.103234 0.065845 0.442526
v 0.102428 0.065699 0.432465
v 0.104001 0.065590 0.428414
v 0.104730 0.065799 0.426929
v 0.108174 0.065733 0.422194
v 0.111498 0.065791 0.421359
v 0.124126 0.063082 0.405852
v 0.124644 0.064217 0.407094
v 0.128327 0.064217 0.405696
v 0.135681 0.060992 0.401572
v 0.127881 0.063026 0.404383
v 0.123841 0.061416 0.405168
v 0.120831 0.061283 0.406470
v 0.114041 0.057805 0.408719
v 0.114020 0.061364 0.409907
v 0.100801 0.039173 0.414708
v 0.094288 0.045817 0.417477
v 0.101008 0.045817 0.414063
v 0.094052 0.039082 0.418192
v 0.091756 0.032618 0.421306
v 0.087054 0.039052 0.421140
v 0.106456 0.063233 0.415079
v 0.106058 0.061694 0.414387
v 0.102618 0.061764 0.416435
v 0.100396 0.064316 0.420416
v 0.107985 0.064666 0.417739
v 0.107141 0.064290 0.416271
v 0.105488 0.064733 0.423914
v 0.107833 0.064666 0.421225
v 0.110215 0.065666 0.421404
v 0.119624 0.064668 0.424957
v 0.114127 0.031317 0.414393
v 0.113266 0.031317 0.415273
v 0.116622 0.030930 0.412315
v 0.129934 0.031222 0.403848
v 0.131596 0.031317 0.403169
v 0.134802 0.030863 0.402695
v 0.128376 0.049863 0.401731
v 0.135740 0.053317 0.400662
v 0.135836 0.049893 0.400441
v 0.120091 0.024505 0.426156
v 0.119839 0.024510 0.427080
v 0.088908 0.021058 0.434696
v 0.088836 0.020769 0.435219
v 0.088521 0.008961 0.444852
v 0.088454 0.009088 0.445220
v 0.094650 0.015330 0.443867
v 0.100261 0.008753 0.452309
v 0.104649 0.023640 0.458641
v 0.102091 0.023890 0.457686
v 0.114991 0.024335 0.461238
v 0.115150 0.023854 0.461260
v 0.116557 0.024615 0.463618
v 0.116713 0.026726 0.464166
v 0.118114 0.025364 0.466591
v 0.117120 0.027563 0.464770
v 0.121743 0.030442 0.471744
v 0.122956 0.030567 0.473139
v 0.117766 0.024331 0.466210
v 0.118094 0.024094 0.467184
v 0.116013 0.027123 0.463893
v 0.100898 0.024175 0.457049
v 0.098549 0.024288 0.457473
v 0.092117 0.025051 0.455890
v 0.092054 0.025102 0.457393
v 0.092117 0.024860 0.457393
v 0.095698 0.026211 0.452909
v 0.092203 0.027824 0.452102
v 0.092289 0.026494 0.453009
v 0.092528 0.030878 0.451118
v 0.095580 0.032529 0.451174
v 0.092528 0.032446 0.451317
v 0.096054 0.032658 0.450691
v 0.092086 0.035506 0.453822
v 0.092054 0.034962 0.453310
v 0.092086 0.026708 0.461562
v 0.092054 0.025876 0.460281
v 0.098549 0.024619 0.455328
v 0.100028 0.024588 0.455180
v 0.104571 0.024925 0.460895
v 0.109686 0.024368 0.460408
v 0.107101 0.024279 0.459843
v 0.094678 0.017505 0.456239
v 0.101055 0.045817 0.483498
v 0.100801 0.039173 0.482828
v 0.107713 0.045817 0.487101
v 0.107579 0.049684 0.486822
v 0.128511 0.045817 0.496016
v 0.135733 0.039212 0.496974
v 0.114308 0.027806 0.484309
v 0.107541 0.030324 0.484844
v 0.142883 0.028741 0.496397
v 0.150250 0.029052 0.496565
v 0.158106 0.035916 0.497204
v 0.158303 0.039216 0.497331
v 0.158142 0.049259 0.497756
v 0.158395 0.058017 0.495327
v 0.146388 0.058450 0.494918
v 0.148332 0.058450 0.494918
v 0.148332 0.058267 0.495101
v 0.158179 0.058550 0.487137
v 0.158054 0.058517 0.489019
v 0.158274 0.060313 0.496319
v 0.158405 0.060444 0.491727
v 0.158376 0.056113 0.497198
v 0.158395 0.058675 0.494668
v 0.158304 0.058584 0.492785
v 0.156110 0.058484 0.494793
v 0.154165 0.058517 0.494668
v 0.155889 0.061631 0.484369
v 0.153414 0.063465 0.484681
v 0.153363 0.064016 0.485209
v 0.148582 0.059017 0.484765
v 0.149134 0.058767 0.484827
v 0.147217 0.058767 0.484806
v 0.141491 0.059017 0.484059
v 0.140427 0.062717 0.483829
v 0.141491 0.062717 0.484059
v 0.134328 0.059017 0.481820
v 0.134678 0.062717 0.481971
v 0.151070 0.058767 0.484746
v 0.149137 0.058584 0.485010
v 0.157054 0.060386 0.484538
v 0.156219 0.060717 0.484211
v 0.157719 0.058517 0.485887
v 0.154165 0.058267 0.495101
v 0.152221 0.058142 0.495135
v 0.156342 0.053190 0.497806
v 0.150344 0.045817 0.497991
v 0.123442 0.064569 0.476056
v 0.119567 0.064667 0.472078
v 0.111952 0.065791 0.476191
v 0.108381 0.065719 0.475457
v 0.109440 0.065939 0.475837
v 0.106607 0.065799 0.473930
v 0.107091 0.065666 0.474491
v 0.117025 0.065866 0.473384
v 0.118032 0.065866 0.472598
v 0.118138 0.065766 0.467958
v 0.119339 0.065816 0.469782
v 0.119281 0.065339 0.471662
v 0.115111 0.065166 0.475083
v 0.123701 0.062717 0.474782
v 0.124175 0.059017 0.475227
v 0.122931 0.059017 0.474023
v 0.118822 0.058076 0.467917
v 0.118823 0.057702 0.466249
v 0.117770 0.058359 0.462276
v 0.118732 0.058309 0.464257
v 0.119015 0.058216 0.465296
v 0.119320 0.058234 0.470044
v 0.118649 0.057112 0.469248
v 0.121393 0.058767 0.472462
v 0.120002 0.058584 0.471064
v 0.126907 0.058517 0.478132
v 0.127056 0.058584 0.477931
v 0.114371 0.056817 0.462004
v 0.118470 0.056976 0.466985
v 0.117138 0.057878 0.460443
v 0.116346 0.058283 0.455513
v 0.118568 0.058491 0.454185
v 0.116907 0.057861 0.454757
v 0.118331 0.058484 0.452272
v 0.112169 0.058291 0.452213
v 0.114255 0.057082 0.454334
v 0.118450 0.058529 0.445875
v 0.118657 0.059017 0.451249
v 0.118554 0.059017 0.448768
v 0.118807 0.064110 0.454324
v 0.118836 0.061386 0.454405
v 0.110230 0.058916 0.458079
v 0.109587 0.059416 0.459665
v 0.110050 0.058608 0.460218
v 0.109659 0.065948 0.458747
v 0.113721 0.058733 0.462198
v 0.113554 0.058916 0.463265
v 0.115824 0.058729 0.468210
v 0.114561 0.058416 0.468809
v 0.114568 0.058550 0.469309
v 0.115332 0.058550 0.469088
v 0.114525 0.061268 0.469808
v 0.114541 0.059813 0.469809
v 0.116238 0.062591 0.468593
v 0.117003 0.065866 0.466105
v 0.118458 0.059416 0.468476
v 0.115974 0.065903 0.464168
v 0.113958 0.065878 0.462570
v 0.113980 0.065857 0.463812
v 0.114230 0.059416 0.462067
v 0.113770 0.062591 0.462276
v 0.115070 0.062062 0.462024
v 0.115071 0.065806 0.462043
v 0.113870 0.065915 0.469700
v 0.111501 0.065816 0.466289
v 0.111974 0.065903 0.467361
v 0.114502 0.064708 0.469808
v 0.109586 0.065766 0.459708
v 0.110947 0.065952 0.456675
v 0.112181 0.065649 0.455810
v 0.113185 0.064400 0.455317
v 0.112398 0.064332 0.455725
v 0.113475 0.064466 0.454991
v 0.111811 0.065591 0.450481
v 0.111958 0.065466 0.452122
v 0.112142 0.065591 0.453982
v 0.118179 0.058550 0.448768
v 0.122624 0.064474 0.488886
v 0.124234 0.064410 0.487895
v 0.123896 0.064666 0.486729
v 0.157037 0.030442 0.483856
v 0.155851 0.027815 0.483820
v 0.141728 0.025979 0.484965
v 0.141879 0.026241 0.489233
v 0.135345 0.026430 0.488818
v 0.126882 0.025568 0.478630
v 0.129897 0.025870 0.479781
v 0.128260 0.025685 0.479584
v 0.115548 0.021854 0.464588
v 0.115452 0.022166 0.465283
v 0.114834 0.020803 0.462258
v 0.140129 0.030829 0.494717
v 0.138610 0.031070 0.495103
v 0.135921 0.030817 0.494672
v 0.131999 0.031109 0.494461
v 0.131687 0.030884 0.494135
v 0.129904 0.031139 0.493656
v 0.133148 0.031138 0.494875
v 0.115266 0.031187 0.484199
v 0.117650 0.031198 0.486310
v 0.116219 0.031317 0.485120
v 0.114598 0.030951 0.483389
v 0.113928 0.031055 0.482841
v 0.117474 0.030907 0.485907
v 0.118746 0.031317 0.487217
v 0.121358 0.031317 0.489107
v 0.120064 0.031317 0.488203
v 0.123732 0.031279 0.490603
v 0.125000 0.030965 0.491172
v 0.125808 0.030867 0.491418
v 0.118978 0.030882 0.487075
v 0.119585 0.030921 0.487599
v 0.127157 0.031278 0.492456
v 0.113305 0.030926 0.482022
v 0.112901 0.030948 0.481636
v 0.112480 0.031185 0.481355
v 0.111625 0.031265 0.480436
v 0.109458 0.031159 0.477664
v 0.108950 0.030879 0.476576
v 0.109367 0.030911 0.477237
v 0.100068 0.030878 0.464062
v 0.099488 0.031039 0.464031
v 0.095928 0.037363 0.457375
v 0.100391 0.038568 0.456876
v 0.094304 0.064465 0.442460
v 0.096671 0.024954 0.453975
v 0.092203 0.035683 0.443830
v 0.092289 0.036881 0.441691
v 0.095965 0.037422 0.440760
v 0.100054 0.057355 0.444252
v 0.106112 0.057667 0.444609
v 0.102675 0.065766 0.458646
v 0.196599 0.087530 0.448391
v 0.193707 0.085468 0.448373
v 0.196616 0.085511 0.448243
v 0.190553 0.086154 0.426051
v 0.188842 0.085205 0.423821
v 0.191701 0.093363 0.428538
v 0.182177 0.093505 0.433392
v 0.193213 0.093380 0.431899
v 0.132506 0.085233 0.404469
v 0.121699 0.085347 0.424183
v 0.119930 0.085288 0.426006
v 0.139181 0.085205 0.413499
v 0.137457 0.085535 0.414191
v 0.148705 0.085227 0.401703
v 0.139502 0.085310 0.402430
v 0.128897 0.093472 0.418075
v 0.132491 0.093392 0.404429
v 0.127386 0.093399 0.419200
v 0.118105 0.093422 0.412611
v 0.121997 0.093316 0.409597
v 0.119445 0.093255 0.411334
v 0.112054 0.085466 0.418281
v 0.110367 0.085311 0.420562
v 0.111600 0.085238 0.419164
v 0.139546 0.093505 0.402654
v 0.135909 0.093342 0.403260
v 0.163604 0.093488 0.404143
v 0.170035 0.093505 0.419066
v 0.166595 0.093505 0.405304
v 0.159780 0.093399 0.414240
v 0.158005 0.093505 0.413491
v 0.179301 0.093399 0.412661
v 0.181872 0.093505 0.415280
v 0.180624 0.093471 0.413942
v 0.177871 0.085394 0.411488
v 0.173325 0.085455 0.408319
v 0.176365 0.085418 0.410287
v 0.173016 0.085205 0.421398
v 0.179315 0.085455 0.412644
v 0.181872 0.085205 0.415280
v 0.148705 0.093399 0.401558
v 0.156035 0.093471 0.402241
v 0.152363 0.093255 0.401683
v 0.156051 0.085310 0.402139
v 0.152369 0.085538 0.401600
v 0.154202 0.085330 0.401897
v 0.108233 0.085455 0.423577
v 0.113568 0.085205 0.436896
v 0.106455 0.086290 0.426277
v 0.103876 0.091488 0.441536
v 0.103334 0.089830 0.441536
v 0.102730 0.090727 0.441536
v 0.101370 0.085205 0.442556
v 0.111978 0.085455 0.444319
v 0.106134 0.085310 0.448264
v 0.111611 0.089355 0.448435
v 0.108761 0.085477 0.448430
v 0.111667 0.085912 0.448319
v 0.100708 0.089355 0.448454
v 0.103508 0.093316 0.448286
v 0.100650 0.091180 0.448426
v 0.106753 0.090305 0.441536
v 0.107448 0.089812 0.441536
v 0.105450 0.091797 0.441536
v 0.103357 0.086068 0.435452
v 0.112969 0.085205 0.438698
v 0.102193 0.085455 0.437066
v 0.195283 0.093342 0.438123
v 0.195840 0.093505 0.442523
v 0.195891 0.093193 0.440666
v 0.188454 0.093363 0.448224
v 0.185258 0.093380 0.444223
v 0.185482 0.093380 0.446115
v 0.184509 0.085568 0.440587
v 0.194494 0.085409 0.435293
v 0.195464 0.085455 0.438845
v 0.193994 0.087624 0.441449
v 0.192108 0.089354 0.441536
v 0.194592 0.090015 0.441506
v 0.189871 0.088099 0.441447
v 0.179244 0.085238 0.428567
v 0.186504 0.085394 0.420088
v 0.187818 0.085205 0.422286
v 0.099996 0.123199 0.448587
v 0.099991 0.120192 0.452512
v 0.099991 0.123196 0.452512
v 0.160126 0.157685 0.440295
v 0.157644 0.155225 0.437675
v 0.157646 0.157739 0.437673
v 0.177499 0.147166 0.458655
v 0.179402 0.147629 0.460666
v 0.179639 0.145405 0.460916
v 0.184607 0.120192 0.484663
v 0.180409 0.120192 0.485162
v 0.182840 0.120192 0.482895
v 0.143244 0.120192 0.499207
v 0.143596 0.120192 0.496731
v 0.147364 0.120192 0.499488
v 0.110936 0.120192 0.482613
v 0.112838 0.120192 0.480988
v 0.102490 0.120192 0.452596
v 0.102495 0.120192 0.447716
v 0.108216 0.146419 0.431562
v 0.106882 0.149692 0.431561
v 0.108848 0.148127 0.431562
v 0.099994 0.120192 0.444556
v 0.102494 0.120192 0.444558
v 0.118524 0.120192 0.486371
v 0.116928 0.120192 0.488295
v 0.113790 0.120192 0.485551
v 0.159670 0.120192 0.498316
v 0.155246 0.120192 0.496565
v 0.159377 0.120192 0.495820
v 0.188580 0.126431 0.470364
v 0.190423 0.127958 0.472312
v 0.189922 0.125100 0.471784
v 0.167800 0.154208 0.448406
v 0.168438 0.156621 0.449079
v 0.112672 0.085718 0.458343
v 0.103355 0.086066 0.463684
v 0.101843 0.085329 0.460206
v 0.130503 0.093254 0.494057
v 0.128280 0.093377 0.480411
v 0.127215 0.093471 0.492366
v 0.133973 0.085408 0.495299
v 0.141199 0.085204 0.496708
v 0.137587 0.085237 0.496125
v 0.164690 0.085217 0.494549
v 0.174212 0.085454 0.476247
v 0.175719 0.085204 0.475080
v 0.161482 0.085329 0.484260
v 0.163258 0.085237 0.483648
v 0.141505 0.085417 0.485766
v 0.144829 0.085596 0.486297
v 0.169862 0.093425 0.479919
v 0.164690 0.093491 0.494549
v 0.172069 0.093362 0.478093
v 0.157725 0.093300 0.496709
v 0.161840 0.093482 0.495495
v 0.168384 0.093504 0.481103
v 0.181872 0.085237 0.483967
v 0.183433 0.085310 0.462099
v 0.186667 0.085204 0.478373
v 0.193625 0.093504 0.465456
v 0.192598 0.093491 0.468214
v 0.185705 0.089354 0.450568
v 0.191081 0.085579 0.450569
v 0.188454 0.085476 0.450642
v 0.184246 0.093504 0.460374
v 0.194722 0.093504 0.461925
v 0.184397 0.093171 0.458588
v 0.194485 0.087982 0.457536
v 0.192107 0.089354 0.457536
v 0.193480 0.086977 0.457536
v 0.181301 0.093504 0.467388
v 0.176259 0.093254 0.488772
v 0.181877 0.093306 0.465666
v 0.195802 0.085408 0.458537
v 0.184375 0.085704 0.458458
v 0.185167 0.085204 0.456673
v 0.188500 0.093482 0.475915
v 0.186767 0.093471 0.478448
v 0.137558 0.093315 0.496247
v 0.133997 0.093379 0.495223
v 0.135834 0.093504 0.495546
v 0.132172 0.085346 0.482755
v 0.148509 0.085310 0.497514
v 0.130405 0.085204 0.482036
v 0.125656 0.085204 0.478875
v 0.119445 0.085226 0.487452
v 0.117900 0.085393 0.486428
v 0.112630 0.093379 0.481260
v 0.122392 0.093362 0.475722
v 0.120242 0.093482 0.473552
v 0.105607 0.093482 0.470489
v 0.115304 0.093300 0.465552
v 0.104326 0.093254 0.468035
v 0.106407 0.087103 0.457549
v 0.105107 0.089354 0.457536
v 0.105490 0.086725 0.457649
v 0.107319 0.087938 0.457618
v 0.101375 0.093504 0.456549
v 0.112365 0.093254 0.456678
v 0.111957 0.093379 0.454849
v 0.108761 0.085487 0.450661
v 0.111388 0.089354 0.450536
v 0.111635 0.085745 0.450644
v 0.103508 0.085204 0.451036
v 0.101375 0.085204 0.456549
v 0.101142 0.085204 0.454739
v 0.110358 0.085454 0.478537
v 0.112560 0.085454 0.481323
v 0.111442 0.085329 0.479859
v 0.111867 0.085237 0.454862
v 0.106134 0.085204 0.451036
v 0.108761 0.085204 0.451036
v 0.191081 0.085363 0.448377
v 0.185583 0.089355 0.448473
v 0.185705 0.092253 0.448504
v 0.185621 0.093166 0.448318
v 0.184977 0.093005 0.444264
v 0.184359 0.093238 0.440625
v 0.183678 0.093233 0.438239
v 0.182143 0.085768 0.434219
v 0.181221 0.085238 0.431798
v 0.178127 0.085482 0.427471
v 0.178211 0.085205 0.426926
v 0.179090 0.086456 0.429009
v 0.174465 0.085830 0.423403
v 0.175528 0.085364 0.424287
v 0.184701 0.085394 0.417708
v 0.189389 0.090143 0.423797
v 0.186437 0.093342 0.420025
v 0.189381 0.089830 0.429455
v 0.190618 0.091887 0.425863
v 0.189958 0.091339 0.424735
v 0.191073 0.093088 0.426677
v 0.192437 0.092267 0.429619
v 0.190441 0.093315 0.425841
v 0.182658 0.093346 0.435294
v 0.180018 0.093255 0.430329
v 0.180920 0.093130 0.431961
v 0.177963 0.093377 0.427115
v 0.179141 0.093438 0.428638
v 0.174453 0.093005 0.423415
v 0.174817 0.092253 0.423775
v 0.166582 0.093130 0.417443
v 0.169657 0.092253 0.419412
v 0.168196 0.093088 0.418415
v 0.163659 0.085534 0.415933
v 0.162779 0.092253 0.415628
v 0.163301 0.093316 0.415579
v 0.162779 0.093005 0.415628
v 0.159751 0.085659 0.414319
v 0.155253 0.092253 0.413392
v 0.155253 0.086456 0.413392
v 0.147424 0.092253 0.412805
v 0.150477 0.093238 0.412646
v 0.148581 0.093221 0.412661
v 0.137520 0.093221 0.414368
v 0.137533 0.092253 0.414494
v 0.139649 0.092253 0.413895
v 0.132283 0.092253 0.416611
v 0.141084 0.085364 0.413403
v 0.142939 0.085272 0.412973
v 0.134224 0.085227 0.403917
v 0.116204 0.085643 0.432171
v 0.113623 0.085488 0.437918
v 0.115491 0.086456 0.433603
v 0.113040 0.086456 0.440290
v 0.112812 0.085705 0.440608
v 0.112538 0.085705 0.442495
v 0.111664 0.093207 0.448202
v 0.112494 0.093172 0.442486
v 0.112826 0.093316 0.440610
v 0.113803 0.093438 0.436981
v 0.112969 0.093505 0.438698
v 0.113564 0.093149 0.438227
v 0.113040 0.092253 0.440290
v 0.117160 0.093346 0.430216
v 0.116294 0.093255 0.431892
v 0.119775 0.093338 0.426227
v 0.119330 0.093233 0.427149
v 0.117266 0.085580 0.430281
v 0.123066 0.085364 0.422892
v 0.125964 0.085472 0.420469
v 0.127470 0.085488 0.419320
v 0.128897 0.085238 0.418075
v 0.130219 0.085768 0.417583
v 0.135745 0.085272 0.414844
v 0.129854 0.093255 0.417867
v 0.132319 0.093130 0.416555
v 0.135808 0.093255 0.415016
v 0.135745 0.093438 0.414844
v 0.141395 0.093286 0.413346
v 0.139415 0.093255 0.413697
v 0.121811 0.093255 0.424289
v 0.123176 0.093005 0.423007
v 0.123828 0.093193 0.422345
v 0.115257 0.093438 0.415015
v 0.116661 0.093378 0.413778
v 0.117057 0.085705 0.413031
v 0.117057 0.093005 0.413031
v 0.113927 0.085409 0.416284
v 0.112196 0.093233 0.418051
v 0.107877 0.089979 0.423703
v 0.109188 0.093346 0.421988
v 0.108079 0.093255 0.423478
v 0.105615 0.093471 0.428474
v 0.106632 0.093221 0.426011
v 0.107045 0.093005 0.425028
v 0.106485 0.091917 0.426115
v 0.107305 0.091278 0.424643
v 0.107059 0.091549 0.425042
v 0.107563 0.087868 0.424209
v 0.109058 0.085705 0.421897
v 0.119558 0.085238 0.411482
v 0.118038 0.085272 0.412530
v 0.124160 0.085238 0.408374
v 0.122446 0.085488 0.409143
v 0.125577 0.085705 0.407137
v 0.125697 0.093316 0.407357
v 0.127201 0.085705 0.406295
v 0.124096 0.093438 0.408266
v 0.129022 0.093438 0.405714
v 0.128090 0.093255 0.405950
v 0.130676 0.085477 0.404856
v 0.130685 0.093233 0.404852
v 0.137660 0.093346 0.402707
v 0.137639 0.085455 0.402618
v 0.143142 0.085363 0.401756
v 0.141327 0.085455 0.401906
v 0.146841 0.085205 0.401819
v 0.150538 0.085705 0.401325
v 0.150535 0.093149 0.401408
v 0.163827 0.085332 0.403957
v 0.166082 0.093105 0.404600
v 0.171508 0.093483 0.420263
v 0.165126 0.093505 0.416149
v 0.161551 0.093438 0.414874
v 0.152379 0.093149 0.412896
v 0.146711 0.093346 0.412677
v 0.142939 0.093438 0.412973
v 0.154213 0.093130 0.413182
v 0.172853 0.093438 0.421587
v 0.173016 0.093505 0.421398
v 0.183515 0.093130 0.416275
v 0.182221 0.093005 0.414921
v 0.178211 0.093505 0.426926
v 0.189207 0.093255 0.423588
v 0.188202 0.093130 0.422020
v 0.184772 0.093130 0.417646
v 0.183515 0.085580 0.416275
v 0.178024 0.093005 0.411290
v 0.171682 0.085310 0.407472
v 0.174957 0.085455 0.409197
v 0.174789 0.093471 0.409454
v 0.176234 0.093505 0.410590
v 0.171797 0.093130 0.407262
v 0.173423 0.093005 0.408157
v 0.168490 0.085705 0.405573
v 0.166783 0.085705 0.404841
v 0.170056 0.085271 0.406595
v 0.168425 0.093346 0.405718
v 0.172758 0.085477 0.421696
v 0.171405 0.085394 0.420394
v 0.169839 0.085364 0.419346
v 0.165071 0.085238 0.416261
v 0.157906 0.085477 0.413873
v 0.154213 0.085580 0.413182
v 0.152370 0.085705 0.412979
v 0.147810 0.085872 0.412776
v 0.150475 0.085364 0.412675
v 0.146719 0.085705 0.412835
v 0.176845 0.093438 0.425628
v 0.175686 0.093471 0.424138
v 0.143593 0.093238 0.401651
v 0.146592 0.093088 0.401352
v 0.141373 0.093471 0.402211
v 0.154217 0.093346 0.401773
v 0.157833 0.093471 0.402559
v 0.159678 0.093346 0.402736
v 0.161506 0.093130 0.403077
v 0.159699 0.085455 0.402647
v 0.161506 0.085580 0.403077
v 0.120903 0.093346 0.410226
v 0.120812 0.085705 0.410097
v 0.105563 0.086293 0.427956
v 0.104756 0.086272 0.429795
v 0.103707 0.086180 0.431963
v 0.102560 0.085580 0.435236
v 0.102467 0.088145 0.436144
v 0.102842 0.087409 0.434551
v 0.103239 0.087220 0.433812
v 0.105392 0.086580 0.429445
v 0.105806 0.086744 0.435530
v 0.103334 0.089830 0.446736
v 0.102180 0.089514 0.437150
v 0.101755 0.093172 0.438230
v 0.101432 0.093438 0.440675
v 0.100942 0.093255 0.442493
v 0.101123 0.093438 0.442520
v 0.100909 0.085580 0.442488
v 0.100638 0.085705 0.444336
v 0.101555 0.085238 0.440698
v 0.100723 0.085271 0.446200
v 0.100672 0.085498 0.448341
v 0.106134 0.093130 0.448503
v 0.108761 0.093005 0.448536
v 0.111715 0.092253 0.448414
v 0.100684 0.093318 0.448285
v 0.100519 0.093172 0.446186
v 0.100705 0.093255 0.444343
v 0.100753 0.087530 0.448501
v 0.103471 0.093471 0.433574
v 0.103716 0.093142 0.432028
v 0.103732 0.091945 0.432170
v 0.103117 0.091526 0.433835
v 0.102791 0.091364 0.434550
v 0.104568 0.092204 0.430077
v 0.105094 0.092290 0.428781
v 0.106507 0.091778 0.435530
v 0.103708 0.091778 0.435530
v 0.107718 0.090054 0.435530
v 0.107958 0.089355 0.429524
v 0.107039 0.087203 0.425167
v 0.107182 0.085364 0.425109
v 0.102494 0.090576 0.436061
v 0.102567 0.091111 0.435199
v 0.102528 0.093005 0.435226
v 0.103150 0.085580 0.433461
v 0.113960 0.093438 0.416316
v 0.118111 0.085272 0.428585
v 0.119216 0.085272 0.427061
v 0.152351 0.092253 0.412977
v 0.195199 0.093005 0.436995
v 0.194689 0.093005 0.435233
v 0.193540 0.091928 0.432217
v 0.192941 0.092072 0.431094
v 0.190323 0.091340 0.441432
v 0.191770 0.091990 0.441445
v 0.193508 0.091781 0.435396
v 0.194146 0.091468 0.434052
v 0.194749 0.090462 0.436350
v 0.195027 0.090528 0.436400
v 0.195264 0.089441 0.437259
v 0.195096 0.088741 0.436929
v 0.194596 0.088063 0.435987
v 0.194201 0.087290 0.434159
v 0.192376 0.086738 0.441432
v 0.192985 0.086656 0.431262
v 0.193482 0.086657 0.432169
v 0.194076 0.086560 0.433439
v 0.196022 0.085705 0.440597
v 0.196814 0.089355 0.448126
v 0.196814 0.091180 0.448126
v 0.196613 0.093221 0.446145
v 0.196413 0.093346 0.444296
v 0.196620 0.093161 0.448262
v 0.191081 0.093255 0.448469
v 0.193707 0.093130 0.448503
v 0.196537 0.085580 0.444283
v 0.196334 0.085705 0.442450
v 0.185288 0.085281 0.444219
v 0.185574 0.085238 0.446107
v 0.184672 0.085864 0.441870
v 0.184011 0.085271 0.438784
v 0.192586 0.086283 0.430006
v 0.193026 0.086402 0.430693
v 0.191832 0.086191 0.428321
v 0.191072 0.086021 0.426721
v 0.189422 0.088335 0.423862
v 0.190237 0.087157 0.425317
v 0.189130 0.085363 0.423638
v 0.189681 0.087954 0.435396
v 0.189489 0.089893 0.441392
v 0.190746 0.086997 0.441437
v 0.194910 0.089296 0.437254
v 0.194828 0.088716 0.437030
v 0.193851 0.091430 0.441404
v 0.194958 0.085271 0.437060
v 0.185155 0.085205 0.442335
v 0.185568 0.085794 0.448362
v 0.195203 0.088646 0.437008
v 0.191087 0.092114 0.426690
v 0.193964 0.093346 0.433549
v 0.176706 0.085455 0.425746
v 0.159787 0.130678 0.497453
v 0.157169 0.127378 0.498361
v 0.160252 0.127329 0.497805
v 0.168491 0.143965 0.476648
v 0.168195 0.145412 0.476392
v 0.130926 0.145400 0.478915
v 0.135084 0.148087 0.479957
v 0.131041 0.148008 0.478497
v 0.171415 0.152096 0.468739
v 0.175003 0.148801 0.468319
v 0.174418 0.151361 0.465823
v 0.166747 0.136628 0.491960
v 0.166055 0.138709 0.488942
v 0.162445 0.138761 0.490131
v 0.187343 0.130474 0.472634
v 0.184545 0.132847 0.471082
v 0.182521 0.134056 0.477665
v 0.172470 0.123951 0.493594
v 0.171328 0.120192 0.494203
v 0.174949 0.120192 0.492217
v 0.190010 0.123216 0.478295
v 0.189836 0.120209 0.478538
v 0.185191 0.131085 0.479461
v 0.179541 0.134676 0.483753
v 0.187160 0.127365 0.480798
v 0.181643 0.131015 0.485313
v 0.182869 0.126798 0.485983
v 0.170331 0.136921 0.490008
v 0.167697 0.141988 0.480124
v 0.170275 0.142312 0.477385
v 0.167232 0.143601 0.477838
v 0.181761 0.135292 0.469479
v 0.176634 0.139311 0.473733
v 0.179586 0.136721 0.475701
v 0.178676 0.149683 0.459899
v 0.177019 0.150465 0.462525
v 0.147250 0.157172 0.465557
v 0.148802 0.155903 0.471007
v 0.153129 0.157037 0.465368
v 0.123360 0.145398 0.474239
v 0.123576 0.147720 0.473974
v 0.107223 0.146202 0.443614
v 0.108521 0.146429 0.449551
v 0.100005 0.120192 0.440129
v 0.099997 0.123202 0.442773
v 0.100006 0.123204 0.440129
v 0.108436 0.123203 0.479592
v 0.108288 0.120192 0.479400
v 0.140587 0.140890 0.487456
v 0.141424 0.142642 0.484235
v 0.134754 0.142805 0.482635
v 0.110243 0.143405 0.459472
v 0.114413 0.144553 0.464697
v 0.111090 0.144591 0.458712
v 0.101759 0.133522 0.452559
v 0.102053 0.133865 0.455812
v 0.102719 0.136266 0.452005
v 0.113813 0.127885 0.483969
v 0.114053 0.126007 0.484986
v 0.106600 0.137210 0.466489
v 0.110054 0.139571 0.468596
v 0.106719 0.139594 0.461749
v 0.111007 0.131268 0.479344
v 0.111713 0.134394 0.478091
v 0.108525 0.131297 0.475959
v 0.105310 0.134424 0.467626
v 0.103766 0.134422 0.463863
v 0.121168 0.141305 0.478277
v 0.128421 0.142958 0.479973
v 0.122729 0.143106 0.476097
v 0.117229 0.134300 0.484141
v 0.121231 0.137044 0.485023
v 0.118206 0.137081 0.482444
v 0.108845 0.126057 0.479101
v 0.110640 0.127927 0.480444
v 0.109073 0.127943 0.478438
v 0.100444 0.126228 0.457478
v 0.100896 0.127846 0.461272
v 0.101586 0.131194 0.460454
v 0.101313 0.131038 0.456428
v 0.106461 0.141480 0.453714
v 0.104677 0.139794 0.451191
v 0.105150 0.139865 0.454248
v 0.108798 0.144315 0.452617
v 0.108089 0.143349 0.453018
v 0.116475 0.144988 0.467149
v 0.114486 0.145003 0.464407
v 0.129072 0.144585 0.478321
v 0.128876 0.145399 0.477943
v 0.135302 0.144189 0.480970
v 0.126855 0.125865 0.494013
v 0.127134 0.127733 0.493635
v 0.126752 0.127736 0.493443
v 0.139182 0.127624 0.497809
v 0.141816 0.125715 0.498665
v 0.141561 0.127598 0.498253
v 0.155605 0.120192 0.499039
v 0.157782 0.123219 0.498694
v 0.155604 0.123218 0.499039
v 0.149947 0.123217 0.499492
v 0.147365 0.123216 0.499488
v 0.127396 0.123210 0.494798
v 0.123773 0.120192 0.492938
v 0.127395 0.120192 0.494799
v 0.131023 0.127702 0.495361
v 0.143005 0.130932 0.497777
v 0.147004 0.134108 0.496860
v 0.142892 0.134151 0.496380
v 0.133614 0.141034 0.485531
v 0.127043 0.141167 0.482505
v 0.135329 0.136980 0.492323
v 0.132503 0.139220 0.488377
v 0.131586 0.136999 0.490950
v 0.119927 0.131121 0.488167
v 0.123716 0.134245 0.489181
v 0.120348 0.134263 0.486806
v 0.120216 0.123207 0.490729
v 0.120215 0.120192 0.490730
v 0.104594 0.126065 0.472493
v 0.101400 0.126054 0.465313
v 0.100611 0.123198 0.464849
v 0.100958 0.123198 0.465867
v 0.100252 0.126568 0.448598
v 0.100782 0.129833 0.448550
v 0.100183 0.126393 0.442679
v 0.101692 0.133126 0.442437
v 0.102299 0.132858 0.436349
v 0.101150 0.129675 0.436441
v 0.130268 0.157785 0.448713
v 0.137278 0.158305 0.442023
v 0.129674 0.157716 0.441016
v 0.127631 0.157067 0.431570
v 0.122129 0.156343 0.431810
v 0.127639 0.157155 0.433020
v 0.160981 0.157837 0.448759
v 0.152672 0.158312 0.442454
v 0.153373 0.158434 0.450041
v 0.129367 0.157347 0.433319
v 0.111575 0.150066 0.454450
v 0.111139 0.148881 0.455683
v 0.114110 0.151515 0.457042
v 0.122823 0.156601 0.446954
v 0.115269 0.154926 0.436930
v 0.115210 0.154844 0.431565
v 0.109170 0.151997 0.433577
v 0.102958 0.136338 0.442335
v 0.104715 0.138739 0.436494
v 0.103565 0.135874 0.436350
v 0.106216 0.145395 0.437514
v 0.106142 0.142450 0.442568
v 0.106893 0.144238 0.442845
v 0.109675 0.148668 0.451258
v 0.108706 0.147045 0.449856
v 0.107911 0.144386 0.448623
v 0.108271 0.145406 0.448834
v 0.110773 0.147278 0.456625
v 0.113377 0.150078 0.458920
v 0.119901 0.153446 0.461774
v 0.118798 0.151734 0.464790
v 0.123078 0.154145 0.463906
v 0.128643 0.153274 0.471877
v 0.123949 0.149760 0.473013
v 0.127549 0.150051 0.475455
v 0.124918 0.155196 0.462008
v 0.123825 0.154954 0.461599
v 0.138647 0.158035 0.457479
v 0.138247 0.156917 0.465003
v 0.139388 0.156982 0.465128
v 0.146279 0.158241 0.457937
v 0.160370 0.156654 0.463667
v 0.161441 0.157502 0.456070
v 0.153924 0.158064 0.457610
v 0.168387 0.155635 0.460103
v 0.167215 0.155536 0.462535
v 0.173313 0.153984 0.459263
v 0.175255 0.145396 0.469266
v 0.176869 0.143426 0.466723
v 0.176928 0.145394 0.466641
v 0.164029 0.154942 0.468520
v 0.164281 0.153143 0.473127
v 0.167998 0.152691 0.471206
v 0.144938 0.155927 0.470868
v 0.148243 0.153945 0.476182
v 0.127190 0.147889 0.476540
v 0.143625 0.150514 0.480267
v 0.143453 0.148158 0.481576
v 0.147714 0.148155 0.481781
v 0.160548 0.150209 0.478535
v 0.160630 0.147983 0.479756
v 0.164771 0.147856 0.478030
v 0.168693 0.147679 0.475649
v 0.154919 0.144575 0.481791
v 0.156348 0.145406 0.481368
v 0.154695 0.145405 0.481680
v 0.168609 0.140267 0.483908
v 0.161996 0.140410 0.486600
v 0.167388 0.133832 0.494122
v 0.162932 0.136671 0.493167
v 0.163435 0.133880 0.495367
v 0.163906 0.130608 0.496493
v 0.163664 0.123221 0.497264
v 0.164589 0.127259 0.496675
v 0.177877 0.125841 0.490269
v 0.172114 0.127156 0.493651
v 0.109601 0.145702 0.442949
v 0.109096 0.145853 0.440087
v 0.120989 0.134729 0.483133
v 0.120250 0.131133 0.485044
v 0.114846 0.131215 0.479799
v 0.170163 0.120192 0.491990
v 0.166943 0.123192 0.493442
v 0.171367 0.123192 0.491373
v 0.120046 0.125193 0.487014
v 0.121478 0.123192 0.488565
v 0.120067 0.123192 0.487561
v 0.107559 0.136052 0.431562
v 0.104390 0.132302 0.438965
v 0.106115 0.131582 0.431561
v 0.102841 0.123192 0.463564
v 0.103066 0.120192 0.464319
v 0.102841 0.120192 0.463564
v 0.105873 0.123192 0.470891
v 0.109373 0.125231 0.475805
v 0.109180 0.123192 0.476377
v 0.115326 0.123192 0.483560
v 0.114267 0.125214 0.481839
v 0.133559 0.127146 0.493701
v 0.133689 0.125174 0.494226
v 0.126575 0.125182 0.491173
v 0.151524 0.120192 0.496926
v 0.149161 0.123192 0.497005
v 0.151524 0.123192 0.496926
v 0.177350 0.123192 0.487613
v 0.176873 0.120192 0.487959
v 0.174017 0.123192 0.489857
v 0.186953 0.123192 0.478220
v 0.190343 0.122692 0.473201
v 0.187912 0.120192 0.476933
v 0.185474 0.128679 0.467082
v 0.181895 0.131783 0.468608
v 0.182821 0.130669 0.464278
v 0.125893 0.142027 0.475164
v 0.124210 0.139749 0.477859
v 0.119455 0.139937 0.473346
v 0.113365 0.145977 0.456903
v 0.113465 0.147064 0.456460
v 0.115452 0.147646 0.459983
v 0.172702 0.151768 0.457623
v 0.174911 0.150862 0.455920
v 0.176079 0.149732 0.457154
v 0.132322 0.153941 0.463502
v 0.132312 0.154955 0.457035
v 0.133217 0.154041 0.463693
v 0.109644 0.148097 0.439348
v 0.109867 0.146710 0.443655
v 0.108959 0.146942 0.438034
v 0.145774 0.156078 0.445055
v 0.146373 0.156090 0.451772
v 0.138914 0.155925 0.451328
v 0.123326 0.153982 0.431569
v 0.116589 0.152679 0.433092
v 0.116589 0.152636 0.431566
v 0.145184 0.155769 0.438332
v 0.138302 0.155921 0.444579
v 0.113490 0.151594 0.431564
v 0.111018 0.150145 0.435815
v 0.110800 0.150147 0.431563
v 0.110704 0.148016 0.445275
v 0.111316 0.146905 0.449759
v 0.124318 0.154268 0.448613
v 0.125221 0.153861 0.455224
v 0.118516 0.152241 0.452344
v 0.167273 0.153310 0.460136
v 0.163032 0.153931 0.462110
v 0.161494 0.154931 0.456472
v 0.167666 0.143741 0.473976
v 0.172335 0.142327 0.469527
v 0.168698 0.141763 0.474562
v 0.167747 0.149003 0.471941
v 0.167532 0.151130 0.468519
v 0.170903 0.148641 0.469154
v 0.160507 0.147635 0.477099
v 0.156641 0.149661 0.476812
v 0.160516 0.149502 0.475713
v 0.121911 0.143620 0.470065
v 0.122961 0.145392 0.470494
v 0.126420 0.143525 0.474061
v 0.149097 0.143081 0.480348
v 0.155179 0.141201 0.481394
v 0.149082 0.141350 0.481936
v 0.117618 0.146856 0.464044
v 0.115262 0.145988 0.460662
v 0.136834 0.147761 0.477800
v 0.131519 0.145392 0.476440
v 0.129482 0.147593 0.474920
v 0.148589 0.147814 0.479215
v 0.148686 0.145392 0.479733
v 0.161080 0.141067 0.479897
v 0.166542 0.140975 0.477305
v 0.165998 0.142824 0.475667
v 0.175773 0.145392 0.463507
v 0.175542 0.141675 0.464230
v 0.175649 0.149135 0.460208
v 0.176925 0.148551 0.458048
v 0.164262 0.149285 0.474107
v 0.160543 0.151889 0.471733
v 0.164153 0.151558 0.470365
v 0.153036 0.152301 0.473227
v 0.156817 0.152133 0.472670
v 0.138806 0.153812 0.467734
v 0.139412 0.154525 0.464642
v 0.125360 0.152639 0.462101
v 0.119557 0.151271 0.458737
v 0.114189 0.149188 0.454095
v 0.114796 0.145392 0.459983
v 0.115351 0.140107 0.468241
v 0.109906 0.137986 0.464253
v 0.111999 0.140257 0.462637
v 0.131160 0.141857 0.478266
v 0.148690 0.139011 0.486070
v 0.142952 0.141512 0.481587
v 0.168942 0.136571 0.486126
v 0.171023 0.136626 0.484591
v 0.169122 0.136218 0.486777
v 0.174231 0.138736 0.470946
v 0.185944 0.123192 0.479483
v 0.185830 0.127013 0.478073
v 0.186658 0.125069 0.478287
v 0.176797 0.126645 0.487909
v 0.174501 0.136700 0.478996
v 0.180033 0.133210 0.474999
v 0.177335 0.134218 0.481041
v 0.162827 0.134179 0.492140
v 0.170005 0.133864 0.489729
v 0.148246 0.136973 0.490207
v 0.148021 0.134391 0.493623
v 0.140699 0.134485 0.492616
v 0.120102 0.127179 0.486364
v 0.114455 0.127219 0.481160
v 0.117490 0.137713 0.475732
v 0.111485 0.134967 0.472198
v 0.113290 0.137863 0.470251
v 0.103349 0.127272 0.461238
v 0.102491 0.123192 0.455655
v 0.103086 0.127238 0.453584
v 0.103981 0.132636 0.446574
v 0.102926 0.127913 0.446648
v 0.108341 0.145392 0.434223
v 0.108037 0.140856 0.431562
v 0.110251 0.145626 0.446187
v 0.108793 0.143592 0.438944
v 0.108477 0.141195 0.446403
v 0.108162 0.141172 0.438909
v 0.109815 0.143373 0.446374
v 0.110611 0.143950 0.449042
v 0.110185 0.142994 0.449311
v 0.110856 0.145826 0.448827
v 0.192256 0.124896 0.474262
v 0.190435 0.124167 0.472470
v 0.100845 0.123209 0.431969
v 0.103510 0.123192 0.431977
v 0.103414 0.122692 0.432230
v 0.100696 0.085636 0.450602
v 0.106134 0.085271 0.450786
v 0.112395 0.085363 0.456672
v 0.112949 0.092253 0.458427
v 0.113204 0.085271 0.460288
v 0.114746 0.085810 0.464028
v 0.113671 0.085237 0.462093
v 0.115489 0.085955 0.465466
v 0.116265 0.093254 0.467128
v 0.119303 0.093221 0.471919
v 0.118125 0.092253 0.470063
v 0.118281 0.093004 0.470293
v 0.121778 0.093129 0.474700
v 0.125905 0.093237 0.478557
v 0.124340 0.093379 0.477511
v 0.127558 0.092253 0.479660
v 0.128037 0.085871 0.480005
v 0.124365 0.085644 0.477488
v 0.129031 0.085704 0.480638
v 0.134436 0.092253 0.483444
v 0.134200 0.085972 0.483411
v 0.130661 0.092253 0.481606
v 0.125533 0.093399 0.491601
v 0.128291 0.093004 0.493297
v 0.128394 0.085454 0.493070
v 0.132205 0.093315 0.494777
v 0.135309 0.085704 0.495917
v 0.139361 0.085300 0.496620
v 0.144846 0.085363 0.497480
v 0.146680 0.085454 0.497681
v 0.150390 0.085454 0.497686
v 0.152009 0.093241 0.497500
v 0.157744 0.085476 0.496806
v 0.155888 0.085454 0.497166
v 0.166523 0.085425 0.494184
v 0.181590 0.085767 0.465815
v 0.182591 0.085476 0.463799
v 0.181400 0.092253 0.466126
v 0.178953 0.093254 0.470384
v 0.177827 0.093129 0.471880
v 0.180420 0.085579 0.467978
v 0.177804 0.086080 0.471854
v 0.178926 0.085579 0.470365
v 0.175952 0.085431 0.474261
v 0.169733 0.085476 0.479736
v 0.168118 0.085704 0.480679
v 0.166260 0.085534 0.482114
v 0.164911 0.085727 0.482590
v 0.159682 0.092253 0.484578
v 0.164932 0.092253 0.482461
v 0.166256 0.093362 0.482116
v 0.164932 0.093004 0.482461
v 0.171553 0.092253 0.478242
v 0.171377 0.085727 0.478516
v 0.175807 0.093171 0.474300
v 0.166537 0.093221 0.494197
v 0.163041 0.093438 0.495315
v 0.168281 0.085579 0.493557
v 0.171562 0.093346 0.491796
v 0.174024 0.093129 0.490499
v 0.176331 0.085487 0.488874
v 0.180134 0.093201 0.485954
v 0.182022 0.093345 0.484123
v 0.183773 0.093377 0.482228
v 0.179909 0.085408 0.485974
v 0.184414 0.085237 0.481315
v 0.185808 0.085487 0.480066
v 0.189299 0.089956 0.475435
v 0.185795 0.093129 0.480227
v 0.187557 0.093254 0.477885
v 0.190078 0.093232 0.473991
v 0.193444 0.093004 0.467361
v 0.193220 0.092144 0.467775
v 0.192240 0.092242 0.469831
v 0.189497 0.090054 0.463542
v 0.189257 0.089354 0.469549
v 0.190737 0.086767 0.472961
v 0.190229 0.086359 0.473567
v 0.189909 0.087445 0.474421
v 0.189393 0.088310 0.475297
v 0.190308 0.091639 0.473731
v 0.191154 0.092110 0.472208
v 0.190892 0.091980 0.472657
v 0.187065 0.085704 0.478675
v 0.188877 0.085237 0.475428
v 0.193202 0.086178 0.467728
v 0.192798 0.086180 0.468343
v 0.193628 0.086862 0.466472
v 0.194470 0.087677 0.463841
v 0.195529 0.085431 0.460225
v 0.196576 0.093004 0.454736
v 0.196834 0.089354 0.451052
v 0.196573 0.093332 0.451959
v 0.196588 0.087529 0.450606
v 0.196471 0.085553 0.450657
v 0.185611 0.085937 0.450637
v 0.185550 0.085330 0.451963
v 0.184677 0.085704 0.456577
v 0.185603 0.093208 0.450735
v 0.185377 0.092253 0.450819
v 0.188454 0.093346 0.450694
v 0.184832 0.093345 0.456607
v 0.185057 0.093254 0.454728
v 0.183530 0.093471 0.462133
v 0.195891 0.093232 0.458599
v 0.195620 0.093129 0.460245
v 0.195140 0.089591 0.462005
v 0.194923 0.089613 0.461991
v 0.194850 0.088531 0.462421
v 0.193760 0.087056 0.465796
v 0.193506 0.086931 0.463542
v 0.190682 0.086886 0.469549
v 0.192170 0.086335 0.470072
v 0.195120 0.088808 0.462083
v 0.191387 0.086391 0.471740
v 0.192107 0.092100 0.457536
v 0.192107 0.092153 0.463542
v 0.190735 0.091732 0.457536
v 0.194615 0.090810 0.463323
v 0.194378 0.091297 0.464107
v 0.194485 0.090727 0.457536
v 0.193829 0.091733 0.466015
v 0.192837 0.092103 0.468266
v 0.196273 0.093254 0.456579
v 0.196547 0.093074 0.450636
v 0.193707 0.093438 0.450786
v 0.191081 0.093504 0.451036
v 0.193707 0.093504 0.451036
v 0.196461 0.089354 0.450571
v 0.196588 0.091179 0.450606
v 0.196834 0.091179 0.451052
v 0.184175 0.092253 0.458782
v 0.182756 0.093379 0.463868
v 0.185328 0.092253 0.451016
v 0.185268 0.093004 0.451939
v 0.194964 0.085271 0.461990
v 0.185362 0.085237 0.454771
v 0.193707 0.085271 0.450786
v 0.193707 0.085204 0.451036
v 0.196738 0.085459 0.451662
v 0.191026 0.093254 0.472389
v 0.191907 0.093129 0.470749
v 0.177821 0.085476 0.487804
v 0.173350 0.085476 0.490835
v 0.171399 0.085204 0.491496
v 0.172991 0.085204 0.490591
v 0.161358 0.085454 0.496001
v 0.163106 0.085579 0.495521
v 0.155893 0.093129 0.497199
v 0.150384 0.093438 0.497503
v 0.146692 0.093471 0.497373
v 0.148510 0.093504 0.497286
v 0.142988 0.093254 0.497390
v 0.143981 0.093129 0.497522
v 0.139340 0.093346 0.496726
v 0.142051 0.085704 0.497329
v 0.155861 0.093438 0.496985
v 0.159506 0.085237 0.496154
v 0.173247 0.085704 0.491021
v 0.168193 0.093438 0.493359
v 0.169943 0.093346 0.492636
v 0.161438 0.093345 0.484143
v 0.159733 0.093437 0.484824
v 0.157947 0.093345 0.485243
v 0.156124 0.093221 0.485637
v 0.152344 0.093345 0.486255
v 0.150509 0.093437 0.486487
v 0.148633 0.093129 0.486320
v 0.146744 0.093254 0.486306
v 0.144864 0.092253 0.486095
v 0.150035 0.086039 0.486424
v 0.139336 0.093004 0.485097
v 0.137533 0.092253 0.484578
v 0.137517 0.093004 0.484573
v 0.133987 0.093254 0.483326
v 0.132296 0.093129 0.482505
v 0.128765 0.093504 0.481061
v 0.130572 0.093345 0.481738
v 0.142060 0.093345 0.485847
v 0.144828 0.093345 0.486251
v 0.139282 0.085381 0.485304
v 0.146744 0.085454 0.486306
v 0.148634 0.085237 0.486661
v 0.152343 0.085955 0.486129
v 0.154243 0.085579 0.485885
v 0.157924 0.085454 0.485155
v 0.156131 0.085363 0.485669
v 0.159706 0.085363 0.484737
v 0.149791 0.092253 0.486267
v 0.157566 0.092253 0.485178
v 0.154237 0.093004 0.485852
v 0.174085 0.093254 0.476114
v 0.154074 0.085363 0.497316
v 0.152236 0.085271 0.497399
v 0.132289 0.085237 0.494544
v 0.130573 0.085237 0.493885
v 0.123874 0.085363 0.490780
v 0.125434 0.085454 0.491781
v 0.122239 0.093129 0.489904
v 0.120971 0.093004 0.489087
v 0.117900 0.093438 0.486428
v 0.119288 0.093346 0.487657
v 0.116363 0.085579 0.485384
v 0.122952 0.085271 0.476197
v 0.113733 0.085533 0.482766
v 0.114994 0.085704 0.484151
v 0.114994 0.093004 0.484151
v 0.111345 0.093346 0.479938
v 0.108089 0.085467 0.475432
v 0.107839 0.088385 0.475305
v 0.107347 0.087521 0.474471
v 0.107934 0.089843 0.475468
v 0.107606 0.090879 0.474921
v 0.107952 0.093004 0.475520
v 0.109191 0.093438 0.476929
v 0.110175 0.093232 0.478532
v 0.106246 0.093221 0.472371
v 0.104655 0.092355 0.469419
v 0.106810 0.091720 0.473561
v 0.106988 0.093004 0.473947
v 0.105574 0.092031 0.463676
v 0.105607 0.092178 0.470294
v 0.104168 0.092132 0.468055
v 0.103293 0.091632 0.465699
v 0.102722 0.091195 0.464128
v 0.102956 0.091559 0.465100
v 0.103704 0.091540 0.457621
v 0.103707 0.091781 0.463676
v 0.102601 0.090769 0.463240
v 0.102550 0.090175 0.457694
v 0.102218 0.089619 0.461954
v 0.102755 0.087996 0.457677
v 0.103193 0.087440 0.457644
v 0.104427 0.086718 0.457635
v 0.107606 0.090243 0.457587
v 0.107909 0.089354 0.463676
v 0.107534 0.087954 0.463676
v 0.107579 0.087928 0.469617
v 0.106022 0.091759 0.457646
v 0.107033 0.091280 0.457635
v 0.105107 0.086553 0.463676
v 0.105600 0.086617 0.469844
v 0.104734 0.086423 0.469419
v 0.104190 0.086312 0.467976
v 0.103397 0.086534 0.466180
v 0.102742 0.087587 0.464011
v 0.103261 0.087102 0.465510
v 0.102526 0.085704 0.463840
v 0.101286 0.085476 0.458400
v 0.102297 0.088281 0.462628
v 0.102096 0.093149 0.462055
v 0.103132 0.087352 0.464699
v 0.103140 0.093004 0.465684
v 0.101765 0.093300 0.460224
v 0.100893 0.093438 0.454766
v 0.100570 0.093243 0.451982
v 0.100622 0.093091 0.450715
v 0.100576 0.091179 0.450700
v 0.103508 0.093346 0.450694
v 0.108761 0.093346 0.450694
v 0.106134 0.093232 0.450642
v 0.111930 0.085955 0.451654
v 0.111734 0.093139 0.450754
v 0.111723 0.092253 0.450688
v 0.106134 0.093504 0.451036
v 0.114023 0.093004 0.461966
v 0.113323 0.093221 0.460251
v 0.114358 0.093471 0.463862
v 0.112585 0.093471 0.458515
v 0.111820 0.093254 0.451019
v 0.100545 0.087529 0.450666
v 0.100381 0.087529 0.451052
v 0.100621 0.085378 0.451459
v 0.103508 0.085271 0.450786
v 0.100914 0.085579 0.456618
v 0.101208 0.093087 0.458434
v 0.100381 0.089354 0.451052
v 0.100381 0.091179 0.451052
v 0.106024 0.086447 0.472168
v 0.106692 0.086599 0.473416
v 0.106824 0.087017 0.473579
v 0.107419 0.085204 0.473694
v 0.121687 0.085363 0.474785
v 0.120439 0.085363 0.473386
v 0.123079 0.085454 0.476065
v 0.118194 0.085788 0.470184
v 0.116324 0.085704 0.467096
v 0.105889 0.092201 0.471911
v 0.107260 0.091288 0.474306
v 0.108986 0.093004 0.477072
v 0.115256 0.085237 0.483882
v 0.123810 0.093129 0.490887
v 0.159522 0.149009 0.263048
v 0.149559 0.149009 0.263159
v 0.152753 0.149009 0.264893
v 0.159557 0.149009 0.249262
v 0.138961 0.149009 0.251864
v 0.143972 0.149009 0.257743
v 0.160985 0.145009 0.238873
v 0.159782 0.145009 0.233547
v 0.150310 0.138956 0.245702
v 0.162261 0.138954 0.250229
v 0.155883 0.138956 0.240573
v 0.144200 0.138956 0.250274
v 0.137767 0.142009 0.254469
v 0.138311 0.138956 0.254849
v 0.134018 0.132594 0.240539
v 0.136539 0.132543 0.240721
v 0.136963 0.132509 0.242455
v 0.133133 0.132509 0.233603
v 0.135130 0.132509 0.233734
v 0.135537 0.132634 0.235477
v 0.145435 0.132621 0.258105
v 0.145569 0.132615 0.256095
v 0.149555 0.135009 0.263168
v 0.160370 0.135942 0.263937
v 0.152753 0.135009 0.264893
v 0.157175 0.149009 0.200475
v 0.160845 0.149009 0.205278
v 0.162119 0.149009 0.198065
v 0.142389 0.136600 0.052881
v 0.156975 0.136666 0.049965
v 0.143833 0.136669 0.054570
v 0.163406 0.128700 0.049202
v 0.163862 0.133903 0.048254
v 0.165816 0.129307 0.047468
v 0.152400 0.133903 0.055443
v 0.152688 0.129791 0.055500
v 0.150126 0.131311 0.056835
v 0.169550 0.150242 0.044699
v 0.171694 0.152017 0.043544
v 0.172834 0.150583 0.042736
v 0.173577 0.136380 0.036336
v 0.161455 0.136743 0.034694
v 0.173186 0.136501 0.033722
v 0.155681 0.147274 0.038311
v 0.173690 0.147542 0.036086
v 0.161458 0.147274 0.034688
v 0.142067 0.143653 0.042308
v 0.135967 0.142008 0.046178
v 0.136135 0.143977 0.046086
v 0.174297 0.147181 0.037813
v 0.151674 0.147416 0.053914
v 0.143769 0.147340 0.054550
v 0.144059 0.147476 0.055276
v 0.155418 0.154873 0.054005
v 0.152592 0.150242 0.055336
v 0.152658 0.154255 0.055820
v 0.158446 0.135009 0.241936
v 0.137846 0.135009 0.241949
v 0.136378 0.135009 0.235842
v 0.160834 0.135009 0.205288
v 0.152768 0.135009 0.207198
v 0.156946 0.135009 0.200825
v 0.145716 0.135009 0.258978
v 0.145975 0.135009 0.259780
v 0.163044 0.145012 0.254215
v 0.144200 0.145009 0.250274
v 0.162875 0.145012 0.253419
v 0.148935 0.149009 0.213044
v 0.158778 0.149009 0.219819
v 0.159700 0.149009 0.212525
v 0.151976 0.147333 0.049758
v 0.168457 0.154144 0.045758
v 0.150386 0.152791 0.056877
v 0.149723 0.152084 0.057314
v 0.147530 0.147337 0.053340
v 0.145873 0.147353 0.056929
v 0.129899 0.142585 0.038656
v 0.130098 0.138336 0.038560
v 0.129940 0.140722 0.038614
v 0.148305 0.123490 0.027484
v 0.150311 0.160313 0.025936
v 0.151282 0.123968 0.025190
v 0.169521 0.133903 0.044705
v 0.171770 0.132158 0.043748
v 0.172769 0.133417 0.042680
v 0.160617 0.128409 0.050743
v 0.158167 0.133903 0.051826
v 0.147530 0.136681 0.053340
v 0.146607 0.136686 0.053172
v 0.147844 0.143421 0.038677
v 0.159454 0.140366 0.031401
v 0.153672 0.143451 0.035021
v 0.153647 0.140430 0.035042
v 0.165238 0.143701 0.027776
v 0.171445 0.142009 0.024080
v 0.171333 0.143975 0.024152
v 0.153987 0.123865 0.023853
v 0.157521 0.124979 0.021276
v 0.155983 0.124566 0.022241
v 0.166921 0.140509 0.026711
v 0.165326 0.140597 0.027711
v 0.170289 0.140509 0.038493
v 0.166360 0.140509 0.040736
v 0.168340 0.140509 0.039494
v 0.147847 0.140209 0.038686
v 0.142043 0.140045 0.042329
v 0.147856 0.140509 0.052648
v 0.146607 0.140509 0.053172
v 0.147530 0.140509 0.053340
v 0.162614 0.136666 0.046428
v 0.164380 0.136686 0.041978
v 0.162400 0.136686 0.043220
v 0.158440 0.140509 0.045704
v 0.158440 0.136686 0.045704
v 0.160420 0.140509 0.044462
v 0.157265 0.136638 0.050375
v 0.155114 0.136686 0.047790
v 0.153769 0.136686 0.048634
v 0.166360 0.136686 0.040736
v 0.168340 0.136686 0.039494
v 0.169258 0.140509 0.032036
v 0.169258 0.147290 0.032036
v 0.172804 0.147314 0.033847
v 0.170056 0.143510 0.038456
v 0.169911 0.147333 0.038510
v 0.168294 0.147353 0.042866
v 0.168340 0.147333 0.039494
v 0.164380 0.143510 0.041978
v 0.164380 0.147333 0.041978
v 0.162400 0.147333 0.043220
v 0.160420 0.143510 0.044462
v 0.158440 0.147333 0.045704
v 0.158440 0.143510 0.045704
v 0.153769 0.143510 0.048634
v 0.152424 0.143510 0.049477
v 0.148046 0.143510 0.052453
v 0.166377 0.149706 0.015903
v 0.162379 0.156846 0.018513
v 0.164279 0.154081 0.017038
v 0.131146 0.133475 0.037825
v 0.130615 0.135180 0.038353
v 0.131062 0.149746 0.037880
v 0.130297 0.146212 0.038359
v 0.130488 0.148057 0.038388
v 0.164341 0.155304 0.048265
v 0.163897 0.150242 0.048245
v 0.142916 0.147305 0.259501
v 0.138307 0.145009 0.254853
v 0.142654 0.145009 0.259645
v 0.148701 0.148358 0.264107
v 0.142805 0.148196 0.258852
v 0.143321 0.148796 0.258361
v 0.161340 0.149009 0.260022
v 0.162549 0.148407 0.256106
v 0.161282 0.149009 0.256464
v 0.159619 0.148462 0.241813
v 0.158453 0.149009 0.241932
v 0.131435 0.149204 0.234523
v 0.132454 0.149009 0.238182
v 0.132481 0.149904 0.230256
v 0.140694 0.149009 0.225613
v 0.137000 0.150038 0.223191
v 0.158191 0.149009 0.227162
v 0.159646 0.148256 0.227238
v 0.161064 0.147800 0.216110
v 0.160234 0.148247 0.219972
v 0.160504 0.147616 0.221822
v 0.160901 0.138956 0.228491
v 0.160923 0.145009 0.228406
v 0.161782 0.147484 0.250426
v 0.162411 0.145011 0.251023
v 0.162270 0.145011 0.250222
v 0.163399 0.138956 0.255804
v 0.148013 0.138956 0.264755
v 0.138077 0.136682 0.253966
v 0.142903 0.136504 0.259394
v 0.135258 0.133629 0.247717
v 0.135914 0.132812 0.247381
v 0.138824 0.133816 0.253593
v 0.137286 0.132667 0.242343
v 0.136159 0.132713 0.238066
v 0.134974 0.132509 0.230181
v 0.135248 0.132605 0.231949
v 0.135589 0.132576 0.223709
v 0.135605 0.134016 0.229910
v 0.135432 0.132759 0.228426
v 0.135635 0.133530 0.228143
v 0.135224 0.132576 0.230181
v 0.135935 0.134092 0.236075
v 0.135628 0.133009 0.233691
v 0.136422 0.133653 0.238360
v 0.138173 0.134680 0.243986
v 0.136620 0.134259 0.239433
v 0.138692 0.133884 0.245301
v 0.140066 0.134046 0.247889
v 0.141493 0.133959 0.250301
v 0.139575 0.132651 0.247588
v 0.141150 0.132576 0.250264
v 0.140942 0.132509 0.250401
v 0.142228 0.132667 0.251667
v 0.143838 0.132667 0.253769
v 0.144285 0.132841 0.258611
v 0.143764 0.133273 0.258735
v 0.144345 0.134806 0.259121
v 0.145705 0.134330 0.258178
v 0.144160 0.133975 0.253720
v 0.145899 0.134552 0.255905
v 0.146616 0.135009 0.256545
v 0.143924 0.135289 0.259280
v 0.145303 0.134976 0.259056
v 0.148619 0.135840 0.264197
v 0.152320 0.136325 0.266658
v 0.156364 0.135009 0.264828
v 0.156762 0.136026 0.266238
v 0.158031 0.135009 0.234546
v 0.159572 0.135968 0.233924
v 0.159813 0.136045 0.227350
v 0.160491 0.136404 0.221848
v 0.161512 0.136227 0.212796
v 0.161127 0.136400 0.216133
v 0.162664 0.136265 0.205596
v 0.162894 0.136485 0.204761
v 0.161996 0.136545 0.210435
v 0.163828 0.136313 0.199097
v 0.163454 0.135583 0.198323
v 0.165877 0.142009 0.193567
v 0.164538 0.136344 0.195325
v 0.164898 0.136360 0.193455
v 0.165810 0.136020 0.187430
v 0.166904 0.142009 0.187896
v 0.165066 0.148179 0.191178
v 0.166039 0.147707 0.187507
v 0.164599 0.148596 0.191087
v 0.162825 0.147745 0.204723
v 0.163606 0.148173 0.198337
v 0.162192 0.148360 0.205506
v 0.149361 0.150038 0.204338
v 0.153055 0.149009 0.206760
v 0.158787 0.152912 0.183561
v 0.157602 0.150038 0.191769
v 0.161722 0.150038 0.185485
v 0.165953 0.149087 0.183317
v 0.164384 0.149085 0.187230
v 0.166007 0.149946 0.179308
v 0.166380 0.150038 0.178379
v 0.166967 0.152912 0.171085
v 0.166605 0.153720 0.170587
v 0.163462 0.156336 0.173195
v 0.157110 0.157036 0.182696
v 0.152340 0.157642 0.189238
v 0.149150 0.156195 0.195214
v 0.152768 0.156756 0.189428
v 0.146427 0.152912 0.202414
v 0.143833 0.155786 0.202418
v 0.142307 0.152912 0.208699
v 0.141562 0.154290 0.208210
v 0.140464 0.154429 0.209413
v 0.136546 0.153309 0.216180
v 0.135138 0.151535 0.221971
v 0.137440 0.152712 0.216409
v 0.138193 0.154634 0.208302
v 0.137235 0.154220 0.212272
v 0.139080 0.155021 0.208836
v 0.144158 0.156793 0.198231
v 0.142122 0.156156 0.201517
v 0.144517 0.156033 0.191510
v 0.146326 0.157378 0.194857
v 0.147543 0.157665 0.193016
v 0.149873 0.157877 0.185387
v 0.148310 0.157829 0.191873
v 0.150767 0.158270 0.188304
v 0.156439 0.158110 0.182495
v 0.157946 0.158484 0.178711
v 0.156233 0.158643 0.179895
v 0.163098 0.156936 0.172657
v 0.160636 0.158063 0.174381
v 0.161365 0.157697 0.174573
v 0.162220 0.158110 0.167963
v 0.152441 0.153980 0.159535
v 0.155640 0.158160 0.166451
v 0.157354 0.158103 0.160346
v 0.155011 0.147982 0.141941
v 0.155915 0.153686 0.147648
v 0.157445 0.153447 0.141697
v 0.155016 0.136037 0.141975
v 0.155512 0.142009 0.136353
v 0.156437 0.136161 0.136136
v 0.163446 0.125591 0.148367
v 0.161778 0.126601 0.141847
v 0.164660 0.125905 0.142014
v 0.165727 0.126291 0.135640
v 0.163999 0.127421 0.129376
v 0.166644 0.126740 0.129247
v 0.165539 0.128444 0.116835
v 0.161773 0.131905 0.117629
v 0.162287 0.132299 0.111555
v 0.159873 0.147205 0.112414
v 0.158991 0.142009 0.106907
v 0.158893 0.142009 0.112848
v 0.159432 0.136636 0.118405
v 0.158465 0.142009 0.118750
v 0.156733 0.142009 0.130548
v 0.157670 0.136304 0.130258
v 0.157658 0.147716 0.130226
v 0.160017 0.152834 0.129689
v 0.158664 0.147557 0.124316
v 0.160452 0.157720 0.147999
v 0.161791 0.157405 0.141800
v 0.167491 0.157465 0.142079
v 0.170794 0.153590 0.148863
v 0.171857 0.153407 0.142119
v 0.174487 0.142009 0.148695
v 0.174575 0.147994 0.141894
v 0.173447 0.148052 0.148800
v 0.175680 0.142009 0.141718
v 0.175608 0.136099 0.135027
v 0.176766 0.142009 0.134764
v 0.176523 0.136201 0.128102
v 0.174341 0.131404 0.121844
v 0.170026 0.127794 0.122506
v 0.170596 0.128306 0.115936
v 0.168456 0.128389 0.109988
v 0.166297 0.129592 0.104261
v 0.168716 0.129001 0.103557
v 0.168579 0.130127 0.090664
v 0.166084 0.130640 0.091664
v 0.165522 0.130978 0.085381
v 0.164599 0.131093 0.079102
v 0.160064 0.133472 0.081291
v 0.158453 0.133209 0.075280
v 0.163292 0.130928 0.072862
v 0.156441 0.132698 0.069405
v 0.161610 0.130462 0.066725
v 0.167746 0.130339 0.063532
v 0.162794 0.129391 0.058975
v 0.166102 0.129612 0.057212
v 0.166177 0.128876 0.047850
v 0.167533 0.129404 0.049195
v 0.167022 0.129100 0.047416
v 0.170888 0.131200 0.044010
v 0.172927 0.133226 0.043032
v 0.173092 0.133243 0.043283
v 0.173615 0.134465 0.042059
v 0.174124 0.135587 0.041565
v 0.176353 0.138769 0.044567
v 0.175149 0.135761 0.045176
v 0.174364 0.136529 0.039870
v 0.174287 0.136867 0.037780
v 0.163124 0.136624 0.046996
v 0.146074 0.136217 0.057932
v 0.144180 0.136709 0.055669
v 0.143828 0.137032 0.055646
v 0.145086 0.137004 0.057446
v 0.146500 0.138878 0.060658
v 0.146715 0.135909 0.059085
v 0.147959 0.133813 0.058245
v 0.149051 0.133158 0.059335
v 0.147435 0.135909 0.060181
v 0.150217 0.131416 0.057314
v 0.150860 0.130858 0.057318
v 0.156213 0.128760 0.053737
v 0.158021 0.128333 0.052458
v 0.159761 0.128158 0.051215
v 0.169320 0.136151 0.044101
v 0.168745 0.136624 0.043470
v 0.157878 0.135966 0.051359
v 0.152322 0.135508 0.055186
v 0.152083 0.136351 0.054739
v 0.168044 0.129637 0.045848
v 0.169692 0.130634 0.045127
v 0.152935 0.136845 0.071157
v 0.151656 0.142009 0.071729
v 0.149433 0.139136 0.066043
v 0.152946 0.147166 0.071102
v 0.156439 0.151350 0.069359
v 0.151961 0.150086 0.064719
v 0.154045 0.152108 0.063634
v 0.149092 0.150854 0.059261
v 0.153731 0.154752 0.055682
v 0.159569 0.154349 0.060672
v 0.162789 0.154632 0.058930
v 0.157223 0.155351 0.054802
v 0.159843 0.155815 0.051339
v 0.161013 0.155795 0.051231
v 0.166097 0.154385 0.057167
v 0.169218 0.153623 0.055521
v 0.163799 0.155366 0.050046
v 0.169968 0.153546 0.045217
v 0.170850 0.152738 0.043991
v 0.169770 0.153459 0.044674
v 0.166018 0.154754 0.047376
v 0.160648 0.155779 0.050615
v 0.158084 0.155609 0.052363
v 0.155960 0.155355 0.053679
v 0.147981 0.150108 0.058235
v 0.147284 0.148661 0.058437
v 0.146038 0.147703 0.057861
v 0.169460 0.148481 0.044346
v 0.163174 0.147395 0.046964
v 0.163577 0.148262 0.047702
v 0.174424 0.147530 0.039755
v 0.174182 0.146995 0.036282
v 0.173538 0.147458 0.034335
v 0.173586 0.146965 0.033543
v 0.173291 0.146390 0.031661
v 0.172761 0.146927 0.030137
v 0.172560 0.147429 0.030247
v 0.171792 0.147425 0.027994
v 0.172221 0.146905 0.028103
v 0.171410 0.146493 0.025400
v 0.171352 0.140097 0.023881
v 0.171349 0.137501 0.025372
v 0.171191 0.138239 0.024518
v 0.173722 0.142009 0.030954
v 0.174950 0.145538 0.037803
v 0.175368 0.142009 0.037614
v 0.176773 0.142009 0.044307
v 0.174948 0.138498 0.037857
v 0.174085 0.148580 0.041732
v 0.176354 0.145264 0.044515
v 0.173396 0.151557 0.060601
v 0.177421 0.147410 0.058605
v 0.174567 0.150336 0.052751
v 0.178975 0.142009 0.057856
v 0.177400 0.136629 0.058668
v 0.177556 0.139007 0.051317
v 0.180327 0.142009 0.071511
v 0.178208 0.136899 0.065467
v 0.180675 0.142009 0.078453
v 0.179155 0.137079 0.079179
v 0.180806 0.142009 0.085540
v 0.179303 0.137022 0.086222
v 0.180438 0.142009 0.099631
v 0.179225 0.147102 0.093204
v 0.178971 0.147247 0.100195
v 0.178573 0.136606 0.107221
v 0.175719 0.132445 0.101388
v 0.178988 0.136760 0.100233
v 0.179366 0.142009 0.113741
v 0.177995 0.147549 0.114159
v 0.178621 0.142009 0.120738
v 0.177327 0.136321 0.121158
v 0.178013 0.136457 0.114198
v 0.173622 0.152909 0.128593
v 0.176508 0.147807 0.128061
v 0.174328 0.152607 0.121803
v 0.166302 0.154409 0.104215
v 0.168723 0.155014 0.103510
v 0.166332 0.153850 0.097916
v 0.161249 0.150517 0.087282
v 0.166086 0.153369 0.091619
v 0.165522 0.153038 0.085337
v 0.162442 0.150954 0.099350
v 0.160012 0.147025 0.106439
v 0.158729 0.142009 0.100983
v 0.162443 0.133054 0.099392
v 0.159820 0.137159 0.100493
v 0.159243 0.137285 0.094563
v 0.166025 0.129011 0.110550
v 0.162520 0.132691 0.105475
v 0.157094 0.142009 0.089231
v 0.158275 0.146675 0.088659
v 0.156908 0.146715 0.082749
v 0.153868 0.142009 0.077493
v 0.155676 0.142009 0.083332
v 0.160061 0.150556 0.081247
v 0.158451 0.150828 0.075235
v 0.164597 0.152931 0.079058
v 0.163288 0.153106 0.072818
v 0.175851 0.150954 0.087646
v 0.179292 0.146990 0.086181
v 0.175608 0.150800 0.080761
v 0.161604 0.153584 0.066681
v 0.169087 0.153225 0.069903
v 0.167741 0.153665 0.063486
v 0.161776 0.152098 0.117586
v 0.165547 0.155555 0.116788
v 0.162289 0.151704 0.111513
v 0.164010 0.156580 0.129329
v 0.165742 0.157724 0.135592
v 0.166658 0.157276 0.129199
v 0.169324 0.156699 0.129015
v 0.172800 0.153178 0.135364
v 0.175379 0.151924 0.108177
v 0.178554 0.147400 0.107183
v 0.175885 0.132784 0.094552
v 0.171362 0.129980 0.096196
v 0.171221 0.130464 0.089594
v 0.175614 0.133217 0.080806
v 0.170816 0.130807 0.082987
v 0.170114 0.130933 0.076432
v 0.175393 0.132087 0.108217
v 0.174389 0.151071 0.067273
v 0.178218 0.147132 0.065412
v 0.170671 0.130871 0.047513
v 0.177985 0.142009 0.051108
v 0.173281 0.151078 0.046081
v 0.173609 0.149871 0.042217
v 0.173252 0.150770 0.043186
v 0.172159 0.152271 0.053987
v 0.167538 0.154577 0.049142
v 0.158050 0.148481 0.051502
v 0.158214 0.149991 0.051784
v 0.173690 0.137033 0.034257
v 0.173114 0.137446 0.031306
v 0.172533 0.136833 0.030213
v 0.172889 0.137070 0.030847
v 0.171747 0.136653 0.028070
v 0.172582 0.136595 0.031571
v 0.160292 0.136972 0.032840
v 0.160869 0.136776 0.033759
v 0.155090 0.136776 0.037383
v 0.149604 0.136760 0.041475
v 0.138132 0.136733 0.047799
v 0.139234 0.136736 0.048639
v 0.140473 0.136904 0.051010
v 0.139736 0.137689 0.050443
v 0.139319 0.142009 0.050669
v 0.136529 0.138118 0.046308
v 0.137654 0.137181 0.047644
v 0.142241 0.136973 0.044162
v 0.137017 0.137564 0.046307
v 0.136021 0.140293 0.046217
v 0.136587 0.146183 0.046362
v 0.137635 0.146779 0.047575
v 0.141268 0.146944 0.052071
v 0.143227 0.145431 0.055421
v 0.142330 0.146964 0.053474
v 0.142087 0.147442 0.052463
v 0.140764 0.147556 0.050820
v 0.138136 0.147315 0.047572
v 0.137101 0.146465 0.046268
v 0.154519 0.147044 0.036459
v 0.153928 0.146160 0.035517
v 0.148245 0.146478 0.039291
v 0.149904 0.147274 0.041935
v 0.149318 0.147240 0.041000
v 0.143541 0.147240 0.044624
v 0.172503 0.147478 0.031365
v 0.173002 0.147260 0.032239
v 0.171361 0.147298 0.026446
v 0.171137 0.145931 0.024304
v 0.170891 0.145523 0.024460
v 0.165482 0.146160 0.028270
v 0.159516 0.145523 0.031593
v 0.147963 0.145523 0.038840
v 0.142175 0.138494 0.042470
v 0.147954 0.138494 0.038845
v 0.170878 0.144429 0.024249
v 0.170877 0.139582 0.024259
v 0.170802 0.138516 0.024505
v 0.165432 0.138016 0.028196
v 0.170856 0.137411 0.025308
v 0.171333 0.136607 0.026632
v 0.166073 0.147044 0.029212
v 0.142951 0.147901 0.053697
v 0.146504 0.145138 0.060607
v 0.146779 0.148106 0.059037
v 0.142897 0.142009 0.055621
v 0.140697 0.136626 0.050853
v 0.173633 0.131103 0.128635
v 0.169317 0.127328 0.129063
v 0.173451 0.135961 0.148846
v 0.171862 0.130606 0.142165
v 0.174583 0.136018 0.141939
v 0.168350 0.130237 0.162262
v 0.165093 0.126066 0.155105
v 0.169621 0.130300 0.155610
v 0.160607 0.125219 0.160994
v 0.157338 0.125911 0.160393
v 0.158953 0.126056 0.154228
v 0.149876 0.135836 0.159328
v 0.150816 0.142009 0.153567
v 0.151719 0.135870 0.153542
v 0.148991 0.142009 0.159261
v 0.149884 0.148182 0.159287
v 0.146039 0.135875 0.170576
v 0.145205 0.142009 0.170318
v 0.147144 0.142009 0.164764
v 0.146392 0.153907 0.177748
v 0.151875 0.158029 0.178935
v 0.148631 0.153995 0.171192
v 0.141181 0.147988 0.184200
v 0.140235 0.142009 0.184133
v 0.138747 0.147888 0.191084
v 0.138727 0.136129 0.191131
v 0.141161 0.136030 0.184250
v 0.140616 0.128403 0.204045
v 0.139566 0.130570 0.198109
v 0.142435 0.128173 0.198201
v 0.147834 0.126368 0.193521
v 0.145147 0.126952 0.196677
v 0.149115 0.126847 0.194240
v 0.146940 0.127276 0.197693
v 0.147514 0.128155 0.197899
v 0.146136 0.131101 0.202850
v 0.145438 0.128634 0.201381
v 0.141361 0.129798 0.208587
v 0.140706 0.129001 0.208175
v 0.142238 0.128194 0.204423
v 0.141958 0.131101 0.209223
v 0.139593 0.130418 0.211953
v 0.137871 0.131114 0.215474
v 0.136969 0.130510 0.215310
v 0.140715 0.133979 0.217520
v 0.144412 0.135009 0.219944
v 0.136016 0.133591 0.224225
v 0.136055 0.135009 0.232690
v 0.135806 0.134943 0.232705
v 0.135711 0.133534 0.225614
v 0.136103 0.133299 0.222578
v 0.135936 0.132608 0.221578
v 0.136135 0.132038 0.219726
v 0.134344 0.132270 0.222758
v 0.134330 0.132346 0.223283
v 0.135315 0.131367 0.218950
v 0.133887 0.131705 0.218332
v 0.135169 0.130929 0.214247
v 0.138269 0.129640 0.211492
v 0.139708 0.128755 0.207708
v 0.134179 0.147695 0.205054
v 0.135340 0.142009 0.198077
v 0.133092 0.142009 0.205104
v 0.136064 0.153463 0.211788
v 0.137545 0.153303 0.204909
v 0.132234 0.147615 0.212133
v 0.134692 0.152803 0.215280
v 0.135245 0.153133 0.214076
v 0.130689 0.147549 0.219311
v 0.129497 0.142009 0.219510
v 0.129765 0.147495 0.226593
v 0.130921 0.149782 0.226380
v 0.131597 0.150461 0.226698
v 0.130901 0.149558 0.230534
v 0.131394 0.148643 0.238416
v 0.131647 0.147904 0.241724
v 0.133679 0.148297 0.245974
v 0.134046 0.147484 0.247837
v 0.135515 0.148307 0.249513
v 0.129791 0.136570 0.233951
v 0.131477 0.133388 0.233662
v 0.131165 0.136610 0.241141
v 0.131458 0.133390 0.226281
v 0.132806 0.132361 0.222412
v 0.131982 0.132858 0.226533
v 0.132199 0.132742 0.233680
v 0.128566 0.142009 0.226856
v 0.129793 0.147449 0.233926
v 0.138073 0.147338 0.253958
v 0.133642 0.151593 0.223279
v 0.133979 0.152407 0.219309
v 0.132651 0.151432 0.222954
v 0.148590 0.135009 0.213571
v 0.163661 0.135040 0.190920
v 0.162396 0.135052 0.198128
v 0.154493 0.131101 0.190104
v 0.153964 0.127136 0.187552
v 0.158671 0.131101 0.183731
v 0.152972 0.127239 0.189107
v 0.151331 0.126503 0.190794
v 0.153576 0.126272 0.187366
v 0.152080 0.125577 0.186461
v 0.150129 0.125943 0.190103
v 0.154642 0.125393 0.182968
v 0.155556 0.125896 0.183768
v 0.154533 0.125396 0.183114
v 0.151857 0.125994 0.178980
v 0.148614 0.130026 0.171237
v 0.153810 0.125890 0.172614
v 0.146372 0.130116 0.177797
v 0.144497 0.127997 0.191553
v 0.144036 0.130249 0.184597
v 0.146637 0.127824 0.184958
v 0.155623 0.125858 0.166496
v 0.152426 0.130036 0.159580
v 0.162204 0.125909 0.168011
v 0.165260 0.128626 0.170839
v 0.162382 0.126731 0.173426
v 0.160030 0.125993 0.176451
v 0.162849 0.131101 0.177358
v 0.158383 0.127013 0.180764
v 0.160640 0.127258 0.177419
v 0.166970 0.131101 0.171072
v 0.167384 0.131831 0.171418
v 0.167183 0.131144 0.170671
v 0.166342 0.129796 0.170246
v 0.165325 0.128883 0.171181
v 0.165325 0.129091 0.171395
v 0.169071 0.142009 0.176610
v 0.168186 0.147990 0.176361
v 0.166938 0.148189 0.182203
v 0.167066 0.149173 0.179448
v 0.166434 0.148644 0.183346
v 0.167384 0.150235 0.175630
v 0.167102 0.153051 0.170586
v 0.170455 0.142009 0.169671
v 0.169562 0.148051 0.169478
v 0.171880 0.142009 0.162507
v 0.172231 0.135932 0.155706
v 0.173203 0.142009 0.155679
v 0.165107 0.157956 0.155056
v 0.169623 0.153716 0.155562
v 0.166365 0.157749 0.148585
v 0.167934 0.142009 0.182430
v 0.166446 0.147857 0.185204
v 0.164329 0.134941 0.187440
v 0.164457 0.134918 0.186916
v 0.166447 0.134278 0.179273
v 0.166005 0.134901 0.183023
v 0.167131 0.134765 0.178999
v 0.167642 0.134165 0.175645
v 0.167405 0.135258 0.178937
v 0.167805 0.134111 0.174894
v 0.163711 0.125944 0.161539
v 0.144893 0.133979 0.211147
v 0.153827 0.158130 0.172569
v 0.150587 0.154022 0.165330
v 0.153439 0.148080 0.147724
v 0.154094 0.142009 0.142142
v 0.152539 0.142009 0.147814
v 0.156429 0.147859 0.136103
v 0.151614 0.158190 0.188831
v 0.141121 0.150038 0.216907
v 0.145241 0.150038 0.210623
v 0.160794 0.148677 0.212683
v 0.161524 0.147788 0.212789
v 0.163860 0.147659 0.199061
v 0.164491 0.147674 0.195612
v 0.164911 0.142009 0.199138
v 0.161309 0.140931 0.226765
v 0.161726 0.142009 0.221717
v 0.161311 0.143086 0.226757
v 0.160720 0.135400 0.249035
v 0.159768 0.135544 0.241802
v 0.162319 0.135406 0.256174
v 0.162278 0.135260 0.260274
v 0.156862 0.138956 0.266941
v 0.152164 0.138956 0.267001
v 0.145297 0.136279 0.261643
v 0.163276 0.136904 0.260521
v 0.163364 0.138956 0.260543
v 0.163189 0.136737 0.255927
v 0.162869 0.138953 0.253424
v 0.162132 0.136550 0.251977
v 0.162707 0.138953 0.252627
v 0.161430 0.136423 0.248894
v 0.160790 0.136581 0.244799
v 0.161787 0.136560 0.250428
v 0.142238 0.136676 0.258781
v 0.142684 0.133946 0.258354
v 0.138701 0.132759 0.245558
v 0.137908 0.132667 0.243985
v 0.162136 0.147468 0.251981
v 0.163395 0.145010 0.255767
v 0.163273 0.147115 0.260525
v 0.162980 0.148068 0.260459
v 0.156901 0.147211 0.266744
v 0.160688 0.148081 0.264270
v 0.152162 0.145009 0.267004
v 0.152280 0.147245 0.266822
v 0.160743 0.147580 0.244806
v 0.160053 0.147811 0.239105
v 0.159126 0.148689 0.234526
v 0.147856 0.147334 0.052648
v 0.147530 0.143510 0.053340
v 0.157483 0.147395 0.050534
v 0.169547 0.153844 0.038235
v 0.163940 0.156350 0.041370
v 0.155728 0.159325 0.030838
v 0.152062 0.160417 0.025216
v 0.152354 0.159568 0.032874
v 0.148728 0.160419 0.026890
v 0.145590 0.160480 0.028860
v 0.147627 0.160622 0.027915
v 0.142463 0.160180 0.030774
v 0.144160 0.160546 0.030052
v 0.141867 0.160402 0.031622
v 0.148911 0.159590 0.034965
v 0.148848 0.157977 0.042554
v 0.152024 0.158332 0.040679
v 0.145503 0.159282 0.037036
v 0.146540 0.154046 0.051298
v 0.145743 0.157038 0.044386
v 0.142950 0.155230 0.046025
v 0.151993 0.156652 0.048183
v 0.156541 0.155736 0.052840
v 0.154134 0.154725 0.054761
v 0.153903 0.155077 0.054565
v 0.140639 0.144128 0.043214
v 0.142103 0.147244 0.045529
v 0.140740 0.145524 0.043371
v 0.137667 0.147263 0.046948
v 0.135177 0.149905 0.043274
v 0.131470 0.151624 0.038088
v 0.132147 0.153245 0.037468
v 0.133133 0.154860 0.037276
v 0.136790 0.153470 0.042313
v 0.139146 0.156409 0.040894
v 0.135937 0.158037 0.035353
v 0.136530 0.158535 0.034811
v 0.138187 0.159400 0.033996
v 0.140151 0.159897 0.032275
v 0.133084 0.154649 0.036660
v 0.134143 0.155953 0.035947
v 0.130876 0.149855 0.038177
v 0.129833 0.142204 0.039215
v 0.130191 0.146311 0.039103
v 0.129976 0.144451 0.039236
v 0.129903 0.144429 0.038700
v 0.146682 0.123425 0.028440
v 0.144033 0.123573 0.030115
v 0.141882 0.123923 0.031372
v 0.140352 0.124232 0.032397
v 0.138773 0.124563 0.033397
v 0.148860 0.124491 0.034999
v 0.145465 0.124887 0.037062
v 0.157890 0.126910 0.044808
v 0.151980 0.125740 0.040713
v 0.155199 0.125656 0.038814
v 0.163891 0.127595 0.041413
v 0.164248 0.128610 0.048321
v 0.163552 0.135688 0.047922
v 0.147315 0.135224 0.058398
v 0.154032 0.129292 0.054745
v 0.153784 0.128996 0.054493
v 0.148865 0.131984 0.057273
v 0.146494 0.130029 0.051340
v 0.146851 0.134926 0.058321
v 0.141023 0.136724 0.050614
v 0.135052 0.134094 0.043357
v 0.130238 0.136951 0.039075
v 0.129887 0.140706 0.039291
v 0.130007 0.138822 0.039217
v 0.133909 0.142009 0.044025
v 0.134231 0.146028 0.043834
v 0.134182 0.137992 0.043870
v 0.140643 0.139582 0.043220
v 0.143698 0.143510 0.048139
v 0.167307 0.138153 0.015414
v 0.170810 0.142009 0.021844
v 0.170466 0.138052 0.022045
v 0.167775 0.140121 0.015464
v 0.167739 0.142009 0.015331
v 0.166733 0.136468 0.015549
v 0.166527 0.134628 0.015947
v 0.167275 0.136385 0.015788
v 0.165453 0.131761 0.016551
v 0.160163 0.125646 0.019987
v 0.162180 0.126951 0.018869
v 0.162237 0.127521 0.018512
v 0.163314 0.128195 0.017988
v 0.164465 0.129599 0.017424
v 0.171597 0.134821 0.029357
v 0.167506 0.129147 0.031671
v 0.167667 0.130873 0.023686
v 0.169442 0.130227 0.038314
v 0.172845 0.136674 0.033869
v 0.168339 0.136759 0.029725
v 0.167257 0.137538 0.027367
v 0.170912 0.136973 0.026179
v 0.169939 0.136685 0.038672
v 0.149733 0.140509 0.051165
v 0.148426 0.136686 0.052063
v 0.149739 0.136686 0.051162
v 0.164380 0.140509 0.041978
v 0.151079 0.140509 0.050321
v 0.162400 0.140509 0.043220
v 0.169795 0.130549 0.044794
v 0.171940 0.132065 0.042923
v 0.159031 0.125117 0.028851
v 0.152917 0.123821 0.024259
v 0.150014 0.123395 0.026662
v 0.152298 0.124437 0.032911
v 0.149190 0.123370 0.027180
v 0.167566 0.143864 0.015314
v 0.167521 0.145718 0.015472
v 0.169522 0.149821 0.022586
v 0.170482 0.145982 0.022030
v 0.171692 0.149247 0.029289
v 0.168119 0.147244 0.029211
v 0.166932 0.144437 0.026732
v 0.167666 0.147045 0.028216
v 0.162689 0.147353 0.046382
v 0.168693 0.147395 0.043503
v 0.170974 0.147044 0.026141
v 0.167865 0.153267 0.023558
v 0.165410 0.152685 0.016579
v 0.165116 0.154052 0.017181
v 0.163701 0.155768 0.017749
v 0.165394 0.156018 0.025029
v 0.159887 0.158314 0.019930
v 0.157940 0.158821 0.021016
v 0.158201 0.159214 0.021229
v 0.156763 0.159714 0.022326
v 0.153481 0.160139 0.024035
v 0.151830 0.160079 0.024897
v 0.162372 0.157786 0.026840
v 0.166903 0.147508 0.015477
v 0.167635 0.154938 0.031582
v 0.137823 0.136984 0.046895
v 0.140740 0.138494 0.043371
v 0.141026 0.137538 0.043819
v 0.131603 0.131601 0.037914
v 0.130941 0.133319 0.038307
v 0.133745 0.128043 0.036468
v 0.132372 0.129974 0.037328
v 0.135847 0.126332 0.034924
v 0.137221 0.125373 0.034111
v 0.135600 0.126324 0.035731
v 0.139075 0.127687 0.040942
v 0.133490 0.128415 0.037054
v 0.140614 0.131469 0.047392
v 0.142807 0.135585 0.053382
v 0.139081 0.134727 0.048264
v 0.143698 0.140509 0.048139
v 0.142394 0.136759 0.045998
v 0.148815 0.126168 0.042582
v 0.145721 0.127131 0.044407
v 0.142128 0.125858 0.039090
v 0.156472 0.128332 0.052876
v 0.151965 0.127472 0.048213
v 0.162028 0.128323 0.049722
v 0.155433 0.129131 0.053997
v 0.145591 0.123390 0.029441
v 0.146844 0.149131 0.058176
v 0.148920 0.152036 0.057236
v 0.139185 0.147431 0.048706
v 0.162102 0.155797 0.049640
v 0.165951 0.155226 0.047054
v 0.166016 0.155249 0.046887
v 0.158842 -0.062669 0.413413
v 0.158573 -0.056501 0.402258
v 0.158842 -0.062670 0.407471
v 0.178262 -0.058597 0.415731
v 0.182804 -0.058432 0.418712
v 0.179466 -0.058620 0.414645
v 0.182077 -0.057996 0.419815
v 0.186681 -0.084014 0.478764
v 0.196832 -0.084017 0.449068
v 0.194116 -0.084016 0.464732
v 0.182642 -0.058614 0.479589
v 0.178321 -0.058614 0.482342
v 0.184315 -0.058364 0.480909
v 0.178870 -0.058053 0.475110
v 0.163939 -0.056815 0.469651
v 0.158664 -0.056493 0.495963
v 0.166733 -0.056815 0.472445
v 0.153996 -0.084021 0.401123
v 0.130721 -0.084021 0.404246
v 0.146101 -0.084021 0.400882
v 0.184450 -0.058620 0.414226
v 0.164089 -0.057913 0.437800
v 0.165594 -0.056816 0.460844
v 0.173966 -0.056817 0.452763
v 0.170185 -0.056817 0.452763
v 0.164750 -0.058024 0.452067
v 0.166171 -0.058242 0.452033
v 0.170191 -0.057877 0.452006
v 0.170089 -0.058024 0.446156
v 0.168298 -0.058046 0.446198
v 0.158842 -0.056817 0.444035
v 0.158842 -0.057920 0.446169
v 0.158842 -0.056817 0.445366
v 0.158842 -0.058617 0.449066
v 0.160734 -0.058617 0.446565
v 0.161722 -0.058278 0.466168
v 0.170566 -0.058615 0.467512
v 0.166517 -0.058386 0.470775
v 0.172029 -0.057922 0.468281
v 0.159798 -0.058229 0.456199
v 0.158842 -0.058304 0.455349
v 0.177422 -0.057926 0.473635
v 0.194629 -0.058127 0.446077
v 0.185467 -0.058092 0.452054
v 0.181807 -0.057929 0.446053
v 0.179659 -0.058511 0.451795
v 0.177767 -0.058617 0.446565
v 0.177767 -0.058492 0.451784
v 0.193501 -0.058055 0.452067
v 0.195955 -0.058266 0.446216
v 0.165844 -0.058129 0.462104
v 0.158842 -0.058616 0.462863
v 0.161406 -0.058180 0.440310
v 0.158842 -0.057874 0.452170
v 0.158842 -0.056817 0.454093
v 0.158842 -0.056817 0.452763
v 0.172046 -0.058080 0.429844
v 0.170895 -0.058244 0.430949
v 0.170496 -0.057933 0.431396
v 0.165358 -0.058429 0.436181
v 0.177469 -0.058135 0.424399
v 0.176215 -0.058242 0.425499
v 0.171981 -0.058141 0.421456
v 0.172815 -0.058027 0.420590
v 0.159949 -0.058134 0.433480
v 0.092011 -0.064667 0.442115
v 0.105289 -0.064669 0.419428
v 0.095382 -0.064668 0.428619
v 0.109860 -0.084014 0.480754
v 0.105289 -0.084020 0.419429
v 0.184070 -0.056814 0.484315
v 0.185479 -0.058021 0.481719
v 0.135669 -0.061332 0.401974
v 0.087414 -0.050419 0.449511
v 0.087054 -0.058583 0.423673
v 0.087054 -0.064668 0.429853
v 0.097881 -0.064664 0.473857
v 0.095980 -0.064564 0.457495
v 0.101809 -0.064664 0.466732
v 0.101965 -0.064713 0.431455
v 0.097881 -0.064668 0.424271
v 0.103606 -0.064735 0.427802
v 0.102346 -0.065901 0.433709
v 0.102191 -0.065800 0.435678
v 0.110209 -0.065840 0.458073
v 0.103622 -0.065815 0.449582
v 0.117974 -0.058172 0.454615
v 0.099095 -0.044459 0.456477
v 0.097019 -0.045043 0.456404
v 0.097019 -0.039076 0.456403
v 0.099256 -0.059804 0.456394
v 0.096019 -0.053326 0.456370
v 0.096297 -0.045213 0.455943
v 0.096054 -0.035892 0.452896
v 0.096294 -0.039076 0.455831
v 0.092054 -0.025284 0.459128
v 0.092054 -0.030877 0.457686
v 0.092054 -0.025101 0.457685
v 0.099042 -0.062049 0.441651
v 0.095857 -0.053328 0.441804
v 0.099151 -0.063355 0.441635
v 0.099447 -0.056497 0.441726
v 0.096362 -0.046485 0.442015
v 0.099095 -0.044461 0.441647
v 0.097019 -0.045896 0.441720
v 0.092212 -0.032363 0.434683
v 0.092054 -0.030879 0.440436
v 0.092075 -0.033807 0.435364
v 0.113702 -0.030603 0.432529
v 0.118290 -0.030569 0.430459
v 0.117372 -0.030466 0.432241
v 0.134721 -0.045321 0.402662
v 0.140554 -0.031321 0.402661
v 0.134721 -0.038971 0.402661
v 0.143983 -0.030820 0.413561
v 0.145780 -0.030821 0.403154
v 0.125362 -0.030820 0.421817
v 0.124204 -0.030834 0.407467
v 0.126866 -0.030798 0.420708
v 0.158234 -0.029988 0.402117
v 0.158342 -0.031395 0.402047
v 0.147840 -0.030570 0.413560
v 0.148109 -0.030821 0.403153
v 0.149945 -0.030821 0.403156
v 0.149472 -0.030820 0.413275
v 0.151963 -0.030821 0.403155
v 0.151309 -0.030741 0.413540
v 0.153818 -0.030821 0.403156
v 0.158304 -0.030075 0.406064
v 0.157520 -0.030821 0.403159
v 0.155715 -0.030821 0.403152
v 0.133295 -0.058521 0.403395
v 0.133775 -0.058520 0.415705
v 0.135623 -0.058520 0.414945
v 0.087054 -0.032619 0.423802
v 0.087054 -0.027073 0.427593
v 0.087054 -0.030102 0.425286
v 0.088954 -0.011511 0.453566
v 0.094331 -0.009349 0.453499
v 0.088954 -0.009428 0.453519
v 0.148332 -0.058230 0.495338
v 0.158304 -0.046970 0.495712
v 0.158365 -0.048810 0.495712
v 0.133712 -0.030813 0.494790
v 0.141700 -0.030813 0.494968
v 0.140092 -0.030813 0.494971
v 0.110213 -0.030815 0.465820
v 0.105415 -0.030828 0.470632
v 0.106747 -0.030815 0.465637
v 0.157663 -0.030440 0.494590
v 0.151322 -0.030814 0.484753
v 0.158054 -0.030813 0.490839
v 0.156035 -0.030813 0.494967
v 0.152038 -0.030813 0.494965
v 0.149466 -0.030564 0.484596
v 0.147940 -0.030813 0.494964
v 0.147648 -0.030814 0.484845
v 0.149760 -0.030813 0.494968
v 0.145829 -0.030814 0.484751
v 0.143847 -0.030813 0.494963
v 0.141975 -0.030481 0.483902
v 0.143983 -0.030814 0.484561
v 0.158412 -0.029879 0.492057
v 0.118077 -0.030815 0.467794
v 0.114395 -0.030814 0.483002
v 0.112225 -0.030814 0.480669
v 0.158434 -0.060127 0.496743
v 0.158554 -0.059013 0.494022
v 0.152221 -0.058013 0.495463
v 0.158054 -0.050651 0.495462
v 0.158054 -0.052491 0.495463
v 0.133295 -0.058513 0.494731
v 0.122412 -0.058515 0.474503
v 0.127547 -0.058513 0.492392
v 0.158342 -0.060070 0.487431
v 0.156518 -0.062127 0.485962
v 0.118459 -0.065950 0.472403
v 0.118641 -0.065864 0.469228
v 0.119386 -0.065831 0.470345
v 0.112629 -0.065964 0.469179
v 0.102365 -0.065883 0.464440
v 0.112176 -0.065964 0.468348
v 0.115001 -0.058415 0.461166
v 0.116154 -0.058350 0.457971
v 0.116489 -0.057895 0.459807
v 0.115812 -0.065905 0.465986
v 0.114793 -0.065922 0.465705
v 0.117133 -0.057959 0.460733
v 0.109484 -0.065965 0.461943
v 0.103335 -0.065763 0.454125
v 0.103552 -0.065857 0.468173
v 0.106420 -0.065864 0.473850
v 0.105224 -0.065839 0.471766
v 0.121852 -0.064662 0.487468
v 0.123471 -0.064662 0.487525
v 0.135746 -0.061472 0.496120
v 0.117136 -0.065804 0.473614
v 0.116685 -0.065788 0.473937
v 0.135832 -0.030813 0.494970
v 0.138002 -0.030813 0.494966
v 0.087054 -0.040790 0.449061
v 0.087054 -0.022227 0.465054
v 0.087054 -0.019497 0.460108
v 0.158554 -0.054340 0.402163
v 0.158554 -0.052584 0.401586
v 0.152221 -0.058521 0.403163
v 0.153092 -0.058520 0.412846
v 0.156242 -0.058554 0.413135
v 0.157604 -0.061272 0.411636
v 0.158228 -0.060687 0.410694
v 0.115644 -0.064668 0.422066
v 0.124461 -0.064657 0.419684
v 0.122664 -0.064668 0.421966
v 0.115893 -0.065901 0.428396
v 0.113774 -0.065768 0.422158
v 0.116397 -0.065786 0.423955
v 0.123836 -0.058519 0.422236
v 0.126119 -0.058520 0.420315
v 0.100054 -0.058517 0.449063
v 0.106112 -0.058442 0.446233
v 0.100054 -0.058517 0.446540
v 0.113570 -0.059417 0.442349
v 0.117681 -0.059417 0.443138
v 0.116087 -0.063967 0.442833
v 0.113758 -0.058417 0.441367
v 0.116353 -0.058198 0.439564
v 0.116016 -0.065868 0.430027
v 0.116676 -0.065930 0.432175
v 0.110014 -0.065867 0.434936
v 0.109685 -0.065867 0.435792
v 0.112504 -0.064466 0.449064
v 0.118165 -0.064466 0.446467
v 0.118304 -0.064216 0.449064
v 0.138462 -0.030820 0.414724
v 0.140237 -0.030820 0.414250
v 0.141830 -0.030821 0.403153
v 0.133613 -0.030834 0.403299
v 0.138257 -0.030821 0.403157
v 0.121785 -0.030821 0.409037
v 0.092290 -0.032398 0.451796
v 0.092086 -0.033826 0.452579
v 0.099158 -0.056617 0.456416
v 0.178234 -0.057389 0.414911
v 0.175556 -0.057551 0.417742
v 0.176999 -0.058552 0.416760
v 0.180304 -0.057715 0.421658
v 0.186827 -0.063620 0.419603
v 0.185468 -0.058310 0.416365
v 0.184052 -0.058244 0.417793
v 0.184521 -0.063620 0.414317
v 0.185413 -0.070420 0.416148
v 0.184521 -0.070420 0.414317
v 0.196032 -0.077216 0.456998
v 0.196032 -0.084016 0.456998
v 0.190980 -0.063615 0.472054
v 0.190980 -0.056815 0.472053
v 0.186681 -0.063614 0.478763
v 0.179138 -0.058238 0.483817
v 0.178270 -0.057624 0.483266
v 0.182111 -0.057793 0.478413
v 0.180169 -0.058018 0.476551
v 0.173561 -0.058546 0.477935
v 0.172351 -0.058454 0.476854
v 0.169949 -0.057491 0.474819
v 0.166959 -0.057136 0.472220
v 0.169753 -0.057136 0.475015
v 0.156842 -0.064663 0.484720
v 0.157842 -0.064395 0.478778
v 0.156842 -0.064663 0.478778
v 0.156842 -0.064665 0.455009
v 0.157842 -0.064397 0.455009
v 0.156842 -0.064666 0.449067
v 0.117242 -0.070420 0.412381
v 0.111573 -0.064669 0.416427
v 0.117242 -0.064669 0.412381
v 0.130721 -0.070421 0.404245
v 0.130721 -0.077221 0.404246
v 0.123648 -0.077221 0.407761
v 0.158208 -0.064034 0.425298
v 0.158574 -0.063668 0.431241
v 0.161746 -0.070421 0.402648
v 0.161746 -0.077221 0.402649
v 0.153996 -0.070421 0.401122
v 0.179210 -0.063620 0.411493
v 0.181385 -0.058225 0.412255
v 0.182975 -0.063620 0.412907
v 0.146101 -0.070421 0.400881
v 0.153996 -0.077221 0.401123
v 0.146101 -0.077221 0.400882
v 0.173648 -0.057332 0.445845
v 0.175776 -0.058353 0.446229
v 0.160023 -0.058117 0.452067
v 0.167709 -0.058242 0.452033
v 0.172006 -0.058200 0.452045
v 0.162073 -0.058200 0.446088
v 0.166404 -0.057386 0.445881
v 0.159988 -0.058616 0.464009
v 0.160957 -0.058547 0.465331
v 0.167555 -0.058145 0.472053
v 0.164669 -0.058116 0.460909
v 0.161610 -0.057331 0.457538
v 0.167677 -0.058241 0.463965
v 0.166845 -0.058365 0.463181
v 0.172993 -0.057929 0.469233
v 0.174339 -0.057880 0.470625
v 0.175683 -0.057918 0.472070
v 0.196032 -0.063616 0.456997
v 0.196589 -0.056817 0.452763
v 0.196032 -0.056816 0.456996
v 0.196043 -0.063618 0.441205
v 0.192415 -0.058188 0.446220
v 0.184140 -0.058333 0.451942
v 0.181552 -0.058457 0.451909
v 0.187505 -0.057956 0.446010
v 0.185309 -0.057386 0.445881
v 0.192871 -0.056817 0.452763
v 0.189917 -0.057627 0.452256
v 0.189090 -0.056817 0.452763
v 0.191014 -0.058242 0.452033
v 0.191076 -0.070419 0.426262
v 0.191076 -0.077219 0.426263
v 0.186827 -0.077220 0.419604
v 0.174679 -0.058581 0.471449
v 0.163337 -0.058581 0.467534
v 0.164164 -0.057136 0.469425
v 0.161144 -0.056815 0.466856
v 0.158842 -0.058548 0.463216
v 0.162691 -0.058550 0.438848
v 0.161555 -0.056818 0.441322
v 0.161329 -0.057139 0.441097
v 0.172407 -0.056819 0.430470
v 0.174894 -0.057140 0.427532
v 0.172993 -0.058119 0.428899
v 0.167784 -0.058201 0.434077
v 0.178922 -0.058368 0.422875
v 0.173453 -0.058353 0.420089
v 0.168736 -0.058244 0.424717
v 0.167703 -0.058368 0.425797
v 0.163588 -0.058490 0.430085
v 0.158842 -0.058309 0.434624
v 0.165829 -0.057933 0.427577
v 0.164404 -0.057742 0.428947
v 0.174833 -0.058459 0.426836
v 0.099321 -0.071118 0.422932
v 0.099321 -0.064668 0.422932
v 0.092143 -0.077216 0.457014
v 0.091512 -0.071116 0.449067
v 0.091512 -0.077217 0.449068
v 0.099342 -0.077215 0.475223
v 0.099342 -0.084015 0.475223
v 0.102571 -0.084014 0.477533
v 0.116506 -0.070414 0.485139
v 0.109860 -0.077214 0.480754
v 0.116506 -0.077214 0.485140
v 0.153383 -0.077213 0.497079
v 0.153383 -0.084013 0.497079
v 0.161218 -0.077213 0.495634
v 0.178945 -0.063613 0.486774
v 0.181379 -0.058454 0.485883
v 0.175117 -0.056814 0.480829
v 0.175343 -0.057135 0.480604
v 0.185270 -0.063614 0.482432
v 0.184257 -0.070414 0.484145
v 0.185270 -0.070414 0.482432
v 0.168708 -0.063613 0.492919
v 0.168708 -0.056813 0.492918
v 0.161218 -0.056813 0.495632
v 0.092011 -0.071117 0.442115
v 0.093272 -0.077567 0.435261
v 0.092011 -0.077567 0.442116
v 0.175989 -0.077221 0.409357
v 0.175989 -0.084021 0.409357
v 0.169143 -0.077221 0.405418
v 0.135754 -0.063660 0.403208
v 0.142434 -0.060799 0.400922
v 0.138564 -0.061289 0.401437
v 0.135734 -0.053548 0.400976
v 0.127832 -0.061313 0.403936
v 0.127881 -0.063030 0.404678
v 0.135645 -0.060991 0.401873
v 0.113475 -0.061602 0.410555
v 0.113408 -0.063187 0.411476
v 0.093991 -0.058186 0.420360
v 0.100464 -0.061548 0.417975
v 0.094001 -0.061861 0.422160
v 0.093991 -0.058180 0.477766
v 0.087054 -0.054181 0.476195
v 0.087054 -0.058579 0.474453
v 0.099229 -0.061879 0.479250
v 0.093978 -0.062062 0.475849
v 0.102499 -0.064732 0.454864
v 0.101831 -0.064799 0.460652
v 0.095967 -0.064667 0.440257
v 0.095578 -0.064191 0.441408
v 0.094754 -0.064667 0.440621
v 0.087054 -0.063887 0.427275
v 0.089987 -0.064106 0.426469
v 0.104317 -0.065721 0.428125
v 0.103973 -0.065918 0.429069
v 0.102489 -0.065735 0.432522
v 0.102491 -0.065738 0.438202
v 0.103172 -0.065862 0.442019
v 0.103171 -0.065967 0.440988
v 0.103112 -0.065167 0.443199
v 0.102748 -0.064801 0.443238
v 0.103458 -0.065799 0.445649
v 0.103563 -0.065816 0.448337
v 0.103478 -0.065816 0.452170
v 0.111933 -0.065591 0.452516
v 0.112109 -0.065716 0.454282
v 0.112535 -0.064554 0.455864
v 0.112199 -0.065737 0.456111
v 0.113294 -0.064337 0.455482
v 0.116040 -0.064398 0.455049
v 0.118761 -0.064254 0.454481
v 0.119003 -0.063980 0.454235
v 0.118556 -0.058564 0.452342
v 0.119003 -0.058804 0.454234
v 0.117205 -0.059040 0.455141
v 0.117681 -0.059415 0.454988
v 0.116284 -0.058122 0.456129
v 0.116798 -0.057780 0.454852
v 0.106112 -0.058517 0.451585
v 0.112169 -0.058404 0.452046
v 0.118873 -0.057863 0.466470
v 0.114371 -0.056816 0.462299
v 0.118470 -0.056974 0.467279
v 0.102879 -0.037925 0.465435
v 0.101413 -0.037650 0.461082
v 0.102045 -0.035478 0.463438
v 0.100447 -0.036853 0.460685
v 0.097085 -0.035059 0.462679
v 0.096131 -0.037571 0.456458
v 0.099434 -0.038415 0.456678
v 0.097006 -0.038578 0.456477
v 0.100557 -0.050387 0.457518
v 0.100708 -0.044850 0.457868
v 0.100383 -0.038033 0.457554
v 0.103043 -0.055216 0.465205
v 0.105174 -0.056815 0.471085
v 0.102874 -0.056815 0.465800
v 0.100123 -0.063725 0.455875
v 0.099031 -0.062380 0.456475
v 0.098993 -0.064464 0.457225
v 0.095533 -0.063540 0.455972
v 0.094670 -0.064099 0.449064
v 0.095054 -0.063166 0.449064
v 0.095427 -0.047641 0.455821
v 0.095992 -0.036769 0.454515
v 0.092528 -0.037152 0.457686
v 0.092409 -0.036917 0.459244
v 0.092291 -0.030093 0.463611
v 0.092233 -0.032439 0.463502
v 0.092203 -0.024768 0.457685
v 0.092117 -0.025050 0.456181
v 0.095933 -0.025580 0.454047
v 0.092528 -0.025443 0.454547
v 0.094054 -0.030801 0.451332
v 0.092528 -0.030801 0.451412
v 0.095660 -0.030826 0.451227
v 0.097002 -0.024652 0.455782
v 0.096653 -0.024906 0.455015
v 0.100621 -0.024247 0.454273
v 0.100515 -0.024465 0.455331
v 0.100447 -0.024396 0.443626
v 0.096031 -0.025613 0.444325
v 0.096432 -0.025134 0.449060
v 0.096023 -0.034372 0.451837
v 0.096054 -0.032658 0.450984
v 0.091580 -0.041714 0.446693
v 0.095580 -0.041533 0.446588
v 0.095580 -0.040870 0.449061
v 0.095643 -0.046295 0.444064
v 0.094962 -0.047359 0.444319
v 0.095209 -0.047569 0.443986
v 0.087471 -0.049634 0.446567
v 0.091580 -0.048185 0.444959
v 0.087554 -0.047663 0.444931
v 0.087304 -0.048114 0.445083
v 0.087479 -0.045956 0.444531
v 0.087554 -0.044686 0.444689
v 0.087459 -0.043342 0.445246
v 0.087423 -0.042003 0.446521
v 0.087571 -0.041390 0.448123
v 0.087580 -0.041485 0.450337
v 0.091580 -0.041714 0.451430
v 0.087471 -0.042158 0.451740
v 0.087563 -0.043923 0.453171
v 0.087509 -0.045932 0.453570
v 0.091580 -0.045817 0.453799
v 0.087505 -0.047527 0.453255
v 0.094745 -0.048104 0.453501
v 0.091580 -0.048185 0.453164
v 0.095419 -0.046497 0.453975
v 0.095124 -0.047482 0.453981
v 0.087580 -0.050233 0.448075
v 0.091580 -0.049919 0.446693
v 0.087554 -0.048685 0.452561
v 0.095239 -0.047594 0.442752
v 0.095358 -0.058518 0.442083
v 0.099033 -0.058030 0.441651
v 0.099664 -0.059537 0.442150
v 0.100406 -0.056318 0.440955
v 0.100406 -0.050389 0.440954
v 0.101925 -0.055239 0.436650
v 0.102605 -0.056818 0.434672
v 0.103043 -0.055219 0.432920
v 0.101321 -0.037836 0.437409
v 0.103410 -0.044961 0.433156
v 0.102879 -0.037929 0.432687
v 0.100323 -0.038116 0.440498
v 0.097085 -0.036781 0.437680
v 0.097085 -0.037384 0.440105
v 0.096238 -0.037735 0.441690
v 0.095819 -0.043306 0.444713
v 0.092528 -0.034949 0.445211
v 0.095875 -0.034307 0.446176
v 0.095580 -0.035053 0.445332
v 0.092174 -0.036348 0.437898
v 0.092117 -0.036897 0.440436
v 0.092289 -0.037078 0.440436
v 0.092289 -0.035262 0.436052
v 0.093688 -0.030879 0.434100
v 0.092528 -0.030095 0.434260
v 0.097143 -0.032618 0.434155
v 0.094848 -0.031034 0.434041
v 0.102298 -0.030473 0.433648
v 0.098549 -0.027607 0.434714
v 0.103221 -0.030352 0.433450
v 0.110592 -0.029947 0.433274
v 0.113732 -0.029944 0.433108
v 0.105197 -0.030890 0.427570
v 0.106539 -0.030890 0.425051
v 0.108306 -0.031286 0.421740
v 0.106103 -0.031202 0.425339
v 0.104614 -0.031096 0.428308
v 0.103194 -0.031095 0.431618
v 0.103559 -0.031176 0.430634
v 0.102472 -0.031156 0.433341
v 0.102863 -0.030931 0.432894
v 0.103049 -0.030848 0.432800
v 0.112862 -0.044979 0.412075
v 0.113823 -0.038109 0.412578
v 0.109545 -0.038091 0.418904
v 0.133934 -0.058254 0.402887
v 0.144443 -0.031074 0.402726
v 0.146388 -0.030892 0.402904
v 0.144443 -0.030892 0.402904
v 0.144254 -0.030821 0.403154
v 0.153168 -0.030753 0.413811
v 0.155971 -0.030653 0.413959
v 0.158077 -0.029912 0.412029
v 0.153407 -0.027748 0.414081
v 0.151771 -0.027617 0.413907
v 0.155047 -0.027016 0.407780
v 0.154464 -0.026773 0.409572
v 0.154699 -0.026829 0.412774
v 0.149204 -0.026188 0.412271
v 0.154502 -0.026916 0.413427
v 0.146863 -0.027261 0.413805
v 0.148544 -0.027343 0.413763
v 0.137967 -0.027098 0.415386
v 0.135518 -0.026492 0.415898
v 0.135061 -0.030662 0.416285
v 0.133377 -0.030570 0.417133
v 0.120315 -0.025695 0.427920
v 0.123759 -0.026264 0.423967
v 0.122855 -0.026156 0.424893
v 0.124965 -0.026369 0.422808
v 0.129062 -0.026919 0.419653
v 0.130181 -0.030320 0.418940
v 0.130315 -0.027008 0.418859
v 0.132913 -0.027013 0.417413
v 0.134260 -0.027125 0.416790
v 0.127119 -0.030320 0.421039
v 0.118243 -0.023844 0.428425
v 0.115465 -0.021885 0.435960
v 0.104014 -0.019477 0.439373
v 0.103237 -0.018968 0.439348
v 0.094070 -0.022890 0.431989
v 0.094847 -0.019689 0.437046
v 0.101563 -0.020494 0.435526
v 0.107541 -0.026561 0.420500
v 0.114308 -0.026461 0.417888
v 0.107541 -0.028182 0.416583
v 0.121183 -0.028159 0.407853
v 0.128260 -0.027361 0.406121
v 0.156679 -0.028452 0.401736
v 0.150266 -0.028139 0.401666
v 0.148319 -0.027185 0.402700
v 0.149001 -0.026374 0.408245
v 0.154539 -0.026819 0.408702
v 0.158304 -0.028896 0.409154
v 0.158304 -0.028895 0.411403
v 0.158521 -0.029204 0.409154
v 0.157778 -0.028956 0.401624
v 0.158044 -0.031120 0.400934
v 0.158426 -0.041456 0.402473
v 0.158365 -0.039616 0.402533
v 0.146388 -0.031074 0.402726
v 0.148332 -0.030892 0.402904
v 0.152221 -0.030892 0.402904
v 0.154165 -0.030892 0.402904
v 0.156110 -0.030892 0.402904
v 0.150263 -0.029974 0.402083
v 0.140554 -0.058454 0.402913
v 0.140554 -0.058521 0.403163
v 0.142499 -0.058454 0.402913
v 0.136665 -0.058454 0.402913
v 0.130398 -0.058679 0.417813
v 0.128679 -0.058587 0.418769
v 0.127806 -0.059020 0.419675
v 0.128409 -0.062720 0.419251
v 0.128443 -0.063745 0.418655
v 0.125642 -0.064019 0.420356
v 0.154075 -0.064017 0.407271
v 0.154295 -0.063896 0.403057
v 0.155651 -0.061583 0.400674
v 0.141939 -0.063225 0.401899
v 0.147527 -0.064221 0.402698
v 0.142071 -0.064221 0.403127
v 0.156575 -0.060390 0.400462
v 0.156367 -0.045822 0.399816
v 0.157557 -0.042520 0.399968
v 0.157959 -0.045826 0.399994
v 0.143114 -0.045822 0.400072
v 0.135895 -0.045821 0.400600
v 0.142998 -0.039215 0.400448
v 0.136090 -0.031848 0.401960
v 0.128260 -0.030662 0.402842
v 0.135514 -0.030108 0.401327
v 0.107345 -0.032620 0.412271
v 0.107455 -0.039189 0.411336
v 0.087054 -0.024448 0.430204
v 0.094070 -0.024717 0.428781
v 0.088697 -0.020317 0.436383
v 0.087817 -0.019706 0.437621
v 0.088815 -0.018482 0.439269
v 0.088964 -0.017483 0.441070
v 0.088773 -0.015876 0.443759
v 0.088787 -0.009438 0.444640
v 0.100188 -0.013827 0.444666
v 0.100219 -0.016362 0.443770
v 0.096080 -0.017555 0.441590
v 0.099938 -0.017121 0.442816
v 0.102100 -0.018649 0.440394
v 0.100775 -0.018039 0.444641
v 0.100727 -0.016422 0.445256
v 0.100551 -0.009104 0.445435
v 0.094331 -0.008590 0.452654
v 0.100037 -0.008628 0.449058
v 0.094331 -0.008417 0.449058
v 0.088487 -0.008792 0.449059
v 0.088521 -0.008709 0.447286
v 0.088454 -0.017363 0.449059
v 0.088454 -0.013437 0.445044
v 0.087754 -0.017899 0.454717
v 0.088708 -0.016544 0.454966
v 0.088968 -0.016495 0.455008
v 0.100391 -0.015816 0.453648
v 0.100374 -0.013827 0.453250
v 0.095126 -0.017519 0.456529
v 0.094631 -0.017502 0.456530
v 0.088964 -0.017481 0.457048
v 0.094070 -0.024713 0.469339
v 0.093741 -0.022850 0.466069
v 0.108286 -0.021360 0.464044
v 0.106802 -0.023924 0.469337
v 0.107542 -0.023963 0.469538
v 0.116680 -0.022708 0.466501
v 0.117330 -0.023249 0.468089
v 0.116126 -0.022260 0.464717
v 0.115673 -0.023968 0.462009
v 0.117352 -0.024592 0.465572
v 0.117911 -0.025288 0.466518
v 0.116557 -0.024614 0.463909
v 0.120043 -0.025458 0.469885
v 0.119205 -0.024977 0.468805
v 0.125261 -0.025922 0.476174
v 0.121183 -0.024790 0.473769
v 0.124556 -0.025311 0.477077
v 0.107541 -0.025151 0.473615
v 0.100827 -0.026680 0.474915
v 0.107541 -0.026555 0.477619
v 0.141879 -0.026237 0.489525
v 0.141728 -0.025976 0.485257
v 0.135345 -0.026426 0.489110
v 0.128260 -0.029479 0.495045
v 0.135514 -0.027766 0.495897
v 0.128260 -0.028421 0.494381
v 0.114307 -0.049742 0.490596
v 0.114433 -0.045813 0.490872
v 0.135895 -0.045812 0.497524
v 0.142998 -0.039206 0.497673
v 0.135733 -0.039208 0.497267
v 0.144288 -0.061787 0.497217
v 0.148147 -0.062130 0.497337
v 0.155651 -0.061574 0.497452
v 0.158159 -0.056127 0.497725
v 0.158057 -0.052694 0.497974
v 0.149955 -0.045812 0.498277
v 0.156342 -0.053213 0.498100
v 0.158516 -0.042520 0.497428
v 0.158541 -0.045835 0.497317
v 0.148332 -0.031313 0.495461
v 0.150276 -0.031148 0.495418
v 0.142499 -0.031066 0.495396
v 0.140554 -0.030884 0.495218
v 0.142677 -0.030536 0.496084
v 0.138610 -0.030884 0.495218
v 0.133929 -0.038465 0.495332
v 0.134721 -0.032613 0.495461
v 0.128456 -0.031214 0.493346
v 0.124561 -0.031255 0.491374
v 0.122464 -0.030932 0.489906
v 0.120133 -0.031063 0.488461
v 0.120024 -0.030896 0.488140
v 0.116578 -0.031130 0.485670
v 0.117543 -0.031060 0.486456
v 0.115247 -0.031156 0.484478
v 0.112901 -0.030945 0.481928
v 0.113230 -0.030912 0.482212
v 0.112345 -0.031279 0.481550
v 0.109393 -0.031128 0.477848
v 0.108727 -0.031041 0.476858
v 0.106828 -0.031198 0.474035
v 0.105729 -0.031272 0.472139
v 0.104310 -0.031232 0.469263
v 0.106067 -0.038033 0.472434
v 0.102866 -0.031315 0.465779
v 0.103119 -0.031315 0.466454
v 0.102850 -0.030226 0.464522
v 0.103569 -0.030363 0.464685
v 0.104217 -0.030828 0.468048
v 0.104571 -0.027448 0.463680
v 0.106799 -0.029948 0.464646
v 0.116887 -0.030380 0.465350
v 0.117349 -0.030499 0.465780
v 0.119233 -0.025467 0.468675
v 0.118602 -0.025302 0.467697
v 0.119199 -0.030781 0.469289
v 0.125664 -0.030439 0.475950
v 0.127078 -0.030564 0.477136
v 0.124966 -0.026425 0.475303
v 0.130163 -0.030439 0.479210
v 0.131731 -0.030547 0.480185
v 0.134097 -0.030531 0.481376
v 0.135633 -0.027218 0.481896
v 0.135121 -0.030314 0.481690
v 0.141954 -0.026482 0.484068
v 0.138229 -0.027091 0.482816
v 0.135518 -0.026486 0.482222
v 0.150148 -0.027376 0.484335
v 0.148577 -0.027263 0.484369
v 0.154490 -0.027452 0.484093
v 0.158487 -0.029071 0.488965
v 0.158434 -0.028997 0.486717
v 0.158304 -0.028888 0.488965
v 0.158343 -0.029946 0.485837
v 0.155554 -0.030656 0.483968
v 0.156110 -0.030884 0.495218
v 0.154165 -0.030884 0.495218
v 0.153290 -0.030813 0.494968
v 0.150276 -0.030884 0.495218
v 0.145942 -0.030813 0.494969
v 0.138585 -0.030564 0.482982
v 0.140296 -0.030747 0.483628
v 0.138533 -0.030747 0.483157
v 0.133391 -0.030439 0.480959
v 0.141602 -0.027196 0.483661
v 0.152221 -0.031066 0.495396
v 0.158198 -0.030901 0.495346
v 0.158475 -0.031803 0.496159
v 0.158065 -0.028771 0.495993
v 0.157986 -0.031712 0.497224
v 0.157556 -0.030295 0.497189
v 0.135898 -0.030236 0.496259
v 0.150263 -0.028294 0.496569
v 0.156946 -0.028674 0.496549
v 0.154464 -0.026765 0.488547
v 0.155047 -0.027008 0.490339
v 0.154812 -0.026873 0.485354
v 0.148391 -0.027179 0.495419
v 0.149001 -0.026366 0.489874
v 0.154526 -0.026803 0.489291
v 0.155597 -0.027845 0.484077
v 0.155017 -0.026991 0.485051
v 0.148601 -0.026665 0.484673
v 0.158487 -0.033620 0.495711
v 0.158521 -0.035927 0.495836
v 0.158304 -0.028888 0.491214
v 0.157382 -0.028758 0.484376
v 0.157054 -0.030314 0.484120
v 0.122193 -0.025989 0.472505
v 0.104571 -0.024237 0.459583
v 0.107134 -0.024206 0.460009
v 0.102836 -0.023810 0.458305
v 0.101593 -0.023667 0.456846
v 0.101967 -0.018469 0.457914
v 0.103237 -0.018966 0.458770
v 0.109440 -0.019887 0.461204
v 0.114829 -0.020820 0.462387
v 0.109743 -0.020455 0.460384
v 0.114790 -0.021722 0.461390
v 0.109875 -0.023461 0.460149
v 0.104589 -0.019116 0.459800
v 0.100698 -0.017394 0.455015
v 0.100686 -0.013827 0.452799
v 0.100223 -0.008742 0.452673
v 0.100582 -0.023878 0.449060
v 0.100775 -0.018039 0.453477
v 0.092448 -0.027759 0.463102
v 0.094848 -0.031032 0.464080
v 0.096008 -0.030877 0.464143
v 0.096008 -0.031034 0.464141
v 0.100648 -0.031039 0.464384
v 0.100648 -0.030877 0.464386
v 0.102056 -0.031828 0.464501
v 0.092409 -0.033995 0.463087
v 0.094268 -0.030877 0.464052
v 0.108600 -0.030855 0.476214
v 0.110895 -0.030876 0.479457
v 0.110215 -0.030814 0.478194
v 0.103944 -0.031252 0.468466
v 0.110042 -0.058288 0.477970
v 0.115244 -0.058515 0.475076
v 0.114676 -0.058289 0.474349
v 0.118870 -0.057377 0.469315
v 0.119242 -0.058113 0.469970
v 0.120199 -0.059015 0.471205
v 0.119312 -0.059414 0.470018
v 0.123701 -0.062715 0.475078
v 0.124263 -0.063560 0.475910
v 0.140319 -0.063739 0.484587
v 0.134262 -0.063464 0.482308
v 0.137591 -0.058673 0.483507
v 0.135711 -0.058581 0.482948
v 0.143382 -0.058764 0.484750
v 0.145319 -0.059014 0.484911
v 0.143391 -0.059014 0.484683
v 0.155554 -0.060977 0.484431
v 0.155276 -0.061500 0.484546
v 0.153363 -0.063464 0.484955
v 0.153624 -0.063759 0.485447
v 0.154075 -0.064008 0.490857
v 0.158062 -0.060200 0.497312
v 0.158104 -0.058256 0.495384
v 0.158094 -0.058764 0.485965
v 0.158152 -0.059014 0.485931
v 0.153038 -0.058764 0.484850
v 0.155047 -0.058673 0.484635
v 0.147207 -0.058559 0.485367
v 0.149137 -0.058620 0.485327
v 0.156110 -0.058263 0.495396
v 0.158521 -0.054332 0.495838
v 0.148332 -0.058513 0.494963
v 0.150276 -0.058446 0.495213
v 0.138610 -0.058513 0.494963
v 0.140554 -0.058446 0.495213
v 0.140554 -0.058513 0.494963
v 0.123921 -0.058549 0.475797
v 0.132010 -0.058548 0.481440
v 0.133775 -0.058514 0.482421
v 0.134678 -0.062714 0.482267
v 0.130478 -0.059014 0.480176
v 0.132181 -0.059014 0.481106
v 0.119613 -0.058463 0.471259
v 0.125745 -0.045075 0.493956
v 0.133136 -0.052070 0.495205
v 0.125934 -0.052064 0.494009
v 0.158479 -0.060114 0.492022
v 0.157144 -0.061406 0.496867
v 0.147527 -0.064213 0.495430
v 0.141983 -0.063549 0.495820
v 0.119548 -0.063877 0.470562
v 0.119669 -0.064539 0.472252
v 0.119148 -0.065376 0.472030
v 0.114094 -0.065838 0.475789
v 0.110123 -0.065914 0.463479
v 0.109906 -0.058915 0.462259
v 0.111643 -0.058664 0.465501
v 0.109780 -0.059415 0.462302
v 0.109601 -0.065873 0.459621
v 0.113458 -0.058481 0.468714
v 0.115763 -0.062060 0.469658
v 0.114040 -0.059414 0.469957
v 0.112920 -0.058914 0.469015
v 0.112803 -0.059414 0.469080
v 0.114049 -0.065901 0.470030
v 0.115749 -0.058814 0.469369
v 0.115889 -0.058662 0.468964
v 0.113398 -0.058824 0.463212
v 0.113624 -0.059290 0.463317
v 0.114601 -0.058915 0.461992
v 0.114701 -0.059415 0.462136
v 0.117027 -0.065764 0.466388
v 0.118458 -0.059414 0.468770
v 0.117562 -0.065764 0.467329
v 0.116050 -0.065913 0.468109
v 0.113931 -0.065914 0.463734
v 0.114116 -0.065815 0.462405
v 0.115094 -0.064178 0.462352
v 0.115022 -0.065765 0.462253
v 0.115896 -0.065951 0.464502
v 0.115166 -0.062590 0.462450
v 0.116116 -0.059414 0.469334
v 0.116203 -0.059160 0.468778
v 0.116110 -0.065764 0.469346
v 0.118741 -0.057707 0.468159
v 0.119038 -0.057939 0.466290
v 0.117455 -0.058215 0.461517
v 0.118512 -0.058397 0.464245
v 0.111186 -0.065913 0.466046
v 0.102169 -0.065777 0.462503
v 0.102384 -0.065700 0.460464
v 0.102839 -0.065832 0.458091
v 0.103182 -0.065832 0.455665
v 0.102480 -0.065714 0.465576
v 0.104366 -0.065693 0.470160
v 0.108174 -0.065731 0.475638
v 0.111498 -0.065788 0.476473
v 0.124835 -0.064603 0.478704
v 0.124126 -0.063078 0.491980
v 0.124644 -0.064213 0.490738
v 0.128327 -0.064213 0.492136
v 0.135700 -0.060990 0.496262
v 0.127881 -0.063022 0.493449
v 0.123841 -0.061412 0.492663
v 0.120831 -0.061279 0.491361
v 0.114041 -0.057801 0.489112
v 0.114020 -0.061360 0.487924
v 0.100801 -0.039170 0.483121
v 0.094288 -0.045814 0.480353
v 0.101008 -0.045814 0.483767
v 0.094052 -0.039079 0.479637
v 0.091756 -0.032615 0.476523
v 0.087054 -0.039049 0.476689
v 0.106456 -0.063230 0.482753
v 0.106058 -0.061691 0.483444
v 0.102618 -0.061761 0.481396
v 0.100396 -0.064313 0.477416
v 0.107985 -0.064663 0.480093
v 0.107141 -0.064287 0.481561
v 0.105488 -0.064731 0.473918
v 0.107833 -0.064663 0.476607
v 0.110215 -0.065663 0.476428
v 0.114127 -0.031314 0.483437
v 0.113266 -0.031314 0.482556
v 0.116622 -0.030927 0.485514
v 0.129934 -0.031218 0.493981
v 0.131596 -0.031313 0.494660
v 0.134721 -0.030882 0.495215
v 0.128376 -0.049859 0.496099
v 0.135740 -0.053313 0.497169
v 0.135836 -0.049889 0.497389
v 0.120091 -0.024503 0.471672
v 0.119839 -0.024508 0.470748
v 0.088908 -0.021057 0.463132
v 0.088836 -0.020768 0.462609
v 0.088521 -0.008961 0.452975
v 0.088454 -0.009129 0.452721
v 0.094650 -0.015330 0.453960
v 0.100261 -0.008753 0.445518
v 0.104649 -0.023641 0.439187
v 0.102091 -0.023891 0.440142
v 0.114991 -0.024336 0.436590
v 0.115150 -0.023855 0.436568
v 0.116557 -0.024616 0.434210
v 0.116713 -0.026727 0.433662
v 0.118114 -0.025366 0.431237
v 0.117036 -0.027176 0.433223
v 0.117203 -0.027951 0.432894
v 0.121743 -0.030444 0.426085
v 0.122956 -0.030569 0.424690
v 0.118150 -0.024337 0.430742
v 0.117327 -0.024087 0.432395
v 0.122113 -0.026015 0.425712
v 0.116013 -0.027124 0.433936
v 0.100898 -0.024176 0.440779
v 0.098549 -0.024289 0.440355
v 0.092117 -0.025052 0.441938
v 0.092054 -0.025103 0.440435
v 0.092117 -0.024861 0.440435
v 0.092203 -0.027824 0.445725
v 0.092289 -0.026494 0.444819
v 0.092528 -0.030878 0.446711
v 0.095580 -0.032529 0.446655
v 0.092528 -0.032446 0.446512
v 0.096054 -0.032658 0.447138
v 0.092086 -0.035507 0.444007
v 0.092054 -0.034962 0.444519
v 0.092086 -0.026709 0.436265
v 0.092054 -0.025877 0.437547
v 0.098549 -0.024620 0.442500
v 0.100028 -0.024589 0.442648
v 0.104571 -0.024926 0.436933
v 0.109686 -0.024369 0.437420
v 0.107101 -0.024280 0.437985
v 0.094678 -0.017506 0.441588
v 0.101055 -0.045820 0.414331
v 0.100801 -0.039176 0.415001
v 0.107713 -0.045821 0.410728
v 0.107579 -0.049688 0.411008
v 0.128511 -0.045821 0.401814
v 0.135733 -0.039216 0.400855
v 0.114308 -0.027809 0.413519
v 0.107541 -0.030327 0.412985
v 0.142883 -0.028745 0.401431
v 0.158106 -0.035921 0.400625
v 0.158303 -0.039220 0.400498
v 0.158142 -0.049264 0.400074
v 0.158395 -0.058021 0.402505
v 0.146388 -0.058454 0.402913
v 0.148332 -0.058362 0.402821
v 0.158179 -0.058554 0.410694
v 0.158054 -0.058521 0.408812
v 0.158195 -0.060709 0.401807
v 0.158405 -0.060448 0.406104
v 0.158430 -0.059532 0.400923
v 0.158376 -0.056117 0.400633
v 0.158395 -0.058679 0.403163
v 0.158304 -0.058588 0.405046
v 0.156110 -0.058454 0.402913
v 0.154165 -0.058521 0.403163
v 0.156110 -0.058521 0.403163
v 0.155889 -0.061634 0.413462
v 0.153414 -0.063468 0.413151
v 0.153363 -0.064019 0.412623
v 0.148582 -0.059020 0.413066
v 0.149134 -0.058770 0.413004
v 0.147217 -0.058770 0.413025
v 0.141491 -0.059020 0.413772
v 0.140427 -0.062720 0.414003
v 0.141491 -0.062720 0.413773
v 0.134328 -0.059020 0.416011
v 0.134678 -0.062720 0.415861
v 0.151070 -0.058770 0.413085
v 0.149137 -0.058587 0.412821
v 0.157054 -0.060389 0.413293
v 0.156219 -0.060720 0.413620
v 0.156804 -0.058520 0.412860
v 0.157719 -0.058520 0.411944
v 0.154165 -0.058271 0.402730
v 0.152221 -0.058146 0.402697
v 0.156342 -0.053195 0.400025
v 0.150344 -0.045822 0.399839
v 0.123442 -0.064572 0.421775
v 0.119567 -0.064669 0.425754
v 0.111952 -0.065794 0.421641
v 0.108381 -0.065721 0.422375
v 0.109440 -0.065941 0.421995
v 0.106607 -0.065801 0.423902
v 0.107091 -0.065668 0.423341
v 0.117025 -0.065868 0.424448
v 0.118032 -0.065868 0.425234
v 0.118724 -0.065768 0.428955
v 0.119339 -0.065818 0.428049
v 0.119281 -0.065341 0.426170
v 0.115111 -0.065168 0.422749
v 0.123701 -0.062719 0.423050
v 0.124175 -0.059019 0.422604
v 0.122931 -0.059019 0.423808
v 0.118750 -0.057858 0.428699
v 0.118791 -0.057917 0.430248
v 0.118863 -0.057466 0.431830
v 0.118491 -0.058341 0.434030
v 0.117531 -0.058317 0.436168
v 0.119015 -0.058218 0.432535
v 0.119182 -0.058147 0.427938
v 0.120075 -0.058678 0.426824
v 0.121393 -0.058769 0.425369
v 0.127056 -0.058587 0.419900
v 0.114371 -0.056818 0.435827
v 0.118470 -0.056978 0.430846
v 0.117138 -0.057879 0.437388
v 0.116421 -0.057434 0.438990
v 0.116346 -0.058284 0.442318
v 0.118568 -0.058492 0.443646
v 0.116907 -0.057862 0.443074
v 0.118331 -0.058484 0.445559
v 0.112169 -0.058291 0.445618
v 0.114255 -0.057083 0.443497
v 0.118657 -0.059017 0.446582
v 0.118554 -0.059017 0.449063
v 0.118807 -0.064111 0.443508
v 0.118836 -0.061387 0.443426
v 0.110230 -0.058917 0.439752
v 0.109587 -0.059417 0.438167
v 0.110050 -0.058609 0.437614
v 0.109576 -0.065860 0.438502
v 0.109844 -0.065940 0.439494
v 0.113721 -0.058734 0.435633
v 0.113554 -0.058917 0.434566
v 0.115824 -0.058731 0.429621
v 0.114561 -0.058418 0.429022
v 0.114568 -0.058552 0.428522
v 0.115332 -0.058552 0.428743
v 0.114525 -0.061270 0.428023
v 0.114541 -0.059815 0.428022
v 0.116238 -0.062593 0.429238
v 0.117003 -0.065868 0.431727
v 0.118458 -0.059418 0.429355
v 0.117845 -0.065768 0.430334
v 0.115974 -0.065904 0.433663
v 0.113958 -0.065879 0.435262
v 0.113980 -0.065858 0.434020
v 0.114230 -0.059417 0.435763
v 0.113770 -0.062592 0.435555
v 0.115070 -0.062063 0.435807
v 0.115071 -0.065807 0.435789
v 0.113870 -0.065917 0.428132
v 0.111501 -0.065818 0.431543
v 0.111974 -0.065905 0.430471
v 0.114502 -0.064710 0.428024
v 0.110947 -0.065953 0.441157
v 0.112181 -0.065650 0.442022
v 0.113257 -0.064417 0.442596
v 0.112398 -0.064333 0.442107
v 0.116040 -0.064400 0.443079
v 0.111811 -0.065591 0.447352
v 0.111958 -0.065466 0.445710
v 0.112142 -0.065591 0.443851
v 0.118179 -0.058550 0.449063
v 0.122624 -0.064478 0.408946
v 0.124234 -0.064414 0.409937
v 0.123896 -0.064670 0.411103
v 0.157037 -0.030445 0.413973
v 0.155851 -0.027818 0.414008
v 0.141728 -0.025982 0.412863
v 0.141879 -0.026245 0.408595
v 0.135345 -0.026434 0.409010
v 0.126882 -0.025571 0.419198
v 0.129897 -0.025873 0.418047
v 0.128260 -0.025688 0.418244
v 0.115548 -0.021855 0.433240
v 0.115452 -0.022168 0.432545
v 0.114834 -0.020804 0.435570
v 0.142499 -0.030892 0.402904
v 0.140554 -0.030892 0.402904
v 0.140044 -0.030821 0.403154
v 0.138610 -0.031074 0.402726
v 0.138610 -0.030892 0.402904
v 0.135921 -0.030821 0.403156
v 0.131999 -0.031113 0.403368
v 0.131687 -0.030888 0.403694
v 0.129904 -0.031143 0.404173
v 0.133148 -0.031143 0.402954
v 0.115266 -0.031190 0.413630
v 0.117650 -0.031202 0.411519
v 0.116219 -0.031320 0.412709
v 0.114598 -0.030954 0.414440
v 0.113928 -0.031058 0.414988
v 0.117474 -0.030910 0.411922
v 0.118746 -0.031321 0.410612
v 0.121358 -0.031321 0.408722
v 0.120064 -0.031321 0.409626
v 0.124200 -0.031321 0.406945
v 0.123498 -0.031263 0.407367
v 0.125000 -0.030969 0.406657
v 0.125808 -0.030871 0.406411
v 0.118978 -0.030886 0.410754
v 0.119585 -0.030925 0.410230
v 0.127157 -0.031282 0.405373
v 0.113305 -0.030929 0.415807
v 0.112901 -0.030951 0.416193
v 0.112480 -0.031188 0.416473
v 0.111625 -0.031268 0.417392
v 0.109458 -0.031162 0.420165
v 0.108950 -0.030882 0.421253
v 0.109367 -0.030914 0.420592
v 0.100068 -0.030879 0.433766
v 0.099488 -0.031040 0.433798
v 0.095928 -0.037364 0.440454
v 0.094304 -0.064464 0.455372
v 0.096671 -0.024954 0.443853
v 0.092203 -0.035682 0.453999
v 0.092289 -0.036880 0.456138
v 0.096084 -0.037480 0.457193
v 0.100054 -0.057355 0.453579
v 0.106112 -0.057667 0.453222
v 0.102738 -0.065767 0.439538
v 0.196599 -0.087530 0.448391
v 0.196616 -0.085511 0.448243
v 0.193707 -0.085381 0.448323
v 0.190553 -0.086154 0.426051
v 0.188842 -0.085205 0.423821
v 0.191835 -0.093242 0.428472
v 0.193213 -0.093380 0.431899
v 0.181952 -0.093255 0.433501
v 0.132506 -0.085233 0.404469
v 0.120051 -0.085284 0.425899
v 0.121587 -0.085238 0.424077
v 0.137448 -0.085622 0.414171
v 0.139181 -0.085205 0.413499
v 0.148705 -0.085222 0.401724
v 0.139502 -0.085310 0.402430
v 0.128875 -0.093483 0.418040
v 0.127255 -0.093505 0.419013
v 0.132491 -0.093392 0.404429
v 0.118048 -0.093318 0.412542
v 0.119445 -0.093255 0.411334
v 0.121997 -0.093316 0.409597
v 0.106568 -0.091883 0.425945
v 0.106726 -0.093149 0.425758
v 0.134249 -0.093505 0.403996
v 0.135909 -0.093342 0.403260
v 0.163860 -0.093492 0.404244
v 0.166595 -0.093505 0.405304
v 0.148705 -0.093399 0.401558
v 0.161595 -0.093471 0.414757
v 0.181872 -0.093505 0.415280
v 0.173489 -0.093505 0.421830
v 0.188842 -0.093505 0.423821
v 0.190397 -0.093328 0.425865
v 0.180387 -0.093505 0.430104
v 0.181872 -0.085205 0.415280
v 0.180540 -0.085205 0.414035
v 0.179315 -0.085455 0.412644
v 0.177871 -0.093255 0.411489
v 0.179301 -0.093399 0.412661
v 0.171520 -0.093488 0.420246
v 0.169904 -0.085311 0.419252
v 0.156051 -0.085310 0.402139
v 0.106471 -0.086135 0.426364
v 0.104780 -0.086139 0.429845
v 0.113568 -0.085205 0.436896
v 0.102546 -0.090041 0.441536
v 0.103334 -0.089830 0.441536
v 0.101370 -0.085205 0.442556
v 0.103508 -0.085205 0.448036
v 0.106134 -0.085310 0.448264
v 0.111592 -0.085780 0.448359
v 0.108761 -0.085477 0.448430
v 0.103508 -0.093399 0.448264
v 0.100720 -0.093307 0.448319
v 0.106753 -0.090305 0.441536
v 0.107608 -0.090270 0.441536
v 0.103292 -0.089671 0.446736
v 0.103462 -0.088405 0.446736
v 0.105107 -0.089355 0.446736
v 0.108233 -0.085455 0.423577
v 0.107280 -0.085310 0.425166
v 0.195840 -0.093505 0.442523
v 0.191081 -0.093380 0.448252
v 0.185258 -0.093380 0.444223
v 0.188454 -0.093363 0.448224
v 0.185684 -0.093213 0.448277
v 0.185698 -0.093505 0.446095
v 0.184131 -0.085238 0.438748
v 0.184509 -0.085569 0.440587
v 0.194494 -0.085409 0.435293
v 0.189520 -0.089830 0.441433
v 0.192108 -0.089354 0.441536
v 0.191934 -0.091959 0.441468
v 0.179278 -0.085227 0.428544
v 0.187818 -0.085205 0.422286
v 0.099996 -0.123199 0.448587
v 0.099991 -0.120192 0.452540
v 0.099995 -0.120192 0.448391
v 0.102490 -0.120192 0.452596
v 0.102491 -0.120192 0.455655
v 0.102489 -0.123192 0.454374
v 0.176925 -0.148551 0.458048
v 0.179402 -0.147629 0.460666
v 0.178676 -0.149683 0.459899
v 0.184679 -0.120192 0.484592
v 0.185944 -0.120192 0.479483
v 0.182840 -0.120192 0.482895
v 0.147364 -0.120192 0.499488
v 0.147430 -0.120192 0.496989
v 0.115326 -0.120192 0.483560
v 0.110959 -0.120192 0.482637
v 0.113790 -0.120192 0.485551
v 0.108162 -0.146188 0.431562
v 0.106799 -0.149569 0.431561
v 0.108848 -0.148127 0.431562
v 0.110800 -0.150147 0.431563
v 0.109124 -0.152020 0.431562
v 0.102494 -0.120192 0.444558
v 0.102507 -0.120192 0.439776
v 0.099994 -0.120192 0.444265
v 0.112838 -0.120192 0.480988
v 0.155598 -0.120192 0.499040
v 0.155246 -0.120192 0.496565
v 0.189922 -0.125100 0.471784
v 0.191967 -0.125686 0.473942
v 0.168226 -0.154107 0.448856
v 0.171174 -0.153141 0.451971
v 0.171151 -0.155784 0.451947
v 0.112283 -0.085310 0.456694
v 0.101375 -0.085204 0.456549
v 0.101843 -0.085329 0.460206
v 0.127215 -0.093471 0.492366
v 0.123889 -0.093254 0.490754
v 0.128280 -0.093377 0.480411
v 0.133973 -0.085408 0.495299
v 0.135572 -0.085454 0.495731
v 0.137587 -0.085237 0.496125
v 0.164690 -0.085217 0.494549
v 0.177936 -0.085788 0.471957
v 0.176125 -0.085393 0.474160
v 0.166018 -0.085468 0.482283
v 0.163258 -0.085237 0.483648
v 0.146733 -0.085329 0.486522
v 0.144829 -0.085596 0.486297
v 0.172254 -0.093391 0.478013
v 0.164690 -0.093491 0.494549
v 0.162121 -0.093488 0.495390
v 0.179828 -0.093504 0.469832
v 0.181872 -0.085237 0.483967
v 0.184382 -0.085226 0.481287
v 0.186667 -0.085204 0.478373
v 0.194209 -0.093504 0.463698
v 0.193625 -0.093504 0.465456
v 0.192502 -0.093488 0.468474
v 0.191081 -0.093004 0.450536
v 0.185705 -0.089354 0.450568
v 0.191081 -0.085579 0.450569
v 0.183569 -0.093482 0.462148
v 0.184246 -0.093504 0.460374
v 0.194669 -0.090040 0.457536
v 0.194485 -0.087982 0.457536
v 0.192107 -0.089354 0.457536
v 0.191081 -0.093504 0.451036
v 0.193707 -0.093504 0.451036
v 0.196059 -0.093379 0.456547
v 0.195802 -0.085408 0.458537
v 0.185403 -0.085226 0.454777
v 0.185167 -0.085204 0.456673
v 0.190645 -0.093504 0.472183
v 0.189994 -0.093300 0.473941
v 0.188877 -0.093471 0.475428
v 0.148510 -0.093504 0.497286
v 0.146694 -0.093482 0.497331
v 0.144278 -0.093254 0.497395
v 0.134123 -0.085818 0.483474
v 0.132172 -0.085346 0.482755
v 0.148509 -0.085310 0.497514
v 0.127823 -0.085705 0.480005
v 0.119445 -0.085226 0.487452
v 0.123932 -0.085310 0.490682
v 0.114038 -0.093504 0.482475
v 0.122469 -0.093391 0.475853
v 0.108162 -0.093254 0.475386
v 0.107419 -0.093504 0.473694
v 0.106342 -0.093315 0.472287
v 0.103343 -0.087403 0.457601
v 0.105107 -0.089354 0.457536
v 0.107619 -0.090021 0.457574
v 0.107319 -0.087909 0.457635
v 0.101375 -0.093504 0.456549
v 0.106134 -0.093504 0.451036
v 0.111957 -0.093379 0.454849
v 0.111388 -0.089354 0.450536
v 0.111611 -0.092253 0.450637
v 0.108761 -0.093232 0.450642
v 0.103508 -0.085204 0.451036
v 0.100656 -0.085360 0.451603
v 0.101142 -0.085204 0.454739
v 0.119004 -0.085204 0.472146
v 0.118147 -0.085704 0.470240
v 0.110358 -0.085454 0.478537
v 0.106134 -0.085204 0.451036
v 0.191081 -0.085363 0.448377
v 0.185492 -0.089355 0.448385
v 0.185545 -0.085889 0.448353
v 0.185401 -0.092253 0.448298
v 0.184977 -0.093005 0.444264
v 0.184550 -0.093005 0.441894
v 0.184369 -0.093233 0.440623
v 0.184436 -0.092253 0.441358
v 0.182028 -0.086456 0.434271
v 0.182130 -0.092253 0.434493
v 0.179741 -0.085811 0.429869
v 0.181221 -0.085238 0.431798
v 0.178211 -0.085205 0.426926
v 0.180891 -0.085705 0.431977
v 0.176681 -0.085580 0.425767
v 0.174477 -0.085956 0.423391
v 0.177895 -0.085728 0.427163
v 0.172739 -0.085518 0.421718
v 0.183470 -0.085472 0.416318
v 0.184678 -0.085363 0.417729
v 0.186490 -0.085705 0.419664
v 0.186437 -0.093342 0.420025
v 0.189370 -0.090135 0.423765
v 0.190013 -0.091376 0.424851
v 0.190708 -0.091947 0.426003
v 0.191063 -0.092142 0.426628
v 0.191073 -0.093088 0.426677
v 0.191831 -0.092385 0.428094
v 0.192416 -0.092247 0.429637
v 0.192539 -0.093438 0.430196
v 0.183632 -0.093346 0.437930
v 0.182742 -0.093438 0.435259
v 0.183662 -0.093505 0.436937
v 0.178451 -0.093238 0.427947
v 0.174477 -0.093130 0.423391
v 0.175611 -0.093399 0.424209
v 0.168196 -0.093088 0.418415
v 0.169846 -0.093255 0.419239
v 0.169657 -0.092253 0.419412
v 0.166559 -0.086081 0.417469
v 0.164102 -0.085488 0.416088
v 0.162121 -0.093005 0.415368
v 0.162779 -0.092253 0.415628
v 0.159682 -0.092253 0.414494
v 0.155253 -0.092253 0.413392
v 0.157879 -0.093005 0.413975
v 0.147424 -0.092253 0.412805
v 0.152351 -0.092253 0.412977
v 0.152361 -0.086081 0.412978
v 0.139649 -0.092253 0.413895
v 0.144864 -0.092253 0.412977
v 0.144864 -0.086456 0.412977
v 0.135831 -0.085705 0.415078
v 0.134105 -0.085705 0.415769
v 0.142035 -0.085455 0.413323
v 0.142939 -0.085272 0.412973
v 0.130692 -0.085426 0.404888
v 0.117257 -0.085538 0.430276
v 0.116323 -0.085580 0.431908
v 0.113564 -0.085561 0.438227
v 0.113040 -0.086456 0.440290
v 0.112505 -0.085580 0.442489
v 0.112752 -0.085597 0.440593
v 0.112225 -0.085705 0.444354
v 0.112008 -0.085705 0.446210
v 0.111628 -0.092253 0.448466
v 0.111632 -0.089355 0.448472
v 0.111649 -0.093234 0.448231
v 0.112225 -0.093005 0.444354
v 0.112505 -0.093130 0.442489
v 0.112949 -0.092253 0.440645
v 0.113610 -0.093192 0.438110
v 0.113803 -0.093438 0.436981
v 0.116213 -0.093346 0.431848
v 0.117082 -0.093438 0.430168
v 0.119330 -0.093233 0.427149
v 0.120351 -0.093233 0.425877
v 0.120087 -0.092253 0.426359
v 0.118186 -0.085364 0.428636
v 0.123505 -0.085333 0.422451
v 0.125889 -0.085622 0.420622
v 0.127351 -0.085250 0.419150
v 0.128875 -0.085227 0.418040
v 0.132334 -0.086081 0.416586
v 0.135702 -0.085238 0.414727
v 0.130558 -0.093255 0.417237
v 0.132283 -0.093005 0.416611
v 0.132283 -0.092253 0.416611
v 0.135808 -0.093255 0.415016
v 0.137547 -0.093130 0.414455
v 0.141409 -0.093244 0.413417
v 0.142939 -0.093438 0.412973
v 0.121745 -0.093346 0.424226
v 0.125782 -0.093005 0.420735
v 0.124525 -0.093130 0.421732
v 0.125661 -0.092253 0.420830
v 0.116295 -0.093409 0.414073
v 0.115257 -0.093438 0.415015
v 0.117958 -0.085488 0.412434
v 0.117057 -0.093005 0.413031
v 0.113976 -0.085310 0.416332
v 0.115106 -0.085580 0.414859
v 0.112118 -0.093142 0.418077
v 0.112093 -0.085488 0.418198
v 0.110250 -0.093221 0.420474
v 0.107868 -0.089997 0.423719
v 0.109188 -0.093346 0.421988
v 0.105420 -0.093346 0.428378
v 0.107045 -0.093005 0.425028
v 0.107305 -0.091278 0.424643
v 0.107059 -0.091549 0.425042
v 0.107563 -0.087868 0.424209
v 0.109058 -0.085705 0.421897
v 0.110276 -0.085363 0.420493
v 0.111503 -0.085271 0.419085
v 0.119558 -0.085238 0.411482
v 0.124160 -0.085238 0.408374
v 0.122446 -0.085488 0.409143
v 0.125577 -0.085705 0.407137
v 0.127201 -0.085705 0.406295
v 0.125697 -0.093316 0.407357
v 0.124096 -0.093438 0.408266
v 0.129022 -0.093438 0.405714
v 0.128090 -0.093255 0.405950
v 0.130685 -0.093233 0.404852
v 0.137660 -0.093346 0.402707
v 0.137639 -0.085455 0.402618
v 0.134211 -0.085238 0.403877
v 0.143142 -0.085363 0.401756
v 0.141327 -0.085455 0.401906
v 0.146841 -0.085205 0.401819
v 0.150538 -0.085705 0.401325
v 0.152382 -0.085705 0.401434
v 0.150535 -0.093149 0.401408
v 0.154227 -0.085455 0.401682
v 0.163827 -0.085332 0.403957
v 0.166082 -0.093105 0.404600
v 0.166598 -0.093255 0.417414
v 0.163351 -0.093471 0.415464
v 0.165126 -0.093505 0.416149
v 0.159745 -0.093346 0.414349
v 0.152379 -0.093149 0.412896
v 0.150480 -0.093316 0.412584
v 0.146711 -0.093346 0.412677
v 0.148581 -0.093438 0.412536
v 0.154213 -0.093130 0.413182
v 0.172853 -0.093438 0.421587
v 0.183515 -0.093130 0.416275
v 0.182221 -0.093005 0.414921
v 0.179141 -0.093438 0.428638
v 0.178211 -0.093505 0.426926
v 0.189207 -0.093255 0.423588
v 0.188202 -0.093130 0.422020
v 0.184772 -0.093130 0.417646
v 0.177947 -0.085488 0.411389
v 0.176398 -0.085472 0.410211
v 0.171682 -0.085310 0.407472
v 0.173405 -0.085580 0.408185
v 0.174957 -0.085455 0.409197
v 0.174789 -0.093471 0.409454
v 0.176234 -0.093505 0.410590
v 0.171797 -0.093130 0.407262
v 0.173423 -0.093005 0.408157
v 0.166783 -0.085705 0.404841
v 0.168490 -0.085705 0.405573
v 0.170056 -0.085271 0.406595
v 0.168425 -0.093346 0.405718
v 0.180708 -0.093438 0.413849
v 0.173016 -0.085205 0.421398
v 0.171405 -0.085394 0.420394
v 0.165071 -0.085238 0.416261
v 0.157906 -0.085477 0.413873
v 0.159773 -0.085394 0.414261
v 0.154213 -0.085580 0.413182
v 0.147810 -0.085872 0.412776
v 0.150475 -0.085364 0.412675
v 0.146719 -0.085705 0.412835
v 0.176845 -0.093438 0.425628
v 0.143593 -0.093238 0.401651
v 0.146592 -0.093088 0.401352
v 0.141373 -0.093471 0.402211
v 0.156054 -0.093438 0.402117
v 0.154217 -0.093346 0.401773
v 0.152382 -0.093005 0.401434
v 0.157833 -0.093471 0.402559
v 0.159678 -0.093346 0.402736
v 0.161506 -0.093130 0.403077
v 0.159699 -0.085455 0.402647
v 0.161506 -0.085580 0.403077
v 0.120903 -0.093346 0.410226
v 0.120812 -0.085705 0.410097
v 0.105563 -0.086293 0.427956
v 0.103707 -0.086180 0.431963
v 0.102043 -0.085580 0.437026
v 0.102560 -0.085580 0.435236
v 0.102842 -0.087409 0.434551
v 0.102467 -0.088145 0.436144
v 0.103239 -0.087220 0.433812
v 0.105392 -0.086580 0.429445
v 0.105806 -0.086744 0.435530
v 0.103708 -0.086931 0.435530
v 0.102180 -0.089514 0.437150
v 0.101755 -0.093172 0.438230
v 0.101432 -0.093438 0.440675
v 0.101123 -0.093438 0.442520
v 0.100942 -0.093255 0.442493
v 0.100909 -0.085580 0.442488
v 0.100638 -0.085705 0.444336
v 0.101555 -0.085238 0.440698
v 0.100723 -0.085271 0.446200
v 0.100672 -0.085498 0.448341
v 0.106134 -0.093130 0.448503
v 0.108761 -0.093005 0.448536
v 0.100519 -0.093172 0.446186
v 0.100705 -0.093255 0.444343
v 0.100650 -0.089355 0.448426
v 0.100534 -0.091180 0.448371
v 0.100753 -0.087530 0.448501
v 0.112796 -0.093346 0.440603
v 0.112969 -0.085205 0.438698
v 0.103471 -0.093471 0.433574
v 0.103716 -0.093142 0.432028
v 0.103732 -0.091945 0.432170
v 0.103117 -0.091526 0.433835
v 0.102791 -0.091364 0.434550
v 0.104568 -0.092204 0.430077
v 0.105094 -0.092290 0.428781
v 0.105794 -0.091916 0.441536
v 0.106507 -0.091778 0.435530
v 0.103735 -0.091732 0.441536
v 0.103708 -0.091778 0.435530
v 0.107718 -0.090054 0.435530
v 0.107958 -0.089355 0.429524
v 0.107039 -0.087203 0.425167
v 0.102494 -0.090576 0.436061
v 0.102567 -0.091111 0.435199
v 0.102528 -0.093005 0.435226
v 0.103150 -0.085580 0.433461
v 0.113960 -0.093438 0.416316
v 0.139649 -0.093005 0.413895
v 0.119216 -0.085272 0.427061
v 0.195314 -0.093301 0.437926
v 0.194689 -0.093005 0.435233
v 0.195199 -0.093005 0.436995
v 0.193540 -0.091928 0.432217
v 0.192941 -0.092072 0.431094
v 0.189445 -0.090068 0.429455
v 0.190323 -0.091340 0.441432
v 0.193508 -0.091781 0.435396
v 0.194146 -0.091468 0.434052
v 0.194749 -0.090462 0.436350
v 0.195027 -0.090528 0.436400
v 0.195264 -0.089441 0.437259
v 0.195096 -0.088741 0.436929
v 0.194596 -0.088063 0.435987
v 0.194201 -0.087290 0.434159
v 0.193878 -0.087405 0.441432
v 0.192376 -0.086738 0.441432
v 0.192985 -0.086656 0.431262
v 0.193482 -0.086657 0.432169
v 0.194076 -0.086560 0.433440
v 0.196022 -0.085705 0.440597
v 0.195616 -0.085580 0.438810
v 0.196814 -0.089355 0.448126
v 0.196814 -0.091180 0.448126
v 0.196613 -0.093221 0.446145
v 0.196413 -0.093346 0.444296
v 0.196620 -0.093161 0.448262
v 0.193707 -0.093130 0.448503
v 0.196007 -0.093088 0.440639
v 0.196537 -0.085580 0.444283
v 0.196334 -0.085705 0.442450
v 0.185288 -0.085282 0.444219
v 0.185574 -0.085238 0.446107
v 0.184672 -0.085864 0.441870
v 0.192586 -0.086283 0.430006
v 0.193026 -0.086402 0.430693
v 0.191832 -0.086191 0.428321
v 0.191072 -0.086021 0.426721
v 0.189422 -0.088335 0.423862
v 0.190237 -0.087157 0.425317
v 0.189130 -0.085363 0.423638
v 0.189779 -0.088212 0.441412
v 0.189681 -0.087954 0.435396
v 0.190746 -0.086997 0.441437
v 0.194585 -0.090088 0.441502
v 0.194910 -0.089296 0.437254
v 0.194828 -0.088716 0.437030
v 0.193851 -0.091430 0.441404
v 0.194958 -0.085271 0.437060
v 0.185155 -0.085205 0.442335
v 0.195203 -0.088646 0.437008
v 0.193964 -0.093346 0.433549
v 0.159787 -0.130678 0.497453
v 0.160252 -0.127329 0.497805
v 0.157169 -0.127378 0.498361
v 0.168491 -0.143965 0.476648
v 0.168195 -0.145412 0.476392
v 0.130926 -0.145400 0.478915
v 0.131041 -0.148008 0.478497
v 0.135084 -0.148087 0.479957
v 0.171415 -0.152096 0.468739
v 0.174418 -0.151361 0.465823
v 0.175003 -0.148801 0.468319
v 0.166747 -0.136628 0.491960
v 0.162445 -0.138761 0.490131
v 0.166055 -0.138709 0.488942
v 0.187343 -0.130474 0.472634
v 0.182521 -0.134056 0.477665
v 0.184545 -0.132847 0.471082
v 0.172470 -0.123951 0.493594
v 0.174949 -0.120192 0.492217
v 0.171328 -0.120192 0.494203
v 0.190010 -0.123216 0.478295
v 0.189836 -0.120209 0.478538
v 0.185191 -0.131085 0.479461
v 0.179541 -0.134676 0.483753
v 0.187160 -0.127365 0.480798
v 0.182869 -0.126798 0.485983
v 0.181643 -0.131015 0.485313
v 0.170331 -0.136921 0.490008
v 0.167697 -0.141988 0.480124
v 0.167232 -0.143601 0.477838
v 0.170275 -0.142312 0.477385
v 0.181761 -0.135292 0.469479
v 0.179586 -0.136721 0.475701
v 0.176634 -0.139311 0.473733
v 0.177019 -0.150465 0.462525
v 0.147250 -0.157172 0.465557
v 0.153129 -0.157037 0.465368
v 0.148802 -0.155903 0.471007
v 0.123360 -0.145398 0.474239
v 0.123576 -0.147720 0.473974
v 0.107223 -0.146202 0.443614
v 0.108521 -0.146429 0.449551
v 0.100005 -0.120192 0.440129
v 0.100006 -0.123204 0.440129
v 0.099997 -0.123202 0.442773
v 0.108436 -0.123203 0.479592
v 0.108288 -0.120192 0.479400
v 0.140587 -0.140890 0.487456
v 0.134754 -0.142805 0.482635
v 0.141424 -0.142642 0.484235
v 0.110243 -0.143405 0.459472
v 0.111090 -0.144591 0.458712
v 0.114413 -0.144553 0.464697
v 0.101759 -0.133522 0.452559
v 0.102719 -0.136266 0.452005
v 0.102053 -0.133865 0.455812
v 0.113813 -0.127885 0.483969
v 0.114053 -0.126007 0.484986
v 0.106600 -0.137210 0.466489
v 0.106719 -0.139594 0.461749
v 0.110054 -0.139571 0.468596
v 0.111007 -0.131268 0.479344
v 0.108525 -0.131297 0.475959
v 0.111713 -0.134394 0.478091
v 0.105310 -0.134424 0.467626
v 0.103766 -0.134422 0.463863
v 0.121168 -0.141305 0.478277
v 0.122729 -0.143106 0.476097
v 0.128421 -0.142958 0.479973
v 0.117229 -0.134300 0.484141
v 0.118206 -0.137081 0.482444
v 0.121231 -0.137044 0.485023
v 0.108845 -0.126057 0.479101
v 0.109073 -0.127943 0.478438
v 0.110640 -0.127927 0.480444
v 0.100444 -0.126228 0.457478
v 0.100896 -0.127846 0.461272
v 0.101586 -0.131194 0.460454
v 0.101313 -0.131038 0.456428
v 0.106461 -0.141480 0.453714
v 0.105150 -0.139865 0.454248
v 0.104677 -0.139794 0.451191
v 0.108089 -0.143349 0.453018
v 0.108798 -0.144315 0.452617
v 0.114486 -0.145003 0.464407
v 0.116475 -0.144988 0.467149
v 0.129072 -0.144585 0.478321
v 0.128876 -0.145399 0.477943
v 0.135302 -0.144189 0.480970
v 0.126855 -0.125865 0.494013
v 0.126752 -0.127736 0.493443
v 0.127134 -0.127733 0.493635
v 0.139182 -0.127624 0.497809
v 0.141561 -0.127598 0.498253
v 0.141816 -0.125715 0.498665
v 0.155604 -0.123218 0.499039
v 0.157782 -0.123219 0.498694
v 0.147365 -0.123216 0.499488
v 0.149947 -0.123217 0.499492
v 0.127396 -0.123210 0.494798
v 0.127395 -0.120192 0.494799
v 0.123773 -0.120192 0.492938
v 0.131023 -0.127702 0.495361
v 0.143005 -0.130932 0.497777
v 0.142892 -0.134151 0.496380
v 0.147004 -0.134108 0.496860
v 0.133614 -0.141034 0.485531
v 0.127043 -0.141167 0.482505
v 0.135329 -0.136980 0.492323
v 0.131586 -0.136999 0.490950
v 0.132503 -0.139220 0.488377
v 0.119927 -0.131121 0.488167
v 0.120348 -0.134263 0.486806
v 0.123716 -0.134245 0.489181
v 0.120216 -0.123207 0.490729
v 0.120215 -0.120192 0.490730
v 0.116958 -0.120192 0.488320
v 0.104594 -0.126065 0.472493
v 0.101400 -0.126054 0.465313
v 0.100958 -0.123198 0.465867
v 0.100611 -0.123198 0.464849
v 0.099991 -0.123196 0.452512
v 0.100252 -0.126568 0.448598
v 0.100782 -0.129833 0.448550
v 0.100183 -0.126393 0.442679
v 0.101692 -0.133126 0.442437
v 0.101150 -0.129675 0.436441
v 0.102299 -0.132858 0.436349
v 0.130268 -0.157785 0.448713
v 0.129674 -0.157716 0.441016
v 0.137278 -0.158305 0.442023
v 0.127631 -0.157067 0.431570
v 0.127639 -0.157155 0.433020
v 0.122129 -0.156343 0.431810
v 0.160981 -0.157837 0.448759
v 0.153373 -0.158434 0.450041
v 0.152672 -0.158312 0.442454
v 0.129367 -0.157347 0.433319
v 0.111575 -0.150066 0.454450
v 0.114110 -0.151515 0.457042
v 0.111139 -0.148881 0.455683
v 0.122823 -0.156601 0.446954
v 0.115269 -0.154926 0.436930
v 0.109170 -0.151997 0.433577
v 0.115210 -0.154844 0.431565
v 0.102958 -0.136338 0.442335
v 0.103565 -0.135874 0.436350
v 0.104715 -0.138739 0.436494
v 0.106216 -0.145395 0.437514
v 0.106893 -0.144238 0.442845
v 0.106142 -0.142450 0.442568
v 0.109675 -0.148668 0.451258
v 0.108706 -0.147045 0.449856
v 0.108271 -0.145406 0.448834
v 0.107911 -0.144386 0.448623
v 0.113377 -0.150078 0.458920
v 0.110773 -0.147278 0.456625
v 0.119901 -0.153446 0.461774
v 0.123078 -0.154145 0.463906
v 0.118798 -0.151734 0.464790
v 0.128643 -0.153274 0.471877
v 0.127549 -0.150051 0.475455
v 0.123949 -0.149760 0.473013
v 0.123825 -0.154954 0.461599
v 0.124918 -0.155196 0.462008
v 0.138647 -0.158035 0.457479
v 0.139388 -0.156982 0.465128
v 0.138247 -0.156917 0.465003
v 0.146279 -0.158241 0.457937
v 0.160370 -0.156654 0.463667
v 0.153924 -0.158064 0.457610
v 0.161441 -0.157502 0.456070
v 0.168387 -0.155635 0.460103
v 0.173313 -0.153984 0.459263
v 0.167215 -0.155536 0.462535
v 0.175255 -0.145396 0.469266
v 0.176928 -0.145394 0.466641
v 0.176869 -0.143426 0.466723
v 0.164029 -0.154942 0.468520
v 0.167998 -0.152691 0.471206
v 0.164281 -0.153143 0.473127
v 0.144938 -0.155927 0.470868
v 0.148243 -0.153945 0.476182
v 0.127190 -0.147889 0.476540
v 0.143625 -0.150514 0.480267
v 0.147714 -0.148155 0.481781
v 0.143453 -0.148158 0.481576
v 0.160548 -0.150209 0.478535
v 0.164771 -0.147856 0.478030
v 0.160630 -0.147983 0.479756
v 0.168693 -0.147679 0.475649
v 0.154919 -0.144575 0.481791
v 0.154695 -0.145405 0.481680
v 0.156348 -0.145406 0.481368
v 0.168609 -0.140268 0.483908
v 0.161996 -0.140410 0.486600
v 0.167388 -0.133832 0.494122
v 0.163435 -0.133880 0.495367
v 0.162932 -0.136671 0.493167
v 0.163906 -0.130609 0.496493
v 0.163664 -0.123221 0.497264
v 0.164589 -0.127259 0.496675
v 0.177877 -0.125841 0.490269
v 0.172114 -0.127156 0.493651
v 0.109601 -0.145702 0.442949
v 0.109096 -0.145853 0.440087
v 0.120989 -0.134729 0.483133
v 0.114846 -0.131215 0.479799
v 0.120250 -0.131133 0.485044
v 0.170163 -0.120192 0.491990
v 0.171367 -0.123192 0.491373
v 0.166943 -0.123192 0.493442
v 0.120046 -0.125193 0.487014
v 0.120067 -0.123192 0.487561
v 0.121478 -0.123192 0.488565
v 0.107559 -0.136052 0.431562
v 0.106115 -0.131582 0.431561
v 0.104390 -0.132302 0.438965
v 0.102841 -0.123192 0.463564
v 0.102841 -0.120192 0.463564
v 0.103066 -0.120192 0.464319
v 0.105873 -0.123192 0.470891
v 0.109180 -0.123192 0.476377
v 0.109373 -0.125231 0.475805
v 0.114267 -0.125214 0.481839
v 0.115326 -0.123192 0.483560
v 0.133559 -0.127146 0.493701
v 0.126575 -0.125182 0.491173
v 0.133689 -0.125174 0.494226
v 0.151524 -0.120192 0.496926
v 0.151524 -0.123192 0.496926
v 0.149161 -0.123192 0.497005
v 0.177350 -0.123192 0.487613
v 0.174017 -0.123192 0.489857
v 0.176873 -0.120192 0.487959
v 0.186953 -0.123192 0.478220
v 0.187912 -0.120192 0.476933
v 0.190343 -0.122692 0.473201
v 0.185474 -0.128679 0.467082
v 0.182821 -0.130669 0.464278
v 0.181895 -0.131783 0.468608
v 0.125893 -0.142027 0.475164
v 0.119455 -0.139937 0.473346
v 0.124210 -0.139749 0.477859
v 0.113365 -0.145977 0.456903
v 0.115452 -0.147646 0.459983
v 0.113465 -0.147064 0.456460
v 0.172702 -0.151768 0.457623
v 0.176079 -0.149732 0.457154
v 0.174911 -0.150862 0.455920
v 0.132322 -0.153941 0.463502
v 0.133217 -0.154041 0.463693
v 0.132312 -0.154955 0.457035
v 0.109644 -0.148097 0.439348
v 0.108959 -0.146942 0.438034
v 0.109867 -0.146710 0.443655
v 0.145774 -0.156078 0.445055
v 0.138914 -0.155925 0.451328
v 0.146373 -0.156090 0.451772
v 0.123326 -0.153982 0.431569
v 0.116589 -0.152636 0.431566
v 0.116589 -0.152679 0.433092
v 0.145184 -0.155769 0.438332
v 0.138302 -0.155921 0.444579
v 0.113490 -0.151594 0.431564
v 0.111018 -0.150145 0.435815
v 0.110704 -0.148016 0.445275
v 0.111316 -0.146905 0.449759
v 0.124318 -0.154268 0.448613
v 0.118516 -0.152241 0.452344
v 0.125221 -0.153861 0.455224
v 0.167273 -0.153310 0.460136
v 0.163032 -0.153931 0.462110
v 0.161494 -0.154931 0.456472
v 0.167666 -0.143741 0.473976
v 0.168698 -0.141763 0.474562
v 0.172335 -0.142327 0.469527
v 0.167747 -0.149003 0.471941
v 0.170903 -0.148641 0.469154
v 0.167532 -0.151130 0.468519
v 0.160507 -0.147635 0.477099
v 0.160516 -0.149502 0.475713
v 0.156641 -0.149661 0.476812
v 0.121911 -0.143620 0.470065
v 0.126420 -0.143525 0.474061
v 0.122961 -0.145392 0.470494
v 0.149097 -0.143081 0.480348
v 0.149082 -0.141350 0.481936
v 0.155179 -0.141201 0.481394
v 0.117618 -0.146856 0.464044
v 0.115262 -0.145988 0.460662
v 0.136834 -0.147761 0.477800
v 0.129482 -0.147593 0.474920
v 0.131519 -0.145392 0.476440
v 0.148589 -0.147814 0.479215
v 0.148686 -0.145392 0.479733
v 0.161080 -0.141067 0.479897
v 0.166542 -0.140975 0.477305
v 0.165997 -0.142824 0.475667
v 0.175773 -0.145392 0.463507
v 0.175542 -0.141675 0.464230
v 0.175649 -0.149135 0.460208
v 0.164262 -0.149285 0.474107
v 0.164153 -0.151558 0.470365
v 0.160543 -0.151889 0.471733
v 0.156817 -0.152133 0.472670
v 0.153036 -0.152301 0.473227
v 0.138806 -0.153812 0.467734
v 0.139412 -0.154525 0.464642
v 0.125360 -0.152639 0.462101
v 0.119557 -0.151271 0.458737
v 0.114189 -0.149188 0.454095
v 0.114796 -0.145392 0.459983
v 0.115351 -0.140107 0.468241
v 0.111999 -0.140257 0.462637
v 0.109906 -0.137986 0.464253
v 0.131160 -0.141857 0.478266
v 0.142952 -0.141512 0.481587
v 0.148690 -0.139011 0.486070
v 0.168942 -0.136571 0.486126
v 0.169122 -0.136218 0.486777
v 0.171023 -0.136626 0.484591
v 0.174231 -0.138736 0.470946
v 0.185944 -0.123192 0.479483
v 0.186658 -0.125069 0.478287
v 0.185830 -0.127013 0.478073
v 0.176797 -0.126645 0.487909
v 0.174501 -0.136700 0.478996
v 0.177335 -0.134218 0.481041
v 0.180033 -0.133210 0.474999
v 0.162827 -0.134179 0.492140
v 0.170005 -0.133864 0.489729
v 0.148246 -0.136973 0.490207
v 0.140699 -0.134485 0.492616
v 0.148021 -0.134391 0.493623
v 0.114455 -0.127219 0.481160
v 0.120102 -0.127179 0.486364
v 0.117490 -0.137713 0.475732
v 0.113290 -0.137863 0.470251
v 0.111485 -0.134967 0.472198
v 0.103349 -0.127272 0.461238
v 0.103086 -0.127238 0.453584
v 0.102491 -0.123192 0.455655
v 0.102926 -0.127913 0.446648
v 0.103981 -0.132636 0.446574
v 0.108341 -0.145392 0.434223
v 0.108037 -0.140856 0.431562
v 0.110251 -0.145626 0.446187
v 0.108793 -0.143592 0.438944
v 0.108162 -0.141172 0.438909
v 0.108477 -0.141195 0.446403
v 0.109815 -0.143372 0.446374
v 0.110185 -0.142994 0.449311
v 0.110611 -0.143950 0.449042
v 0.110856 -0.145826 0.448827
v 0.190435 -0.124167 0.472470
v 0.192256 -0.124896 0.474262
v 0.100845 -0.123209 0.431969
v 0.103414 -0.122692 0.432230
v 0.103510 -0.123192 0.431977
v 0.100696 -0.085636 0.450602
v 0.108761 -0.085271 0.450786
v 0.106134 -0.085271 0.450786
v 0.111990 -0.085271 0.454844
v 0.112724 -0.085847 0.458293
v 0.112949 -0.092253 0.458427
v 0.113204 -0.085271 0.460288
v 0.114746 -0.085810 0.464028
v 0.113671 -0.085237 0.462093
v 0.115489 -0.085955 0.465466
v 0.116265 -0.093254 0.467128
v 0.115393 -0.093232 0.465510
v 0.119303 -0.093221 0.471919
v 0.118281 -0.093004 0.470293
v 0.118125 -0.092253 0.470063
v 0.121778 -0.093129 0.474700
v 0.125905 -0.093237 0.478557
v 0.124340 -0.093379 0.477511
v 0.127558 -0.092253 0.479660
v 0.124365 -0.085644 0.477488
v 0.129031 -0.085704 0.480638
v 0.134436 -0.092253 0.483444
v 0.130661 -0.092253 0.481606
v 0.125533 -0.093399 0.491601
v 0.128291 -0.093004 0.493297
v 0.128394 -0.085454 0.493070
v 0.130444 -0.093129 0.494201
v 0.132205 -0.093315 0.494777
v 0.133931 -0.093254 0.495430
v 0.139361 -0.085300 0.496620
v 0.141199 -0.085204 0.496708
v 0.144846 -0.085363 0.497480
v 0.146680 -0.085454 0.497681
v 0.150390 -0.085454 0.497686
v 0.152009 -0.093241 0.497500
v 0.157744 -0.085476 0.496806
v 0.155888 -0.085454 0.497166
v 0.166523 -0.085425 0.494184
v 0.181590 -0.085767 0.465815
v 0.182591 -0.085476 0.463799
v 0.181828 -0.093273 0.465662
v 0.181400 -0.092253 0.466126
v 0.178953 -0.093254 0.470384
v 0.177827 -0.093129 0.471880
v 0.180420 -0.085579 0.467978
v 0.178926 -0.085579 0.470365
v 0.174039 -0.085704 0.476066
v 0.169733 -0.085476 0.479736
v 0.168118 -0.085704 0.480679
v 0.164911 -0.085727 0.482590
v 0.164932 -0.092253 0.482461
v 0.159682 -0.092253 0.484578
v 0.166256 -0.093362 0.482116
v 0.164932 -0.093004 0.482461
v 0.171377 -0.085727 0.478516
v 0.171553 -0.092253 0.478242
v 0.175807 -0.093171 0.474300
v 0.166537 -0.093221 0.494197
v 0.163041 -0.093438 0.495315
v 0.168281 -0.085579 0.493557
v 0.171562 -0.093346 0.491796
v 0.174024 -0.093129 0.490499
v 0.176331 -0.085487 0.488874
v 0.176403 -0.093004 0.488976
v 0.180133 -0.093201 0.485954
v 0.182022 -0.093346 0.484123
v 0.183773 -0.093378 0.482228
v 0.179909 -0.085408 0.485974
v 0.185808 -0.085487 0.480066
v 0.189299 -0.089956 0.475435
v 0.185795 -0.093129 0.480227
v 0.186866 -0.093438 0.478524
v 0.187557 -0.093254 0.477885
v 0.193444 -0.093004 0.467361
v 0.193220 -0.092144 0.467775
v 0.192240 -0.092242 0.469831
v 0.189497 -0.090054 0.463542
v 0.189257 -0.089354 0.469549
v 0.190737 -0.086767 0.472961
v 0.190229 -0.086359 0.473567
v 0.189909 -0.087445 0.474421
v 0.189393 -0.088310 0.475297
v 0.190308 -0.091639 0.473731
v 0.191154 -0.092110 0.472208
v 0.190892 -0.091980 0.472657
v 0.187065 -0.085704 0.478675
v 0.188877 -0.085237 0.475428
v 0.193202 -0.086178 0.467728
v 0.192798 -0.086180 0.468343
v 0.193628 -0.086862 0.466472
v 0.194470 -0.087677 0.463841
v 0.195529 -0.085431 0.460225
v 0.196576 -0.093004 0.454736
v 0.196573 -0.093332 0.451959
v 0.196834 -0.089354 0.451052
v 0.196588 -0.087529 0.450606
v 0.196471 -0.085553 0.450657
v 0.188454 -0.085363 0.450694
v 0.185610 -0.085937 0.450637
v 0.185550 -0.085330 0.451963
v 0.184282 -0.085830 0.458434
v 0.184677 -0.085704 0.456577
v 0.185603 -0.093208 0.450735
v 0.185377 -0.092253 0.450819
v 0.188454 -0.093346 0.450694
v 0.184832 -0.093345 0.456607
v 0.185057 -0.093254 0.454728
v 0.195891 -0.093232 0.458599
v 0.195620 -0.093129 0.460245
v 0.195140 -0.089591 0.462005
v 0.194923 -0.089613 0.461991
v 0.194850 -0.088531 0.462421
v 0.193760 -0.087056 0.465796
v 0.193506 -0.086931 0.463542
v 0.190682 -0.086886 0.469549
v 0.192170 -0.086335 0.470072
v 0.195120 -0.088808 0.462083
v 0.191387 -0.086391 0.471740
v 0.192107 -0.092100 0.457536
v 0.190735 -0.091732 0.457536
v 0.192107 -0.092153 0.463542
v 0.194615 -0.090810 0.463323
v 0.194378 -0.091297 0.464107
v 0.193829 -0.091733 0.466015
v 0.192837 -0.092103 0.468266
v 0.196547 -0.093074 0.450636
v 0.193707 -0.093438 0.450786
v 0.196461 -0.089354 0.450571
v 0.196588 -0.091179 0.450606
v 0.196834 -0.091179 0.451052
v 0.184220 -0.093004 0.458607
v 0.184175 -0.092253 0.458782
v 0.182756 -0.093379 0.463868
v 0.185328 -0.092253 0.451016
v 0.185268 -0.093004 0.451939
v 0.183326 -0.085363 0.462060
v 0.194964 -0.085271 0.461990
v 0.193707 -0.085271 0.450786
v 0.193707 -0.085204 0.451036
v 0.196738 -0.085459 0.451662
v 0.191026 -0.093254 0.472389
v 0.191907 -0.093129 0.470749
v 0.177821 -0.085476 0.487804
v 0.173350 -0.085476 0.490835
v 0.172991 -0.085204 0.490591
v 0.171399 -0.085204 0.491496
v 0.161358 -0.085454 0.496001
v 0.163106 -0.085579 0.495521
v 0.155893 -0.093129 0.497199
v 0.157744 -0.093232 0.496806
v 0.150384 -0.093438 0.497503
v 0.142988 -0.093254 0.497390
v 0.137530 -0.093221 0.496368
v 0.139340 -0.093346 0.496726
v 0.142051 -0.085704 0.497329
v 0.155861 -0.093438 0.496985
v 0.159506 -0.085237 0.496154
v 0.173247 -0.085704 0.491021
v 0.168193 -0.093438 0.493359
v 0.169943 -0.093346 0.492636
v 0.169764 -0.093345 0.479779
v 0.161438 -0.093345 0.484143
v 0.159733 -0.093437 0.484824
v 0.157947 -0.093345 0.485243
v 0.156124 -0.093221 0.485637
v 0.152344 -0.093345 0.486255
v 0.150509 -0.093437 0.486487
v 0.148633 -0.093129 0.486320
v 0.146744 -0.093254 0.486306
v 0.144864 -0.092253 0.486095
v 0.150035 -0.086039 0.486424
v 0.139336 -0.093004 0.485097
v 0.137517 -0.093004 0.484573
v 0.137533 -0.092253 0.484578
v 0.133987 -0.093254 0.483326
v 0.132296 -0.093129 0.482505
v 0.130572 -0.093345 0.481738
v 0.128765 -0.093504 0.481061
v 0.142060 -0.093345 0.485847
v 0.144828 -0.093345 0.486251
v 0.141149 -0.085471 0.485619
v 0.139282 -0.085381 0.485304
v 0.148634 -0.085237 0.486661
v 0.152343 -0.085955 0.486129
v 0.154243 -0.085579 0.485885
v 0.157924 -0.085454 0.485155
v 0.156131 -0.085363 0.485669
v 0.161407 -0.085454 0.484057
v 0.159706 -0.085363 0.484737
v 0.149791 -0.092253 0.486267
v 0.157566 -0.092253 0.485178
v 0.154237 -0.093004 0.485852
v 0.174085 -0.093254 0.476114
v 0.154074 -0.085363 0.497316
v 0.152236 -0.085271 0.497399
v 0.132289 -0.085237 0.494544
v 0.130573 -0.085237 0.493885
v 0.125434 -0.085454 0.491781
v 0.122239 -0.093129 0.489904
v 0.120971 -0.093004 0.489087
v 0.117900 -0.093438 0.486428
v 0.119288 -0.093346 0.487657
v 0.116363 -0.085579 0.485384
v 0.117820 -0.085487 0.486525
v 0.122952 -0.085271 0.476197
v 0.113733 -0.085533 0.482766
v 0.114994 -0.085704 0.484151
v 0.114994 -0.093004 0.484151
v 0.111345 -0.093346 0.479938
v 0.112468 -0.093254 0.481404
v 0.112443 -0.085579 0.481426
v 0.111274 -0.085454 0.479996
v 0.108089 -0.085467 0.475432
v 0.107347 -0.087522 0.474471
v 0.107839 -0.088385 0.475305
v 0.107934 -0.089843 0.475468
v 0.107606 -0.090879 0.474921
v 0.109191 -0.093438 0.476929
v 0.110175 -0.093232 0.478532
v 0.105570 -0.093471 0.470507
v 0.104655 -0.092355 0.469419
v 0.104448 -0.093004 0.468977
v 0.106810 -0.091720 0.473561
v 0.106988 -0.093004 0.473947
v 0.105574 -0.092031 0.463676
v 0.105607 -0.092178 0.470294
v 0.104168 -0.092132 0.468055
v 0.103293 -0.091632 0.465699
v 0.102722 -0.091195 0.464128
v 0.102956 -0.091559 0.465100
v 0.103707 -0.091781 0.463676
v 0.103704 -0.091540 0.457621
v 0.102601 -0.090769 0.463240
v 0.102550 -0.090175 0.457694
v 0.102218 -0.089619 0.461954
v 0.102755 -0.087996 0.457677
v 0.105448 -0.086698 0.457668
v 0.104427 -0.086718 0.457635
v 0.107909 -0.089354 0.463676
v 0.107579 -0.087928 0.469617
v 0.107534 -0.087954 0.463676
v 0.106022 -0.091759 0.457646
v 0.107033 -0.091280 0.457635
v 0.106432 -0.087060 0.457563
v 0.105107 -0.086553 0.463676
v 0.105600 -0.086617 0.469844
v 0.104734 -0.086423 0.469419
v 0.104190 -0.086312 0.467976
v 0.103397 -0.086534 0.466180
v 0.102742 -0.087587 0.464011
v 0.103261 -0.087102 0.465510
v 0.102526 -0.085704 0.463840
v 0.101286 -0.085476 0.458400
v 0.102297 -0.088281 0.462628
v 0.102096 -0.093149 0.462055
v 0.103132 -0.087352 0.464699
v 0.103707 -0.086928 0.463676
v 0.103140 -0.093004 0.465684
v 0.101765 -0.093300 0.460224
v 0.100893 -0.093438 0.454766
v 0.100570 -0.093243 0.451982
v 0.100622 -0.093091 0.450715
v 0.100576 -0.091179 0.450700
v 0.103508 -0.093346 0.450694
v 0.106134 -0.093232 0.450642
v 0.111676 -0.085626 0.450662
v 0.111930 -0.085955 0.451654
v 0.111734 -0.093139 0.450754
v 0.112518 -0.093129 0.456647
v 0.114023 -0.093004 0.461966
v 0.113323 -0.093221 0.460251
v 0.114358 -0.093471 0.463862
v 0.112585 -0.093471 0.458515
v 0.111820 -0.093254 0.451019
v 0.100545 -0.087529 0.450666
v 0.100381 -0.087529 0.451052
v 0.103508 -0.085271 0.450786
v 0.100914 -0.085579 0.456618
v 0.101208 -0.093087 0.458434
v 0.100381 -0.089354 0.451052
v 0.100381 -0.091179 0.451052
v 0.106024 -0.086447 0.472168
v 0.106692 -0.086599 0.473416
v 0.106824 -0.087017 0.473579
v 0.107419 -0.085204 0.473694
v 0.121687 -0.085363 0.474785
v 0.120439 -0.085363 0.473386
v 0.123079 -0.085454 0.476065
v 0.116324 -0.085704 0.467096
v 0.105889 -0.092201 0.471911
v 0.107260 -0.091288 0.474306
v 0.108986 -0.093004 0.477072
v 0.120274 -0.093471 0.473526
v 0.115256 -0.085237 0.483882
v 0.159522 -0.149009 0.263048
v 0.152753 -0.149009 0.264893
v 0.149559 -0.149009 0.263159
v 0.159557 -0.149009 0.249262
v 0.143972 -0.149009 0.257743
v 0.138961 -0.149009 0.251864
v 0.160985 -0.145009 0.238873
v 0.159782 -0.145009 0.233547
v 0.150310 -0.138956 0.245702
v 0.155883 -0.138956 0.240573
v 0.162261 -0.138954 0.250229
v 0.144200 -0.138956 0.250274
v 0.138311 -0.138956 0.254849
v 0.137717 -0.142009 0.254409
v 0.134331 -0.132509 0.240452
v 0.136963 -0.132509 0.242455
v 0.136638 -0.132615 0.240692
v 0.133133 -0.132509 0.233603
v 0.135537 -0.132634 0.235477
v 0.135130 -0.132509 0.233734
v 0.145484 -0.132608 0.257996
v 0.145583 -0.132588 0.256242
v 0.149555 -0.135009 0.263168
v 0.152753 -0.135009 0.264893
v 0.160370 -0.135942 0.263937
v 0.157175 -0.149009 0.200475
v 0.162119 -0.149009 0.198065
v 0.160845 -0.149009 0.205278
v 0.142389 -0.136600 0.052881
v 0.143833 -0.136669 0.054570
v 0.156975 -0.136666 0.049965
v 0.163406 -0.128700 0.049202
v 0.165816 -0.129307 0.047468
v 0.163862 -0.133903 0.048254
v 0.152400 -0.133903 0.055443
v 0.150126 -0.131311 0.056835
v 0.152688 -0.129791 0.055500
v 0.169550 -0.150242 0.044699
v 0.172834 -0.150583 0.042736
v 0.171694 -0.152017 0.043544
v 0.173577 -0.136380 0.036336
v 0.173186 -0.136501 0.033722
v 0.161455 -0.136743 0.034694
v 0.155681 -0.147274 0.038311
v 0.161458 -0.147274 0.034688
v 0.173690 -0.147542 0.036086
v 0.142067 -0.143653 0.042308
v 0.136135 -0.143977 0.046086
v 0.135967 -0.142008 0.046178
v 0.174297 -0.147181 0.037813
v 0.151674 -0.147416 0.053914
v 0.144059 -0.147476 0.055276
v 0.143769 -0.147340 0.054550
v 0.155418 -0.154873 0.054005
v 0.152658 -0.154255 0.055820
v 0.152592 -0.150242 0.055336
v 0.158446 -0.135009 0.241936
v 0.136378 -0.135009 0.235842
v 0.137846 -0.135009 0.241949
v 0.160834 -0.135009 0.205288
v 0.156946 -0.135009 0.200825
v 0.152768 -0.135009 0.207198
v 0.163399 -0.138956 0.255804
v 0.162460 -0.145011 0.251290
v 0.144200 -0.145009 0.250274
v 0.148935 -0.149009 0.213044
v 0.159700 -0.149009 0.212525
v 0.158778 -0.149009 0.219819
v 0.151976 -0.147333 0.049758
v 0.168457 -0.154144 0.045758
v 0.149723 -0.152084 0.057314
v 0.150386 -0.152791 0.056877
v 0.147530 -0.147337 0.053340
v 0.145873 -0.147353 0.056929
v 0.129899 -0.142585 0.038656
v 0.129940 -0.140722 0.038614
v 0.130098 -0.138336 0.038560
v 0.148305 -0.123490 0.027484
v 0.151282 -0.123968 0.025190
v 0.150311 -0.160313 0.025936
v 0.169521 -0.133903 0.044705
v 0.172769 -0.133417 0.042680
v 0.171770 -0.132158 0.043748
v 0.160617 -0.128409 0.050743
v 0.158167 -0.133903 0.051826
v 0.146607 -0.136686 0.053172
v 0.147530 -0.136681 0.053340
v 0.147844 -0.143421 0.038677
v 0.159454 -0.140366 0.031401
v 0.153647 -0.140430 0.035042
v 0.153672 -0.143451 0.035021
v 0.165238 -0.143701 0.027776
v 0.171333 -0.143975 0.024152
v 0.171445 -0.142009 0.024080
v 0.153987 -0.123865 0.023853
v 0.155983 -0.124566 0.022241
v 0.157521 -0.124979 0.021276
v 0.166921 -0.140509 0.026711
v 0.165326 -0.140597 0.027711
v 0.170289 -0.140509 0.038493
v 0.168340 -0.140509 0.039494
v 0.166360 -0.140509 0.040736
v 0.147847 -0.140209 0.038686
v 0.142043 -0.140045 0.042329
v 0.147856 -0.140509 0.052648
v 0.147530 -0.140509 0.053340
v 0.146607 -0.140509 0.053172
v 0.162614 -0.136666 0.046428
v 0.162400 -0.136686 0.043220
v 0.164380 -0.136686 0.041978
v 0.158440 -0.140509 0.045704
v 0.160420 -0.140509 0.044462
v 0.158440 -0.136686 0.045704
v 0.157265 -0.136638 0.050375
v 0.153769 -0.136686 0.048634
v 0.155114 -0.136686 0.047790
v 0.168340 -0.136686 0.039494
v 0.166360 -0.136686 0.040736
v 0.169258 -0.140509 0.032036
v 0.172804 -0.147314 0.033847
v 0.169258 -0.147290 0.032036
v 0.170056 -0.143510 0.038456
v 0.169911 -0.147333 0.038510
v 0.168340 -0.147333 0.039494
v 0.168294 -0.147353 0.042866
v 0.164380 -0.143510 0.041978
v 0.162400 -0.147333 0.043220
v 0.164380 -0.147333 0.041978
v 0.160420 -0.143510 0.044462
v 0.158440 -0.143510 0.045704
v 0.158440 -0.147333 0.045704
v 0.153769 -0.143510 0.048634
v 0.152424 -0.143510 0.049477
v 0.148046 -0.143510 0.052453
v 0.166377 -0.149706 0.015903
v 0.164279 -0.154081 0.017038
v 0.162379 -0.156846 0.018513
v 0.130615 -0.135180 0.038353
v 0.131146 -0.133475 0.037825
v 0.131062 -0.149746 0.037880
v 0.130488 -0.148057 0.038388
v 0.130297 -0.146212 0.038359
v 0.164341 -0.155304 0.048265
v 0.163897 -0.150242 0.048245
v 0.142916 -0.147305 0.259501
v 0.142654 -0.145009 0.259645
v 0.138307 -0.145009 0.254853
v 0.148701 -0.148358 0.264107
v 0.142805 -0.148196 0.258852
v 0.143321 -0.148796 0.258361
v 0.161340 -0.149009 0.260022
v 0.161282 -0.149009 0.256464
v 0.162659 -0.148290 0.256075
v 0.158453 -0.149009 0.241932
v 0.159619 -0.148462 0.241813
v 0.131435 -0.149204 0.234523
v 0.132481 -0.149904 0.230256
v 0.132454 -0.149009 0.238182
v 0.137000 -0.150038 0.223191
v 0.140694 -0.149009 0.225613
v 0.158191 -0.149009 0.227162
v 0.159646 -0.148256 0.227238
v 0.161064 -0.147800 0.216110
v 0.160234 -0.148247 0.219972
v 0.160504 -0.147616 0.221822
v 0.160923 -0.145009 0.228406
v 0.160901 -0.138956 0.228491
v 0.161788 -0.147459 0.250423
v 0.162270 -0.145011 0.250222
v 0.148013 -0.138956 0.264755
v 0.142848 -0.136245 0.259224
v 0.138077 -0.136682 0.253966
v 0.135258 -0.133629 0.247717
v 0.138824 -0.133816 0.253593
v 0.135914 -0.132812 0.247381
v 0.137286 -0.132667 0.242343
v 0.136159 -0.132713 0.238066
v 0.134974 -0.132509 0.230181
v 0.135248 -0.132605 0.231949
v 0.135589 -0.132576 0.223709
v 0.135605 -0.134016 0.229910
v 0.135635 -0.133530 0.228143
v 0.135432 -0.132759 0.228426
v 0.135224 -0.132576 0.230181
v 0.135935 -0.134092 0.236075
v 0.135628 -0.133009 0.233691
v 0.136422 -0.133653 0.238360
v 0.138149 -0.134346 0.243974
v 0.136620 -0.134259 0.239433
v 0.138677 -0.133821 0.245308
v 0.140161 -0.134346 0.248062
v 0.141592 -0.134305 0.250330
v 0.139989 -0.132509 0.248884
v 0.140942 -0.132509 0.250401
v 0.141227 -0.132667 0.250213
v 0.142252 -0.132698 0.251649
v 0.143838 -0.132667 0.253769
v 0.144148 -0.132812 0.258581
v 0.143618 -0.133296 0.258695
v 0.144325 -0.134829 0.259129
v 0.145611 -0.134254 0.258298
v 0.144160 -0.133975 0.253720
v 0.145851 -0.134517 0.255784
v 0.146616 -0.135009 0.256545
v 0.143881 -0.135378 0.259323
v 0.145303 -0.134976 0.259056
v 0.148816 -0.135388 0.263979
v 0.152320 -0.136325 0.266658
v 0.156364 -0.135009 0.264828
v 0.156762 -0.136026 0.266238
v 0.158031 -0.135009 0.234546
v 0.159572 -0.135968 0.233924
v 0.159813 -0.136045 0.227350
v 0.160491 -0.136404 0.221848
v 0.161512 -0.136227 0.212796
v 0.161127 -0.136400 0.216133
v 0.162664 -0.136265 0.205596
v 0.161996 -0.136545 0.210435
v 0.162894 -0.136485 0.204761
v 0.163828 -0.136313 0.199097
v 0.163454 -0.135583 0.198323
v 0.165877 -0.142009 0.193567
v 0.164898 -0.136360 0.193455
v 0.164538 -0.136344 0.195325
v 0.165810 -0.136020 0.187430
v 0.166904 -0.142009 0.187896
v 0.165066 -0.148179 0.191178
v 0.164599 -0.148596 0.191087
v 0.166039 -0.147707 0.187507
v 0.162825 -0.147745 0.204723
v 0.162192 -0.148360 0.205506
v 0.163606 -0.148173 0.198337
v 0.149361 -0.150038 0.204338
v 0.153055 -0.149009 0.206760
v 0.158787 -0.152912 0.183561
v 0.161722 -0.150038 0.185485
v 0.157602 -0.150038 0.191769
v 0.164384 -0.149085 0.187230
v 0.165953 -0.149087 0.183317
v 0.166007 -0.149946 0.179308
v 0.166380 -0.150038 0.178379
v 0.166967 -0.152912 0.171085
v 0.166605 -0.153720 0.170587
v 0.163462 -0.156336 0.173195
v 0.157110 -0.157036 0.182696
v 0.152340 -0.157642 0.189238
v 0.152768 -0.156756 0.189428
v 0.149150 -0.156195 0.195214
v 0.146427 -0.152912 0.202414
v 0.142307 -0.152912 0.208699
v 0.143833 -0.155786 0.202418
v 0.141562 -0.154290 0.208210
v 0.140464 -0.154429 0.209413
v 0.136546 -0.153309 0.216180
v 0.137440 -0.152712 0.216409
v 0.135138 -0.151535 0.221971
v 0.138193 -0.154634 0.208302
v 0.139080 -0.155021 0.208836
v 0.137235 -0.154220 0.212272
v 0.142122 -0.156156 0.201517
v 0.144158 -0.156793 0.198231
v 0.144517 -0.156033 0.191510
v 0.147543 -0.157665 0.193016
v 0.146326 -0.157378 0.194857
v 0.149873 -0.157877 0.185387
v 0.150767 -0.158270 0.188304
v 0.148310 -0.157829 0.191873
v 0.156439 -0.158110 0.182495
v 0.157946 -0.158484 0.178711
v 0.156233 -0.158643 0.179895
v 0.163098 -0.156936 0.172657
v 0.161365 -0.157697 0.174573
v 0.160636 -0.158063 0.174381
v 0.162220 -0.158110 0.167963
v 0.152441 -0.153980 0.159535
v 0.157354 -0.158103 0.160346
v 0.155640 -0.158160 0.166451
v 0.155011 -0.147982 0.141941
v 0.157445 -0.153447 0.141697
v 0.155915 -0.153686 0.147648
v 0.155016 -0.136037 0.141975
v 0.156437 -0.136161 0.136136
v 0.155512 -0.142009 0.136353
v 0.163446 -0.125591 0.148367
v 0.164660 -0.125905 0.142014
v 0.161778 -0.126601 0.141847
v 0.165727 -0.126291 0.135640
v 0.166644 -0.126740 0.129247
v 0.163999 -0.127421 0.129376
v 0.165539 -0.128444 0.116835
v 0.162287 -0.132299 0.111555
v 0.161773 -0.131905 0.117629
v 0.159873 -0.147205 0.112414
v 0.158893 -0.142009 0.112848
v 0.158991 -0.142009 0.106907
v 0.159432 -0.136636 0.118405
v 0.158465 -0.142009 0.118750
v 0.157670 -0.136304 0.130258
v 0.156733 -0.142009 0.130548
v 0.157658 -0.147716 0.130226
v 0.158664 -0.147557 0.124316
v 0.160017 -0.152834 0.129689
v 0.161791 -0.157405 0.141800
v 0.160452 -0.157720 0.147999
v 0.167491 -0.157465 0.142079
v 0.171857 -0.153407 0.142119
v 0.170794 -0.153590 0.148863
v 0.174487 -0.142009 0.148695
v 0.173447 -0.148052 0.148800
v 0.174575 -0.147994 0.141894
v 0.175680 -0.142009 0.141718
v 0.176766 -0.142009 0.134764
v 0.175608 -0.136099 0.135027
v 0.176523 -0.136201 0.128102
v 0.174341 -0.131404 0.121844
v 0.170596 -0.128306 0.115936
v 0.170026 -0.127794 0.122506
v 0.168456 -0.128389 0.109988
v 0.168716 -0.129001 0.103557
v 0.166297 -0.129592 0.104261
v 0.168579 -0.130127 0.090664
v 0.165522 -0.130978 0.085381
v 0.166084 -0.130640 0.091664
v 0.164599 -0.131093 0.079102
v 0.158453 -0.133209 0.075280
v 0.160064 -0.133472 0.081291
v 0.163292 -0.130928 0.072862
v 0.161610 -0.130462 0.066725
v 0.156441 -0.132698 0.069405
v 0.167746 -0.130339 0.063532
v 0.166102 -0.129612 0.057212
v 0.162794 -0.129391 0.058975
v 0.166177 -0.128876 0.047850
v 0.167533 -0.129404 0.049195
v 0.167022 -0.129100 0.047416
v 0.170888 -0.131200 0.044010
v 0.172927 -0.133226 0.043032
v 0.173092 -0.133243 0.043283
v 0.173615 -0.134465 0.042059
v 0.174124 -0.135587 0.041565
v 0.175149 -0.135761 0.045176
v 0.176353 -0.138769 0.044567
v 0.174364 -0.136529 0.039870
v 0.174287 -0.136867 0.037780
v 0.163124 -0.136624 0.046996
v 0.146074 -0.136217 0.057932
v 0.144180 -0.136709 0.055669
v 0.143828 -0.137032 0.055646
v 0.145086 -0.137004 0.057446
v 0.146500 -0.138878 0.060658
v 0.146715 -0.135909 0.059085
v 0.147959 -0.133813 0.058245
v 0.147435 -0.135909 0.060181
v 0.149051 -0.133158 0.059335
v 0.150217 -0.131416 0.057314
v 0.150860 -0.130858 0.057318
v 0.156213 -0.128760 0.053737
v 0.158021 -0.128333 0.052458
v 0.159761 -0.128158 0.051215
v 0.169320 -0.136151 0.044101
v 0.168745 -0.136624 0.043470
v 0.157878 -0.135966 0.051359
v 0.152322 -0.135508 0.055186
v 0.152083 -0.136351 0.054739
v 0.168044 -0.129637 0.045848
v 0.169692 -0.130634 0.045127
v 0.152935 -0.136845 0.071157
v 0.149433 -0.139136 0.066043
v 0.151656 -0.142009 0.071729
v 0.152946 -0.147166 0.071102
v 0.151961 -0.150086 0.064719
v 0.156439 -0.151350 0.069359
v 0.149092 -0.150854 0.059261
v 0.154045 -0.152108 0.063634
v 0.153731 -0.154752 0.055682
v 0.159569 -0.154349 0.060672
v 0.157223 -0.155351 0.054802
v 0.162789 -0.154632 0.058930
v 0.159843 -0.155815 0.051339
v 0.161013 -0.155795 0.051231
v 0.166097 -0.154385 0.057167
v 0.163799 -0.155366 0.050046
v 0.169218 -0.153623 0.055521
v 0.169968 -0.153546 0.045217
v 0.170850 -0.152738 0.043991
v 0.169770 -0.153459 0.044674
v 0.166018 -0.154754 0.047376
v 0.160648 -0.155779 0.050615
v 0.158084 -0.155609 0.052363
v 0.155960 -0.155355 0.053679
v 0.147981 -0.150108 0.058235
v 0.147284 -0.148661 0.058437
v 0.146038 -0.147703 0.057861
v 0.169460 -0.148481 0.044346
v 0.163577 -0.148262 0.047702
v 0.163174 -0.147395 0.046964
v 0.174424 -0.147530 0.039755
v 0.174182 -0.146995 0.036282
v 0.173538 -0.147458 0.034335
v 0.173586 -0.146965 0.033543
v 0.173291 -0.146390 0.031661
v 0.172761 -0.146927 0.030137
v 0.172560 -0.147429 0.030247
v 0.171792 -0.147425 0.027994
v 0.172221 -0.146905 0.028103
v 0.171410 -0.146493 0.025400
v 0.171352 -0.140097 0.023881
v 0.171348 -0.137501 0.025372
v 0.171191 -0.138239 0.024518
v 0.173722 -0.142009 0.030954
v 0.175368 -0.142009 0.037614
v 0.174950 -0.145538 0.037803
v 0.176773 -0.142009 0.044307
v 0.174948 -0.138498 0.037857
v 0.174085 -0.148580 0.041732
v 0.176354 -0.145264 0.044515
v 0.173396 -0.151557 0.060601
v 0.174567 -0.150336 0.052751
v 0.177421 -0.147410 0.058605
v 0.178975 -0.142009 0.057856
v 0.177556 -0.139007 0.051317
v 0.177400 -0.136629 0.058668
v 0.180327 -0.142009 0.071511
v 0.178208 -0.136899 0.065467
v 0.180675 -0.142009 0.078453
v 0.179155 -0.137079 0.079179
v 0.180806 -0.142009 0.085540
v 0.179303 -0.137022 0.086222
v 0.180438 -0.142009 0.099631
v 0.178971 -0.147247 0.100195
v 0.179225 -0.147102 0.093204
v 0.178573 -0.136606 0.107221
v 0.178988 -0.136760 0.100233
v 0.175719 -0.132445 0.101388
v 0.179366 -0.142009 0.113741
v 0.177995 -0.147549 0.114159
v 0.178621 -0.142009 0.120738
v 0.178013 -0.136457 0.114198
v 0.177327 -0.136321 0.121158
v 0.173622 -0.152909 0.128593
v 0.174328 -0.152607 0.121803
v 0.176508 -0.147807 0.128061
v 0.166302 -0.154409 0.104215
v 0.166332 -0.153850 0.097916
v 0.168723 -0.155014 0.103510
v 0.161249 -0.150517 0.087282
v 0.165522 -0.153038 0.085337
v 0.166086 -0.153369 0.091619
v 0.162442 -0.150954 0.099350
v 0.160012 -0.147025 0.106439
v 0.158729 -0.142009 0.100983
v 0.162443 -0.133054 0.099392
v 0.159243 -0.137285 0.094563
v 0.159820 -0.137159 0.100493
v 0.166025 -0.129011 0.110550
v 0.162520 -0.132691 0.105475
v 0.157094 -0.142009 0.089231
v 0.158275 -0.146675 0.088659
v 0.156908 -0.146715 0.082749
v 0.155676 -0.142009 0.083332
v 0.153868 -0.142009 0.077493
v 0.160061 -0.150556 0.081247
v 0.158451 -0.150828 0.075235
v 0.163288 -0.153106 0.072818
v 0.164597 -0.152931 0.079058
v 0.175851 -0.150954 0.087646
v 0.175608 -0.150800 0.080761
v 0.179292 -0.146990 0.086181
v 0.161604 -0.153584 0.066681
v 0.167741 -0.153665 0.063486
v 0.169087 -0.153225 0.069903
v 0.161776 -0.152098 0.117586
v 0.162289 -0.151704 0.111513
v 0.165547 -0.155555 0.116788
v 0.164010 -0.156580 0.129329
v 0.166658 -0.157276 0.129199
v 0.165742 -0.157724 0.135592
v 0.169324 -0.156699 0.129015
v 0.172800 -0.153178 0.135364
v 0.175379 -0.151924 0.108177
v 0.178554 -0.147400 0.107183
v 0.175885 -0.132784 0.094552
v 0.171221 -0.130464 0.089594
v 0.171362 -0.129980 0.096196
v 0.175614 -0.133217 0.080806
v 0.170114 -0.130933 0.076432
v 0.170816 -0.130807 0.082987
v 0.175393 -0.132087 0.108217
v 0.174389 -0.151071 0.067273
v 0.178218 -0.147132 0.065412
v 0.170671 -0.130871 0.047513
v 0.177985 -0.142009 0.051108
v 0.173281 -0.151078 0.046081
v 0.173252 -0.150770 0.043186
v 0.173609 -0.149871 0.042217
v 0.167538 -0.154577 0.049142
v 0.172159 -0.152271 0.053987
v 0.158050 -0.148481 0.051502
v 0.158214 -0.149991 0.051784
v 0.173690 -0.137033 0.034257
v 0.173114 -0.137446 0.031306
v 0.172889 -0.137070 0.030847
v 0.172533 -0.136833 0.030213
v 0.171747 -0.136653 0.028070
v 0.172582 -0.136595 0.031571
v 0.160292 -0.136972 0.032840
v 0.155090 -0.136776 0.037383
v 0.160869 -0.136776 0.033759
v 0.149604 -0.136760 0.041475
v 0.138132 -0.136733 0.047799
v 0.139234 -0.136736 0.048639
v 0.139736 -0.137689 0.050443
v 0.140474 -0.136904 0.051010
v 0.139319 -0.142009 0.050669
v 0.136529 -0.138118 0.046308
v 0.137653 -0.137181 0.047644
v 0.142241 -0.136973 0.044162
v 0.137017 -0.137564 0.046307
v 0.136021 -0.140293 0.046217
v 0.136587 -0.146183 0.046362
v 0.137635 -0.146779 0.047575
v 0.141268 -0.146944 0.052071
v 0.142330 -0.146964 0.053474
v 0.143227 -0.145431 0.055421
v 0.142087 -0.147442 0.052463
v 0.140764 -0.147556 0.050820
v 0.138136 -0.147315 0.047572
v 0.137101 -0.146465 0.046268
v 0.154519 -0.147044 0.036459
v 0.148245 -0.146478 0.039291
v 0.153928 -0.146160 0.035517
v 0.149904 -0.147274 0.041935
v 0.143541 -0.147240 0.044624
v 0.149318 -0.147240 0.041000
v 0.172503 -0.147478 0.031365
v 0.173002 -0.147260 0.032239
v 0.171361 -0.147298 0.026446
v 0.171137 -0.145931 0.024304
v 0.170891 -0.145523 0.024460
v 0.165482 -0.146160 0.028270
v 0.159516 -0.145523 0.031593
v 0.147963 -0.145523 0.038840
v 0.142175 -0.138494 0.042470
v 0.147954 -0.138494 0.038845
v 0.170878 -0.144429 0.024249
v 0.170877 -0.139582 0.024259
v 0.170802 -0.138516 0.024505
v 0.165432 -0.138016 0.028196
v 0.170856 -0.137411 0.025308
v 0.171333 -0.136607 0.026632
v 0.166073 -0.147044 0.029212
v 0.142951 -0.147901 0.053697
v 0.146504 -0.145138 0.060607
v 0.146779 -0.148106 0.059037
v 0.142897 -0.142009 0.055621
v 0.140697 -0.136626 0.050853
v 0.173633 -0.131103 0.128635
v 0.169317 -0.127328 0.129063
v 0.173451 -0.135961 0.148846
v 0.174583 -0.136018 0.141939
v 0.171862 -0.130606 0.142165
v 0.168350 -0.130237 0.162262
v 0.169621 -0.130300 0.155610
v 0.165093 -0.126066 0.155105
v 0.160607 -0.125219 0.160994
v 0.158953 -0.126056 0.154228
v 0.157338 -0.125911 0.160393
v 0.149876 -0.135836 0.159328
v 0.151719 -0.135870 0.153542
v 0.150816 -0.142009 0.153567
v 0.148991 -0.142009 0.159261
v 0.149884 -0.148182 0.159287
v 0.146039 -0.135875 0.170576
v 0.147144 -0.142009 0.164764
v 0.145205 -0.142009 0.170318
v 0.146392 -0.153907 0.177748
v 0.148631 -0.153995 0.171192
v 0.151875 -0.158029 0.178935
v 0.141181 -0.147988 0.184200
v 0.138747 -0.147888 0.191084
v 0.140235 -0.142009 0.184133
v 0.138727 -0.136129 0.191131
v 0.141161 -0.136030 0.184250
v 0.140616 -0.128403 0.204045
v 0.139566 -0.130570 0.198109
v 0.142435 -0.128173 0.198201
v 0.145147 -0.126952 0.196677
v 0.147834 -0.126368 0.193521
v 0.149115 -0.126847 0.194240
v 0.146940 -0.127276 0.197693
v 0.147514 -0.128155 0.197899
v 0.145438 -0.128634 0.201381
v 0.146136 -0.131101 0.202850
v 0.141361 -0.129798 0.208587
v 0.142238 -0.128194 0.204423
v 0.140706 -0.129001 0.208175
v 0.141958 -0.131101 0.209223
v 0.139593 -0.130418 0.211953
v 0.137871 -0.131114 0.215474
v 0.136969 -0.130510 0.215310
v 0.140715 -0.133979 0.217520
v 0.136016 -0.133591 0.224225
v 0.144412 -0.135009 0.219944
v 0.136055 -0.135009 0.232690
v 0.135806 -0.134943 0.232705
v 0.135711 -0.133534 0.225614
v 0.136103 -0.133299 0.222578
v 0.135936 -0.132608 0.221578
v 0.136135 -0.132038 0.219726
v 0.134344 -0.132270 0.222758
v 0.134330 -0.132346 0.223283
v 0.135315 -0.131367 0.218950
v 0.133887 -0.131705 0.218332
v 0.135169 -0.130929 0.214247
v 0.138269 -0.129640 0.211492
v 0.139708 -0.128755 0.207708
v 0.134179 -0.147695 0.205054
v 0.133092 -0.142009 0.205104
v 0.135340 -0.142009 0.198077
v 0.136064 -0.153463 0.211788
v 0.137545 -0.153303 0.204909
v 0.132234 -0.147615 0.212133
v 0.135245 -0.153133 0.214076
v 0.134692 -0.152803 0.215280
v 0.130689 -0.147549 0.219311
v 0.129765 -0.147495 0.226593
v 0.129497 -0.142009 0.219510
v 0.130921 -0.149782 0.226380
v 0.131597 -0.150461 0.226698
v 0.130901 -0.149558 0.230534
v 0.131394 -0.148643 0.238416
v 0.131647 -0.147904 0.241724
v 0.133679 -0.148297 0.245974
v 0.134046 -0.147484 0.247837
v 0.135515 -0.148307 0.249513
v 0.129791 -0.136570 0.233951
v 0.131165 -0.136610 0.241141
v 0.131477 -0.133388 0.233662
v 0.131458 -0.133390 0.226281
v 0.131982 -0.132858 0.226533
v 0.132806 -0.132361 0.222412
v 0.132199 -0.132742 0.233680
v 0.129793 -0.147449 0.233926
v 0.128566 -0.142009 0.226856
v 0.138073 -0.147338 0.253958
v 0.133642 -0.151593 0.223279
v 0.132651 -0.151432 0.222954
v 0.133979 -0.152407 0.219309
v 0.148590 -0.135009 0.213571
v 0.163661 -0.135040 0.190920
v 0.162396 -0.135052 0.198128
v 0.154493 -0.131101 0.190104
v 0.158671 -0.131101 0.183731
v 0.153964 -0.127136 0.187552
v 0.152972 -0.127239 0.189107
v 0.153576 -0.126272 0.187366
v 0.151331 -0.126503 0.190794
v 0.152080 -0.125577 0.186461
v 0.150129 -0.125943 0.190103
v 0.154642 -0.125393 0.182968
v 0.154533 -0.125396 0.183114
v 0.155556 -0.125896 0.183768
v 0.151857 -0.125994 0.178980
v 0.153810 -0.125890 0.172614
v 0.148614 -0.130026 0.171237
v 0.146372 -0.130116 0.177797
v 0.144497 -0.127997 0.191553
v 0.146637 -0.127824 0.184958
v 0.144036 -0.130249 0.184597
v 0.155623 -0.125858 0.166496
v 0.152426 -0.130036 0.159580
v 0.162204 -0.125909 0.168011
v 0.162382 -0.126731 0.173426
v 0.165260 -0.128626 0.170839
v 0.160030 -0.125993 0.176451
v 0.162849 -0.131101 0.177358
v 0.160640 -0.127258 0.177419
v 0.158383 -0.127013 0.180764
v 0.167384 -0.131831 0.171418
v 0.166970 -0.131101 0.171072
v 0.167183 -0.131144 0.170671
v 0.166342 -0.129796 0.170246
v 0.165325 -0.128883 0.171181
v 0.165325 -0.129091 0.171395
v 0.169071 -0.142009 0.176610
v 0.168186 -0.147990 0.176361
v 0.166938 -0.148189 0.182203
v 0.166434 -0.148644 0.183346
v 0.167066 -0.149173 0.179448
v 0.167384 -0.150235 0.175630
v 0.167102 -0.153051 0.170586
v 0.170455 -0.142009 0.169671
v 0.169562 -0.148051 0.169478
v 0.171880 -0.142009 0.162507
v 0.173203 -0.142009 0.155679
v 0.172231 -0.135932 0.155706
v 0.165107 -0.157956 0.155056
v 0.166365 -0.157749 0.148585
v 0.169623 -0.153716 0.155562
v 0.166446 -0.147857 0.185204
v 0.167934 -0.142009 0.182430
v 0.164457 -0.134918 0.186916
v 0.164329 -0.134941 0.187440
v 0.166447 -0.134278 0.179273
v 0.166005 -0.134901 0.183023
v 0.167131 -0.134765 0.178999
v 0.167405 -0.135258 0.178937
v 0.167642 -0.134165 0.175645
v 0.167805 -0.134111 0.174894
v 0.163711 -0.125944 0.161539
v 0.144893 -0.133979 0.211147
v 0.150587 -0.154022 0.165330
v 0.153827 -0.158130 0.172569
v 0.153439 -0.148080 0.147724
v 0.152539 -0.142009 0.147814
v 0.154094 -0.142009 0.142142
v 0.156429 -0.147859 0.136103
v 0.151614 -0.158190 0.188831
v 0.145241 -0.150038 0.210623
v 0.141121 -0.150038 0.216907
v 0.160794 -0.148677 0.212683
v 0.161524 -0.147788 0.212789
v 0.163860 -0.147659 0.199061
v 0.164912 -0.142009 0.199138
v 0.164491 -0.147674 0.195612
v 0.161309 -0.140931 0.226765
v 0.161726 -0.142009 0.221717
v 0.161311 -0.143086 0.226757
v 0.160720 -0.135400 0.249035
v 0.159768 -0.135544 0.241802
v 0.162319 -0.135406 0.256174
v 0.162278 -0.135260 0.260274
v 0.152164 -0.138956 0.267001
v 0.156862 -0.138956 0.266941
v 0.145420 -0.135844 0.261517
v 0.163276 -0.136904 0.260521
v 0.163364 -0.138956 0.260543
v 0.163189 -0.136737 0.255927
v 0.162551 -0.138954 0.251829
v 0.161787 -0.136560 0.250428
v 0.162132 -0.136550 0.251977
v 0.161297 -0.136145 0.248920
v 0.160688 -0.136297 0.244832
v 0.142238 -0.136676 0.258781
v 0.142684 -0.133946 0.258354
v 0.139277 -0.133303 0.253734
v 0.142133 -0.135009 0.250382
v 0.140462 -0.135009 0.247712
v 0.138701 -0.132759 0.245558
v 0.137435 -0.133009 0.242290
v 0.162136 -0.147468 0.251981
v 0.163189 -0.147282 0.255927
v 0.163396 -0.145010 0.255769
v 0.163273 -0.147115 0.260525
v 0.162980 -0.148068 0.260459
v 0.156901 -0.147211 0.266744
v 0.160688 -0.148081 0.264270
v 0.152280 -0.147245 0.266822
v 0.152162 -0.145009 0.267004
v 0.160743 -0.147580 0.244806
v 0.160053 -0.147811 0.239105
v 0.159126 -0.148689 0.234526
v 0.147530 -0.143510 0.053340
v 0.147856 -0.147334 0.052648
v 0.157483 -0.147395 0.050534
v 0.169547 -0.153844 0.038235
v 0.163940 -0.156350 0.041370
v 0.155728 -0.159325 0.030838
v 0.152354 -0.159568 0.032874
v 0.152062 -0.160417 0.025216
v 0.148728 -0.160419 0.026890
v 0.145590 -0.160480 0.028860
v 0.147627 -0.160622 0.027915
v 0.142463 -0.160180 0.030774
v 0.144160 -0.160546 0.030052
v 0.141867 -0.160402 0.031622
v 0.148911 -0.159590 0.034965
v 0.148848 -0.157977 0.042554
v 0.145503 -0.159282 0.037036
v 0.152024 -0.158332 0.040679
v 0.146540 -0.154046 0.051298
v 0.142950 -0.155230 0.046025
v 0.145743 -0.157038 0.044386
v 0.151993 -0.156652 0.048183
v 0.156541 -0.155736 0.052840
v 0.154134 -0.154725 0.054761
v 0.153903 -0.155077 0.054565
v 0.140639 -0.144128 0.043214
v 0.140740 -0.145524 0.043371
v 0.142103 -0.147244 0.045529
v 0.137667 -0.147263 0.046948
v 0.135177 -0.149905 0.043274
v 0.131470 -0.151624 0.038088
v 0.132147 -0.153245 0.037468
v 0.133133 -0.154860 0.037276
v 0.139146 -0.156409 0.040894
v 0.136790 -0.153470 0.042313
v 0.135937 -0.158037 0.035353
v 0.136530 -0.158535 0.034811
v 0.138187 -0.159400 0.033996
v 0.140151 -0.159897 0.032275
v 0.133084 -0.154649 0.036660
v 0.134143 -0.155953 0.035947
v 0.130876 -0.149855 0.038177
v 0.129833 -0.142204 0.039215
v 0.129976 -0.144451 0.039236
v 0.130191 -0.146311 0.039103
v 0.129903 -0.144429 0.038700
v 0.146682 -0.123425 0.028440
v 0.144033 -0.123573 0.030115
v 0.141882 -0.123923 0.031372
v 0.140352 -0.124232 0.032397
v 0.138773 -0.124563 0.033397
v 0.145465 -0.124887 0.037062
v 0.148860 -0.124491 0.034999
v 0.157890 -0.126910 0.044808
v 0.155199 -0.125656 0.038814
v 0.151980 -0.125740 0.040713
v 0.163891 -0.127595 0.041413
v 0.164248 -0.128610 0.048321
v 0.163552 -0.135688 0.047922
v 0.147315 -0.135224 0.058398
v 0.154032 -0.129292 0.054745
v 0.153784 -0.128996 0.054493
v 0.148865 -0.131984 0.057273
v 0.146494 -0.130029 0.051340
v 0.146851 -0.134926 0.058321
v 0.141023 -0.136724 0.050614
v 0.135052 -0.134094 0.043357
v 0.130238 -0.136951 0.039075
v 0.129887 -0.140706 0.039291
v 0.130007 -0.138822 0.039217
v 0.133909 -0.142009 0.044025
v 0.134231 -0.146028 0.043834
v 0.134182 -0.137992 0.043870
v 0.140643 -0.139582 0.043220
v 0.143698 -0.143510 0.048139
v 0.167307 -0.138153 0.015414
v 0.170466 -0.138052 0.022045
v 0.170810 -0.142009 0.021844
v 0.167739 -0.142009 0.015331
v 0.167775 -0.140121 0.015464
v 0.166733 -0.136468 0.015549
v 0.166527 -0.134628 0.015947
v 0.167275 -0.136385 0.015788
v 0.165453 -0.131761 0.016551
v 0.160163 -0.125646 0.019987
v 0.162180 -0.126951 0.018869
v 0.162237 -0.127521 0.018512
v 0.163314 -0.128195 0.017988
v 0.164465 -0.129599 0.017424
v 0.171597 -0.134821 0.029357
v 0.167667 -0.130873 0.023686
v 0.167506 -0.129147 0.031671
v 0.169442 -0.130227 0.038314
v 0.172845 -0.136674 0.033869
v 0.168339 -0.136759 0.029725
v 0.170912 -0.136973 0.026179
v 0.167257 -0.137538 0.027367
v 0.169939 -0.136685 0.038672
v 0.149733 -0.140509 0.051165
v 0.149739 -0.136686 0.051162
v 0.148426 -0.136686 0.052063
v 0.164380 -0.140509 0.041978
v 0.162400 -0.140509 0.043220
v 0.151079 -0.140509 0.050321
v 0.169795 -0.130549 0.044794
v 0.171940 -0.132065 0.042923
v 0.159031 -0.125117 0.028851
v 0.152917 -0.123821 0.024259
v 0.150014 -0.123395 0.026662
v 0.149190 -0.123370 0.027180
v 0.152298 -0.124437 0.032911
v 0.167566 -0.143864 0.015314
v 0.167521 -0.145718 0.015472
v 0.170482 -0.145982 0.022030
v 0.169522 -0.149821 0.022586
v 0.171692 -0.149247 0.029289
v 0.168119 -0.147244 0.029211
v 0.167666 -0.147045 0.028216
v 0.166932 -0.144437 0.026732
v 0.162689 -0.147353 0.046382
v 0.168693 -0.147395 0.043503
v 0.170974 -0.147044 0.026141
v 0.167865 -0.153267 0.023558
v 0.165116 -0.154052 0.017181
v 0.165410 -0.152685 0.016579
v 0.163701 -0.155768 0.017749
v 0.165394 -0.156018 0.025029
v 0.159887 -0.158314 0.019930
v 0.157940 -0.158821 0.021016
v 0.158201 -0.159214 0.021229
v 0.156763 -0.159714 0.022326
v 0.153481 -0.160139 0.024035
v 0.151830 -0.160079 0.024897
v 0.162372 -0.157786 0.026840
v 0.166903 -0.147508 0.015477
v 0.167635 -0.154938 0.031582
v 0.137823 -0.136984 0.046895
v 0.141026 -0.137538 0.043819
v 0.140740 -0.138494 0.043371
v 0.131603 -0.131601 0.037914
v 0.130941 -0.133319 0.038307
v 0.133745 -0.128043 0.036468
v 0.132372 -0.129974 0.037328
v 0.135847 -0.126332 0.034924
v 0.137221 -0.125373 0.034111
v 0.135600 -0.126324 0.035731
v 0.139075 -0.127687 0.040942
v 0.133490 -0.128415 0.037054
v 0.140614 -0.131469 0.047392
v 0.139081 -0.134727 0.048264
v 0.142807 -0.135585 0.053382
v 0.143698 -0.140509 0.048139
v 0.142394 -0.136759 0.045998
v 0.148815 -0.126168 0.042582
v 0.142128 -0.125858 0.039090
v 0.145721 -0.127131 0.044407
v 0.156472 -0.128332 0.052876
v 0.151965 -0.127472 0.048213
v 0.162028 -0.128323 0.049722
v 0.155433 -0.129131 0.053997
v 0.145591 -0.123390 0.029441
v 0.146844 -0.149131 0.058176
v 0.148920 -0.152036 0.057236
v 0.139185 -0.147431 0.048706
v 0.162102 -0.155797 0.049640
v 0.165951 -0.155226 0.047054
v 0.166016 -0.155249 0.046887
v -0.248899 0.062666 0.413411
v -0.248629 0.056496 0.402256
v -0.248898 0.062666 0.407469
v -0.268003 0.058583 0.415984
v -0.272699 0.058617 0.418540
v -0.269523 0.058617 0.414641
v -0.272134 0.057993 0.419811
v -0.273566 0.058242 0.418333
v -0.276744 0.084017 0.478757
v -0.286892 0.084017 0.449061
v -0.284177 0.084017 0.464725
v -0.272705 0.058617 0.479585
v -0.268384 0.058617 0.482338
v -0.274378 0.058367 0.480905
v -0.270061 0.058034 0.476355
v -0.268882 0.058024 0.475056
v -0.254001 0.056817 0.469649
v -0.248728 0.056496 0.495961
v -0.256795 0.056817 0.472442
v -0.244052 0.084017 0.401119
v -0.220777 0.084017 0.404245
v -0.236157 0.084017 0.400879
v -0.274508 0.058617 0.414222
v -0.254148 0.057912 0.437797
v -0.255655 0.056817 0.460841
v -0.264026 0.056817 0.452760
v -0.260245 0.056817 0.452760
v -0.254810 0.058024 0.452064
v -0.256232 0.058242 0.452031
v -0.260251 0.057877 0.452003
v -0.260149 0.058024 0.446153
v -0.258358 0.058046 0.446195
v -0.248902 0.056817 0.444033
v -0.248902 0.057920 0.446167
v -0.248902 0.056817 0.445364
v -0.248902 0.058617 0.449064
v -0.250794 0.058617 0.446563
v -0.251656 0.058325 0.466026
v -0.260628 0.058617 0.467509
v -0.256579 0.058388 0.470772
v -0.262091 0.057924 0.468278
v -0.249859 0.058230 0.456197
v -0.248903 0.058305 0.455347
v -0.267484 0.057928 0.473631
v -0.284689 0.058127 0.446072
v -0.275527 0.058092 0.452050
v -0.271867 0.057929 0.446049
v -0.269719 0.058511 0.451791
v -0.267827 0.058617 0.446561
v -0.267827 0.058492 0.451780
v -0.283561 0.058055 0.452062
v -0.286015 0.058266 0.446211
v -0.255905 0.058130 0.462101
v -0.248903 0.058617 0.462861
v -0.251464 0.058179 0.440308
v -0.248902 0.057874 0.452168
v -0.248902 0.056817 0.454091
v -0.248902 0.056817 0.452761
v -0.262105 0.058078 0.429841
v -0.260953 0.058242 0.430947
v -0.260554 0.057931 0.431393
v -0.255417 0.058428 0.436178
v -0.267527 0.058133 0.424395
v -0.266273 0.058240 0.425496
v -0.262038 0.058138 0.421453
v -0.262872 0.058024 0.420587
v -0.250008 0.058133 0.433478
v -0.182070 0.064666 0.442118
v -0.195346 0.064666 0.419430
v -0.185440 0.064666 0.428622
v -0.199923 0.084017 0.480755
v -0.195346 0.084017 0.419430
v -0.274133 0.056817 0.484311
v -0.275542 0.058024 0.481715
v -0.225690 0.061478 0.402027
v -0.177474 0.050419 0.449517
v -0.177112 0.058581 0.423678
v -0.177112 0.064666 0.429857
v -0.187943 0.064666 0.473860
v -0.186041 0.064565 0.457498
v -0.191871 0.064666 0.466734
v -0.192023 0.064711 0.431457
v -0.187939 0.064666 0.424274
v -0.193664 0.064733 0.427805
v -0.192405 0.065900 0.433711
v -0.192250 0.065799 0.435680
v -0.200270 0.065841 0.458075
v -0.193682 0.065815 0.449584
v -0.208035 0.058173 0.454616
v -0.189156 0.044460 0.456482
v -0.187080 0.045044 0.456409
v -0.187080 0.039077 0.456409
v -0.189317 0.059805 0.456398
v -0.186080 0.053327 0.456374
v -0.186358 0.045214 0.455948
v -0.186114 0.035892 0.452902
v -0.186355 0.039077 0.455837
v -0.182115 0.025285 0.459135
v -0.182115 0.030878 0.457692
v -0.182115 0.025102 0.457692
v -0.189101 0.062048 0.441654
v -0.185916 0.053327 0.441808
v -0.189210 0.063354 0.441638
v -0.189506 0.056496 0.441729
v -0.186421 0.046484 0.442020
v -0.189154 0.044460 0.441652
v -0.187078 0.045895 0.441725
v -0.182271 0.032362 0.434689
v -0.182113 0.030878 0.440442
v -0.182134 0.033806 0.435370
v -0.203760 0.030602 0.432533
v -0.208348 0.030567 0.430463
v -0.207430 0.030464 0.432245
v -0.224777 0.045317 0.402663
v -0.230610 0.031317 0.402663
v -0.224777 0.038967 0.402663
v -0.234040 0.030817 0.413562
v -0.235489 0.030817 0.403155
v -0.215419 0.030817 0.421820
v -0.214260 0.030830 0.407470
v -0.216872 0.030817 0.420645
v -0.248290 0.029984 0.402117
v -0.248398 0.031391 0.402047
v -0.237897 0.030567 0.413561
v -0.237887 0.030817 0.403155
v -0.240001 0.030817 0.403157
v -0.239529 0.030817 0.413276
v -0.242019 0.030817 0.403156
v -0.241366 0.030738 0.413540
v -0.243874 0.030817 0.403156
v -0.248360 0.030071 0.406065
v -0.247576 0.030817 0.403159
v -0.245771 0.030817 0.403152
v -0.223351 0.058517 0.403395
v -0.223832 0.058517 0.415705
v -0.225680 0.058517 0.414945
v -0.177112 0.032617 0.423809
v -0.177112 0.027071 0.427601
v -0.177112 0.030100 0.425294
v -0.179014 0.011511 0.453575
v -0.184391 0.009349 0.453508
v -0.179014 0.009428 0.453528
v -0.238396 0.058234 0.495337
v -0.248368 0.046974 0.495711
v -0.248429 0.048814 0.495711
v -0.223359 0.030817 0.494731
v -0.231764 0.030817 0.494970
v -0.230156 0.030817 0.494973
v -0.200275 0.030817 0.465825
v -0.195478 0.030830 0.470637
v -0.196809 0.030817 0.465642
v -0.247586 0.030519 0.494666
v -0.241385 0.030817 0.484754
v -0.248118 0.030817 0.490839
v -0.246022 0.030817 0.494966
v -0.242102 0.030817 0.494967
v -0.239529 0.030567 0.484598
v -0.239733 0.030817 0.494969
v -0.237711 0.030817 0.484846
v -0.237879 0.030817 0.494965
v -0.235892 0.030817 0.484752
v -0.233911 0.030817 0.494964
v -0.232038 0.030484 0.483904
v -0.234046 0.030817 0.484562
v -0.248476 0.029884 0.492058
v -0.208139 0.030817 0.467798
v -0.204458 0.030817 0.483006
v -0.202288 0.030817 0.480673
v -0.248498 0.060131 0.496741
v -0.248618 0.059017 0.494020
v -0.242285 0.058017 0.495462
v -0.248118 0.050655 0.495461
v -0.248118 0.052495 0.495461
v -0.223359 0.058517 0.494731
v -0.212474 0.058517 0.474504
v -0.217611 0.058517 0.492393
v -0.248406 0.060074 0.487429
v -0.246581 0.062130 0.485960
v -0.208522 0.065952 0.472404
v -0.208703 0.065866 0.469229
v -0.209448 0.065833 0.470346
v -0.202691 0.065966 0.469180
v -0.192426 0.065884 0.464442
v -0.202238 0.065966 0.468349
v -0.205062 0.058416 0.461168
v -0.206215 0.058351 0.457973
v -0.206550 0.057896 0.459809
v -0.205754 0.065915 0.465970
v -0.207194 0.057960 0.460735
v -0.199545 0.065966 0.461944
v -0.193396 0.065763 0.454127
v -0.193614 0.065859 0.468175
v -0.196482 0.065866 0.473852
v -0.195286 0.065841 0.471768
v -0.211916 0.064666 0.487468
v -0.213535 0.064666 0.487525
v -0.225813 0.061403 0.496144
v -0.207172 0.065828 0.473616
v -0.206600 0.065716 0.474095
v -0.225787 0.030817 0.494972
v -0.228066 0.030817 0.494968
v -0.177114 0.040790 0.449068
v -0.177115 0.022228 0.465062
v -0.177115 0.019498 0.460117
v -0.248610 0.054336 0.402161
v -0.248610 0.052580 0.401584
v -0.242277 0.058517 0.403162
v -0.243149 0.058517 0.412845
v -0.246299 0.058550 0.413133
v -0.247661 0.061269 0.411634
v -0.248284 0.060683 0.410692
v -0.205702 0.064666 0.422067
v -0.214518 0.064654 0.419684
v -0.212721 0.064666 0.421966
v -0.205951 0.065899 0.428397
v -0.203831 0.065766 0.422159
v -0.206261 0.065733 0.423773
v -0.213894 0.058517 0.422237
v -0.216176 0.058517 0.420316
v -0.190114 0.058517 0.449066
v -0.196172 0.058442 0.446236
v -0.190114 0.058517 0.446543
v -0.203629 0.059416 0.442351
v -0.207740 0.059416 0.443140
v -0.206146 0.063966 0.442834
v -0.203817 0.058416 0.441369
v -0.206412 0.058197 0.439566
v -0.206074 0.065866 0.430028
v -0.206734 0.065927 0.432176
v -0.200073 0.065866 0.434938
v -0.199744 0.065866 0.435794
v -0.202564 0.064466 0.449065
v -0.208225 0.064466 0.446468
v -0.208364 0.064216 0.449065
v -0.228519 0.030817 0.414726
v -0.230294 0.030817 0.414252
v -0.231886 0.030817 0.403155
v -0.223331 0.030834 0.403336
v -0.228313 0.030817 0.403159
v -0.211841 0.030817 0.409040
v -0.182350 0.032398 0.451802
v -0.182146 0.033826 0.452585
v -0.189219 0.056618 0.456420
v -0.268291 0.057386 0.414907
v -0.265613 0.057548 0.417738
v -0.270361 0.057712 0.421655
v -0.276884 0.063617 0.419597
v -0.275525 0.058306 0.416361
v -0.274578 0.063617 0.414312
v -0.275470 0.070417 0.416143
v -0.274578 0.070417 0.414312
v -0.286093 0.077217 0.456991
v -0.286093 0.084017 0.456991
v -0.281042 0.063617 0.472048
v -0.281042 0.056817 0.472048
v -0.276744 0.063617 0.478757
v -0.269201 0.058242 0.483813
v -0.268334 0.057627 0.483262
v -0.272174 0.057796 0.478409
v -0.263624 0.058549 0.477932
v -0.262413 0.058457 0.476851
v -0.260011 0.057493 0.474816
v -0.257498 0.057946 0.472084
v -0.259815 0.057138 0.475012
v -0.246905 0.064666 0.484717
v -0.247905 0.064398 0.478775
v -0.246905 0.064666 0.478775
v -0.246903 0.064666 0.455006
v -0.247903 0.064398 0.455006
v -0.246902 0.064666 0.449064
v -0.207299 0.070417 0.412382
v -0.201630 0.064666 0.416428
v -0.207299 0.064666 0.412382
v -0.220777 0.070417 0.404245
v -0.220777 0.077217 0.404245
v -0.213704 0.077217 0.407760
v -0.248266 0.064032 0.425295
v -0.248632 0.063666 0.431238
v -0.251802 0.070417 0.402645
v -0.251802 0.077217 0.402645
v -0.244052 0.070417 0.401119
v -0.269267 0.063617 0.411488
v -0.271442 0.058222 0.412251
v -0.273032 0.063617 0.412902
v -0.236157 0.070417 0.400879
v -0.244052 0.077217 0.401119
v -0.236157 0.077217 0.400879
v -0.263708 0.057332 0.445842
v -0.265836 0.058353 0.446225
v -0.250083 0.058117 0.452065
v -0.257768 0.058242 0.452031
v -0.262066 0.058200 0.452042
v -0.252133 0.058200 0.446086
v -0.256464 0.057386 0.445879
v -0.250049 0.058617 0.464007
v -0.254730 0.058117 0.460906
v -0.251671 0.057332 0.457536
v -0.257737 0.058242 0.463962
v -0.256906 0.058366 0.463178
v -0.264064 0.057894 0.470274
v -0.265745 0.057920 0.472066
v -0.286093 0.063617 0.456991
v -0.286649 0.056817 0.452758
v -0.286093 0.056817 0.456991
v -0.286102 0.063617 0.441199
v -0.282476 0.058188 0.446215
v -0.274200 0.058333 0.451938
v -0.271612 0.058457 0.451905
v -0.277565 0.057956 0.446004
v -0.275369 0.057386 0.445878
v -0.282931 0.056817 0.452758
v -0.279977 0.057627 0.452250
v -0.279150 0.056817 0.452758
v -0.281074 0.058242 0.452028
v -0.281134 0.070417 0.426256
v -0.281134 0.077217 0.426256
v -0.276884 0.077217 0.419597
v -0.264741 0.058583 0.471446
v -0.253399 0.058583 0.467533
v -0.254226 0.057138 0.469423
v -0.251206 0.056817 0.466854
v -0.248903 0.058549 0.463214
v -0.252750 0.058549 0.438846
v -0.251614 0.056817 0.441320
v -0.251388 0.057138 0.441095
v -0.262465 0.056817 0.430467
v -0.264002 0.057627 0.428212
v -0.257843 0.058200 0.434074
v -0.268980 0.058366 0.422871
v -0.263510 0.058349 0.420086
v -0.258794 0.058242 0.424714
v -0.257761 0.058366 0.425794
v -0.253646 0.058488 0.430083
v -0.248901 0.058308 0.434622
v -0.255887 0.057931 0.427574
v -0.254462 0.057739 0.428945
v -0.264891 0.058457 0.426833
v -0.189379 0.071116 0.422935
v -0.189379 0.064666 0.422935
v -0.182204 0.077217 0.457016
v -0.181572 0.071116 0.449070
v -0.181572 0.077217 0.449070
v -0.189404 0.077217 0.475225
v -0.189404 0.084017 0.475225
v -0.192634 0.084017 0.477534
v -0.206569 0.070417 0.485140
v -0.199923 0.077217 0.480755
v -0.206569 0.077217 0.485140
v -0.243447 0.077217 0.497076
v -0.243447 0.084017 0.497076
v -0.251282 0.077217 0.495630
v -0.269009 0.063617 0.486769
v -0.271443 0.058457 0.485879
v -0.265180 0.056817 0.480826
v -0.265406 0.057138 0.480601
v -0.275333 0.063617 0.482427
v -0.274320 0.070417 0.484140
v -0.275333 0.070417 0.482427
v -0.258772 0.063617 0.492915
v -0.258772 0.056817 0.492915
v -0.251282 0.056817 0.495630
v -0.182070 0.071116 0.442118
v -0.183331 0.077566 0.435263
v -0.182070 0.077566 0.442118
v -0.266045 0.077217 0.409351
v -0.266045 0.084017 0.409351
v -0.259199 0.077217 0.405413
v -0.225810 0.063656 0.403207
v -0.232490 0.060795 0.400922
v -0.228620 0.061285 0.401437
v -0.225790 0.053545 0.400976
v -0.217888 0.061310 0.403937
v -0.217937 0.063026 0.404678
v -0.225774 0.060996 0.401861
v -0.203531 0.061597 0.410556
v -0.203465 0.063184 0.411477
v -0.184048 0.058183 0.420364
v -0.190521 0.061545 0.417978
v -0.184059 0.061859 0.422164
v -0.184054 0.058183 0.477770
v -0.177117 0.054184 0.476200
v -0.177116 0.058581 0.474458
v -0.189292 0.061882 0.479254
v -0.184040 0.062064 0.475853
v -0.192560 0.064733 0.454866
v -0.191892 0.064800 0.460654
v -0.186026 0.064666 0.440260
v -0.185637 0.064190 0.441411
v -0.184813 0.064666 0.440624
v -0.177112 0.063885 0.427279
v -0.179798 0.063775 0.425942
v -0.180293 0.064432 0.427001
v -0.194447 0.065711 0.427982
v -0.194000 0.065866 0.429048
v -0.192547 0.065733 0.432524
v -0.192550 0.065737 0.438204
v -0.193231 0.065861 0.442021
v -0.193230 0.065966 0.440990
v -0.193171 0.065166 0.443201
v -0.192807 0.064800 0.443240
v -0.193518 0.065799 0.445651
v -0.193623 0.065816 0.448340
v -0.193538 0.065816 0.452172
v -0.201993 0.065591 0.452516
v -0.202169 0.065716 0.454283
v -0.202596 0.064555 0.455865
v -0.202260 0.065738 0.456112
v -0.203355 0.064338 0.455483
v -0.206101 0.064399 0.455050
v -0.208756 0.064277 0.454520
v -0.209040 0.064083 0.454301
v -0.208616 0.058564 0.452344
v -0.209063 0.058804 0.454236
v -0.207266 0.059041 0.455143
v -0.207742 0.059416 0.454990
v -0.206345 0.058123 0.456131
v -0.206859 0.057781 0.454854
v -0.196172 0.058517 0.451588
v -0.202229 0.058404 0.452048
v -0.208886 0.058069 0.466298
v -0.204432 0.056817 0.462301
v -0.208532 0.056976 0.467281
v -0.192941 0.037927 0.465440
v -0.191474 0.037651 0.461087
v -0.192106 0.035479 0.463443
v -0.190508 0.036854 0.460691
v -0.187146 0.035060 0.462685
v -0.187063 0.038415 0.456553
v -0.189495 0.038416 0.456684
v -0.190618 0.050388 0.457522
v -0.190769 0.044851 0.457872
v -0.190444 0.038034 0.457559
v -0.193105 0.055218 0.465208
v -0.195236 0.056817 0.471088
v -0.192936 0.056817 0.465803
v -0.190184 0.063726 0.455877
v -0.189092 0.062381 0.456479
v -0.189054 0.064465 0.457228
v -0.185594 0.063541 0.455975
v -0.184730 0.064099 0.449067
v -0.185114 0.063166 0.449067
v -0.185489 0.047642 0.455825
v -0.186068 0.037475 0.456442
v -0.186053 0.036770 0.454521
v -0.182589 0.037153 0.457692
v -0.182470 0.036917 0.459251
v -0.182352 0.030094 0.463618
v -0.182294 0.032440 0.463508
v -0.182264 0.024769 0.457692
v -0.182178 0.025051 0.456188
v -0.185994 0.025581 0.454054
v -0.182589 0.025444 0.454554
v -0.184114 0.030801 0.451338
v -0.182588 0.030801 0.451418
v -0.185720 0.030826 0.451233
v -0.187063 0.024653 0.455789
v -0.186714 0.024907 0.455022
v -0.190682 0.024247 0.454280
v -0.190576 0.024466 0.455337
v -0.190506 0.024396 0.443632
v -0.186091 0.025613 0.444332
v -0.186492 0.025134 0.449067
v -0.186083 0.034372 0.451843
v -0.186114 0.032658 0.450990
v -0.181640 0.041714 0.446698
v -0.185640 0.041533 0.446593
v -0.185640 0.040870 0.449067
v -0.185703 0.046295 0.444069
v -0.185219 0.047527 0.444058
v -0.177531 0.049634 0.446573
v -0.181640 0.048185 0.444964
v -0.177614 0.047663 0.444937
v -0.177364 0.048114 0.445089
v -0.177539 0.045956 0.444537
v -0.177614 0.044686 0.444694
v -0.177519 0.043342 0.445252
v -0.177483 0.042003 0.446527
v -0.177631 0.041390 0.448129
v -0.177640 0.041485 0.450342
v -0.181640 0.041714 0.451435
v -0.177531 0.042158 0.451746
v -0.177623 0.043923 0.453177
v -0.177569 0.045932 0.453576
v -0.181640 0.045817 0.453804
v -0.177565 0.047527 0.453261
v -0.184640 0.048150 0.453366
v -0.181640 0.048185 0.453169
v -0.185479 0.046497 0.453980
v -0.185096 0.047850 0.453806
v -0.177640 0.050233 0.448080
v -0.181640 0.049919 0.446698
v -0.177614 0.048685 0.452567
v -0.185298 0.047593 0.442757
v -0.185417 0.058517 0.442087
v -0.189092 0.058029 0.441655
v -0.189723 0.059536 0.442154
v -0.190465 0.056317 0.440958
v -0.190465 0.050388 0.440958
v -0.191984 0.055238 0.436653
v -0.192664 0.056817 0.434675
v -0.193102 0.055218 0.432923
v -0.191380 0.037835 0.437414
v -0.193469 0.044960 0.433160
v -0.192937 0.037927 0.432692
v -0.190381 0.038068 0.440419
v -0.187144 0.036780 0.437686
v -0.187144 0.037383 0.440111
v -0.186202 0.037685 0.441729
v -0.187056 0.038126 0.441436
v -0.185879 0.043306 0.444718
v -0.182588 0.034949 0.445217
v -0.185935 0.034307 0.446182
v -0.185640 0.035053 0.445338
v -0.182233 0.036347 0.437904
v -0.182176 0.036896 0.440442
v -0.182348 0.037077 0.440442
v -0.182348 0.035261 0.436058
v -0.183747 0.030878 0.434106
v -0.182587 0.030094 0.434266
v -0.187202 0.032617 0.434161
v -0.184907 0.031033 0.434047
v -0.192358 0.030472 0.433654
v -0.188608 0.027606 0.434721
v -0.193280 0.030351 0.433456
v -0.200651 0.029946 0.433280
v -0.203791 0.029943 0.433113
v -0.195255 0.030887 0.427574
v -0.196597 0.030888 0.425056
v -0.198363 0.031284 0.421745
v -0.196161 0.031200 0.425344
v -0.194672 0.031095 0.428314
v -0.193252 0.031093 0.431623
v -0.193617 0.031173 0.430639
v -0.192531 0.031155 0.433346
v -0.192922 0.030930 0.432899
v -0.193108 0.030847 0.432805
v -0.202919 0.044976 0.412078
v -0.203880 0.038106 0.412582
v -0.199602 0.038088 0.418909
v -0.223990 0.058250 0.402887
v -0.234499 0.031070 0.402727
v -0.236444 0.030888 0.402905
v -0.234499 0.030888 0.402905
v -0.234310 0.030817 0.403155
v -0.243225 0.030750 0.413812
v -0.246028 0.030650 0.413959
v -0.248134 0.029909 0.412029
v -0.243463 0.027744 0.414083
v -0.241828 0.027614 0.413909
v -0.245103 0.027012 0.407781
v -0.244520 0.026769 0.409573
v -0.244756 0.026826 0.412775
v -0.239261 0.026185 0.412273
v -0.244559 0.026912 0.413427
v -0.236920 0.027258 0.413807
v -0.238601 0.027340 0.413765
v -0.228024 0.027096 0.415389
v -0.225575 0.026489 0.415901
v -0.225118 0.030658 0.416287
v -0.223434 0.030567 0.417135
v -0.217024 0.030750 0.420844
v -0.210373 0.025693 0.427925
v -0.213817 0.026262 0.423971
v -0.212913 0.026154 0.424897
v -0.215023 0.026367 0.422812
v -0.219119 0.026916 0.419657
v -0.220238 0.030317 0.418943
v -0.220372 0.027005 0.418863
v -0.222970 0.027010 0.417416
v -0.224317 0.027122 0.416793
v -0.217176 0.030317 0.421042
v -0.208301 0.023842 0.428430
v -0.205524 0.021884 0.435965
v -0.194072 0.019475 0.439380
v -0.193296 0.018967 0.439355
v -0.184128 0.022888 0.431996
v -0.184906 0.019688 0.437053
v -0.191622 0.020493 0.435532
v -0.197598 0.026558 0.420506
v -0.204365 0.026458 0.417893
v -0.197598 0.028179 0.416589
v -0.211239 0.028154 0.407859
v -0.218316 0.027357 0.406125
v -0.246578 0.028314 0.401830
v -0.240322 0.028135 0.401668
v -0.238375 0.027181 0.402702
v -0.239057 0.026370 0.408247
v -0.244594 0.026815 0.408703
v -0.248360 0.028892 0.409155
v -0.248361 0.028892 0.411404
v -0.248576 0.029200 0.409155
v -0.247573 0.028873 0.401601
v -0.248100 0.031116 0.400934
v -0.248482 0.041452 0.402472
v -0.248421 0.039612 0.402533
v -0.236444 0.031070 0.402727
v -0.238388 0.030888 0.402905
v -0.242277 0.030888 0.402905
v -0.244221 0.030888 0.402904
v -0.246166 0.030888 0.402904
v -0.240319 0.029970 0.402085
v -0.230610 0.058450 0.402913
v -0.230610 0.058517 0.403163
v -0.232555 0.058450 0.402913
v -0.226721 0.058450 0.402913
v -0.220455 0.058675 0.417814
v -0.218736 0.058584 0.418770
v -0.217863 0.059017 0.419677
v -0.218466 0.062717 0.419251
v -0.218500 0.063742 0.418655
v -0.215699 0.064016 0.420356
v -0.244132 0.064012 0.407268
v -0.244351 0.063892 0.403054
v -0.245707 0.061579 0.400672
v -0.231995 0.063221 0.401898
v -0.237583 0.064217 0.402696
v -0.232127 0.064217 0.403126
v -0.246428 0.060532 0.400471
v -0.247762 0.059812 0.400680
v -0.246422 0.045817 0.399815
v -0.247612 0.042515 0.399967
v -0.248013 0.045821 0.399992
v -0.233169 0.045817 0.400072
v -0.225951 0.045817 0.400601
v -0.233054 0.039211 0.400449
v -0.226145 0.031843 0.401961
v -0.218316 0.030658 0.402845
v -0.225570 0.030104 0.401330
v -0.197402 0.032617 0.412276
v -0.197512 0.039186 0.411341
v -0.177112 0.024446 0.430212
v -0.184128 0.024715 0.428788
v -0.178756 0.020316 0.436391
v -0.177876 0.019704 0.437630
v -0.178874 0.018482 0.439279
v -0.179023 0.017482 0.441079
v -0.178641 0.015940 0.443893
v -0.179024 0.015810 0.443642
v -0.178764 0.009365 0.444690
v -0.179014 0.009585 0.444568
v -0.190248 0.013827 0.444673
v -0.190278 0.016362 0.443777
v -0.186139 0.017554 0.441598
v -0.189997 0.017120 0.442823
v -0.192159 0.018648 0.440401
v -0.190835 0.018039 0.444648
v -0.190787 0.016422 0.445263
v -0.190611 0.009104 0.445442
v -0.184391 0.008590 0.452663
v -0.190097 0.008628 0.449066
v -0.184391 0.008417 0.449067
v -0.178547 0.008792 0.449068
v -0.178581 0.008709 0.447296
v -0.178514 0.017363 0.449068
v -0.178514 0.013437 0.445053
v -0.177815 0.017900 0.454726
v -0.178769 0.016545 0.454975
v -0.179029 0.016497 0.455017
v -0.190451 0.015816 0.453656
v -0.190434 0.013827 0.453257
v -0.185187 0.017520 0.456537
v -0.184692 0.017503 0.456538
v -0.179025 0.017482 0.457057
v -0.184132 0.024715 0.469346
v -0.183802 0.022851 0.466076
v -0.198347 0.021361 0.464050
v -0.196864 0.023926 0.469343
v -0.197604 0.023965 0.469544
v -0.206742 0.022710 0.466506
v -0.207392 0.023251 0.468094
v -0.206187 0.022261 0.464722
v -0.205734 0.023969 0.462014
v -0.207414 0.024594 0.465577
v -0.207973 0.025290 0.466523
v -0.206618 0.024615 0.463914
v -0.210105 0.025459 0.469890
v -0.209267 0.024979 0.468810
v -0.215175 0.026175 0.475742
v -0.211245 0.024792 0.473774
v -0.214619 0.025314 0.477081
v -0.197603 0.025153 0.473621
v -0.190889 0.026682 0.474921
v -0.197604 0.026558 0.477625
v -0.231943 0.026241 0.489528
v -0.231791 0.025979 0.485260
v -0.225409 0.026430 0.489113
v -0.218324 0.029483 0.495049
v -0.225578 0.027770 0.495900
v -0.218324 0.028425 0.494385
v -0.204371 0.049746 0.490599
v -0.204497 0.045817 0.490874
v -0.225959 0.045817 0.497525
v -0.233063 0.039211 0.497674
v -0.225797 0.039212 0.497269
v -0.234352 0.061791 0.497216
v -0.238212 0.062134 0.497336
v -0.245715 0.061579 0.497450
v -0.248224 0.056132 0.497723
v -0.248122 0.052699 0.497972
v -0.240020 0.045817 0.498277
v -0.246407 0.053218 0.498098
v -0.248580 0.042524 0.497427
v -0.248605 0.045839 0.497316
v -0.238396 0.031317 0.495462
v -0.240340 0.031152 0.495419
v -0.232563 0.031070 0.495398
v -0.230618 0.030888 0.495220
v -0.232741 0.030539 0.496087
v -0.228674 0.030888 0.495220
v -0.223993 0.038469 0.495334
v -0.224785 0.032617 0.495463
v -0.218520 0.031218 0.493350
v -0.214625 0.031259 0.491377
v -0.212528 0.030936 0.489909
v -0.210197 0.031067 0.488465
v -0.210088 0.030900 0.488144
v -0.206641 0.031134 0.485674
v -0.207606 0.031063 0.486460
v -0.205310 0.031159 0.484482
v -0.202964 0.030948 0.481932
v -0.203292 0.030915 0.482216
v -0.202408 0.031282 0.481554
v -0.199456 0.031131 0.477853
v -0.198790 0.031044 0.476863
v -0.196805 0.031251 0.473928
v -0.197058 0.031098 0.474262
v -0.195791 0.031274 0.472144
v -0.194372 0.031234 0.469268
v -0.196129 0.038035 0.472439
v -0.192928 0.031317 0.465784
v -0.193181 0.031317 0.466459
v -0.192911 0.030226 0.464527
v -0.193630 0.030364 0.464690
v -0.194279 0.030830 0.468054
v -0.194632 0.027449 0.463686
v -0.196860 0.029949 0.464652
v -0.206923 0.030398 0.465361
v -0.207352 0.030479 0.465721
v -0.209163 0.025498 0.468476
v -0.208298 0.025082 0.467130
v -0.209261 0.030783 0.469293
v -0.215726 0.030442 0.475954
v -0.217141 0.030567 0.477139
v -0.220226 0.030442 0.479214
v -0.221794 0.030550 0.480187
v -0.224160 0.030533 0.481378
v -0.225696 0.027221 0.481899
v -0.225184 0.030317 0.481692
v -0.232017 0.026485 0.484071
v -0.228292 0.027094 0.482819
v -0.225581 0.026489 0.482225
v -0.240211 0.027379 0.484337
v -0.238640 0.027266 0.484371
v -0.244553 0.027455 0.484094
v -0.248551 0.029075 0.488966
v -0.248429 0.029712 0.486057
v -0.248368 0.028892 0.488966
v -0.245617 0.030658 0.483968
v -0.246174 0.030888 0.495218
v -0.244229 0.030888 0.495218
v -0.243354 0.030817 0.494969
v -0.240340 0.030888 0.495219
v -0.236006 0.030817 0.494970
v -0.228648 0.030567 0.482984
v -0.230359 0.030750 0.483630
v -0.228596 0.030750 0.483159
v -0.223455 0.030442 0.480961
v -0.231665 0.027199 0.483664
v -0.242285 0.031070 0.495397
v -0.248262 0.030905 0.495346
v -0.248539 0.031807 0.496159
v -0.247861 0.028760 0.496138
v -0.248050 0.031716 0.497224
v -0.247620 0.030299 0.497190
v -0.225962 0.030240 0.496262
v -0.240327 0.028298 0.496571
v -0.246961 0.028641 0.496530
v -0.244528 0.026769 0.488548
v -0.245111 0.027012 0.490340
v -0.244875 0.026876 0.485355
v -0.238455 0.027183 0.495421
v -0.239065 0.026370 0.489876
v -0.244590 0.026807 0.489292
v -0.245660 0.027848 0.484078
v -0.245080 0.026994 0.485052
v -0.238664 0.026668 0.484675
v -0.248551 0.033624 0.495711
v -0.248584 0.035931 0.495836
v -0.248368 0.028892 0.491215
v -0.247445 0.028762 0.484378
v -0.247117 0.030317 0.484120
v -0.212255 0.025991 0.472509
v -0.194632 0.024238 0.459589
v -0.197195 0.024207 0.460016
v -0.192897 0.023810 0.458311
v -0.191654 0.023668 0.456852
v -0.192028 0.018471 0.457921
v -0.193298 0.018967 0.458777
v -0.199501 0.019888 0.461210
v -0.204839 0.020811 0.462339
v -0.199804 0.020456 0.460390
v -0.204851 0.021723 0.461395
v -0.199936 0.023462 0.460155
v -0.205043 0.020852 0.462548
v -0.194650 0.019117 0.459807
v -0.190759 0.017395 0.455022
v -0.190746 0.013827 0.452806
v -0.190283 0.008742 0.452680
v -0.190642 0.023878 0.449066
v -0.190835 0.018039 0.453484
v -0.182509 0.027760 0.463109
v -0.184909 0.031033 0.464086
v -0.186069 0.030878 0.464149
v -0.186069 0.031035 0.464147
v -0.190709 0.031040 0.464389
v -0.190709 0.030878 0.464391
v -0.192117 0.031829 0.464506
v -0.182470 0.033996 0.463093
v -0.184329 0.030878 0.464058
v -0.198487 0.030847 0.475891
v -0.199013 0.030879 0.476874
v -0.200958 0.030879 0.479461
v -0.200278 0.030817 0.478199
v -0.194006 0.031254 0.468471
v -0.200105 0.058291 0.477973
v -0.205306 0.058517 0.475078
v -0.204738 0.058291 0.474351
v -0.208932 0.057379 0.469317
v -0.209304 0.058115 0.469972
v -0.210261 0.059017 0.471207
v -0.209374 0.059416 0.470020
v -0.213763 0.062717 0.475078
v -0.214241 0.063574 0.475840
v -0.230382 0.063742 0.484587
v -0.224325 0.063467 0.482307
v -0.227654 0.058675 0.483507
v -0.225774 0.058584 0.482948
v -0.233445 0.058767 0.484749
v -0.235382 0.059017 0.484910
v -0.233454 0.059017 0.484682
v -0.245617 0.060980 0.484429
v -0.245339 0.061503 0.484544
v -0.243426 0.063467 0.484953
v -0.243687 0.063762 0.485445
v -0.244140 0.064012 0.490854
v -0.248126 0.060204 0.497310
v -0.248168 0.058260 0.495382
v -0.248157 0.058767 0.485963
v -0.248215 0.059017 0.485929
v -0.243101 0.058767 0.484849
v -0.245110 0.058675 0.484633
v -0.237270 0.058562 0.485366
v -0.239200 0.058623 0.485326
v -0.246174 0.058267 0.495394
v -0.248584 0.054336 0.495836
v -0.238396 0.058517 0.494962
v -0.240340 0.058450 0.495212
v -0.228674 0.058517 0.494963
v -0.230618 0.058450 0.495213
v -0.230618 0.058517 0.494963
v -0.213983 0.058550 0.475799
v -0.222073 0.058550 0.481441
v -0.223838 0.058517 0.482421
v -0.224741 0.062717 0.482266
v -0.220541 0.059017 0.480177
v -0.222244 0.059017 0.481106
v -0.209676 0.058465 0.471261
v -0.215809 0.045079 0.493958
v -0.223200 0.052074 0.495205
v -0.215998 0.052068 0.494010
v -0.248544 0.060117 0.492020
v -0.247208 0.061410 0.496865
v -0.237591 0.064217 0.495428
v -0.232047 0.063553 0.495819
v -0.209610 0.063879 0.470563
v -0.209731 0.064541 0.472253
v -0.209210 0.065378 0.472031
v -0.204156 0.065840 0.475790
v -0.200184 0.065915 0.463481
v -0.199967 0.058916 0.462262
v -0.201705 0.058666 0.465503
v -0.199841 0.059416 0.462305
v -0.199662 0.065874 0.459623
v -0.203520 0.058483 0.468716
v -0.205825 0.062062 0.469660
v -0.204103 0.059416 0.469959
v -0.202982 0.058916 0.469017
v -0.202865 0.059416 0.469082
v -0.204111 0.065902 0.470031
v -0.205811 0.058816 0.469371
v -0.205951 0.058664 0.468966
v -0.203459 0.058825 0.463214
v -0.203685 0.059291 0.463319
v -0.204662 0.058916 0.461994
v -0.204762 0.059416 0.462138
v -0.207089 0.065766 0.466389
v -0.208520 0.059416 0.468772
v -0.207624 0.065766 0.467330
v -0.206112 0.065915 0.468110
v -0.203992 0.065915 0.463735
v -0.204765 0.065903 0.465626
v -0.204178 0.065816 0.462406
v -0.205155 0.064179 0.462353
v -0.205083 0.065766 0.462254
v -0.205957 0.065952 0.464502
v -0.205227 0.062591 0.462452
v -0.206178 0.059416 0.469336
v -0.206265 0.059162 0.468780
v -0.206172 0.065766 0.469348
v -0.208804 0.057709 0.468161
v -0.209067 0.057698 0.466556
v -0.207516 0.058216 0.461519
v -0.208573 0.058398 0.464247
v -0.201248 0.065915 0.466047
v -0.192230 0.065778 0.462505
v -0.192445 0.065701 0.460466
v -0.192900 0.065833 0.458093
v -0.193243 0.065833 0.455667
v -0.192542 0.065716 0.465577
v -0.194428 0.065695 0.470162
v -0.198236 0.065733 0.475640
v -0.201561 0.065791 0.476474
v -0.215027 0.064570 0.478687
v -0.214769 0.064642 0.478722
v -0.214190 0.063082 0.491980
v -0.214708 0.064217 0.490738
v -0.218391 0.064217 0.492136
v -0.225745 0.060992 0.496259
v -0.217945 0.063026 0.493449
v -0.213905 0.061416 0.492664
v -0.210895 0.061283 0.491363
v -0.204105 0.057805 0.489114
v -0.204084 0.061364 0.487926
v -0.190864 0.039173 0.483126
v -0.184351 0.045817 0.480358
v -0.191071 0.045817 0.483771
v -0.184115 0.039082 0.479643
v -0.181819 0.032618 0.476529
v -0.177117 0.039052 0.476696
v -0.196519 0.063233 0.482755
v -0.196121 0.061694 0.483447
v -0.192681 0.061764 0.481399
v -0.190459 0.064316 0.477418
v -0.198048 0.064666 0.480095
v -0.197204 0.064290 0.481563
v -0.195549 0.064733 0.473920
v -0.197896 0.064666 0.476609
v -0.200278 0.065666 0.476429
v -0.215000 0.063467 0.476472
v -0.204189 0.031317 0.483441
v -0.203329 0.031317 0.482560
v -0.206496 0.030918 0.485332
v -0.207063 0.030955 0.485891
v -0.219998 0.031222 0.493984
v -0.221660 0.031317 0.494663
v -0.224785 0.030886 0.495217
v -0.218440 0.049863 0.496101
v -0.225804 0.053317 0.497169
v -0.225900 0.049893 0.497390
v -0.210153 0.024505 0.471676
v -0.209901 0.024510 0.470753
v -0.179014 0.021060 0.463139
v -0.178897 0.020769 0.462617
v -0.178924 0.021056 0.463141
v -0.178581 0.008961 0.452984
v -0.178514 0.009129 0.452731
v -0.184710 0.015330 0.453968
v -0.190321 0.008753 0.445525
v -0.194708 0.023640 0.439194
v -0.192150 0.023890 0.440148
v -0.205183 0.023934 0.436576
v -0.206616 0.024615 0.434215
v -0.206772 0.026726 0.433667
v -0.208172 0.025364 0.431242
v -0.207095 0.027175 0.433228
v -0.207262 0.027950 0.432899
v -0.211801 0.030442 0.426088
v -0.213014 0.030567 0.424693
v -0.208208 0.024336 0.430747
v -0.207385 0.024085 0.432400
v -0.212170 0.026013 0.425716
v -0.206072 0.027123 0.433940
v -0.190957 0.024175 0.440785
v -0.188608 0.024288 0.440362
v -0.182176 0.025051 0.441945
v -0.182113 0.025102 0.440442
v -0.182176 0.024860 0.440442
v -0.182263 0.027824 0.445732
v -0.182349 0.026494 0.444826
v -0.182588 0.030878 0.446717
v -0.185640 0.032529 0.446661
v -0.182588 0.032446 0.446518
v -0.186114 0.032658 0.447144
v -0.182145 0.035506 0.444013
v -0.182114 0.034962 0.444525
v -0.182144 0.026708 0.436273
v -0.182113 0.025876 0.437554
v -0.188608 0.024619 0.442507
v -0.190087 0.024588 0.442654
v -0.194630 0.024925 0.436939
v -0.199745 0.024368 0.437426
v -0.197160 0.024279 0.437991
v -0.184737 0.017505 0.441596
v -0.191112 0.045817 0.414335
v -0.190858 0.039173 0.415006
v -0.197769 0.045817 0.410733
v -0.197635 0.049684 0.411012
v -0.218567 0.045817 0.401816
v -0.225789 0.039212 0.400857
v -0.204365 0.027806 0.413524
v -0.197598 0.030324 0.412990
v -0.232939 0.028741 0.401434
v -0.248162 0.035916 0.400625
v -0.248359 0.039216 0.400498
v -0.248197 0.049259 0.400073
v -0.248451 0.058017 0.402502
v -0.236444 0.058450 0.402912
v -0.238388 0.058359 0.402821
v -0.248235 0.058550 0.410692
v -0.248110 0.058517 0.408810
v -0.248252 0.060705 0.401805
v -0.248461 0.060444 0.406102
v -0.248432 0.056113 0.400631
v -0.248451 0.058675 0.403161
v -0.248360 0.058584 0.405044
v -0.246166 0.058450 0.402911
v -0.244221 0.058517 0.403161
v -0.246166 0.058517 0.403161
v -0.245946 0.061631 0.413460
v -0.243471 0.063465 0.413149
v -0.243420 0.064016 0.412621
v -0.238639 0.059017 0.413065
v -0.239191 0.058767 0.413003
v -0.237274 0.058767 0.413024
v -0.231548 0.059017 0.413772
v -0.230484 0.062717 0.414002
v -0.231548 0.062717 0.413772
v -0.224385 0.059017 0.416011
v -0.224735 0.062717 0.415860
v -0.241127 0.058767 0.413084
v -0.239194 0.058584 0.412820
v -0.247111 0.060386 0.413291
v -0.246276 0.060717 0.413618
v -0.246861 0.058517 0.412858
v -0.247776 0.058517 0.411942
v -0.244221 0.058267 0.402728
v -0.242277 0.058142 0.402695
v -0.246397 0.053190 0.400023
v -0.240399 0.045817 0.399839
v -0.213499 0.064569 0.421775
v -0.209625 0.064667 0.425755
v -0.202010 0.065791 0.421642
v -0.198439 0.065719 0.422377
v -0.199497 0.065939 0.421997
v -0.196665 0.065799 0.423904
v -0.197149 0.065666 0.423343
v -0.207060 0.065903 0.424478
v -0.208090 0.065866 0.425235
v -0.208782 0.065766 0.428956
v -0.209396 0.065816 0.428051
v -0.209339 0.065339 0.426171
v -0.205169 0.065166 0.422750
v -0.213759 0.062717 0.423050
v -0.214233 0.059017 0.422605
v -0.212989 0.059017 0.423809
v -0.208808 0.057856 0.428701
v -0.208849 0.057915 0.430250
v -0.209055 0.057842 0.432201
v -0.208550 0.058340 0.434032
v -0.207589 0.058316 0.436169
v -0.209240 0.058145 0.427940
v -0.210132 0.058675 0.426825
v -0.211451 0.058767 0.425370
v -0.217113 0.058584 0.419901
v -0.204430 0.056817 0.435829
v -0.208673 0.057082 0.431428
v -0.208528 0.056976 0.430848
v -0.207197 0.057878 0.437390
v -0.206480 0.057433 0.438992
v -0.206405 0.058283 0.442320
v -0.208326 0.058340 0.443585
v -0.206966 0.057861 0.443076
v -0.209031 0.058694 0.443732
v -0.208391 0.058484 0.445561
v -0.202229 0.058291 0.445620
v -0.204314 0.057082 0.443499
v -0.208717 0.059017 0.446584
v -0.208614 0.059017 0.449065
v -0.208824 0.064114 0.443468
v -0.209035 0.064093 0.443672
v -0.208895 0.061386 0.443428
v -0.200289 0.058916 0.439755
v -0.199646 0.059416 0.438169
v -0.200109 0.058608 0.437617
v -0.199635 0.065859 0.438504
v -0.199903 0.065939 0.439496
v -0.203780 0.058733 0.435635
v -0.203613 0.058916 0.434568
v -0.205882 0.058729 0.429623
v -0.204619 0.058416 0.429024
v -0.204626 0.058550 0.428524
v -0.205390 0.058550 0.428745
v -0.204583 0.061268 0.428025
v -0.204599 0.059813 0.428024
v -0.206296 0.062591 0.429240
v -0.207061 0.065866 0.431728
v -0.208516 0.059416 0.429357
v -0.207903 0.065766 0.430335
v -0.206033 0.065903 0.433665
v -0.204017 0.065878 0.435263
v -0.204039 0.065857 0.434021
v -0.204289 0.059416 0.435766
v -0.203829 0.062591 0.435557
v -0.205129 0.062062 0.435809
v -0.205130 0.065806 0.435790
v -0.203928 0.065915 0.428133
v -0.201559 0.065816 0.431544
v -0.202032 0.065903 0.430471
v -0.204560 0.064708 0.428025
v -0.200971 0.065966 0.441194
v -0.202147 0.065672 0.441954
v -0.203316 0.064416 0.442597
v -0.202457 0.064332 0.442108
v -0.206099 0.064399 0.443080
v -0.201871 0.065591 0.447352
v -0.202018 0.065466 0.445711
v -0.202202 0.065591 0.443851
v -0.208239 0.058550 0.449065
v -0.212680 0.064474 0.408946
v -0.214290 0.064410 0.409937
v -0.213952 0.064666 0.411103
v -0.247094 0.030442 0.413973
v -0.245908 0.027815 0.414009
v -0.231785 0.025979 0.412866
v -0.231935 0.026241 0.408598
v -0.225401 0.026430 0.409013
v -0.216939 0.025568 0.419202
v -0.219954 0.025870 0.418051
v -0.218317 0.025685 0.418248
v -0.205607 0.021854 0.433245
v -0.205510 0.022166 0.432550
v -0.204819 0.020778 0.435573
v -0.205041 0.020852 0.435581
v -0.232555 0.030888 0.402906
v -0.230610 0.030888 0.402906
v -0.230100 0.030817 0.403156
v -0.228666 0.031070 0.402728
v -0.228666 0.030888 0.402906
v -0.225871 0.030817 0.403159
v -0.222055 0.031109 0.403371
v -0.221743 0.030884 0.403697
v -0.219960 0.031139 0.404176
v -0.223204 0.031138 0.402956
v -0.205323 0.031187 0.413634
v -0.207707 0.031198 0.411523
v -0.206276 0.031317 0.412713
v -0.204655 0.030951 0.414444
v -0.203985 0.031055 0.414992
v -0.207531 0.030907 0.411926
v -0.208802 0.031317 0.410616
v -0.211414 0.031317 0.408726
v -0.210120 0.031317 0.409630
v -0.214256 0.031317 0.406948
v -0.213554 0.031259 0.407370
v -0.215702 0.030887 0.406464
v -0.209439 0.030908 0.410409
v -0.217213 0.031278 0.405376
v -0.203362 0.030926 0.415811
v -0.202958 0.030948 0.416197
v -0.202537 0.031185 0.416478
v -0.201682 0.031265 0.417397
v -0.199515 0.031159 0.420170
v -0.199007 0.030879 0.421258
v -0.199424 0.030911 0.420597
v -0.190127 0.030878 0.433772
v -0.189547 0.031039 0.433804
v -0.185987 0.037363 0.440460
v -0.190386 0.038398 0.441003
v -0.184365 0.064465 0.455375
v -0.186731 0.024954 0.443860
v -0.182264 0.035683 0.454005
v -0.182350 0.036881 0.456144
v -0.186145 0.037481 0.457199
v -0.190114 0.057355 0.453582
v -0.196172 0.057667 0.453225
v -0.192797 0.065766 0.439540
v -0.190201 0.087530 0.448391
v -0.193093 0.085468 0.448373
v -0.190184 0.085511 0.448243
v -0.196008 0.086174 0.426339
v -0.197766 0.085310 0.423699
v -0.197004 0.085205 0.425378
v -0.195192 0.093483 0.428583
v -0.204623 0.093505 0.433392
v -0.193586 0.093380 0.431899
v -0.254294 0.085233 0.404469
v -0.265213 0.085238 0.424077
v -0.266413 0.085330 0.425555
v -0.247619 0.085205 0.413499
v -0.249343 0.085535 0.414191
v -0.238095 0.085227 0.401703
v -0.247298 0.085310 0.402430
v -0.257870 0.093428 0.418127
v -0.254309 0.093392 0.404429
v -0.259414 0.093399 0.419200
v -0.268025 0.093338 0.411972
v -0.265831 0.093399 0.410319
v -0.274075 0.085311 0.417689
v -0.275940 0.085282 0.420003
v -0.247254 0.093505 0.402654
v -0.250891 0.093342 0.403260
v -0.223623 0.093483 0.403976
v -0.215881 0.093492 0.419784
v -0.220205 0.093505 0.405304
v -0.226100 0.093471 0.414448
v -0.227635 0.093399 0.414063
v -0.207818 0.093301 0.412318
v -0.203833 0.093255 0.415943
v -0.206176 0.093471 0.413942
v -0.209081 0.085205 0.411687
v -0.213475 0.085455 0.408319
v -0.210435 0.085418 0.410287
v -0.213939 0.085368 0.421577
v -0.208169 0.085472 0.412017
v -0.203833 0.085455 0.415943
v -0.238095 0.093399 0.401558
v -0.230765 0.093471 0.402241
v -0.234437 0.093255 0.401683
v -0.230749 0.085310 0.402139
v -0.234431 0.085538 0.401600
v -0.232598 0.085330 0.401897
v -0.278568 0.085455 0.423577
v -0.273232 0.085205 0.436896
v -0.280163 0.086058 0.425985
v -0.283065 0.091732 0.441536
v -0.283667 0.090129 0.441536
v -0.285661 0.085393 0.442522
v -0.275070 0.085205 0.444283
v -0.280666 0.085310 0.448264
v -0.275290 0.089355 0.448504
v -0.278039 0.085477 0.448430
v -0.275249 0.085967 0.448422
v -0.286092 0.089355 0.448454
v -0.283292 0.093316 0.448286
v -0.286150 0.091180 0.448426
v -0.279718 0.090129 0.441536
v -0.278947 0.089355 0.441536
v -0.281930 0.091614 0.441536
v -0.283841 0.085824 0.435344
v -0.273751 0.085227 0.438722
v -0.284607 0.085455 0.437066
v -0.191517 0.093342 0.438123
v -0.190960 0.093505 0.442523
v -0.191259 0.093505 0.440745
v -0.198346 0.093363 0.448224
v -0.201636 0.093255 0.444237
v -0.201317 0.093380 0.446115
v -0.202291 0.085568 0.440587
v -0.192306 0.085409 0.435293
v -0.191462 0.085409 0.438399
v -0.192512 0.087884 0.441412
v -0.194692 0.089354 0.441536
v -0.192208 0.090015 0.441506
v -0.196471 0.087564 0.441527
v -0.208354 0.085412 0.427784
v -0.199943 0.085455 0.420536
v -0.198982 0.085205 0.422286
v -0.286804 0.123199 0.448587
v -0.286809 0.120192 0.452512
v -0.286809 0.123196 0.452512
v -0.226674 0.157685 0.440295
v -0.229156 0.155225 0.437675
v -0.229154 0.157739 0.437673
v -0.209588 0.147859 0.458352
v -0.207398 0.147629 0.460666
v -0.207161 0.145405 0.460916
v -0.202193 0.120192 0.484663
v -0.206391 0.120192 0.485162
v -0.203960 0.120192 0.482895
v -0.243556 0.120192 0.499207
v -0.243204 0.120192 0.496731
v -0.239436 0.120192 0.499488
v -0.275864 0.120192 0.482613
v -0.273962 0.120192 0.480988
v -0.284310 0.120192 0.452596
v -0.284305 0.120192 0.447716
v -0.278584 0.146419 0.431562
v -0.279918 0.149692 0.431561
v -0.277952 0.148127 0.431562
v -0.286806 0.120192 0.444556
v -0.284306 0.120192 0.444558
v -0.268276 0.120192 0.486371
v -0.269873 0.120192 0.488295
v -0.273010 0.120192 0.485551
v -0.227130 0.120192 0.498316
v -0.231554 0.120192 0.496565
v -0.227423 0.120192 0.495820
v -0.198220 0.126431 0.470364
v -0.196377 0.127958 0.472312
v -0.196877 0.125100 0.471784
v -0.219426 0.154309 0.447956
v -0.218362 0.156621 0.449079
v -0.218574 0.154107 0.448856
v -0.274128 0.085718 0.458343
v -0.283721 0.085945 0.463736
v -0.284746 0.085204 0.460158
v -0.256297 0.093254 0.494057
v -0.259495 0.093379 0.479829
v -0.259586 0.093471 0.492366
v -0.252560 0.085467 0.495422
v -0.245601 0.085204 0.496708
v -0.249213 0.085237 0.496125
v -0.222110 0.085217 0.494549
v -0.212086 0.085371 0.475858
v -0.225318 0.085329 0.484260
v -0.223542 0.085237 0.483648
v -0.243869 0.085204 0.486351
v -0.241971 0.085596 0.486297
v -0.216888 0.093482 0.479991
v -0.222110 0.093491 0.494549
v -0.215434 0.093379 0.478751
v -0.229447 0.093328 0.496764
v -0.225523 0.093471 0.495704
v -0.218416 0.093504 0.481103
v -0.205015 0.085204 0.483878
v -0.203367 0.085310 0.462099
v -0.199934 0.085454 0.478524
v -0.193175 0.093504 0.465456
v -0.194061 0.093410 0.468072
v -0.200973 0.089354 0.450536
v -0.195719 0.085579 0.450569
v -0.198346 0.085476 0.450642
v -0.202554 0.093504 0.460374
v -0.192078 0.093504 0.461925
v -0.202403 0.093171 0.458588
v -0.192315 0.087982 0.457536
v -0.194693 0.089354 0.457536
v -0.193320 0.086977 0.457536
v -0.205499 0.093504 0.467388
v -0.210541 0.093254 0.488772
v -0.204742 0.093471 0.465639
v -0.191140 0.085237 0.458374
v -0.202425 0.085704 0.458458
v -0.201960 0.085537 0.456609
v -0.197923 0.093471 0.475428
v -0.199952 0.093398 0.478510
v -0.199053 0.093504 0.476889
v -0.249673 0.093362 0.496072
v -0.252803 0.093379 0.495223
v -0.254628 0.085346 0.482755
v -0.238291 0.085310 0.497514
v -0.256395 0.085204 0.482036
v -0.262112 0.085534 0.477835
v -0.267355 0.085226 0.487452
v -0.268820 0.085237 0.486332
v -0.274170 0.093379 0.481260
v -0.265362 0.093504 0.475019
v -0.266180 0.093425 0.473845
v -0.281193 0.093482 0.470489
v -0.271496 0.093300 0.465552
v -0.282474 0.093254 0.468035
v -0.279709 0.087729 0.457601
v -0.281693 0.089354 0.457536
v -0.281602 0.086685 0.457649
v -0.285425 0.093504 0.456549
v -0.274435 0.093254 0.456678
v -0.275057 0.093504 0.454880
v -0.278039 0.085487 0.450661
v -0.275412 0.089354 0.450536
v -0.275195 0.085752 0.450622
v -0.283292 0.085204 0.451036
v -0.285732 0.085454 0.456595
v -0.285658 0.085204 0.454739
v -0.276442 0.085454 0.478537
v -0.273674 0.085537 0.482064
v -0.275358 0.085329 0.479859
v -0.275057 0.085204 0.454880
v -0.280666 0.085204 0.451036
v -0.278039 0.085204 0.451036
v -0.195719 0.085363 0.448377
v -0.201217 0.089355 0.448473
v -0.200973 0.092253 0.448536
v -0.201217 0.092253 0.448473
v -0.201384 0.093077 0.448290
v -0.202441 0.093238 0.440625
v -0.203201 0.093221 0.437940
v -0.204519 0.085789 0.434422
v -0.205073 0.085705 0.433609
v -0.205580 0.085238 0.431798
v -0.208589 0.085205 0.426926
v -0.207710 0.086456 0.429009
v -0.211981 0.085675 0.423698
v -0.202099 0.085394 0.417708
v -0.201001 0.085271 0.419192
v -0.197411 0.090143 0.423797
v -0.200155 0.093301 0.420193
v -0.197419 0.089830 0.429455
v -0.196115 0.091919 0.425981
v -0.196843 0.091339 0.424735
v -0.196122 0.093230 0.426155
v -0.194363 0.092267 0.429619
v -0.204143 0.093346 0.435294
v -0.206782 0.093255 0.430329
v -0.205879 0.093130 0.431961
v -0.208366 0.093401 0.427724
v -0.211730 0.093238 0.423777
v -0.211983 0.092253 0.423775
v -0.220218 0.093130 0.417443
v -0.217143 0.092253 0.419412
v -0.218604 0.093088 0.418415
v -0.223557 0.085477 0.415711
v -0.221785 0.085394 0.416373
v -0.224021 0.092253 0.415628
v -0.223630 0.093238 0.415591
v -0.227988 0.085644 0.414145
v -0.231547 0.092253 0.413392
v -0.232240 0.085872 0.413252
v -0.239376 0.092253 0.412805
v -0.236323 0.093238 0.412646
v -0.238219 0.093221 0.412661
v -0.249281 0.093221 0.414368
v -0.249267 0.092253 0.414494
v -0.247151 0.092253 0.413895
v -0.254517 0.092253 0.416611
v -0.245716 0.085364 0.413403
v -0.243861 0.085272 0.412973
v -0.252576 0.085227 0.403917
v -0.270596 0.085643 0.432171
v -0.272762 0.085705 0.437066
v -0.271309 0.086456 0.433603
v -0.273942 0.085855 0.440544
v -0.274262 0.085705 0.442495
v -0.274960 0.085830 0.448165
v -0.274986 0.089355 0.448298
v -0.274952 0.093088 0.448121
v -0.274306 0.093172 0.442486
v -0.273974 0.093316 0.440610
v -0.272997 0.093438 0.436981
v -0.273592 0.093316 0.438771
v -0.273760 0.092253 0.440290
v -0.272762 0.093005 0.437066
v -0.269640 0.093346 0.430216
v -0.270506 0.093255 0.431892
v -0.266645 0.093255 0.425887
v -0.267470 0.093233 0.427149
v -0.269533 0.085580 0.430281
v -0.264989 0.085455 0.424289
v -0.263734 0.085364 0.422892
v -0.260334 0.085477 0.420086
v -0.257836 0.085394 0.418181
v -0.256208 0.085789 0.417314
v -0.251055 0.085272 0.414844
v -0.256153 0.093255 0.417397
v -0.254481 0.093130 0.416555
v -0.250992 0.093255 0.415016
v -0.251055 0.093438 0.414844
v -0.245720 0.093292 0.413385
v -0.247385 0.093255 0.413697
v -0.264306 0.093130 0.423648
v -0.263670 0.093255 0.422958
v -0.262275 0.093130 0.421732
v -0.267783 0.093505 0.426909
v -0.272192 0.093438 0.415666
v -0.270073 0.093316 0.413654
v -0.269743 0.085705 0.413031
v -0.273020 0.085705 0.416143
v -0.272824 0.085311 0.416332
v -0.275417 0.085622 0.418873
v -0.275490 0.093005 0.418927
v -0.278819 0.089643 0.423528
v -0.277612 0.093346 0.421988
v -0.278721 0.093255 0.423478
v -0.281185 0.093471 0.428474
v -0.280030 0.093149 0.425683
v -0.280187 0.091835 0.425876
v -0.279495 0.091278 0.424643
v -0.279171 0.090784 0.424121
v -0.278845 0.088700 0.423551
v -0.279311 0.087712 0.424332
v -0.277742 0.085705 0.421897
v -0.267749 0.085250 0.411831
v -0.262168 0.085394 0.407961
v -0.264354 0.085488 0.409143
v -0.261677 0.093294 0.407587
v -0.259599 0.085705 0.406295
v -0.260984 0.093505 0.407576
v -0.257815 0.093346 0.405630
v -0.259569 0.093255 0.406355
v -0.256124 0.085477 0.404856
v -0.256115 0.093233 0.404852
v -0.249140 0.093346 0.402707
v -0.249161 0.085455 0.402618
v -0.243659 0.085363 0.401756
v -0.245473 0.085455 0.401906
v -0.239959 0.085205 0.401819
v -0.236262 0.085705 0.401325
v -0.236265 0.093149 0.401408
v -0.223544 0.085363 0.403730
v -0.221832 0.085271 0.404411
v -0.221811 0.093255 0.404353
v -0.220025 0.093088 0.404862
v -0.221674 0.093505 0.416149
v -0.234421 0.093149 0.412896
v -0.240090 0.093346 0.412677
v -0.243833 0.093255 0.413154
v -0.243861 0.093438 0.412973
v -0.232587 0.093130 0.413182
v -0.213865 0.093471 0.421492
v -0.204579 0.093005 0.414921
v -0.208589 0.093505 0.426926
v -0.197593 0.093255 0.423588
v -0.198599 0.093130 0.422020
v -0.202028 0.093130 0.417646
v -0.215118 0.085310 0.407472
v -0.211843 0.085455 0.409197
v -0.212011 0.093471 0.409454
v -0.210566 0.093505 0.410590
v -0.215019 0.093255 0.407292
v -0.214182 0.093005 0.407695
v -0.218310 0.085705 0.405573
v -0.220017 0.085705 0.404841
v -0.216744 0.085271 0.406595
v -0.218376 0.093346 0.405718
v -0.215774 0.085364 0.420113
v -0.217014 0.085455 0.419420
v -0.234430 0.085705 0.412979
v -0.238219 0.085455 0.412719
v -0.236324 0.085364 0.412675
v -0.239611 0.085955 0.412815
v -0.226951 0.085205 0.414023
v -0.201195 0.093505 0.419350
v -0.209955 0.093438 0.425628
v -0.241835 0.093255 0.401491
v -0.243664 0.093233 0.401704
v -0.240208 0.093088 0.401352
v -0.245427 0.093471 0.402211
v -0.232583 0.093346 0.401773
v -0.228045 0.093409 0.402647
v -0.225294 0.093130 0.403077
v -0.227101 0.085455 0.402647
v -0.225294 0.085580 0.403077
v -0.264354 0.093221 0.409143
v -0.265988 0.085705 0.410097
v -0.281353 0.086220 0.428248
v -0.281916 0.086356 0.429660
v -0.282841 0.086306 0.431472
v -0.283236 0.086108 0.432244
v -0.284333 0.088145 0.436144
v -0.283742 0.087306 0.434148
v -0.280267 0.086886 0.429524
v -0.280294 0.086931 0.435530
v -0.281693 0.086556 0.435530
v -0.283465 0.089830 0.446736
v -0.284620 0.089514 0.437150
v -0.284725 0.093255 0.437035
v -0.285204 0.093130 0.438827
v -0.285368 0.093438 0.440675
v -0.285768 0.093346 0.442507
v -0.286162 0.085705 0.444336
v -0.285245 0.085238 0.440698
v -0.286077 0.085271 0.446200
v -0.286128 0.085498 0.448341
v -0.280666 0.093130 0.448503
v -0.278039 0.093005 0.448536
v -0.275247 0.093278 0.448250
v -0.275085 0.092253 0.448414
v -0.286116 0.093318 0.448285
v -0.286281 0.093172 0.446186
v -0.286095 0.093255 0.444343
v -0.286046 0.087530 0.448501
v -0.283328 0.093471 0.433574
v -0.282882 0.093346 0.431770
v -0.283219 0.093005 0.432201
v -0.283222 0.091890 0.432550
v -0.283861 0.091438 0.434225
v -0.282232 0.092204 0.430077
v -0.282837 0.092028 0.431600
v -0.281705 0.092290 0.428781
v -0.280320 0.091732 0.441536
v -0.280293 0.091778 0.435530
v -0.283853 0.091333 0.435309
v -0.278894 0.089355 0.435530
v -0.279269 0.090753 0.435530
v -0.278842 0.089355 0.429524
v -0.279761 0.087203 0.425167
v -0.280919 0.086494 0.427153
v -0.284306 0.090576 0.436061
v -0.284272 0.093005 0.435226
v -0.283651 0.085580 0.433461
v -0.274161 0.093346 0.417613
v -0.268136 0.085272 0.427823
v -0.267783 0.085205 0.426909
v -0.274575 0.085705 0.444354
v -0.234449 0.092253 0.412977
v -0.202964 0.093255 0.438838
v -0.191728 0.093005 0.436555
v -0.193473 0.091994 0.431787
v -0.196061 0.091579 0.441431
v -0.194352 0.091931 0.441455
v -0.193292 0.091781 0.435396
v -0.192606 0.091439 0.434182
v -0.192912 0.091790 0.432990
v -0.193039 0.091701 0.433015
v -0.192000 0.090474 0.436359
v -0.191738 0.089358 0.437256
v -0.192068 0.088247 0.436244
v -0.192599 0.087290 0.434159
v -0.194191 0.086725 0.441412
v -0.193419 0.086646 0.431991
v -0.192724 0.086560 0.433439
v -0.190778 0.085705 0.440597
v -0.189986 0.089355 0.448126
v -0.189986 0.091180 0.448126
v -0.190187 0.093221 0.446145
v -0.190387 0.093346 0.444296
v -0.190180 0.093161 0.448262
v -0.195719 0.093255 0.448469
v -0.193093 0.093130 0.448503
v -0.200973 0.093255 0.448347
v -0.190793 0.093088 0.440639
v -0.190263 0.085580 0.444283
v -0.190466 0.085705 0.442450
v -0.201512 0.085281 0.444219
v -0.201227 0.085238 0.446107
v -0.201967 0.085644 0.442025
v -0.202789 0.085271 0.438784
v -0.194185 0.086291 0.430052
v -0.192998 0.086798 0.432666
v -0.194755 0.086447 0.428779
v -0.195110 0.086020 0.428015
v -0.196910 0.087493 0.424692
v -0.196563 0.087157 0.425317
v -0.197431 0.088428 0.423770
v -0.197272 0.088500 0.441388
v -0.197119 0.087954 0.435396
v -0.197392 0.089697 0.441363
v -0.195704 0.086893 0.441474
v -0.193393 0.087103 0.441523
v -0.191847 0.088692 0.437023
v -0.192757 0.091289 0.441388
v -0.196987 0.090679 0.441510
v -0.201361 0.085651 0.448275
v -0.200973 0.086081 0.448536
v -0.192837 0.093346 0.433549
v -0.194818 0.093005 0.428401
v -0.210094 0.085455 0.425746
v -0.227013 0.130678 0.497453
v -0.229631 0.127378 0.498361
v -0.226548 0.127329 0.497805
v -0.218309 0.143965 0.476648
v -0.218044 0.145412 0.475999
v -0.219166 0.145411 0.476785
v -0.255874 0.145400 0.478915
v -0.251716 0.148087 0.479957
v -0.255759 0.148008 0.478497
v -0.215385 0.152096 0.468739
v -0.211797 0.148801 0.468319
v -0.212382 0.151361 0.465823
v -0.220053 0.136628 0.491960
v -0.220745 0.138709 0.488942
v -0.224355 0.138761 0.490131
v -0.199457 0.130474 0.472634
v -0.202255 0.132847 0.471082
v -0.204279 0.134056 0.477665
v -0.214330 0.123951 0.493594
v -0.215472 0.120192 0.494203
v -0.211851 0.120192 0.492217
v -0.196790 0.123216 0.478295
v -0.197140 0.120192 0.478780
v -0.196788 0.120226 0.478296
v -0.201609 0.131085 0.479461
v -0.207259 0.134676 0.483753
v -0.199640 0.127365 0.480798
v -0.205157 0.131015 0.485313
v -0.203931 0.126798 0.485983
v -0.216469 0.136921 0.490008
v -0.219103 0.141988 0.480124
v -0.216525 0.142312 0.477385
v -0.219568 0.143601 0.477838
v -0.205039 0.135292 0.469479
v -0.210166 0.139311 0.473733
v -0.207214 0.136721 0.475701
v -0.208124 0.149683 0.459899
v -0.209781 0.150465 0.462525
v -0.239550 0.157172 0.465557
v -0.237998 0.155903 0.471007
v -0.233672 0.157037 0.465368
v -0.263440 0.145398 0.474239
v -0.263224 0.147720 0.473974
v -0.279577 0.146202 0.443614
v -0.278279 0.146429 0.449551
v -0.286795 0.120192 0.440129
v -0.286803 0.123202 0.442773
v -0.286794 0.123204 0.440129
v -0.278364 0.123203 0.479592
v -0.278512 0.120192 0.479400
v -0.246213 0.140890 0.487456
v -0.245376 0.142642 0.484235
v -0.252046 0.142805 0.482635
v -0.276557 0.143405 0.459472
v -0.272387 0.144553 0.464697
v -0.275710 0.144591 0.458712
v -0.285041 0.133522 0.452559
v -0.284747 0.133865 0.455812
v -0.284081 0.136266 0.452005
v -0.273322 0.127890 0.483628
v -0.272747 0.126007 0.484986
v -0.272652 0.127879 0.484310
v -0.280200 0.137210 0.466489
v -0.276746 0.139571 0.468596
v -0.280081 0.139594 0.461749
v -0.275793 0.131268 0.479344
v -0.275087 0.134394 0.478091
v -0.278275 0.131297 0.475959
v -0.281490 0.134424 0.467626
v -0.283034 0.134422 0.463863
v -0.265632 0.141305 0.478277
v -0.258379 0.142958 0.479973
v -0.264071 0.143106 0.476097
v -0.269571 0.134300 0.484141
v -0.265569 0.137044 0.485023
v -0.268594 0.137081 0.482444
v -0.277955 0.126057 0.479101
v -0.276160 0.127927 0.480444
v -0.277727 0.127943 0.478438
v -0.286355 0.126228 0.457478
v -0.285904 0.127846 0.461272
v -0.285214 0.131194 0.460454
v -0.285487 0.131038 0.456428
v -0.280339 0.141480 0.453714
v -0.282123 0.139794 0.451191
v -0.281650 0.139865 0.454248
v -0.278002 0.144315 0.452617
v -0.278711 0.143349 0.453018
v -0.270325 0.144988 0.467149
v -0.272314 0.145003 0.464407
v -0.257728 0.144585 0.478321
v -0.257924 0.145399 0.477943
v -0.251498 0.144189 0.480970
v -0.259945 0.125865 0.494013
v -0.259793 0.127734 0.493571
v -0.247618 0.127624 0.497809
v -0.244984 0.125715 0.498665
v -0.245239 0.127598 0.498253
v -0.231195 0.120192 0.499039
v -0.229018 0.123219 0.498694
v -0.231196 0.123218 0.499039
v -0.236853 0.123217 0.499492
v -0.239435 0.123216 0.499488
v -0.259404 0.123210 0.494798
v -0.263027 0.120192 0.492938
v -0.259405 0.120192 0.494799
v -0.255777 0.127702 0.495361
v -0.243795 0.130932 0.497777
v -0.239796 0.134108 0.496860
v -0.243908 0.134151 0.496380
v -0.253186 0.141034 0.485531
v -0.259757 0.141167 0.482505
v -0.251471 0.136980 0.492323
v -0.254297 0.139220 0.488377
v -0.255214 0.136999 0.490950
v -0.266873 0.131121 0.488167
v -0.263084 0.134245 0.489181
v -0.266452 0.134263 0.486806
v -0.266584 0.123207 0.490729
v -0.266585 0.120192 0.490730
v -0.282206 0.126065 0.472493
v -0.285400 0.126054 0.465313
v -0.286189 0.123198 0.464849
v -0.285842 0.123198 0.465867
v -0.286548 0.126568 0.448598
v -0.286018 0.129833 0.448550
v -0.286617 0.126393 0.442679
v -0.285108 0.133126 0.442437
v -0.284501 0.132858 0.436349
v -0.285650 0.129675 0.436441
v -0.256532 0.157785 0.448713
v -0.249522 0.158305 0.442023
v -0.257126 0.157716 0.441016
v -0.259169 0.157067 0.431570
v -0.264671 0.156343 0.431810
v -0.259161 0.157155 0.433020
v -0.225819 0.157837 0.448759
v -0.234128 0.158312 0.442454
v -0.233427 0.158434 0.450041
v -0.257433 0.157347 0.433319
v -0.275225 0.150066 0.454450
v -0.275783 0.148347 0.455997
v -0.272690 0.151515 0.457042
v -0.263977 0.156601 0.446954
v -0.271531 0.154926 0.436930
v -0.271590 0.154844 0.431565
v -0.277630 0.151997 0.433577
v -0.283842 0.136338 0.442335
v -0.282085 0.138739 0.436494
v -0.283235 0.135874 0.436350
v -0.280584 0.145395 0.437514
v -0.280658 0.142450 0.442568
v -0.279907 0.144238 0.442845
v -0.277125 0.148668 0.451258
v -0.278094 0.147045 0.449856
v -0.278889 0.144386 0.448623
v -0.278529 0.145406 0.448834
v -0.273423 0.150078 0.458920
v -0.266899 0.153446 0.461774
v -0.268002 0.151734 0.464790
v -0.263722 0.154145 0.463906
v -0.258157 0.153274 0.471877
v -0.262851 0.149760 0.473013
v -0.259251 0.150051 0.475455
v -0.261882 0.155196 0.462008
v -0.262975 0.154954 0.461599
v -0.248153 0.158035 0.457479
v -0.247982 0.156950 0.465066
v -0.240521 0.158241 0.457937
v -0.226430 0.156654 0.463667
v -0.225359 0.157502 0.456070
v -0.232876 0.158064 0.457610
v -0.218413 0.155635 0.460103
v -0.219585 0.155536 0.462535
v -0.213487 0.153984 0.459263
v -0.211545 0.145396 0.469266
v -0.209931 0.143426 0.466723
v -0.209872 0.145394 0.466641
v -0.222771 0.154942 0.468520
v -0.222519 0.153143 0.473127
v -0.218802 0.152691 0.471206
v -0.241862 0.155927 0.470868
v -0.238557 0.153945 0.476182
v -0.259610 0.147889 0.476540
v -0.243175 0.150514 0.480267
v -0.243347 0.148158 0.481576
v -0.239086 0.148155 0.481781
v -0.226252 0.150209 0.478535
v -0.226170 0.147983 0.479756
v -0.222029 0.147856 0.478030
v -0.218107 0.147679 0.475649
v -0.231881 0.144575 0.481791
v -0.230452 0.145406 0.481368
v -0.232105 0.145405 0.481680
v -0.218191 0.140267 0.483908
v -0.224804 0.140410 0.486600
v -0.219412 0.133832 0.494122
v -0.223868 0.136671 0.493167
v -0.223365 0.133880 0.495367
v -0.222894 0.130608 0.496493
v -0.223136 0.123221 0.497264
v -0.222211 0.127259 0.496675
v -0.208923 0.125841 0.490269
v -0.214686 0.127156 0.493651
v -0.277199 0.145702 0.442949
v -0.277704 0.145853 0.440087
v -0.265811 0.134729 0.483133
v -0.266550 0.131133 0.485044
v -0.271954 0.131215 0.479799
v -0.216637 0.120192 0.491990
v -0.219857 0.123192 0.493442
v -0.215433 0.123192 0.491373
v -0.266754 0.125193 0.487014
v -0.266027 0.123192 0.488063
v -0.279241 0.136052 0.431562
v -0.282410 0.132302 0.438965
v -0.280685 0.131582 0.431561
v -0.283959 0.123192 0.463564
v -0.283847 0.120192 0.463942
v -0.280927 0.123192 0.470891
v -0.277427 0.125231 0.475805
v -0.277620 0.123192 0.476377
v -0.271474 0.123192 0.483560
v -0.272533 0.125214 0.481839
v -0.253241 0.127146 0.493701
v -0.253111 0.125174 0.494226
v -0.260225 0.125182 0.491173
v -0.235276 0.120192 0.496926
v -0.237639 0.123192 0.497005
v -0.235276 0.123192 0.496926
v -0.209450 0.123192 0.487613
v -0.209927 0.120192 0.487959
v -0.212783 0.123192 0.489857
v -0.199847 0.123192 0.478220
v -0.196457 0.122692 0.473201
v -0.198888 0.120192 0.476933
v -0.201326 0.128679 0.467082
v -0.204905 0.131783 0.468608
v -0.203979 0.130669 0.464278
v -0.260907 0.142027 0.475164
v -0.262590 0.139749 0.477859
v -0.267345 0.139937 0.473346
v -0.273435 0.145977 0.456903
v -0.273335 0.147064 0.456460
v -0.271348 0.147646 0.459983
v -0.214098 0.151768 0.457623
v -0.211889 0.150862 0.455920
v -0.210721 0.149732 0.457154
v -0.253881 0.154008 0.463629
v -0.254488 0.154955 0.457035
v -0.277156 0.148097 0.439348
v -0.276845 0.146933 0.443868
v -0.277841 0.146942 0.438034
v -0.241026 0.156078 0.445055
v -0.240427 0.156090 0.451772
v -0.247886 0.155925 0.451328
v -0.263474 0.153982 0.431569
v -0.270211 0.152679 0.433092
v -0.270211 0.152636 0.431566
v -0.241616 0.155769 0.438332
v -0.248498 0.155921 0.444579
v -0.273310 0.151594 0.431564
v -0.275782 0.150145 0.435815
v -0.276000 0.150147 0.431563
v -0.276096 0.148016 0.445275
v -0.275484 0.146905 0.449759
v -0.262482 0.154268 0.448613
v -0.261579 0.153861 0.455224
v -0.268284 0.152241 0.452344
v -0.219783 0.153348 0.460340
v -0.223768 0.153931 0.462110
v -0.225306 0.154931 0.456472
v -0.218759 0.153195 0.459523
v -0.219134 0.143741 0.473976
v -0.214465 0.142327 0.469527
v -0.218102 0.141763 0.474562
v -0.219053 0.149003 0.471941
v -0.219268 0.151130 0.468519
v -0.215897 0.148641 0.469154
v -0.226293 0.147635 0.477099
v -0.230159 0.149661 0.476812
v -0.226284 0.149502 0.475713
v -0.264889 0.143620 0.470065
v -0.263839 0.145392 0.470494
v -0.260380 0.143525 0.474061
v -0.237703 0.143081 0.480348
v -0.231621 0.141201 0.481394
v -0.237718 0.141350 0.481936
v -0.269182 0.146856 0.464044
v -0.271694 0.145790 0.460436
v -0.249966 0.147761 0.477800
v -0.255281 0.145392 0.476440
v -0.257318 0.147593 0.474920
v -0.238211 0.147814 0.479215
v -0.238114 0.145392 0.479733
v -0.225720 0.141067 0.479897
v -0.220258 0.140975 0.477305
v -0.220802 0.142824 0.475667
v -0.210835 0.145392 0.463121
v -0.211258 0.141675 0.464230
v -0.211219 0.145392 0.463892
v -0.211151 0.149135 0.460208
v -0.222538 0.149285 0.474107
v -0.226257 0.151889 0.471733
v -0.222647 0.151558 0.470365
v -0.233764 0.152301 0.473227
v -0.229983 0.152133 0.472670
v -0.247994 0.153812 0.467734
v -0.247388 0.154525 0.464642
v -0.261440 0.152639 0.462101
v -0.266879 0.151440 0.458732
v -0.272610 0.149188 0.454095
v -0.267606 0.151101 0.458742
v -0.271449 0.140107 0.468241
v -0.276894 0.137986 0.464253
v -0.274801 0.140257 0.462637
v -0.255640 0.141857 0.478266
v -0.238110 0.139011 0.486070
v -0.243848 0.141512 0.481587
v -0.217768 0.136395 0.486452
v -0.215777 0.136626 0.484591
v -0.212569 0.138736 0.470946
v -0.200856 0.123192 0.479483
v -0.200970 0.127013 0.478073
v -0.200142 0.125069 0.478287
v -0.210003 0.126645 0.487909
v -0.212299 0.136700 0.478996
v -0.206767 0.133210 0.474999
v -0.209465 0.134218 0.481041
v -0.223973 0.134179 0.492140
v -0.216796 0.133864 0.489729
v -0.238554 0.136973 0.490207
v -0.238779 0.134391 0.493623
v -0.246101 0.134485 0.492616
v -0.266698 0.127179 0.486364
v -0.272345 0.127219 0.481160
v -0.269310 0.137713 0.475732
v -0.275315 0.134967 0.472198
v -0.273510 0.137863 0.470251
v -0.283451 0.127272 0.461238
v -0.284309 0.123192 0.455655
v -0.283714 0.127238 0.453584
v -0.282819 0.132636 0.446574
v -0.283874 0.127913 0.446648
v -0.278459 0.145392 0.434223
v -0.278763 0.140856 0.431562
v -0.277110 0.146264 0.443229
v -0.276550 0.145626 0.446187
v -0.278007 0.143592 0.438944
v -0.278323 0.141195 0.446403
v -0.278638 0.141172 0.438909
v -0.276985 0.143373 0.446374
v -0.276189 0.143950 0.449042
v -0.276615 0.142994 0.449311
v -0.275944 0.145826 0.448827
v -0.194544 0.124896 0.474262
v -0.196365 0.124167 0.472470
v -0.285955 0.123209 0.431969
v -0.283290 0.123192 0.431977
v -0.283386 0.122692 0.432230
v -0.286104 0.085636 0.450602
v -0.280666 0.085271 0.450786
v -0.274405 0.085363 0.456672
v -0.274810 0.085271 0.454844
v -0.273851 0.092253 0.458427
v -0.273596 0.085271 0.460288
v -0.272054 0.085810 0.464028
v -0.273130 0.085237 0.462093
v -0.271311 0.085955 0.465466
v -0.270535 0.093254 0.467128
v -0.267497 0.093221 0.471919
v -0.268675 0.092253 0.470063
v -0.268519 0.093004 0.470293
v -0.264090 0.093315 0.475957
v -0.264998 0.093004 0.474677
v -0.260895 0.093237 0.478557
v -0.262460 0.093379 0.477511
v -0.259242 0.092253 0.479660
v -0.259242 0.086080 0.479660
v -0.257787 0.085579 0.480666
v -0.252364 0.092253 0.483444
v -0.252600 0.085972 0.483411
v -0.256139 0.092253 0.481606
v -0.261267 0.093399 0.491601
v -0.258509 0.093004 0.493297
v -0.258406 0.085454 0.493070
v -0.254595 0.093315 0.494777
v -0.247439 0.085300 0.496620
v -0.241955 0.085363 0.497480
v -0.240120 0.085454 0.497681
v -0.236410 0.085454 0.497686
v -0.234561 0.093300 0.497444
v -0.236065 0.093221 0.497613
v -0.229056 0.085476 0.496806
v -0.230912 0.085454 0.497166
v -0.220277 0.085425 0.494184
v -0.205209 0.085767 0.465815
v -0.204209 0.085476 0.463799
v -0.205166 0.093087 0.465702
v -0.205400 0.092253 0.466126
v -0.207847 0.093254 0.470384
v -0.208973 0.093129 0.471880
v -0.206379 0.085579 0.467978
v -0.208996 0.086080 0.471854
v -0.207875 0.085579 0.470365
v -0.211368 0.085476 0.474810
v -0.210068 0.085363 0.473436
v -0.217633 0.085621 0.480011
v -0.220137 0.085644 0.481831
v -0.221854 0.085596 0.482682
v -0.227118 0.092253 0.484578
v -0.221868 0.092253 0.482461
v -0.220143 0.093315 0.481835
v -0.221809 0.093254 0.482710
v -0.215247 0.092253 0.478242
v -0.215423 0.085727 0.478516
v -0.210138 0.093254 0.473377
v -0.211421 0.093129 0.474761
v -0.220264 0.093221 0.494197
v -0.223797 0.093471 0.495196
v -0.218519 0.085579 0.493557
v -0.216048 0.093346 0.492216
v -0.213588 0.093254 0.490963
v -0.210002 0.085415 0.488479
v -0.211963 0.093004 0.490034
v -0.207564 0.093345 0.486614
v -0.206217 0.093129 0.485624
v -0.204778 0.093345 0.484123
v -0.203561 0.093398 0.482741
v -0.206296 0.085237 0.485239
v -0.204842 0.085271 0.484057
v -0.202386 0.085237 0.481315
v -0.201088 0.085271 0.479987
v -0.197501 0.089956 0.475435
v -0.200895 0.085704 0.480145
v -0.202225 0.093345 0.481459
v -0.201064 0.093004 0.480351
v -0.200946 0.093254 0.480103
v -0.198698 0.093254 0.477137
v -0.196722 0.093232 0.473991
v -0.193643 0.092137 0.467857
v -0.194560 0.092242 0.469831
v -0.197304 0.090054 0.463542
v -0.197543 0.089354 0.469549
v -0.195650 0.086528 0.472184
v -0.196325 0.086937 0.473456
v -0.196813 0.087340 0.474302
v -0.197045 0.087653 0.474660
v -0.197407 0.088310 0.475297
v -0.196492 0.091639 0.473731
v -0.195734 0.092067 0.472357
v -0.197923 0.085237 0.475428
v -0.197061 0.085204 0.473791
v -0.193732 0.086178 0.467933
v -0.192798 0.086925 0.465848
v -0.192330 0.087677 0.463841
v -0.191271 0.085431 0.460225
v -0.190856 0.085579 0.458699
v -0.190224 0.093004 0.454736
v -0.189966 0.089354 0.451052
v -0.190227 0.093332 0.451959
v -0.190212 0.087529 0.450606
v -0.190329 0.085553 0.450657
v -0.201244 0.086026 0.450654
v -0.201250 0.085330 0.451963
v -0.201309 0.093124 0.450740
v -0.201423 0.092253 0.450819
v -0.200973 0.093377 0.450725
v -0.198346 0.093346 0.450694
v -0.201968 0.093345 0.456607
v -0.201743 0.093254 0.454728
v -0.203271 0.093471 0.462133
v -0.190856 0.093129 0.458699
v -0.191181 0.093129 0.460245
v -0.191784 0.089604 0.461997
v -0.191830 0.088654 0.462271
v -0.193085 0.087041 0.465776
v -0.193294 0.086931 0.463542
v -0.193359 0.086831 0.466784
v -0.196118 0.086886 0.469549
v -0.194630 0.086335 0.470072
v -0.192995 0.087071 0.465816
v -0.194693 0.092100 0.457536
v -0.193993 0.091966 0.463542
v -0.196065 0.091732 0.457536
v -0.192185 0.090810 0.463323
v -0.192315 0.090727 0.457536
v -0.192277 0.091216 0.464201
v -0.192817 0.091652 0.465634
v -0.193228 0.091867 0.466650
v -0.191017 0.093438 0.458397
v -0.190527 0.093254 0.456579
v -0.190253 0.093074 0.450636
v -0.193093 0.093438 0.450786
v -0.195719 0.093504 0.451036
v -0.193093 0.093504 0.451036
v -0.190339 0.089354 0.450571
v -0.190212 0.091179 0.450606
v -0.189966 0.091179 0.451052
v -0.202625 0.092253 0.458782
v -0.204045 0.093379 0.463868
v -0.201472 0.092253 0.451016
v -0.201533 0.093004 0.451939
v -0.201217 0.089354 0.450600
v -0.191836 0.085271 0.461990
v -0.201438 0.085237 0.454771
v -0.193093 0.085271 0.450786
v -0.193093 0.085204 0.451036
v -0.190062 0.085459 0.451662
v -0.200973 0.085579 0.450569
v -0.195774 0.093254 0.472389
v -0.194893 0.093129 0.470749
v -0.208935 0.085579 0.487862
v -0.213539 0.085408 0.490774
v -0.215401 0.085204 0.491496
v -0.225442 0.085454 0.496001
v -0.223694 0.085579 0.495521
v -0.230907 0.093129 0.497199
v -0.240108 0.093471 0.497373
v -0.238290 0.093504 0.497286
v -0.243745 0.093129 0.497432
v -0.241962 0.093254 0.497572
v -0.247460 0.093346 0.496726
v -0.243820 0.085704 0.497457
v -0.245678 0.085704 0.497202
v -0.227295 0.085237 0.496154
v -0.213553 0.085704 0.491021
v -0.207485 0.085579 0.486710
v -0.218607 0.093438 0.493359
v -0.217089 0.093254 0.479704
v -0.225361 0.093345 0.484143
v -0.227067 0.093437 0.484824
v -0.228853 0.093345 0.485243
v -0.230675 0.093221 0.485637
v -0.234455 0.093345 0.486255
v -0.236291 0.093437 0.486487
v -0.238167 0.093129 0.486320
v -0.240056 0.093254 0.486306
v -0.241936 0.092253 0.486095
v -0.237588 0.085847 0.486464
v -0.247464 0.093004 0.485097
v -0.249267 0.092253 0.484578
v -0.249283 0.093004 0.484573
v -0.252813 0.093254 0.483326
v -0.254504 0.093129 0.482505
v -0.257870 0.093376 0.480798
v -0.258035 0.093504 0.481061
v -0.256228 0.093345 0.481738
v -0.245664 0.093345 0.485680
v -0.243817 0.093345 0.486013
v -0.241972 0.093345 0.486251
v -0.245651 0.085471 0.485619
v -0.247518 0.085381 0.485304
v -0.240056 0.085454 0.486306
v -0.236278 0.085204 0.486737
v -0.234457 0.085955 0.486129
v -0.232558 0.085579 0.485885
v -0.228876 0.085454 0.485155
v -0.230669 0.085363 0.485669
v -0.227094 0.085363 0.484737
v -0.237009 0.092253 0.486267
v -0.229234 0.092253 0.485178
v -0.232563 0.093004 0.485852
v -0.214029 0.093345 0.477435
v -0.212715 0.093254 0.476114
v -0.216984 0.085271 0.479854
v -0.232727 0.085363 0.497316
v -0.234564 0.085271 0.497399
v -0.254511 0.085237 0.494544
v -0.256227 0.085237 0.493885
v -0.262926 0.085363 0.490780
v -0.261366 0.085454 0.491781
v -0.264043 0.093087 0.490241
v -0.265829 0.093004 0.489087
v -0.268900 0.093438 0.486428
v -0.267512 0.093346 0.487657
v -0.269978 0.085621 0.485797
v -0.263806 0.085332 0.476153
v -0.271675 0.085471 0.484017
v -0.271806 0.093004 0.484151
v -0.275455 0.093346 0.479938
v -0.278711 0.085467 0.475432
v -0.279058 0.088097 0.475148
v -0.279528 0.087449 0.474344
v -0.278888 0.088601 0.475423
v -0.278852 0.089781 0.475488
v -0.279012 0.090519 0.475253
v -0.279194 0.090879 0.474921
v -0.278228 0.093221 0.476224
v -0.276625 0.093232 0.478532
v -0.280554 0.093221 0.472371
v -0.281904 0.092332 0.469832
v -0.279878 0.091612 0.473748
v -0.279812 0.093004 0.473947
v -0.281693 0.092156 0.463676
v -0.280266 0.091826 0.469617
v -0.282554 0.092150 0.468221
v -0.283620 0.091607 0.465499
v -0.283102 0.092025 0.467057
v -0.283937 0.091279 0.464064
v -0.283377 0.091374 0.457611
v -0.284199 0.090769 0.463240
v -0.284250 0.090175 0.457694
v -0.284582 0.089619 0.461954
v -0.283826 0.087718 0.457660
v -0.279194 0.090243 0.457587
v -0.278891 0.089354 0.463676
v -0.279266 0.087954 0.463676
v -0.279221 0.087928 0.469617
v -0.280068 0.091473 0.457624
v -0.280292 0.091781 0.463676
v -0.282184 0.091940 0.457660
v -0.280331 0.086997 0.457635
v -0.281693 0.086553 0.463676
v -0.281933 0.086443 0.469598
v -0.280266 0.086883 0.469617
v -0.282610 0.086312 0.467976
v -0.283433 0.086513 0.466132
v -0.283961 0.087528 0.464183
v -0.283539 0.087102 0.465510
v -0.285514 0.085476 0.458400
v -0.285168 0.085454 0.460254
v -0.284503 0.088281 0.462628
v -0.284704 0.093149 0.462055
v -0.282991 0.086830 0.466847
v -0.283660 0.093004 0.465684
v -0.284868 0.093471 0.460186
v -0.285907 0.093438 0.454766
v -0.286230 0.093243 0.451982
v -0.286178 0.093091 0.450715
v -0.286224 0.091179 0.450700
v -0.283292 0.093346 0.450694
v -0.278039 0.093346 0.450694
v -0.280666 0.093232 0.450642
v -0.274986 0.085704 0.450775
v -0.274870 0.085955 0.451654
v -0.275108 0.093206 0.450740
v -0.274983 0.093004 0.450781
v -0.275168 0.092253 0.450600
v -0.274986 0.092253 0.450775
v -0.280666 0.093504 0.451036
v -0.274629 0.093254 0.454818
v -0.272777 0.093004 0.461966
v -0.273477 0.093221 0.460251
v -0.272442 0.093471 0.463862
v -0.274216 0.093471 0.458515
v -0.274980 0.093254 0.451019
v -0.286255 0.087529 0.450666
v -0.286419 0.087529 0.451052
v -0.286179 0.085378 0.451459
v -0.283292 0.085271 0.450786
v -0.285592 0.093087 0.458434
v -0.286419 0.089354 0.451052
v -0.286419 0.091179 0.451052
v -0.285201 0.093129 0.460261
v -0.280631 0.086438 0.472464
v -0.281209 0.086474 0.471281
v -0.279987 0.086367 0.473462
v -0.265737 0.085363 0.474085
v -0.268606 0.085788 0.470184
v -0.270476 0.085704 0.467096
v -0.280911 0.092201 0.471911
v -0.277814 0.093004 0.477072
v -0.272943 0.085271 0.482648
v -0.262973 0.093254 0.490858
v -0.227278 0.149009 0.263048
v -0.237241 0.149009 0.263159
v -0.234047 0.149009 0.264893
v -0.227243 0.149009 0.249262
v -0.247839 0.149009 0.251864
v -0.242828 0.149009 0.257743
v -0.225815 0.145009 0.238873
v -0.227540 0.145009 0.233746
v -0.225973 0.145009 0.233149
v -0.236490 0.138956 0.245702
v -0.224539 0.138954 0.250229
v -0.230917 0.138956 0.240573
v -0.242600 0.138956 0.250274
v -0.248628 0.142009 0.254957
v -0.248489 0.138956 0.254849
v -0.252469 0.132509 0.240452
v -0.250261 0.132543 0.240721
v -0.249676 0.132588 0.242399
v -0.254290 0.132664 0.233654
v -0.251670 0.132509 0.233734
v -0.251263 0.132634 0.235477
v -0.241818 0.132690 0.258327
v -0.241231 0.132615 0.256095
v -0.238047 0.135721 0.264050
v -0.227278 0.135009 0.263049
v -0.234047 0.135009 0.264893
v -0.229625 0.149009 0.200475
v -0.225955 0.149009 0.205278
v -0.224681 0.149009 0.198065
v -0.244410 0.136600 0.052881
v -0.229651 0.136649 0.050211
v -0.243899 0.135863 0.053520
v -0.224083 0.128512 0.049462
v -0.222920 0.133827 0.048250
v -0.220381 0.129203 0.047442
v -0.234400 0.133903 0.055443
v -0.234112 0.129791 0.055500
v -0.236344 0.131487 0.056894
v -0.217250 0.150242 0.044699
v -0.215712 0.152471 0.043844
v -0.213568 0.150270 0.042485
v -0.213268 0.136334 0.036337
v -0.225638 0.136760 0.034226
v -0.213699 0.136545 0.033759
v -0.231119 0.147274 0.038311
v -0.213226 0.147482 0.035913
v -0.225342 0.147274 0.034688
v -0.244733 0.143653 0.042308
v -0.250599 0.142008 0.046312
v -0.250588 0.144080 0.046104
v -0.212503 0.147181 0.037813
v -0.235371 0.147364 0.053666
v -0.242647 0.147368 0.054894
v -0.242655 0.147552 0.055299
v -0.232238 0.154774 0.054509
v -0.234208 0.150242 0.055336
v -0.233828 0.154408 0.055739
v -0.227987 0.135120 0.241899
v -0.248954 0.135009 0.241949
v -0.250422 0.135009 0.235842
v -0.225966 0.135009 0.205288
v -0.234032 0.135009 0.207198
v -0.229854 0.135009 0.200825
v -0.241084 0.135009 0.258978
v -0.240247 0.135009 0.260352
v -0.242131 0.135101 0.259315
v -0.223840 0.145012 0.253817
v -0.242600 0.145009 0.250274
v -0.237865 0.149009 0.213044
v -0.228022 0.149009 0.219819
v -0.227100 0.149009 0.212525
v -0.234376 0.147333 0.049477
v -0.235721 0.147333 0.050321
v -0.219385 0.154348 0.046430
v -0.218135 0.154103 0.045624
v -0.236414 0.152791 0.056877
v -0.237580 0.151832 0.057386
v -0.239270 0.147337 0.053340
v -0.240927 0.147353 0.056929
v -0.256902 0.142585 0.038656
v -0.256702 0.138336 0.038560
v -0.256860 0.140722 0.038614
v -0.238200 0.123450 0.027383
v -0.236489 0.160313 0.025936
v -0.236152 0.123681 0.025926
v -0.217280 0.133903 0.044705
v -0.214858 0.132220 0.043651
v -0.213617 0.133939 0.042431
v -0.226184 0.128409 0.050743
v -0.228633 0.133903 0.051826
v -0.242640 0.136656 0.054888
v -0.239731 0.136684 0.053256
v -0.238955 0.143421 0.038677
v -0.227346 0.140366 0.031401
v -0.233128 0.143451 0.035021
v -0.233153 0.140430 0.035042
v -0.221562 0.143701 0.027776
v -0.215355 0.142009 0.024080
v -0.215524 0.144032 0.024164
v -0.232234 0.124030 0.023388
v -0.230048 0.124773 0.021759
v -0.219879 0.140509 0.026711
v -0.221473 0.140597 0.027711
v -0.216511 0.140509 0.038493
v -0.220440 0.140509 0.040736
v -0.218460 0.140509 0.039494
v -0.238953 0.140209 0.038686
v -0.244757 0.140045 0.042329
v -0.238005 0.140509 0.051907
v -0.239731 0.140509 0.053256
v -0.223931 0.136645 0.046712
v -0.222420 0.136686 0.041978
v -0.224400 0.136686 0.043220
v -0.228360 0.140509 0.045704
v -0.228360 0.136686 0.045704
v -0.226380 0.140509 0.044462
v -0.231686 0.136686 0.047790
v -0.233031 0.136686 0.048634
v -0.220440 0.136686 0.040736
v -0.218460 0.136686 0.039494
v -0.217542 0.140509 0.032036
v -0.217542 0.147290 0.032036
v -0.213507 0.147410 0.034172
v -0.217441 0.143510 0.038889
v -0.216512 0.143510 0.038311
v -0.217441 0.147333 0.038889
v -0.218506 0.147353 0.042866
v -0.218460 0.147333 0.039494
v -0.222420 0.143510 0.041978
v -0.222420 0.147333 0.041978
v -0.224400 0.147333 0.043220
v -0.226380 0.143510 0.044462
v -0.228360 0.147333 0.045704
v -0.228360 0.143510 0.045704
v -0.233031 0.143510 0.048634
v -0.234376 0.143510 0.049477
v -0.238754 0.143510 0.052453
v -0.221038 0.150931 0.016107
v -0.224157 0.156630 0.018361
v -0.222242 0.154071 0.017086
v -0.255722 0.133423 0.037986
v -0.256185 0.135180 0.038353
v -0.255850 0.149811 0.038058
v -0.256503 0.146212 0.038359
v -0.256312 0.148057 0.038388
v -0.223371 0.155493 0.048778
v -0.222903 0.150242 0.048245
v -0.221804 0.155229 0.047814
v -0.243884 0.147305 0.259501
v -0.248493 0.145009 0.254853
v -0.244146 0.145009 0.259645
v -0.238099 0.148358 0.264107
v -0.243737 0.148496 0.258607
v -0.225460 0.149009 0.260022
v -0.224251 0.148407 0.256106
v -0.225518 0.149009 0.256464
v -0.227515 0.148802 0.241847
v -0.228347 0.149009 0.241932
v -0.255365 0.149204 0.234523
v -0.254346 0.149009 0.238182
v -0.253961 0.149912 0.230043
v -0.246106 0.149009 0.225613
v -0.249800 0.150038 0.223191
v -0.228609 0.149009 0.227162
v -0.227522 0.148687 0.227219
v -0.225736 0.147800 0.216110
v -0.226566 0.148247 0.219972
v -0.226785 0.147824 0.227257
v -0.226297 0.147616 0.221822
v -0.225899 0.138956 0.228491
v -0.225877 0.145009 0.228406
v -0.225018 0.147484 0.250426
v -0.224389 0.145011 0.251023
v -0.224530 0.145011 0.250222
v -0.223401 0.138956 0.255804
v -0.238787 0.138956 0.264755
v -0.248723 0.136682 0.253966
v -0.243637 0.135975 0.259302
v -0.251542 0.133629 0.247717
v -0.250886 0.132812 0.247381
v -0.247976 0.133816 0.253593
v -0.250640 0.132713 0.238066
v -0.251701 0.132543 0.230181
v -0.251552 0.132605 0.231949
v -0.251526 0.132518 0.223603
v -0.251271 0.133797 0.229858
v -0.251368 0.132759 0.228426
v -0.251301 0.133009 0.228428
v -0.250865 0.134092 0.236075
v -0.251172 0.133009 0.233691
v -0.250378 0.133653 0.238360
v -0.248627 0.134680 0.243986
v -0.250181 0.134259 0.239433
v -0.248108 0.133884 0.245301
v -0.246606 0.134305 0.248088
v -0.245307 0.133959 0.250301
v -0.246811 0.132509 0.248884
v -0.245754 0.132543 0.250332
v -0.244572 0.132667 0.251667
v -0.243587 0.132576 0.253137
v -0.242337 0.132759 0.254400
v -0.243488 0.133498 0.258633
v -0.242263 0.134840 0.259108
v -0.241741 0.134228 0.258723
v -0.240732 0.133959 0.257663
v -0.240774 0.132759 0.257529
v -0.242640 0.133975 0.253720
v -0.241121 0.134092 0.255683
v -0.240735 0.134896 0.256071
v -0.240184 0.135009 0.256545
v -0.234480 0.136325 0.266658
v -0.230436 0.135009 0.264828
v -0.230038 0.136026 0.266238
v -0.228226 0.135169 0.234538
v -0.226772 0.136608 0.233317
v -0.226713 0.136402 0.227413
v -0.227534 0.135330 0.227224
v -0.226309 0.136404 0.221848
v -0.225288 0.136227 0.212796
v -0.225672 0.136400 0.216133
v -0.224136 0.136265 0.205596
v -0.223906 0.136485 0.204761
v -0.224804 0.136545 0.210435
v -0.222972 0.136313 0.199097
v -0.223875 0.135318 0.198225
v -0.220923 0.142009 0.193567
v -0.222262 0.136344 0.195325
v -0.221902 0.136360 0.193455
v -0.220776 0.136310 0.187563
v -0.219896 0.142009 0.187896
v -0.222046 0.148457 0.191118
v -0.220761 0.147707 0.187507
v -0.223975 0.147745 0.204723
v -0.223555 0.148649 0.198271
v -0.224608 0.148360 0.205506
v -0.237439 0.150038 0.204338
v -0.233745 0.149009 0.206760
v -0.228013 0.152912 0.183561
v -0.229198 0.150038 0.191769
v -0.225078 0.150038 0.185485
v -0.220847 0.149087 0.183317
v -0.222416 0.149085 0.187230
v -0.220264 0.149560 0.179378
v -0.220420 0.150038 0.178379
v -0.219833 0.152912 0.171085
v -0.220154 0.153665 0.170587
v -0.223338 0.156336 0.173195
v -0.230026 0.157573 0.182595
v -0.234460 0.157642 0.189238
v -0.237650 0.156195 0.195214
v -0.234032 0.156756 0.189428
v -0.240373 0.152912 0.202414
v -0.242170 0.155183 0.202760
v -0.244493 0.152912 0.208699
v -0.245238 0.154290 0.208210
v -0.246337 0.154429 0.209413
v -0.250254 0.153309 0.216180
v -0.251662 0.151535 0.221971
v -0.249360 0.152712 0.216409
v -0.248607 0.154634 0.208302
v -0.249997 0.153987 0.212016
v -0.247720 0.155021 0.208836
v -0.244222 0.156273 0.201796
v -0.242642 0.156793 0.198231
v -0.242283 0.156033 0.191510
v -0.239866 0.157521 0.193937
v -0.236927 0.157877 0.185387
v -0.238490 0.157829 0.191873
v -0.235751 0.158243 0.188480
v -0.228854 0.158484 0.178711
v -0.231227 0.158702 0.179750
v -0.229906 0.158585 0.180040
v -0.223702 0.156936 0.172657
v -0.225799 0.157880 0.174477
v -0.224580 0.158110 0.167963
v -0.234359 0.153980 0.159535
v -0.231160 0.158160 0.166451
v -0.229446 0.158103 0.160346
v -0.231789 0.147982 0.141941
v -0.230885 0.153686 0.147648
v -0.229355 0.153447 0.141697
v -0.231784 0.136037 0.141975
v -0.231288 0.142009 0.136353
v -0.230363 0.136161 0.136136
v -0.223354 0.125591 0.148367
v -0.225022 0.126601 0.141847
v -0.222140 0.125905 0.142014
v -0.221073 0.126291 0.135640
v -0.222801 0.127421 0.129376
v -0.220156 0.126740 0.129247
v -0.221261 0.128444 0.116835
v -0.225027 0.131905 0.117629
v -0.224513 0.132299 0.111555
v -0.226927 0.147205 0.112414
v -0.227809 0.142009 0.106907
v -0.227907 0.142009 0.112848
v -0.227368 0.136636 0.118405
v -0.228335 0.142009 0.118750
v -0.230067 0.142009 0.130548
v -0.229130 0.136304 0.130258
v -0.229142 0.147716 0.130226
v -0.226783 0.152834 0.129689
v -0.228136 0.147557 0.124316
v -0.226348 0.157720 0.147999
v -0.225009 0.157405 0.141800
v -0.219309 0.157465 0.142079
v -0.216006 0.153590 0.148863
v -0.214943 0.153407 0.142119
v -0.212313 0.142009 0.148695
v -0.212225 0.147994 0.141894
v -0.213353 0.148052 0.148800
v -0.211120 0.142009 0.141718
v -0.211192 0.136099 0.135027
v -0.210034 0.142009 0.134764
v -0.210277 0.136201 0.128102
v -0.212459 0.131404 0.121844
v -0.216774 0.127794 0.122506
v -0.216204 0.128306 0.115936
v -0.218344 0.128389 0.109988
v -0.220503 0.129592 0.104261
v -0.218084 0.129001 0.103557
v -0.218221 0.130127 0.090664
v -0.220716 0.130640 0.091664
v -0.221278 0.130978 0.085381
v -0.222201 0.131093 0.079102
v -0.226736 0.133472 0.081291
v -0.228347 0.133209 0.075280
v -0.223508 0.130928 0.072862
v -0.230359 0.132698 0.069405
v -0.225190 0.130462 0.066725
v -0.219054 0.130339 0.063532
v -0.224006 0.129391 0.058975
v -0.220698 0.129612 0.057212
v -0.220623 0.128876 0.047850
v -0.219267 0.129404 0.049195
v -0.215733 0.131478 0.043987
v -0.213790 0.133235 0.043158
v -0.212618 0.135638 0.041519
v -0.210447 0.138769 0.044567
v -0.211651 0.135761 0.045176
v -0.212436 0.136529 0.039870
v -0.212513 0.136867 0.037780
v -0.241245 0.136411 0.057316
v -0.242445 0.136661 0.055817
v -0.242464 0.137021 0.056361
v -0.241714 0.137004 0.057446
v -0.240300 0.138878 0.060658
v -0.239905 0.135909 0.059359
v -0.240325 0.135979 0.058241
v -0.239386 0.134388 0.058383
v -0.238649 0.133602 0.058168
v -0.237749 0.133158 0.059335
v -0.236376 0.131173 0.057274
v -0.235940 0.130858 0.057318
v -0.231392 0.128894 0.054238
v -0.228370 0.128261 0.052071
v -0.226013 0.128242 0.051051
v -0.230050 0.128671 0.053403
v -0.213316 0.135025 0.042069
v -0.212831 0.134864 0.041567
v -0.217710 0.136340 0.043849
v -0.228753 0.135387 0.051634
v -0.234478 0.135508 0.055186
v -0.229034 0.136351 0.051175
v -0.234716 0.136351 0.054739
v -0.218001 0.130121 0.045453
v -0.233865 0.136845 0.071157
v -0.235144 0.142009 0.071729
v -0.237367 0.139136 0.066043
v -0.233854 0.147166 0.071102
v -0.230361 0.151350 0.069359
v -0.234839 0.150086 0.064719
v -0.232755 0.152108 0.063634
v -0.237708 0.150854 0.059261
v -0.227231 0.154349 0.060672
v -0.224011 0.154632 0.058930
v -0.229913 0.155478 0.053656
v -0.226097 0.155788 0.051318
v -0.220703 0.154385 0.057167
v -0.217582 0.153623 0.055521
v -0.222607 0.155336 0.050956
v -0.216832 0.153546 0.045217
v -0.217195 0.153226 0.044962
v -0.220782 0.154754 0.047376
v -0.224047 0.155596 0.049388
v -0.226152 0.155779 0.050615
v -0.228233 0.155694 0.051974
v -0.231966 0.155169 0.054272
v -0.238575 0.150415 0.058139
v -0.240218 0.148071 0.058220
v -0.217493 0.148264 0.044177
v -0.223868 0.147374 0.046673
v -0.223325 0.148019 0.047572
v -0.212376 0.147530 0.039755
v -0.212618 0.146995 0.036282
v -0.212878 0.147662 0.036432
v -0.213214 0.146965 0.033543
v -0.213508 0.146390 0.031661
v -0.214039 0.146927 0.030137
v -0.214240 0.147429 0.030247
v -0.214849 0.147542 0.028251
v -0.214579 0.146905 0.028103
v -0.215390 0.146493 0.025400
v -0.215503 0.140037 0.023926
v -0.215616 0.137471 0.025350
v -0.215658 0.138274 0.024517
v -0.213078 0.142009 0.030954
v -0.211850 0.145538 0.037803
v -0.211432 0.142009 0.037614
v -0.210027 0.142009 0.044307
v -0.211852 0.138498 0.037857
v -0.212606 0.148488 0.041672
v -0.210446 0.145264 0.044515
v -0.213404 0.151557 0.060601
v -0.209379 0.147410 0.058605
v -0.212233 0.150336 0.052751
v -0.207825 0.142009 0.057856
v -0.209400 0.136629 0.058668
v -0.209244 0.139007 0.051317
v -0.206473 0.142009 0.071511
v -0.208592 0.136899 0.065467
v -0.206126 0.142009 0.078453
v -0.207645 0.137079 0.079179
v -0.205995 0.142009 0.085540
v -0.207497 0.137022 0.086222
v -0.206362 0.142009 0.099631
v -0.207575 0.147102 0.093204
v -0.207829 0.147247 0.100195
v -0.208227 0.136606 0.107221
v -0.211081 0.132445 0.101388
v -0.207812 0.136760 0.100233
v -0.207433 0.142009 0.113741
v -0.208805 0.147549 0.114159
v -0.208179 0.142009 0.120738
v -0.209473 0.136321 0.121158
v -0.208787 0.136457 0.114198
v -0.213178 0.152909 0.128593
v -0.210292 0.147807 0.128061
v -0.212472 0.152607 0.121803
v -0.220498 0.154409 0.104215
v -0.218077 0.155014 0.103510
v -0.220468 0.153850 0.097916
v -0.225551 0.150517 0.087282
v -0.220714 0.153369 0.091619
v -0.221278 0.153038 0.085337
v -0.224358 0.150954 0.099350
v -0.226788 0.147025 0.106439
v -0.228071 0.142009 0.100983
v -0.224357 0.133054 0.099392
v -0.226980 0.137159 0.100493
v -0.227557 0.137285 0.094563
v -0.220775 0.129011 0.110550
v -0.224280 0.132691 0.105475
v -0.229706 0.142009 0.089231
v -0.228525 0.146675 0.088659
v -0.229892 0.146715 0.082749
v -0.232932 0.142009 0.077493
v -0.231124 0.142009 0.083332
v -0.226739 0.150556 0.081247
v -0.228349 0.150828 0.075235
v -0.222203 0.152931 0.079058
v -0.223512 0.153106 0.072818
v -0.210949 0.150954 0.087646
v -0.207508 0.146990 0.086181
v -0.211192 0.150800 0.080761
v -0.225196 0.153584 0.066681
v -0.217713 0.153225 0.069903
v -0.219059 0.153665 0.063486
v -0.225024 0.152098 0.117586
v -0.221253 0.155555 0.116788
v -0.224511 0.151704 0.111513
v -0.222790 0.156580 0.129329
v -0.221058 0.157724 0.135592
v -0.220142 0.157276 0.129199
v -0.217476 0.156699 0.129015
v -0.214000 0.153178 0.135364
v -0.211421 0.151924 0.108177
v -0.208246 0.147400 0.107183
v -0.210915 0.132784 0.094552
v -0.215438 0.129980 0.096196
v -0.215579 0.130464 0.089594
v -0.211186 0.133217 0.080806
v -0.215984 0.130807 0.082987
v -0.216686 0.130933 0.076432
v -0.211407 0.132087 0.108217
v -0.212411 0.151071 0.067273
v -0.208582 0.147132 0.065412
v -0.216129 0.130871 0.047513
v -0.216661 0.130546 0.045358
v -0.208815 0.142009 0.051108
v -0.213519 0.151078 0.046081
v -0.213548 0.150770 0.043186
v -0.214641 0.152271 0.053987
v -0.219262 0.154577 0.049142
v -0.212780 0.149339 0.041895
v -0.222919 0.148994 0.048092
v -0.228749 0.148481 0.051502
v -0.228586 0.149991 0.051784
v -0.213205 0.148994 0.041999
v -0.214696 0.151857 0.043390
v -0.212772 0.136840 0.036333
v -0.212958 0.137026 0.034941
v -0.213262 0.137040 0.033573
v -0.213686 0.137446 0.031306
v -0.214267 0.136833 0.030213
v -0.213911 0.137070 0.030847
v -0.214888 0.136577 0.028257
v -0.215300 0.136765 0.027790
v -0.214218 0.136595 0.031571
v -0.226508 0.136972 0.032840
v -0.231710 0.136776 0.037383
v -0.236903 0.136743 0.041943
v -0.237490 0.136776 0.041008
v -0.248395 0.136727 0.048062
v -0.246327 0.136904 0.051010
v -0.246951 0.137108 0.050381
v -0.247481 0.142009 0.050669
v -0.250227 0.138067 0.046308
v -0.247178 0.138270 0.050505
v -0.248737 0.137162 0.048199
v -0.249228 0.137184 0.047533
v -0.249274 0.136764 0.047046
v -0.243845 0.136972 0.043714
v -0.250668 0.140304 0.046297
v -0.250066 0.146263 0.046335
v -0.249328 0.146750 0.047382
v -0.248675 0.146864 0.048155
v -0.245532 0.146944 0.052071
v -0.243573 0.145431 0.055421
v -0.244470 0.146964 0.053474
v -0.245235 0.147280 0.051839
v -0.246036 0.147556 0.050820
v -0.248068 0.147397 0.048174
v -0.249253 0.147195 0.047078
v -0.232281 0.147044 0.036459
v -0.232778 0.146478 0.035667
v -0.238555 0.146478 0.039291
v -0.236896 0.147274 0.041935
v -0.237482 0.147240 0.041000
v -0.243259 0.147240 0.044624
v -0.214197 0.147434 0.031540
v -0.215236 0.147256 0.027627
v -0.215474 0.147275 0.026418
v -0.215745 0.145795 0.024356
v -0.221318 0.146160 0.028270
v -0.227284 0.145523 0.031593
v -0.233060 0.145523 0.035216
v -0.238837 0.145523 0.038840
v -0.244625 0.138494 0.042470
v -0.238846 0.138494 0.038845
v -0.221367 0.138016 0.028196
v -0.215527 0.136659 0.026568
v -0.220727 0.147044 0.029212
v -0.243743 0.147537 0.053865
v -0.243084 0.147169 0.055185
v -0.241311 0.147437 0.057275
v -0.240296 0.145138 0.060607
v -0.240021 0.148106 0.059037
v -0.239425 0.149446 0.058361
v -0.236372 0.152793 0.057021
v -0.243903 0.142009 0.055621
v -0.246057 0.136640 0.050819
v -0.243145 0.136854 0.055225
v -0.243227 0.137037 0.055288
v -0.213167 0.131103 0.128635
v -0.217483 0.127328 0.129063
v -0.213349 0.135961 0.148846
v -0.214938 0.130606 0.142165
v -0.212217 0.136018 0.141939
v -0.218450 0.130237 0.162262
v -0.221707 0.126066 0.155105
v -0.217179 0.130300 0.155610
v -0.226193 0.125219 0.160994
v -0.229462 0.125911 0.160393
v -0.227847 0.126056 0.154228
v -0.236924 0.135836 0.159328
v -0.235984 0.142009 0.153567
v -0.235081 0.135870 0.153542
v -0.237809 0.142009 0.159261
v -0.236916 0.148182 0.159287
v -0.240761 0.135875 0.170576
v -0.241595 0.142009 0.170318
v -0.239656 0.142009 0.164764
v -0.240408 0.153907 0.177748
v -0.234925 0.158029 0.178935
v -0.238169 0.153995 0.171192
v -0.245619 0.147988 0.184200
v -0.246565 0.142009 0.184133
v -0.248053 0.147888 0.191084
v -0.248073 0.136129 0.191131
v -0.245639 0.136030 0.184250
v -0.245899 0.128310 0.204080
v -0.247234 0.130570 0.198109
v -0.244365 0.128173 0.198201
v -0.239411 0.126392 0.193246
v -0.241653 0.126952 0.196677
v -0.238102 0.126596 0.194018
v -0.239573 0.127715 0.197796
v -0.240664 0.131101 0.202850
v -0.241362 0.128634 0.201381
v -0.245658 0.129532 0.208449
v -0.244078 0.128356 0.204658
v -0.244842 0.131101 0.209223
v -0.247614 0.130069 0.211836
v -0.248928 0.131114 0.215474
v -0.249831 0.130510 0.215310
v -0.246085 0.133979 0.217520
v -0.242388 0.135009 0.219944
v -0.250709 0.133737 0.224053
v -0.250745 0.135009 0.232690
v -0.250993 0.134943 0.232705
v -0.250890 0.134891 0.230118
v -0.250893 0.134571 0.227573
v -0.250947 0.133970 0.225053
v -0.251083 0.133009 0.224911
v -0.251160 0.133315 0.225894
v -0.250697 0.133299 0.222578
v -0.250864 0.132608 0.221578
v -0.250665 0.132038 0.219726
v -0.252224 0.132317 0.222792
v -0.251829 0.131382 0.218818
v -0.253573 0.132246 0.222534
v -0.253308 0.131999 0.218111
v -0.251631 0.130929 0.214247
v -0.249042 0.129560 0.211264
v -0.247092 0.128755 0.207708
v -0.252621 0.147695 0.205054
v -0.251460 0.142009 0.198077
v -0.253708 0.142009 0.205104
v -0.249255 0.153303 0.204909
v -0.251045 0.153171 0.211816
v -0.254566 0.147615 0.212133
v -0.252108 0.152803 0.215280
v -0.251555 0.153133 0.214076
v -0.256111 0.147549 0.219311
v -0.257303 0.142009 0.219510
v -0.257035 0.147495 0.226593
v -0.255541 0.150122 0.226539
v -0.255467 0.149722 0.230608
v -0.255406 0.148643 0.238416
v -0.254669 0.148398 0.242326
v -0.253304 0.148116 0.246063
v -0.255637 0.147409 0.241122
v -0.252754 0.147484 0.247837
v -0.251285 0.148307 0.249513
v -0.252572 0.148840 0.245707
v -0.257009 0.136570 0.233951
v -0.255323 0.133388 0.233662
v -0.255635 0.136610 0.241141
v -0.255342 0.133390 0.226281
v -0.254818 0.132858 0.226533
v -0.258234 0.142009 0.226856
v -0.257007 0.147449 0.233926
v -0.249235 0.142009 0.254225
v -0.248727 0.147338 0.253958
v -0.253158 0.151593 0.223279
v -0.252821 0.152407 0.219309
v -0.254149 0.151432 0.222954
v -0.238210 0.135009 0.213571
v -0.223335 0.135009 0.190882
v -0.232307 0.131101 0.190104
v -0.232836 0.127136 0.187552
v -0.228129 0.131101 0.183731
v -0.233828 0.127239 0.189107
v -0.235854 0.126232 0.190582
v -0.233224 0.126272 0.187366
v -0.234720 0.125577 0.186461
v -0.237102 0.125925 0.189835
v -0.232158 0.125393 0.182968
v -0.231901 0.125503 0.183349
v -0.234943 0.125994 0.178980
v -0.238186 0.130026 0.171237
v -0.232990 0.125890 0.172614
v -0.240428 0.130116 0.177797
v -0.242303 0.127997 0.191553
v -0.242764 0.130249 0.184597
v -0.240163 0.127824 0.184958
v -0.231177 0.125858 0.166496
v -0.234374 0.130036 0.159580
v -0.224596 0.125909 0.168011
v -0.221540 0.128626 0.170839
v -0.224418 0.126731 0.173426
v -0.226600 0.126070 0.176399
v -0.227110 0.125838 0.176557
v -0.230951 0.126182 0.183950
v -0.223951 0.131101 0.177358
v -0.228417 0.127013 0.180764
v -0.226160 0.127258 0.177419
v -0.219499 0.131685 0.171349
v -0.219618 0.131144 0.170671
v -0.220458 0.129796 0.170246
v -0.221475 0.128883 0.171181
v -0.221475 0.129091 0.171395
v -0.217728 0.142009 0.176610
v -0.218614 0.147990 0.176361
v -0.219862 0.148189 0.182203
v -0.220366 0.148644 0.183346
v -0.219415 0.150235 0.175630
v -0.216345 0.142009 0.169671
v -0.217238 0.148051 0.169478
v -0.214920 0.142009 0.162507
v -0.214569 0.135932 0.155706
v -0.213597 0.142009 0.155679
v -0.221693 0.157956 0.155056
v -0.217177 0.153716 0.155562
v -0.220435 0.157749 0.148585
v -0.218866 0.142009 0.182430
v -0.220354 0.147857 0.185204
v -0.221632 0.135152 0.187031
v -0.222471 0.134941 0.187440
v -0.222343 0.134918 0.186916
v -0.222748 0.135101 0.190996
v -0.220353 0.134278 0.179273
v -0.220795 0.134901 0.183023
v -0.219669 0.134765 0.178999
v -0.219157 0.134165 0.175645
v -0.219395 0.135258 0.178937
v -0.218995 0.134111 0.174894
v -0.223089 0.125944 0.161539
v -0.241907 0.133979 0.211147
v -0.232973 0.158130 0.172569
v -0.236213 0.154022 0.165330
v -0.233361 0.148080 0.147724
v -0.232706 0.142009 0.142142
v -0.234261 0.142009 0.147814
v -0.230371 0.147859 0.136103
v -0.245679 0.150038 0.216907
v -0.241559 0.150038 0.210623
v -0.225641 0.148232 0.212736
v -0.222940 0.147659 0.199061
v -0.222834 0.147697 0.198403
v -0.222309 0.147674 0.195612
v -0.221889 0.142009 0.199138
v -0.225491 0.140931 0.226765
v -0.225074 0.142009 0.221717
v -0.225489 0.143086 0.226757
v -0.225546 0.135980 0.249731
v -0.226812 0.135745 0.241779
v -0.224264 0.135738 0.256112
v -0.223857 0.136356 0.260439
v -0.226006 0.136409 0.264381
v -0.229938 0.138956 0.266941
v -0.234636 0.138956 0.267001
v -0.241503 0.136279 0.261643
v -0.223436 0.138956 0.260543
v -0.223931 0.138953 0.253424
v -0.224668 0.136550 0.251977
v -0.224093 0.138953 0.252627
v -0.225370 0.136423 0.248894
v -0.226010 0.136581 0.244799
v -0.244562 0.136676 0.258781
v -0.248099 0.132759 0.245558
v -0.247363 0.132698 0.247156
v -0.248892 0.132667 0.243985
v -0.247249 0.133009 0.247096
v -0.253409 0.132763 0.240712
v -0.224664 0.147468 0.251981
v -0.223405 0.145010 0.255767
v -0.223600 0.147353 0.260509
v -0.229899 0.147211 0.266744
v -0.226112 0.148081 0.264270
v -0.234638 0.145009 0.267004
v -0.234520 0.147245 0.266822
v -0.226056 0.147580 0.244806
v -0.226512 0.147782 0.241745
v -0.226747 0.147811 0.239105
v -0.227674 0.148689 0.234526
v -0.238944 0.147334 0.052648
v -0.239270 0.143510 0.053340
v -0.234799 0.147486 0.054246
v -0.229317 0.147395 0.050534
v -0.217253 0.153844 0.038235
v -0.216921 0.153613 0.044482
v -0.222860 0.156350 0.041370
v -0.231072 0.159325 0.030838
v -0.234739 0.160417 0.025216
v -0.234446 0.159568 0.032874
v -0.238072 0.160419 0.026890
v -0.241210 0.160480 0.028860
v -0.239515 0.160617 0.028068
v -0.244337 0.160180 0.030774
v -0.242640 0.160546 0.030052
v -0.244077 0.160535 0.031251
v -0.237889 0.159590 0.034965
v -0.237952 0.157977 0.042554
v -0.234776 0.158332 0.040679
v -0.241297 0.159282 0.037036
v -0.240260 0.154046 0.051298
v -0.241057 0.157038 0.044386
v -0.243850 0.155230 0.046025
v -0.234807 0.156652 0.048183
v -0.230259 0.155736 0.052840
v -0.244365 0.147550 0.052879
v -0.246161 0.144128 0.043214
v -0.244697 0.147244 0.045529
v -0.246060 0.145524 0.043371
v -0.248873 0.147044 0.046869
v -0.249263 0.147373 0.046988
v -0.251623 0.149905 0.043274
v -0.255330 0.151624 0.038088
v -0.254406 0.153649 0.037420
v -0.250010 0.153470 0.042313
v -0.247654 0.156409 0.040894
v -0.250131 0.158560 0.035062
v -0.250270 0.158535 0.034811
v -0.251596 0.157514 0.035643
v -0.248613 0.159400 0.033996
v -0.247420 0.159709 0.032759
v -0.245833 0.160177 0.031892
v -0.253716 0.154649 0.036660
v -0.252657 0.155953 0.035947
v -0.256932 0.142009 0.039303
v -0.256609 0.146311 0.039103
v -0.256824 0.144451 0.039236
v -0.257038 0.142594 0.039040
v -0.256897 0.144429 0.038700
v -0.240118 0.123425 0.028440
v -0.241520 0.123509 0.029344
v -0.244918 0.123923 0.031372
v -0.246448 0.124232 0.032397
v -0.248027 0.124563 0.033397
v -0.237940 0.124491 0.034999
v -0.241335 0.124887 0.037062
v -0.228910 0.126910 0.044808
v -0.234820 0.125740 0.040713
v -0.231601 0.125656 0.038814
v -0.219519 0.129197 0.046236
v -0.222909 0.127595 0.041413
v -0.222056 0.128811 0.048154
v -0.223249 0.135688 0.047922
v -0.223028 0.134278 0.048273
v -0.237673 0.132188 0.057375
v -0.232417 0.129252 0.054558
v -0.233016 0.128996 0.054493
v -0.240306 0.130029 0.051340
v -0.237004 0.131136 0.056776
v -0.251748 0.134094 0.043357
v -0.256562 0.136951 0.039075
v -0.256913 0.140706 0.039291
v -0.256793 0.138822 0.039217
v -0.252891 0.142009 0.044025
v -0.252569 0.146028 0.043834
v -0.251133 0.143362 0.045978
v -0.251113 0.140263 0.045976
v -0.251302 0.142009 0.045909
v -0.252618 0.137992 0.043870
v -0.246157 0.139582 0.043220
v -0.243102 0.143510 0.048139
v -0.219492 0.138153 0.015414
v -0.215990 0.142009 0.021844
v -0.216334 0.138052 0.022045
v -0.219025 0.140121 0.015464
v -0.218967 0.142009 0.015426
v -0.219977 0.136454 0.015589
v -0.220273 0.134628 0.015947
v -0.221637 0.131221 0.016695
v -0.220766 0.132840 0.016264
v -0.227592 0.125218 0.020442
v -0.226001 0.125932 0.019683
v -0.224620 0.126951 0.018869
v -0.224026 0.127828 0.018274
v -0.222334 0.129599 0.017424
v -0.215203 0.134821 0.029357
v -0.219294 0.129147 0.031671
v -0.219133 0.130873 0.023686
v -0.217358 0.130227 0.038314
v -0.218461 0.136759 0.029725
v -0.219543 0.137538 0.027367
v -0.216861 0.136685 0.038672
v -0.237717 0.136686 0.051612
v -0.222420 0.140509 0.041978
v -0.235721 0.140509 0.050321
v -0.224400 0.140509 0.043220
v -0.217005 0.130549 0.044794
v -0.214860 0.132065 0.042923
v -0.225093 0.127332 0.018650
v -0.227769 0.125117 0.028851
v -0.233748 0.123686 0.024453
v -0.234502 0.124437 0.032911
v -0.219156 0.142009 0.015236
v -0.219234 0.143864 0.015314
v -0.219279 0.145718 0.015472
v -0.220218 0.149298 0.015835
v -0.217278 0.149821 0.022586
v -0.216318 0.145982 0.022030
v -0.215108 0.149247 0.029289
v -0.218681 0.147244 0.029211
v -0.219868 0.144437 0.026732
v -0.219134 0.147045 0.028216
v -0.216338 0.147332 0.038131
v -0.218935 0.153267 0.023558
v -0.221390 0.152685 0.016579
v -0.221406 0.156018 0.025029
v -0.227265 0.158494 0.020164
v -0.225857 0.157776 0.019227
v -0.228860 0.158821 0.021016
v -0.228599 0.159214 0.021229
v -0.230037 0.159714 0.022326
v -0.234145 0.160109 0.024466
v -0.224428 0.157786 0.026840
v -0.219897 0.147508 0.015477
v -0.219165 0.154938 0.031582
v -0.248952 0.136973 0.046918
v -0.249002 0.136995 0.046872
v -0.245273 0.136974 0.044610
v -0.245917 0.138016 0.043595
v -0.255197 0.131601 0.037914
v -0.253444 0.128498 0.036668
v -0.254428 0.129974 0.037328
v -0.250495 0.126012 0.034653
v -0.250812 0.126028 0.035487
v -0.247725 0.127687 0.040942
v -0.251588 0.126619 0.035975
v -0.253310 0.128415 0.037054
v -0.252275 0.127132 0.036067
v -0.246186 0.131469 0.047392
v -0.247719 0.134727 0.048264
v -0.243102 0.140509 0.048139
v -0.244406 0.136759 0.045998
v -0.237985 0.126168 0.042582
v -0.241079 0.127131 0.044407
v -0.244672 0.125858 0.039090
v -0.230328 0.128332 0.052876
v -0.234835 0.127472 0.048213
v -0.223544 0.128207 0.048655
v -0.243235 0.123545 0.030550
v -0.220689 0.155146 0.047076
v -0.220784 0.155249 0.046887
v -0.235262 0.153680 0.056252
v -0.237803 0.160642 0.027304
v -0.248905 -0.062669 0.484416
v -0.248637 -0.056501 0.495571
v -0.248906 -0.062670 0.490358
v -0.268105 -0.058187 0.482198
v -0.272705 -0.058620 0.479283
v -0.269529 -0.058620 0.483182
v -0.272140 -0.057996 0.478012
v -0.273028 -0.058244 0.478947
v -0.276738 -0.084014 0.419062
v -0.286892 -0.084017 0.448757
v -0.284175 -0.084016 0.433093
v -0.272802 -0.058079 0.418542
v -0.268378 -0.058614 0.415485
v -0.274372 -0.058364 0.416918
v -0.270062 -0.057934 0.421559
v -0.268878 -0.058022 0.422767
v -0.253997 -0.056815 0.428178
v -0.248721 -0.056493 0.401866
v -0.256791 -0.056815 0.425383
v -0.244060 -0.084021 0.496706
v -0.220785 -0.084021 0.493585
v -0.236165 -0.084021 0.496948
v -0.274513 -0.058620 0.483602
v -0.254286 -0.057910 0.460165
v -0.255653 -0.056816 0.436984
v -0.264026 -0.056817 0.445065
v -0.260245 -0.056817 0.445065
v -0.254810 -0.058024 0.445761
v -0.256232 -0.058242 0.445794
v -0.260251 -0.057877 0.445822
v -0.260149 -0.058024 0.451672
v -0.258358 -0.058046 0.451630
v -0.248902 -0.056817 0.453794
v -0.248902 -0.057920 0.451660
v -0.248902 -0.056817 0.452463
v -0.248902 -0.058617 0.448763
v -0.250794 -0.058617 0.451264
v -0.251653 -0.058323 0.431801
v -0.260624 -0.058615 0.430316
v -0.256920 -0.058615 0.426944
v -0.261965 -0.058615 0.428974
v -0.249857 -0.058229 0.441630
v -0.248901 -0.058304 0.442480
v -0.262101 -0.057845 0.429611
v -0.267480 -0.057926 0.424192
v -0.284689 -0.058127 0.451749
v -0.275527 -0.058092 0.445773
v -0.271867 -0.057929 0.451774
v -0.269719 -0.058511 0.446032
v -0.267827 -0.058617 0.451262
v -0.267827 -0.058492 0.446043
v -0.283561 -0.058055 0.445759
v -0.286015 -0.058266 0.451610
v -0.255903 -0.058129 0.435724
v -0.248901 -0.058593 0.434848
v -0.251738 -0.058283 0.457850
v -0.251256 -0.057536 0.456866
v -0.248902 -0.057874 0.445659
v -0.248902 -0.056817 0.443736
v -0.248902 -0.056817 0.445066
v -0.262109 -0.058080 0.467984
v -0.260824 -0.058140 0.466730
v -0.255419 -0.058429 0.461647
v -0.267822 -0.058181 0.473733
v -0.266278 -0.058242 0.472328
v -0.262044 -0.058141 0.476372
v -0.262878 -0.058027 0.477238
v -0.250010 -0.058134 0.464349
v -0.182072 -0.064667 0.455721
v -0.195352 -0.064669 0.478406
v -0.185444 -0.064668 0.469216
v -0.199917 -0.084014 0.417079
v -0.195352 -0.084020 0.478405
v -0.274127 -0.056814 0.413512
v -0.275536 -0.058021 0.416107
v -0.225733 -0.061332 0.495858
v -0.177474 -0.050419 0.448324
v -0.177116 -0.058583 0.474163
v -0.177116 -0.064668 0.467983
v -0.187939 -0.064664 0.423978
v -0.186039 -0.064564 0.440339
v -0.191867 -0.064664 0.431103
v -0.192027 -0.064713 0.466380
v -0.187943 -0.064668 0.473564
v -0.193668 -0.064735 0.470031
v -0.192407 -0.065901 0.464125
v -0.192252 -0.065800 0.462157
v -0.200268 -0.065840 0.439761
v -0.193682 -0.065815 0.448252
v -0.208280 -0.058320 0.443783
v -0.189154 -0.044459 0.441358
v -0.187078 -0.045043 0.441431
v -0.187078 -0.039076 0.441431
v -0.189315 -0.059804 0.441440
v -0.186078 -0.053326 0.441465
v -0.186356 -0.045213 0.441892
v -0.186082 -0.036331 0.444129
v -0.186353 -0.039076 0.442003
v -0.182113 -0.025284 0.438707
v -0.182113 -0.030877 0.440150
v -0.182113 -0.025101 0.440150
v -0.189103 -0.062049 0.456184
v -0.185918 -0.053328 0.456031
v -0.189212 -0.063355 0.456200
v -0.189700 -0.056461 0.456263
v -0.186423 -0.046485 0.455820
v -0.189156 -0.044461 0.456188
v -0.187080 -0.045896 0.456115
v -0.182115 -0.032322 0.462992
v -0.182115 -0.030879 0.457400
v -0.182136 -0.033807 0.462471
v -0.203742 -0.030819 0.465715
v -0.208352 -0.030569 0.467374
v -0.207434 -0.030466 0.465592
v -0.224785 -0.045321 0.495169
v -0.230618 -0.031321 0.495170
v -0.224785 -0.038971 0.495170
v -0.234046 -0.030820 0.484270
v -0.235783 -0.030842 0.494752
v -0.215425 -0.030820 0.476016
v -0.214268 -0.030834 0.490366
v -0.216878 -0.030820 0.477190
v -0.248318 -0.029888 0.495800
v -0.248363 -0.031355 0.495941
v -0.237903 -0.030570 0.484271
v -0.237883 -0.030837 0.494732
v -0.239957 -0.030826 0.494694
v -0.239535 -0.030820 0.484555
v -0.242055 -0.030829 0.494703
v -0.241372 -0.030741 0.484290
v -0.243926 -0.030830 0.494706
v -0.248118 -0.030821 0.492608
v -0.247673 -0.030833 0.494714
v -0.245858 -0.030835 0.494728
v -0.223547 -0.058385 0.494664
v -0.223838 -0.058520 0.482126
v -0.225686 -0.058520 0.482886
v -0.177116 -0.032619 0.474034
v -0.177116 -0.027073 0.470242
v -0.177116 -0.030102 0.472549
v -0.179014 -0.011511 0.444270
v -0.184391 -0.009349 0.444335
v -0.179014 -0.009428 0.444317
v -0.238388 -0.058324 0.402617
v -0.248360 -0.046970 0.402117
v -0.248421 -0.048810 0.402117
v -0.223351 -0.030813 0.403103
v -0.231856 -0.030822 0.402832
v -0.230322 -0.030840 0.402768
v -0.200271 -0.030815 0.432014
v -0.195474 -0.030828 0.427202
v -0.196805 -0.030815 0.432197
v -0.247721 -0.030851 0.402700
v -0.241379 -0.030814 0.413077
v -0.248343 -0.030004 0.406803
v -0.246026 -0.030818 0.402845
v -0.242094 -0.030813 0.402865
v -0.239529 -0.030814 0.412984
v -0.237996 -0.030813 0.402867
v -0.237705 -0.030814 0.412986
v -0.239957 -0.030832 0.402793
v -0.235886 -0.030814 0.413080
v -0.233903 -0.030813 0.402868
v -0.232032 -0.030481 0.413929
v -0.234040 -0.030814 0.413270
v -0.248443 -0.030149 0.404742
v -0.208135 -0.030815 0.430039
v -0.204452 -0.030814 0.414832
v -0.202282 -0.030814 0.417165
v -0.248516 -0.059799 0.401746
v -0.248610 -0.059013 0.404749
v -0.242277 -0.058013 0.402367
v -0.248110 -0.050651 0.402367
v -0.248110 -0.052491 0.402367
v -0.223351 -0.058513 0.403100
v -0.212470 -0.058515 0.423329
v -0.217603 -0.058513 0.405440
v -0.248398 -0.060070 0.410398
v -0.246575 -0.062127 0.411867
v -0.208990 -0.065964 0.425863
v -0.208699 -0.065864 0.428605
v -0.209444 -0.065831 0.427488
v -0.202687 -0.065964 0.428655
v -0.192321 -0.065886 0.434378
v -0.202234 -0.065964 0.429486
v -0.205961 -0.057873 0.436833
v -0.206182 -0.058325 0.440153
v -0.206504 -0.057976 0.438173
v -0.205750 -0.065913 0.431864
v -0.207192 -0.057959 0.437100
v -0.199543 -0.065965 0.435891
v -0.193419 -0.065716 0.444120
v -0.193610 -0.065857 0.429661
v -0.196478 -0.065864 0.423984
v -0.195282 -0.065839 0.426068
v -0.211908 -0.064662 0.410365
v -0.213527 -0.064662 0.410308
v -0.225802 -0.061472 0.401711
v -0.207293 -0.065842 0.424329
v -0.206596 -0.065714 0.423739
v -0.225827 -0.030656 0.402510
v -0.228113 -0.030819 0.402842
v -0.177114 -0.040790 0.448774
v -0.177112 -0.022227 0.432782
v -0.177113 -0.019497 0.437727
v -0.248618 -0.054340 0.495666
v -0.248618 -0.052584 0.496244
v -0.242285 -0.058521 0.494667
v -0.243155 -0.058520 0.484983
v -0.246492 -0.058542 0.484785
v -0.247667 -0.061272 0.486193
v -0.248292 -0.060687 0.487135
v -0.205706 -0.064668 0.475767
v -0.214524 -0.064657 0.478149
v -0.212726 -0.064668 0.475867
v -0.205955 -0.065901 0.469437
v -0.203836 -0.065768 0.475675
v -0.206265 -0.065735 0.474061
v -0.213898 -0.058519 0.475596
v -0.215394 -0.058520 0.476901
v -0.190114 -0.058517 0.448771
v -0.196172 -0.058442 0.451601
v -0.190114 -0.058517 0.451294
v -0.203631 -0.059417 0.455484
v -0.207742 -0.059417 0.454695
v -0.206148 -0.063967 0.455000
v -0.203819 -0.058417 0.456466
v -0.206424 -0.058089 0.458351
v -0.206078 -0.065868 0.467806
v -0.206649 -0.065926 0.465497
v -0.199943 -0.065867 0.462556
v -0.202564 -0.064466 0.448770
v -0.208225 -0.064466 0.451366
v -0.208364 -0.064216 0.448769
v -0.228525 -0.030820 0.483107
v -0.230300 -0.030820 0.483581
v -0.232061 -0.030839 0.494740
v -0.223339 -0.030838 0.494499
v -0.228353 -0.030827 0.494697
v -0.211849 -0.030821 0.488796
v -0.182350 -0.032398 0.446040
v -0.182146 -0.033826 0.445256
v -0.189217 -0.056617 0.441419
v -0.265619 -0.057551 0.480085
v -0.270366 -0.057715 0.476168
v -0.276890 -0.063620 0.478224
v -0.275531 -0.058310 0.481461
v -0.274115 -0.058244 0.480034
v -0.273811 -0.063620 0.484215
v -0.275476 -0.070420 0.481678
v -0.274584 -0.070420 0.483509
v -0.286091 -0.077216 0.440828
v -0.286091 -0.084016 0.440827
v -0.281038 -0.063615 0.425772
v -0.281038 -0.056815 0.425773
v -0.276738 -0.063614 0.419064
v -0.269195 -0.058238 0.414010
v -0.268327 -0.057624 0.414562
v -0.271799 -0.057917 0.419698
v -0.270016 -0.058614 0.420922
v -0.263618 -0.058546 0.419893
v -0.262472 -0.058546 0.421039
v -0.262343 -0.058363 0.420909
v -0.260007 -0.057491 0.423009
v -0.257494 -0.057944 0.425741
v -0.259811 -0.057136 0.422813
v -0.246899 -0.064663 0.413110
v -0.247899 -0.064395 0.419051
v -0.246899 -0.064663 0.419052
v -0.246901 -0.064665 0.442821
v -0.247901 -0.064397 0.442820
v -0.246902 -0.064666 0.448763
v -0.207305 -0.070420 0.485452
v -0.201636 -0.064669 0.481407
v -0.207305 -0.064669 0.485452
v -0.220785 -0.070421 0.493586
v -0.220785 -0.077221 0.493586
v -0.213712 -0.077221 0.490071
v -0.248270 -0.064034 0.472531
v -0.248636 -0.063668 0.466588
v -0.251810 -0.070421 0.495181
v -0.251810 -0.077221 0.495180
v -0.244060 -0.070421 0.496707
v -0.269273 -0.063620 0.486335
v -0.271448 -0.058225 0.485572
v -0.236165 -0.070421 0.496949
v -0.244060 -0.077221 0.496707
v -0.236165 -0.077221 0.496948
v -0.253065 -0.057932 0.458941
v -0.263708 -0.057332 0.451983
v -0.265836 -0.058353 0.451598
v -0.250083 -0.058117 0.445762
v -0.257768 -0.058242 0.445794
v -0.262066 -0.058200 0.445783
v -0.252133 -0.058200 0.451741
v -0.256464 -0.057386 0.451947
v -0.250047 -0.058616 0.433820
v -0.255886 -0.057929 0.427272
v -0.254728 -0.058116 0.436919
v -0.251669 -0.057331 0.440291
v -0.257736 -0.058241 0.433863
v -0.256904 -0.058365 0.434647
v -0.263267 -0.058238 0.428202
v -0.264795 -0.058063 0.426639
v -0.265491 -0.057222 0.426567
v -0.286091 -0.063616 0.440829
v -0.286649 -0.056817 0.445063
v -0.286091 -0.056816 0.440830
v -0.286104 -0.063618 0.456621
v -0.282476 -0.058188 0.451607
v -0.274200 -0.058333 0.445885
v -0.271612 -0.058457 0.445918
v -0.277565 -0.057956 0.451817
v -0.275369 -0.057386 0.451946
v -0.282931 -0.056817 0.445063
v -0.279977 -0.057627 0.445570
v -0.279150 -0.056817 0.445063
v -0.281074 -0.058242 0.445793
v -0.281138 -0.070419 0.471564
v -0.281138 -0.077219 0.471563
v -0.276890 -0.077220 0.478223
v -0.265991 -0.058615 0.424948
v -0.253395 -0.058581 0.430294
v -0.254222 -0.057136 0.428404
v -0.251202 -0.056815 0.430973
v -0.251616 -0.056818 0.456507
v -0.262469 -0.056819 0.467358
v -0.264958 -0.057754 0.470611
v -0.263055 -0.058119 0.468929
v -0.257845 -0.058201 0.463751
v -0.263516 -0.058353 0.477739
v -0.258798 -0.058244 0.473111
v -0.257765 -0.058368 0.472031
v -0.253976 -0.058191 0.468199
v -0.248903 -0.058309 0.463205
v -0.255891 -0.057933 0.470251
v -0.264830 -0.058551 0.471056
v -0.189383 -0.071118 0.474902
v -0.189383 -0.064668 0.474903
v -0.182202 -0.077216 0.440821
v -0.181572 -0.071116 0.448768
v -0.181572 -0.077217 0.448767
v -0.189400 -0.077215 0.422612
v -0.189400 -0.084015 0.422611
v -0.192628 -0.084014 0.420301
v -0.206563 -0.070414 0.412694
v -0.199917 -0.077214 0.417080
v -0.206563 -0.077214 0.412693
v -0.243439 -0.077213 0.400751
v -0.243439 -0.084013 0.400750
v -0.251274 -0.077213 0.402195
v -0.269001 -0.063613 0.411054
v -0.271436 -0.058454 0.411944
v -0.265174 -0.056814 0.416999
v -0.265400 -0.057135 0.417224
v -0.275327 -0.063614 0.415395
v -0.274314 -0.070414 0.413681
v -0.275327 -0.070414 0.415394
v -0.258764 -0.063613 0.404910
v -0.258764 -0.056813 0.404910
v -0.251274 -0.056813 0.402197
v -0.182072 -0.071117 0.455720
v -0.183333 -0.077567 0.462574
v -0.182072 -0.077567 0.455719
v -0.266053 -0.077221 0.488471
v -0.266053 -0.084021 0.488470
v -0.259207 -0.077221 0.492410
v -0.225818 -0.063660 0.494624
v -0.232498 -0.060799 0.496908
v -0.228628 -0.061289 0.496394
v -0.225797 -0.053548 0.496856
v -0.217896 -0.061313 0.493896
v -0.217945 -0.063030 0.493154
v -0.225709 -0.060991 0.495957
v -0.203539 -0.061602 0.487279
v -0.203471 -0.063187 0.486358
v -0.184054 -0.058186 0.477475
v -0.190527 -0.061548 0.479859
v -0.184063 -0.061861 0.475675
v -0.184048 -0.058180 0.420069
v -0.177111 -0.054181 0.421641
v -0.177112 -0.058579 0.423383
v -0.189286 -0.061879 0.418584
v -0.184036 -0.062062 0.421986
v -0.192558 -0.064732 0.442971
v -0.191890 -0.064799 0.437183
v -0.186028 -0.064667 0.457578
v -0.185639 -0.064191 0.456426
v -0.184815 -0.064667 0.457214
v -0.177116 -0.063887 0.470561
v -0.179802 -0.063777 0.471897
v -0.180297 -0.064434 0.470838
v -0.194451 -0.065713 0.469854
v -0.194004 -0.065868 0.468788
v -0.192551 -0.065735 0.465312
v -0.192552 -0.065738 0.459632
v -0.193233 -0.065879 0.455986
v -0.193173 -0.065167 0.454635
v -0.192809 -0.064801 0.454597
v -0.193518 -0.065799 0.452185
v -0.193623 -0.065816 0.449497
v -0.193538 -0.065816 0.445664
v -0.201993 -0.065591 0.445319
v -0.202168 -0.065716 0.443552
v -0.202594 -0.064554 0.441970
v -0.202258 -0.065737 0.441723
v -0.203353 -0.064337 0.442352
v -0.206099 -0.064398 0.442784
v -0.208755 -0.064276 0.443314
v -0.209039 -0.064083 0.443533
v -0.209063 -0.058804 0.443599
v -0.207423 -0.059165 0.442743
v -0.206443 -0.058059 0.441996
v -0.196172 -0.058517 0.446249
v -0.202229 -0.058404 0.445787
v -0.208882 -0.058067 0.431537
v -0.204430 -0.056816 0.435534
v -0.208528 -0.056974 0.430554
v -0.192937 -0.037925 0.432399
v -0.191472 -0.037650 0.436752
v -0.192104 -0.035478 0.434396
v -0.190457 -0.036936 0.437319
v -0.187144 -0.035059 0.435156
v -0.190555 -0.036771 0.436978
v -0.187061 -0.038414 0.441288
v -0.189493 -0.038415 0.441156
v -0.190616 -0.050387 0.440315
v -0.190767 -0.044850 0.439967
v -0.190442 -0.038033 0.440280
v -0.193101 -0.055216 0.432629
v -0.195232 -0.056815 0.426749
v -0.192932 -0.056815 0.432034
v -0.190182 -0.063725 0.441960
v -0.189090 -0.062380 0.441359
v -0.189052 -0.064464 0.440610
v -0.185592 -0.063540 0.441863
v -0.184730 -0.064099 0.448771
v -0.185114 -0.063166 0.448771
v -0.185486 -0.047641 0.442014
v -0.186092 -0.037492 0.441484
v -0.182587 -0.037152 0.440149
v -0.182468 -0.036917 0.438590
v -0.182350 -0.030093 0.434225
v -0.182292 -0.032439 0.434334
v -0.182262 -0.024768 0.440150
v -0.182176 -0.025050 0.441654
v -0.185992 -0.025580 0.443788
v -0.182587 -0.025443 0.443288
v -0.184114 -0.030801 0.446503
v -0.182588 -0.030801 0.446424
v -0.185720 -0.030826 0.446608
v -0.187061 -0.024652 0.442053
v -0.186712 -0.024906 0.442820
v -0.190547 -0.024515 0.442668
v -0.190507 -0.024396 0.454208
v -0.186313 -0.025214 0.453906
v -0.186492 -0.025134 0.448775
v -0.186083 -0.034372 0.445998
v -0.186114 -0.032658 0.446851
v -0.181640 -0.041714 0.451143
v -0.185640 -0.041533 0.451247
v -0.185640 -0.040870 0.448773
v -0.185703 -0.046295 0.453771
v -0.185219 -0.047527 0.453782
v -0.177531 -0.049634 0.451268
v -0.181640 -0.048185 0.452876
v -0.177531 -0.047813 0.452854
v -0.177539 -0.045956 0.453305
v -0.177614 -0.044686 0.453148
v -0.177519 -0.043342 0.452590
v -0.177483 -0.042003 0.451315
v -0.177631 -0.041390 0.449713
v -0.177640 -0.041485 0.447499
v -0.181640 -0.041714 0.446406
v -0.177531 -0.042158 0.446096
v -0.177623 -0.043923 0.444665
v -0.177569 -0.045932 0.444266
v -0.181640 -0.045817 0.444036
v -0.177565 -0.047527 0.444581
v -0.184640 -0.048150 0.444474
v -0.181640 -0.048185 0.444671
v -0.185479 -0.046497 0.443860
v -0.185096 -0.047850 0.444034
v -0.177640 -0.050233 0.449761
v -0.181640 -0.049919 0.451142
v -0.177614 -0.048685 0.445274
v -0.185300 -0.047594 0.455083
v -0.185419 -0.058518 0.455752
v -0.189094 -0.058030 0.456184
v -0.189725 -0.059537 0.455684
v -0.190467 -0.050389 0.456880
v -0.191986 -0.055239 0.461184
v -0.192666 -0.056818 0.463162
v -0.193104 -0.055219 0.464914
v -0.191382 -0.037836 0.460425
v -0.193471 -0.044961 0.464678
v -0.192940 -0.037929 0.465147
v -0.190333 -0.037777 0.457678
v -0.187146 -0.036781 0.460155
v -0.187146 -0.037384 0.457730
v -0.186204 -0.037686 0.456112
v -0.187058 -0.038127 0.456405
v -0.185879 -0.043306 0.453122
v -0.182588 -0.034949 0.452624
v -0.185935 -0.034307 0.451659
v -0.185640 -0.035053 0.452503
v -0.182178 -0.036802 0.458151
v -0.182350 -0.037078 0.457399
v -0.182264 -0.036169 0.460453
v -0.182350 -0.035262 0.461783
v -0.183749 -0.030879 0.463736
v -0.182589 -0.030095 0.463576
v -0.182589 -0.032446 0.463475
v -0.187204 -0.032618 0.463680
v -0.184909 -0.031034 0.463794
v -0.192472 -0.030565 0.464337
v -0.188610 -0.027607 0.463120
v -0.193282 -0.030352 0.464384
v -0.200653 -0.029947 0.464559
v -0.203788 -0.030166 0.464810
v -0.195260 -0.030890 0.470264
v -0.196601 -0.030890 0.472783
v -0.198368 -0.031286 0.476094
v -0.196165 -0.031202 0.472495
v -0.194080 -0.031095 0.468214
v -0.194984 -0.031097 0.470178
v -0.193354 -0.031176 0.466533
v -0.192533 -0.031156 0.464494
v -0.193110 -0.030848 0.465035
v -0.202925 -0.044979 0.485758
v -0.203886 -0.038109 0.485255
v -0.199608 -0.038091 0.478929
v -0.234507 -0.031074 0.495105
v -0.234337 -0.030828 0.494702
v -0.243231 -0.030753 0.484019
v -0.246034 -0.030653 0.483871
v -0.248140 -0.029912 0.485801
v -0.243470 -0.027748 0.483747
v -0.241834 -0.027617 0.483922
v -0.245111 -0.027016 0.490049
v -0.244528 -0.026773 0.488257
v -0.244762 -0.026829 0.485055
v -0.239267 -0.026188 0.485559
v -0.244565 -0.026916 0.484402
v -0.236926 -0.027261 0.484025
v -0.238607 -0.027343 0.484067
v -0.228030 -0.027098 0.482444
v -0.225581 -0.026492 0.481933
v -0.225124 -0.030662 0.481547
v -0.223440 -0.030570 0.480699
v -0.217106 -0.030537 0.476892
v -0.210377 -0.025695 0.469913
v -0.213821 -0.026264 0.473865
v -0.212422 -0.026062 0.472393
v -0.215027 -0.026369 0.475024
v -0.219125 -0.026919 0.478179
v -0.220244 -0.030320 0.478892
v -0.220378 -0.027008 0.478972
v -0.222976 -0.027013 0.480418
v -0.224323 -0.027125 0.481041
v -0.208305 -0.023844 0.469408
v -0.205526 -0.021885 0.461873
v -0.194074 -0.019477 0.458461
v -0.193298 -0.018968 0.458486
v -0.184132 -0.022890 0.465846
v -0.184908 -0.019689 0.460789
v -0.191624 -0.020494 0.462309
v -0.197604 -0.026561 0.477334
v -0.204371 -0.026461 0.479945
v -0.197604 -0.028182 0.481250
v -0.211247 -0.028159 0.489978
v -0.218324 -0.027361 0.491711
v -0.246586 -0.028318 0.496001
v -0.240330 -0.028139 0.496164
v -0.238383 -0.027185 0.495130
v -0.239065 -0.026374 0.489585
v -0.244603 -0.026819 0.489127
v -0.248368 -0.028896 0.488675
v -0.248367 -0.028895 0.486426
v -0.248618 -0.029329 0.490923
v -0.248584 -0.029204 0.488675
v -0.247581 -0.028877 0.496229
v -0.248490 -0.041456 0.495357
v -0.248429 -0.039616 0.495296
v -0.236452 -0.031074 0.495105
v -0.230618 -0.058487 0.494793
v -0.232563 -0.058454 0.494917
v -0.226729 -0.058454 0.494918
v -0.224785 -0.058271 0.495101
v -0.220461 -0.058679 0.480019
v -0.218742 -0.058587 0.479063
v -0.217869 -0.059020 0.478156
v -0.218472 -0.062720 0.478581
v -0.218658 -0.063470 0.478948
v -0.215705 -0.064019 0.477476
v -0.218355 -0.064019 0.479406
v -0.244140 -0.064017 0.490559
v -0.244359 -0.063896 0.494773
v -0.246032 -0.061834 0.496978
v -0.245557 -0.061457 0.497244
v -0.232003 -0.063225 0.495932
v -0.237591 -0.064221 0.495132
v -0.232135 -0.064221 0.494704
v -0.246436 -0.060536 0.497356
v -0.247045 -0.060099 0.497388
v -0.246432 -0.045822 0.498013
v -0.247622 -0.042520 0.497862
v -0.248024 -0.045826 0.497835
v -0.233179 -0.045822 0.497759
v -0.225959 -0.045821 0.497231
v -0.233062 -0.039215 0.497382
v -0.226154 -0.031848 0.495872
v -0.218324 -0.030662 0.494990
v -0.225578 -0.030108 0.496504
v -0.197408 -0.032620 0.485563
v -0.197518 -0.039189 0.486497
v -0.177116 -0.024448 0.467632
v -0.184132 -0.024717 0.469054
v -0.178758 -0.020317 0.461453
v -0.177878 -0.019706 0.460214
v -0.178876 -0.018482 0.458566
v -0.179025 -0.017483 0.456765
v -0.178642 -0.015940 0.453951
v -0.179026 -0.015811 0.454202
v -0.178764 -0.009365 0.453155
v -0.179014 -0.009585 0.453277
v -0.190248 -0.013827 0.453168
v -0.190279 -0.016362 0.454064
v -0.186141 -0.017555 0.456245
v -0.189999 -0.017121 0.455018
v -0.192161 -0.018649 0.457440
v -0.190835 -0.018039 0.453193
v -0.190787 -0.016422 0.452578
v -0.190611 -0.009104 0.452400
v -0.184391 -0.008590 0.445181
v -0.190097 -0.008628 0.448776
v -0.184391 -0.008417 0.448777
v -0.178547 -0.008792 0.448777
v -0.178581 -0.008709 0.450549
v -0.178514 -0.017363 0.448776
v -0.178514 -0.013437 0.452792
v -0.177813 -0.017899 0.443118
v -0.178767 -0.016544 0.442869
v -0.179027 -0.016495 0.442828
v -0.190451 -0.015816 0.444186
v -0.190434 -0.013827 0.444584
v -0.185185 -0.017519 0.441306
v -0.184690 -0.017502 0.441305
v -0.179023 -0.017481 0.440787
v -0.184128 -0.024713 0.428496
v -0.183798 -0.022850 0.431766
v -0.198345 -0.021360 0.433790
v -0.196860 -0.023924 0.428497
v -0.197600 -0.023963 0.428296
v -0.206604 -0.022779 0.430861
v -0.207388 -0.023249 0.429744
v -0.206652 -0.022599 0.431630
v -0.206273 -0.022383 0.433202
v -0.205732 -0.023968 0.435824
v -0.207410 -0.024592 0.432261
v -0.207380 -0.025071 0.432376
v -0.206616 -0.024614 0.433924
v -0.210101 -0.025458 0.427948
v -0.209263 -0.024977 0.429028
v -0.215171 -0.026173 0.422094
v -0.211241 -0.024790 0.424064
v -0.214613 -0.025311 0.420755
v -0.197599 -0.025151 0.424219
v -0.190885 -0.026680 0.422919
v -0.197598 -0.026555 0.420215
v -0.231935 -0.026237 0.408305
v -0.231785 -0.025976 0.412574
v -0.225401 -0.026426 0.408721
v -0.218316 -0.029479 0.402786
v -0.225570 -0.027766 0.401934
v -0.218316 -0.028421 0.403451
v -0.204363 -0.049742 0.407237
v -0.204489 -0.045813 0.406961
v -0.225950 -0.045812 0.400307
v -0.233053 -0.039206 0.400157
v -0.225789 -0.039208 0.400564
v -0.234344 -0.061787 0.400613
v -0.238204 -0.062130 0.400493
v -0.245706 -0.061574 0.400377
v -0.248214 -0.056127 0.400104
v -0.248112 -0.052694 0.399856
v -0.240010 -0.045812 0.399552
v -0.246397 -0.053213 0.399730
v -0.248571 -0.042520 0.400401
v -0.248596 -0.045835 0.400512
v -0.238388 -0.031313 0.402369
v -0.240332 -0.031148 0.402412
v -0.232555 -0.031066 0.402435
v -0.223985 -0.038465 0.402499
v -0.224777 -0.032613 0.402371
v -0.218512 -0.031214 0.404485
v -0.214617 -0.031255 0.406459
v -0.212520 -0.030932 0.407927
v -0.210189 -0.031063 0.409372
v -0.210080 -0.030896 0.409693
v -0.206316 -0.031156 0.412434
v -0.207600 -0.031060 0.411377
v -0.205116 -0.031130 0.413546
v -0.202958 -0.030945 0.415906
v -0.203286 -0.030912 0.415622
v -0.202402 -0.031279 0.416284
v -0.199450 -0.031128 0.419986
v -0.198784 -0.031041 0.420976
v -0.196802 -0.031249 0.423910
v -0.197054 -0.031096 0.423577
v -0.195787 -0.031272 0.425695
v -0.194368 -0.031232 0.428572
v -0.196125 -0.038033 0.425400
v -0.192924 -0.031315 0.432056
v -0.193177 -0.031315 0.431381
v -0.192909 -0.030226 0.433312
v -0.193694 -0.030278 0.433227
v -0.194275 -0.030828 0.429786
v -0.194630 -0.027448 0.434154
v -0.196858 -0.029948 0.433187
v -0.206945 -0.030380 0.432483
v -0.207406 -0.030499 0.432052
v -0.208197 -0.025290 0.430898
v -0.209158 -0.025496 0.429361
v -0.209257 -0.030781 0.428544
v -0.215721 -0.030439 0.421882
v -0.217135 -0.030564 0.420696
v -0.220220 -0.030439 0.418621
v -0.221788 -0.030547 0.417648
v -0.223801 -0.030485 0.416665
v -0.225690 -0.027218 0.415935
v -0.225178 -0.030314 0.416142
v -0.232011 -0.026482 0.413762
v -0.228810 -0.027088 0.414849
v -0.225575 -0.026486 0.415609
v -0.240205 -0.027376 0.413496
v -0.239517 -0.030314 0.413483
v -0.238633 -0.027263 0.413461
v -0.244547 -0.027452 0.413736
v -0.248543 -0.029071 0.408864
v -0.248490 -0.028997 0.411112
v -0.248360 -0.028888 0.408864
v -0.248400 -0.029946 0.411993
v -0.245611 -0.030656 0.413862
v -0.243492 -0.030825 0.402820
v -0.235998 -0.030813 0.402862
v -0.228616 -0.030656 0.414762
v -0.230353 -0.030747 0.414203
v -0.231659 -0.027196 0.414169
v -0.242277 -0.031066 0.402434
v -0.248531 -0.031803 0.401670
v -0.247853 -0.028756 0.401692
v -0.248042 -0.031712 0.400605
v -0.247612 -0.030295 0.400640
v -0.232911 -0.030187 0.400879
v -0.240319 -0.028294 0.401261
v -0.246953 -0.028637 0.401300
v -0.244520 -0.026765 0.409282
v -0.245103 -0.027008 0.407490
v -0.244869 -0.026873 0.412475
v -0.238447 -0.027179 0.402411
v -0.239057 -0.026366 0.407956
v -0.244582 -0.026803 0.408538
v -0.245702 -0.027931 0.413849
v -0.245074 -0.026991 0.412778
v -0.245221 -0.027076 0.412880
v -0.238658 -0.026665 0.413157
v -0.248543 -0.033620 0.402118
v -0.248576 -0.035927 0.401993
v -0.248360 -0.028888 0.406615
v -0.247439 -0.028758 0.413453
v -0.247111 -0.030314 0.413710
v -0.227238 -0.027097 0.415346
v -0.212251 -0.025989 0.425327
v -0.194630 -0.024237 0.438251
v -0.197194 -0.024206 0.437824
v -0.192481 -0.023762 0.440015
v -0.192026 -0.018469 0.439920
v -0.193296 -0.018966 0.439064
v -0.199499 -0.019887 0.436630
v -0.204837 -0.020810 0.435499
v -0.199802 -0.020455 0.437449
v -0.204849 -0.021722 0.436443
v -0.199934 -0.023461 0.437685
v -0.205041 -0.020851 0.435290
v -0.194648 -0.019116 0.438034
v -0.190757 -0.017394 0.442819
v -0.190746 -0.013827 0.445035
v -0.190283 -0.008742 0.445162
v -0.190642 -0.023878 0.448775
v -0.190835 -0.018039 0.444357
v -0.190869 -0.023878 0.444125
v -0.182507 -0.027759 0.434733
v -0.184907 -0.031032 0.433755
v -0.186067 -0.030877 0.433692
v -0.186067 -0.031034 0.433694
v -0.190707 -0.031039 0.433451
v -0.190707 -0.030877 0.433449
v -0.192115 -0.031828 0.433334
v -0.182468 -0.033995 0.434748
v -0.184327 -0.030877 0.433784
v -0.193364 -0.030702 0.432844
v -0.198483 -0.030845 0.421948
v -0.199639 -0.030845 0.420303
v -0.200952 -0.030876 0.418377
v -0.194002 -0.031252 0.429369
v -0.200099 -0.058288 0.419863
v -0.205302 -0.058515 0.422757
v -0.204734 -0.058289 0.423484
v -0.208928 -0.057377 0.428519
v -0.209300 -0.058113 0.427863
v -0.210257 -0.059015 0.426627
v -0.209370 -0.059414 0.427814
v -0.213759 -0.062715 0.422755
v -0.214244 -0.063504 0.422047
v -0.230438 -0.063464 0.413511
v -0.230314 -0.064013 0.412976
v -0.224319 -0.063464 0.415524
v -0.227648 -0.058673 0.414324
v -0.225768 -0.058581 0.414883
v -0.233439 -0.058764 0.413080
v -0.235376 -0.059014 0.412919
v -0.233448 -0.059014 0.413147
v -0.245611 -0.060977 0.413398
v -0.245333 -0.061500 0.413283
v -0.243616 -0.063685 0.412506
v -0.244132 -0.064008 0.406973
v -0.248221 -0.060150 0.400610
v -0.248160 -0.058256 0.402445
v -0.248151 -0.058764 0.411864
v -0.248209 -0.059014 0.411898
v -0.243095 -0.058764 0.412979
v -0.245104 -0.058673 0.413193
v -0.237264 -0.058559 0.412463
v -0.239194 -0.058620 0.412503
v -0.246166 -0.058263 0.402433
v -0.248576 -0.054332 0.401991
v -0.240332 -0.058446 0.402617
v -0.228666 -0.058513 0.402868
v -0.230610 -0.058480 0.402743
v -0.213978 -0.058549 0.422034
v -0.222067 -0.058548 0.416391
v -0.223832 -0.058514 0.415410
v -0.224735 -0.062714 0.415565
v -0.220535 -0.059014 0.417655
v -0.222238 -0.059014 0.416725
v -0.209672 -0.058463 0.426573
v -0.215801 -0.045075 0.403876
v -0.223192 -0.052070 0.402627
v -0.215990 -0.052064 0.403824
v -0.248535 -0.060114 0.405807
v -0.247200 -0.061406 0.400962
v -0.237583 -0.064213 0.402400
v -0.232039 -0.063549 0.402011
v -0.214846 -0.064322 0.420019
v -0.209566 -0.063534 0.427426
v -0.209733 -0.064516 0.425844
v -0.209206 -0.065376 0.425803
v -0.204151 -0.065838 0.422044
v -0.200182 -0.065914 0.434355
v -0.199965 -0.058915 0.435574
v -0.201701 -0.058664 0.432332
v -0.199839 -0.059415 0.435531
v -0.199659 -0.065873 0.438213
v -0.203297 -0.058548 0.428997
v -0.203734 -0.058414 0.429241
v -0.205821 -0.062060 0.428174
v -0.204099 -0.059414 0.427876
v -0.202978 -0.058914 0.428818
v -0.202861 -0.059414 0.428753
v -0.204107 -0.065901 0.427803
v -0.205842 -0.058776 0.428566
v -0.203457 -0.058824 0.434621
v -0.203683 -0.059290 0.434515
v -0.204660 -0.058915 0.435841
v -0.204760 -0.059415 0.435697
v -0.207085 -0.065764 0.431445
v -0.208516 -0.059414 0.429063
v -0.207620 -0.065764 0.430504
v -0.206108 -0.065913 0.429724
v -0.203990 -0.065914 0.434099
v -0.204761 -0.065901 0.432208
v -0.204176 -0.065815 0.435428
v -0.205153 -0.064178 0.435481
v -0.205081 -0.065765 0.435580
v -0.205955 -0.065951 0.433331
v -0.205225 -0.062590 0.435383
v -0.206174 -0.059414 0.428499
v -0.206261 -0.059160 0.429055
v -0.206168 -0.065764 0.428486
v -0.208800 -0.057707 0.429674
v -0.209051 -0.057561 0.430993
v -0.209067 -0.057741 0.431374
v -0.207514 -0.058215 0.436316
v -0.208571 -0.058397 0.433588
v -0.201244 -0.065913 0.431788
v -0.192217 -0.065665 0.436018
v -0.192443 -0.065700 0.437370
v -0.192898 -0.065832 0.439743
v -0.193293 -0.065844 0.442528
v -0.192486 -0.065698 0.432467
v -0.194059 -0.065588 0.428416
v -0.194788 -0.065797 0.426931
v -0.198232 -0.065731 0.422196
v -0.201555 -0.065788 0.421361
v -0.215021 -0.064567 0.419145
v -0.214182 -0.063078 0.405853
v -0.214700 -0.064213 0.407095
v -0.218383 -0.064213 0.405696
v -0.225756 -0.060990 0.401569
v -0.217937 -0.063022 0.404383
v -0.213897 -0.061412 0.405169
v -0.210887 -0.061279 0.406471
v -0.204097 -0.057801 0.408721
v -0.204076 -0.061360 0.409909
v -0.190858 -0.039170 0.414713
v -0.184345 -0.045814 0.417482
v -0.191065 -0.045814 0.414067
v -0.184109 -0.039079 0.418198
v -0.181813 -0.032615 0.421313
v -0.177111 -0.039049 0.421146
v -0.196513 -0.063230 0.415081
v -0.196115 -0.061691 0.414390
v -0.192675 -0.061761 0.416438
v -0.190453 -0.064313 0.420419
v -0.198042 -0.064663 0.417741
v -0.197198 -0.064287 0.416273
v -0.195545 -0.064731 0.423916
v -0.197890 -0.064663 0.421227
v -0.200272 -0.065663 0.421407
v -0.209682 -0.064666 0.424958
v -0.204183 -0.031314 0.414397
v -0.203323 -0.031314 0.415278
v -0.206490 -0.030914 0.412505
v -0.207057 -0.030952 0.411946
v -0.219990 -0.031218 0.403851
v -0.221652 -0.031313 0.403172
v -0.224777 -0.030882 0.402618
v -0.218432 -0.049859 0.401733
v -0.225796 -0.053313 0.400663
v -0.225892 -0.049889 0.400442
v -0.210149 -0.024503 0.426161
v -0.209897 -0.024508 0.427085
v -0.179012 -0.021059 0.434705
v -0.178895 -0.020768 0.435227
v -0.178922 -0.021055 0.434703
v -0.178581 -0.008961 0.444861
v -0.178514 -0.009088 0.445229
v -0.178514 -0.009169 0.445000
v -0.184710 -0.015330 0.443875
v -0.190321 -0.008753 0.452317
v -0.194710 -0.023641 0.458646
v -0.192152 -0.023891 0.457692
v -0.205185 -0.023935 0.461261
v -0.206618 -0.024616 0.463623
v -0.206774 -0.026727 0.464171
v -0.208176 -0.025366 0.466595
v -0.207180 -0.027563 0.464774
v -0.211805 -0.030444 0.471748
v -0.213018 -0.030569 0.473143
v -0.207828 -0.024333 0.466216
v -0.208156 -0.024096 0.467189
v -0.206074 -0.027124 0.463897
v -0.190959 -0.024176 0.457055
v -0.188610 -0.024289 0.457480
v -0.182178 -0.025052 0.455897
v -0.182115 -0.025103 0.457400
v -0.182178 -0.024861 0.457400
v -0.185758 -0.026211 0.452916
v -0.182263 -0.027824 0.452109
v -0.182349 -0.026494 0.453016
v -0.182588 -0.030878 0.451125
v -0.185640 -0.032529 0.451180
v -0.182588 -0.032446 0.451323
v -0.186114 -0.032658 0.450697
v -0.182146 -0.035507 0.453828
v -0.182114 -0.034962 0.453316
v -0.182146 -0.026709 0.461569
v -0.182115 -0.025877 0.460288
v -0.188610 -0.024620 0.455335
v -0.190089 -0.024589 0.455187
v -0.194632 -0.024926 0.460901
v -0.199747 -0.024369 0.460414
v -0.197162 -0.024280 0.459849
v -0.184739 -0.017506 0.456247
v -0.191118 -0.045820 0.483503
v -0.190864 -0.039176 0.482833
v -0.197777 -0.045821 0.487105
v -0.197643 -0.049688 0.486825
v -0.218575 -0.045821 0.496018
v -0.225797 -0.039216 0.496976
v -0.204371 -0.027809 0.484314
v -0.197604 -0.030327 0.484849
v -0.232947 -0.028745 0.496399
v -0.240314 -0.029056 0.496566
v -0.248170 -0.035921 0.497204
v -0.248367 -0.039220 0.497331
v -0.248207 -0.049264 0.497754
v -0.248459 -0.058021 0.495325
v -0.236452 -0.058454 0.494917
v -0.238396 -0.058454 0.494917
v -0.238396 -0.058271 0.495100
v -0.248243 -0.058554 0.487135
v -0.248118 -0.058521 0.489017
v -0.248338 -0.060317 0.496317
v -0.248469 -0.060448 0.491725
v -0.248440 -0.056117 0.497197
v -0.248459 -0.058679 0.494666
v -0.248368 -0.058588 0.492783
v -0.246174 -0.058487 0.494791
v -0.244229 -0.058521 0.494666
v -0.245952 -0.061634 0.484367
v -0.243477 -0.063468 0.484679
v -0.243426 -0.064019 0.485207
v -0.238645 -0.059020 0.484764
v -0.239197 -0.058770 0.484826
v -0.237280 -0.058770 0.484805
v -0.231554 -0.059020 0.484058
v -0.230490 -0.062720 0.483828
v -0.231554 -0.062720 0.484058
v -0.224391 -0.059020 0.481820
v -0.224741 -0.062720 0.481971
v -0.241133 -0.058770 0.484745
v -0.239200 -0.058587 0.485009
v -0.247117 -0.060389 0.484536
v -0.246282 -0.060720 0.484209
v -0.247782 -0.058520 0.485885
v -0.244229 -0.058271 0.495099
v -0.242285 -0.058146 0.495134
v -0.246407 -0.053195 0.497805
v -0.240409 -0.045822 0.497991
v -0.213504 -0.064572 0.476058
v -0.209629 -0.064669 0.472079
v -0.202015 -0.065794 0.476193
v -0.198443 -0.065721 0.475459
v -0.199502 -0.065941 0.475839
v -0.196669 -0.065801 0.473932
v -0.197153 -0.065668 0.474493
v -0.207064 -0.065905 0.473356
v -0.208094 -0.065868 0.472599
v -0.208200 -0.065768 0.467959
v -0.209400 -0.065818 0.469784
v -0.209343 -0.065341 0.471663
v -0.205173 -0.065168 0.475084
v -0.213763 -0.062719 0.474783
v -0.214237 -0.059019 0.475228
v -0.212993 -0.059019 0.474024
v -0.208884 -0.058078 0.467919
v -0.208721 -0.057751 0.466700
v -0.209058 -0.057844 0.465634
v -0.207831 -0.058360 0.462278
v -0.208793 -0.058310 0.464259
v -0.209382 -0.058236 0.470046
v -0.208711 -0.057114 0.469250
v -0.211455 -0.058769 0.472463
v -0.210064 -0.058586 0.471066
v -0.216970 -0.058520 0.478133
v -0.217119 -0.058587 0.477932
v -0.204432 -0.056818 0.462006
v -0.208532 -0.056978 0.466987
v -0.207199 -0.057879 0.460445
v -0.206407 -0.058284 0.455515
v -0.208327 -0.058340 0.454250
v -0.206968 -0.057862 0.454759
v -0.209031 -0.058694 0.454103
v -0.208391 -0.058484 0.452274
v -0.202229 -0.058291 0.452215
v -0.204315 -0.057083 0.454336
v -0.208510 -0.058529 0.445877
v -0.208717 -0.059017 0.451251
v -0.208614 -0.059017 0.448770
v -0.208826 -0.064115 0.454366
v -0.209035 -0.064093 0.454162
v -0.208897 -0.061387 0.454406
v -0.200291 -0.058917 0.458081
v -0.199648 -0.059417 0.459666
v -0.200111 -0.058609 0.460220
v -0.199720 -0.065949 0.458749
v -0.203782 -0.058734 0.462200
v -0.203615 -0.058917 0.463267
v -0.205887 -0.058731 0.468213
v -0.204623 -0.058418 0.468811
v -0.204630 -0.058552 0.469311
v -0.205394 -0.058552 0.469090
v -0.204587 -0.061270 0.469810
v -0.204603 -0.059815 0.469811
v -0.206300 -0.062593 0.468594
v -0.207033 -0.065905 0.466124
v -0.208520 -0.059418 0.468478
v -0.206035 -0.065904 0.464170
v -0.204019 -0.065879 0.462571
v -0.204041 -0.065858 0.463813
v -0.204291 -0.059417 0.462069
v -0.203831 -0.062592 0.462278
v -0.205131 -0.062063 0.462026
v -0.205132 -0.065807 0.462044
v -0.203932 -0.065917 0.469701
v -0.201563 -0.065818 0.466291
v -0.202036 -0.065905 0.467363
v -0.204564 -0.064710 0.469809
v -0.199647 -0.065767 0.459710
v -0.200973 -0.065967 0.456641
v -0.202149 -0.065673 0.455881
v -0.203246 -0.064401 0.455319
v -0.202459 -0.064333 0.455727
v -0.206101 -0.064400 0.454754
v -0.203536 -0.064467 0.454993
v -0.201871 -0.065591 0.450483
v -0.202018 -0.065466 0.452124
v -0.202202 -0.065591 0.453983
v -0.208239 -0.058550 0.448770
v -0.212688 -0.064478 0.488887
v -0.214299 -0.064414 0.487896
v -0.213959 -0.064670 0.486730
v -0.247101 -0.030445 0.483857
v -0.245914 -0.027818 0.483821
v -0.231791 -0.025982 0.484968
v -0.231943 -0.026245 0.489235
v -0.225409 -0.026434 0.488821
v -0.216945 -0.025571 0.478634
v -0.219960 -0.025873 0.479785
v -0.218323 -0.025688 0.479588
v -0.205609 -0.021855 0.464593
v -0.205514 -0.022168 0.465288
v -0.204820 -0.020779 0.462266
v -0.205043 -0.020853 0.462257
v -0.230193 -0.030833 0.494719
v -0.228674 -0.031074 0.495105
v -0.225879 -0.030821 0.494675
v -0.222063 -0.031113 0.494464
v -0.221751 -0.030888 0.494138
v -0.219968 -0.031143 0.493659
v -0.223212 -0.031143 0.494878
v -0.205329 -0.031190 0.484204
v -0.207713 -0.031202 0.486314
v -0.206282 -0.031320 0.485124
v -0.204661 -0.030954 0.483394
v -0.203991 -0.031058 0.482846
v -0.207537 -0.030910 0.485911
v -0.208810 -0.031321 0.487221
v -0.211422 -0.031321 0.489111
v -0.210128 -0.031321 0.488207
v -0.213796 -0.031283 0.490607
v -0.215710 -0.030891 0.491372
v -0.209447 -0.030912 0.487428
v -0.217221 -0.031282 0.492459
v -0.203368 -0.030929 0.482027
v -0.202964 -0.030951 0.481641
v -0.202543 -0.031188 0.481360
v -0.201688 -0.031268 0.480441
v -0.199521 -0.031162 0.477669
v -0.199013 -0.030882 0.476581
v -0.199430 -0.030914 0.477242
v -0.190129 -0.030879 0.464068
v -0.189549 -0.031040 0.464037
v -0.185989 -0.037364 0.457381
v -0.190452 -0.038569 0.456881
v -0.184363 -0.064464 0.442463
v -0.186731 -0.024954 0.453982
v -0.182263 -0.035682 0.443836
v -0.182348 -0.036880 0.441697
v -0.186024 -0.037421 0.440766
v -0.190114 -0.057355 0.444255
v -0.196172 -0.057667 0.444612
v -0.192799 -0.065767 0.458296
v -0.190201 -0.087530 0.448391
v -0.190184 -0.085511 0.448243
v -0.193093 -0.085381 0.448323
v -0.196008 -0.086174 0.426339
v -0.197004 -0.085205 0.425378
v -0.197814 -0.085284 0.423729
v -0.195155 -0.093471 0.428565
v -0.193586 -0.093380 0.431899
v -0.204623 -0.093505 0.433392
v -0.254294 -0.085233 0.404469
v -0.266404 -0.085311 0.425562
v -0.265213 -0.085238 0.424077
v -0.249352 -0.085622 0.414171
v -0.247619 -0.085205 0.413499
v -0.238095 -0.085222 0.401724
v -0.247298 -0.085310 0.402430
v -0.257925 -0.093483 0.418040
v -0.260161 -0.093255 0.419779
v -0.254309 -0.093392 0.404429
v -0.268153 -0.093291 0.412024
v -0.265831 -0.093399 0.410319
v -0.280143 -0.091823 0.425781
v -0.279994 -0.093113 0.425575
v -0.252551 -0.093505 0.403996
v -0.250891 -0.093342 0.403260
v -0.223623 -0.093483 0.403976
v -0.221837 -0.093318 0.404427
v -0.220205 -0.093505 0.405304
v -0.238095 -0.093399 0.401558
v -0.225206 -0.093471 0.414757
v -0.203833 -0.093255 0.415943
v -0.212364 -0.093505 0.422695
v -0.213838 -0.093483 0.421461
v -0.197775 -0.093380 0.423705
v -0.196149 -0.093238 0.426170
v -0.206413 -0.093505 0.430104
v -0.203650 -0.085418 0.416110
v -0.206260 -0.085205 0.414035
v -0.208169 -0.085472 0.412017
v -0.209081 -0.093505 0.411687
v -0.207818 -0.093301 0.412318
v -0.215577 -0.093492 0.420010
v -0.215972 -0.085332 0.419904
v -0.230749 -0.085310 0.402139
v -0.280086 -0.085887 0.426005
v -0.281911 -0.086260 0.429705
v -0.273232 -0.085205 0.436896
v -0.283860 -0.089935 0.441536
v -0.285661 -0.085393 0.442522
v -0.283292 -0.085205 0.448036
v -0.280666 -0.085310 0.448264
v -0.275295 -0.085680 0.448421
v -0.278039 -0.085477 0.448430
v -0.283292 -0.093399 0.448264
v -0.286080 -0.093307 0.448319
v -0.279559 -0.090586 0.441536
v -0.278947 -0.089355 0.441536
v -0.283508 -0.089671 0.446736
v -0.283338 -0.088405 0.446736
v -0.281693 -0.089355 0.446736
v -0.278568 -0.085455 0.423577
v -0.190960 -0.093505 0.442523
v -0.195719 -0.093380 0.448252
v -0.201636 -0.093255 0.444237
v -0.198346 -0.093363 0.448224
v -0.200973 -0.093317 0.448269
v -0.201102 -0.093505 0.446095
v -0.202670 -0.085238 0.438748
v -0.202291 -0.085569 0.440587
v -0.192306 -0.085409 0.435293
v -0.197329 -0.089689 0.441420
v -0.194692 -0.089354 0.441536
v -0.194359 -0.091909 0.441482
v -0.208213 -0.085477 0.427854
v -0.198982 -0.085205 0.422286
v -0.286804 -0.123199 0.448587
v -0.286809 -0.120192 0.452540
v -0.286805 -0.120192 0.448391
v -0.284310 -0.120192 0.452596
v -0.284309 -0.120192 0.455655
v -0.284311 -0.123192 0.454374
v -0.209875 -0.148551 0.458048
v -0.207398 -0.147629 0.460666
v -0.208124 -0.149683 0.459899
v -0.202121 -0.120192 0.484592
v -0.200856 -0.120192 0.479483
v -0.203960 -0.120192 0.482895
v -0.239436 -0.120192 0.499488
v -0.239370 -0.120192 0.496989
v -0.271474 -0.120192 0.483560
v -0.275841 -0.120192 0.482637
v -0.273010 -0.120192 0.485551
v -0.278638 -0.146188 0.431562
v -0.280001 -0.149569 0.431561
v -0.277952 -0.148127 0.431562
v -0.276000 -0.150147 0.431563
v -0.277676 -0.152020 0.431562
v -0.284306 -0.120192 0.444558
v -0.284293 -0.120192 0.439776
v -0.286806 -0.120192 0.444265
v -0.273962 -0.120192 0.480988
v -0.231202 -0.120192 0.499040
v -0.231554 -0.120192 0.496565
v -0.196877 -0.125100 0.471784
v -0.194624 -0.125192 0.474164
v -0.195043 -0.126180 0.473721
v -0.218574 -0.154107 0.448856
v -0.215626 -0.153141 0.451971
v -0.215649 -0.155784 0.451947
v -0.274517 -0.085310 0.456694
v -0.285656 -0.085392 0.456583
v -0.284746 -0.085204 0.460158
v -0.259586 -0.093471 0.492366
v -0.262862 -0.093379 0.490673
v -0.259495 -0.093379 0.479829
v -0.252560 -0.085467 0.495422
v -0.249797 -0.085226 0.495932
v -0.222110 -0.085217 0.494549
v -0.208864 -0.085788 0.471957
v -0.209981 -0.085310 0.473510
v -0.221833 -0.085518 0.482738
v -0.223542 -0.085237 0.483648
v -0.240067 -0.085329 0.486522
v -0.241971 -0.085596 0.486297
v -0.215434 -0.093379 0.478751
v -0.213954 -0.093398 0.477521
v -0.222110 -0.093491 0.494549
v -0.223809 -0.093482 0.495156
v -0.225523 -0.093471 0.495704
v -0.207669 -0.093379 0.470507
v -0.206454 -0.093504 0.469035
v -0.205015 -0.085204 0.483878
v -0.202418 -0.085226 0.481287
v -0.199934 -0.085454 0.478524
v -0.192591 -0.093504 0.463698
v -0.193175 -0.093504 0.465456
v -0.194109 -0.093391 0.468251
v -0.195719 -0.093004 0.450536
v -0.200973 -0.089354 0.450536
v -0.195719 -0.085579 0.450569
v -0.203231 -0.093482 0.462148
v -0.202554 -0.093504 0.460374
v -0.192131 -0.090040 0.457536
v -0.192315 -0.087982 0.457536
v -0.194693 -0.089354 0.457536
v -0.195719 -0.093504 0.451036
v -0.193093 -0.093504 0.451036
v -0.190741 -0.093379 0.456547
v -0.191140 -0.085237 0.458374
v -0.201397 -0.085226 0.454777
v -0.201960 -0.085537 0.456609
v -0.195964 -0.093379 0.472286
v -0.197061 -0.093504 0.473791
v -0.197923 -0.093471 0.475428
v -0.238290 -0.093504 0.497286
v -0.240106 -0.093482 0.497331
v -0.241945 -0.093379 0.497356
v -0.252677 -0.085818 0.483474
v -0.254628 -0.085346 0.482755
v -0.238291 -0.085310 0.497514
v -0.259368 -0.085788 0.479775
v -0.267355 -0.085226 0.487452
v -0.262868 -0.085310 0.490682
v -0.272762 -0.093504 0.482475
v -0.265362 -0.093504 0.475019
v -0.264073 -0.093362 0.476062
v -0.278295 -0.093315 0.475900
v -0.279597 -0.093254 0.473820
v -0.280458 -0.093315 0.472287
v -0.282968 -0.087146 0.457536
v -0.283779 -0.087694 0.457643
v -0.281693 -0.089354 0.457536
v -0.279181 -0.090021 0.457574
v -0.279629 -0.087768 0.457623
v -0.285425 -0.093504 0.456549
v -0.280666 -0.093504 0.451036
v -0.275057 -0.093504 0.454880
v -0.275412 -0.089354 0.450536
v -0.275290 -0.092253 0.450568
v -0.278039 -0.093232 0.450642
v -0.283292 -0.085204 0.451036
v -0.286144 -0.085360 0.451603
v -0.285658 -0.085204 0.454739
v -0.267796 -0.085204 0.472146
v -0.268653 -0.085704 0.470240
v -0.276442 -0.085454 0.478537
v -0.280666 -0.085204 0.451036
v -0.195719 -0.085363 0.448377
v -0.201308 -0.089355 0.448385
v -0.201368 -0.085812 0.448280
v -0.201399 -0.092253 0.448298
v -0.201402 -0.093005 0.448292
v -0.202250 -0.093005 0.441894
v -0.202431 -0.093233 0.440623
v -0.202364 -0.092253 0.441358
v -0.204467 -0.086456 0.434937
v -0.205076 -0.086456 0.433604
v -0.204467 -0.092253 0.434937
v -0.206733 -0.085488 0.430299
v -0.205689 -0.085394 0.431857
v -0.208589 -0.085205 0.426926
v -0.207710 -0.086456 0.429009
v -0.210120 -0.085580 0.425767
v -0.212323 -0.085956 0.423391
v -0.214014 -0.085466 0.421664
v -0.202122 -0.085363 0.417729
v -0.200310 -0.085705 0.419664
v -0.200155 -0.093301 0.420193
v -0.197430 -0.090135 0.423765
v -0.196787 -0.091376 0.424851
v -0.195974 -0.092012 0.426212
v -0.194969 -0.092385 0.428094
v -0.194384 -0.092247 0.429637
v -0.194838 -0.093088 0.428411
v -0.194261 -0.093438 0.430196
v -0.203373 -0.093438 0.437022
v -0.203598 -0.093471 0.436098
v -0.205073 -0.093005 0.433609
v -0.205076 -0.092253 0.433604
v -0.208211 -0.093278 0.428085
v -0.211643 -0.093292 0.423882
v -0.218604 -0.093088 0.418415
v -0.217143 -0.093005 0.419412
v -0.217143 -0.092253 0.419412
v -0.220241 -0.086081 0.417469
v -0.221785 -0.085394 0.416373
v -0.225337 -0.093005 0.415108
v -0.223640 -0.093316 0.415519
v -0.224021 -0.092253 0.415628
v -0.227118 -0.092253 0.414494
v -0.231547 -0.092253 0.413392
v -0.227677 -0.093233 0.414224
v -0.239376 -0.092253 0.412805
v -0.234449 -0.092253 0.412977
v -0.234439 -0.086081 0.412978
v -0.247151 -0.092253 0.413895
v -0.241936 -0.092253 0.412977
v -0.241936 -0.086456 0.412977
v -0.250969 -0.085705 0.415078
v -0.252695 -0.085705 0.415769
v -0.245697 -0.085455 0.413492
v -0.243833 -0.085455 0.413154
v -0.243861 -0.085272 0.412973
v -0.256108 -0.085426 0.404888
v -0.269543 -0.085538 0.430276
v -0.270477 -0.085580 0.431908
v -0.272762 -0.085705 0.437066
v -0.273592 -0.085394 0.438771
v -0.273991 -0.085769 0.440532
v -0.274295 -0.085580 0.442489
v -0.274575 -0.085705 0.444354
v -0.274792 -0.085705 0.446210
v -0.274946 -0.086081 0.448171
v -0.275172 -0.092253 0.448466
v -0.275168 -0.089355 0.448472
v -0.275212 -0.093269 0.448256
v -0.274971 -0.093130 0.448153
v -0.274575 -0.093005 0.444354
v -0.274295 -0.093130 0.442489
v -0.273851 -0.092253 0.440645
v -0.273454 -0.093233 0.438813
v -0.272997 -0.093438 0.436981
v -0.272794 -0.093130 0.437055
v -0.270587 -0.093346 0.431848
v -0.269718 -0.093438 0.430168
v -0.267470 -0.093233 0.427149
v -0.266449 -0.093233 0.425877
v -0.266713 -0.092253 0.426359
v -0.268270 -0.085333 0.428111
v -0.263734 -0.085364 0.422892
v -0.262417 -0.085272 0.421568
v -0.261139 -0.085705 0.420830
v -0.259988 -0.085382 0.419697
v -0.257925 -0.085227 0.418040
v -0.254466 -0.086081 0.416586
v -0.251099 -0.085238 0.414727
v -0.256242 -0.093255 0.417237
v -0.254517 -0.093005 0.416611
v -0.254517 -0.092253 0.416611
v -0.250992 -0.093255 0.415016
v -0.249253 -0.093130 0.414455
v -0.245702 -0.093242 0.413469
v -0.243861 -0.093438 0.412973
v -0.264989 -0.093255 0.424289
v -0.265122 -0.093438 0.424163
v -0.261139 -0.093005 0.420830
v -0.262275 -0.093130 0.421732
v -0.261139 -0.092253 0.420830
v -0.270023 -0.093346 0.413610
v -0.272192 -0.093438 0.415666
v -0.271671 -0.093255 0.414883
v -0.268042 -0.085363 0.411958
v -0.272824 -0.085310 0.416332
v -0.271694 -0.085580 0.414859
v -0.274200 -0.093233 0.417578
v -0.275405 -0.093005 0.418824
v -0.275321 -0.085705 0.418722
v -0.276551 -0.093221 0.420474
v -0.278823 -0.089639 0.423537
v -0.277612 -0.093346 0.421988
v -0.281380 -0.093346 0.428378
v -0.279495 -0.091278 0.424643
v -0.279171 -0.090784 0.424121
v -0.278845 -0.088700 0.423551
v -0.279311 -0.087712 0.424332
v -0.277742 -0.085705 0.421897
v -0.276115 -0.085332 0.420024
v -0.262168 -0.085394 0.407961
v -0.264354 -0.085488 0.409143
v -0.259599 -0.085705 0.406295
v -0.261677 -0.093294 0.407587
v -0.260984 -0.093505 0.407576
v -0.257815 -0.093346 0.405630
v -0.259569 -0.093255 0.406355
v -0.256115 -0.093233 0.404852
v -0.249140 -0.093346 0.402707
v -0.249161 -0.085455 0.402618
v -0.252588 -0.085238 0.403877
v -0.243659 -0.085363 0.401756
v -0.245473 -0.085455 0.401906
v -0.239959 -0.085205 0.401819
v -0.236262 -0.085705 0.401325
v -0.234418 -0.085705 0.401434
v -0.236265 -0.093149 0.401408
v -0.232573 -0.085455 0.401682
v -0.223544 -0.085363 0.403730
v -0.221832 -0.085271 0.404411
v -0.220025 -0.093088 0.404862
v -0.220202 -0.093255 0.417414
v -0.221674 -0.093505 0.416149
v -0.234421 -0.093149 0.412896
v -0.236320 -0.093316 0.412584
v -0.240090 -0.093346 0.412677
v -0.238219 -0.093438 0.412536
v -0.243833 -0.093255 0.413154
v -0.232587 -0.093130 0.413182
v -0.204579 -0.093005 0.414921
v -0.208589 -0.093505 0.426926
v -0.198599 -0.093130 0.422020
v -0.202028 -0.093130 0.417646
v -0.210402 -0.085472 0.410211
v -0.215118 -0.085310 0.407472
v -0.213394 -0.085580 0.408185
v -0.211843 -0.085455 0.409197
v -0.212011 -0.093471 0.409454
v -0.210566 -0.093505 0.410590
v -0.215019 -0.093255 0.407292
v -0.214182 -0.093005 0.407695
v -0.220017 -0.085705 0.404841
v -0.218310 -0.085705 0.405573
v -0.216744 -0.085271 0.406595
v -0.218376 -0.093346 0.405718
v -0.206092 -0.093438 0.413849
v -0.217014 -0.085455 0.419420
v -0.223499 -0.085272 0.415579
v -0.228162 -0.085482 0.414076
v -0.232587 -0.085580 0.413182
v -0.238219 -0.085455 0.412719
v -0.236324 -0.085364 0.412675
v -0.239611 -0.085955 0.412815
v -0.226951 -0.085205 0.414023
v -0.201195 -0.093505 0.419350
v -0.209955 -0.093438 0.425628
v -0.241835 -0.093255 0.401491
v -0.243664 -0.093233 0.401704
v -0.240208 -0.093088 0.401352
v -0.245427 -0.093471 0.402211
v -0.230746 -0.093438 0.402117
v -0.232583 -0.093346 0.401773
v -0.234418 -0.093005 0.401434
v -0.228044 -0.093409 0.402647
v -0.225294 -0.093130 0.403077
v -0.227101 -0.085455 0.402647
v -0.225294 -0.085580 0.403077
v -0.264354 -0.093221 0.409143
v -0.265988 -0.085705 0.410097
v -0.281353 -0.086220 0.428248
v -0.282841 -0.086306 0.431472
v -0.283236 -0.086108 0.432244
v -0.284757 -0.085580 0.437026
v -0.283857 -0.086030 0.435334
v -0.283741 -0.087306 0.434148
v -0.284333 -0.088145 0.436144
v -0.280267 -0.086886 0.429524
v -0.280294 -0.086931 0.435530
v -0.281693 -0.086556 0.435530
v -0.284620 -0.089514 0.437150
v -0.284725 -0.093255 0.437035
v -0.285204 -0.093130 0.438827
v -0.285368 -0.093438 0.440675
v -0.285768 -0.093346 0.442507
v -0.286162 -0.085705 0.444336
v -0.285245 -0.085238 0.440698
v -0.286077 -0.085271 0.446200
v -0.286128 -0.085498 0.448341
v -0.280666 -0.093130 0.448503
v -0.278039 -0.093005 0.448536
v -0.286281 -0.093172 0.446186
v -0.286095 -0.093255 0.444343
v -0.286150 -0.089355 0.448426
v -0.286265 -0.091180 0.448371
v -0.286046 -0.087530 0.448501
v -0.274004 -0.093346 0.440603
v -0.283328 -0.093471 0.433574
v -0.282882 -0.093346 0.431770
v -0.283219 -0.093005 0.432201
v -0.283222 -0.091890 0.432550
v -0.283861 -0.091438 0.434225
v -0.282232 -0.092204 0.430077
v -0.282837 -0.092028 0.431600
v -0.281705 -0.092290 0.428781
v -0.280320 -0.091732 0.441536
v -0.280293 -0.091778 0.435530
v -0.283065 -0.091732 0.441536
v -0.281693 -0.092100 0.441536
v -0.283853 -0.091333 0.435309
v -0.278894 -0.089355 0.435530
v -0.278842 -0.089355 0.429524
v -0.279269 -0.090753 0.435530
v -0.279761 -0.087203 0.425167
v -0.280919 -0.086494 0.427153
v -0.284306 -0.090576 0.436061
v -0.284272 -0.093005 0.435226
v -0.283651 -0.085580 0.433461
v -0.274092 -0.085271 0.417674
v -0.247151 -0.093005 0.413895
v -0.267783 -0.085205 0.426909
v -0.202964 -0.093255 0.438838
v -0.191486 -0.093301 0.437926
v -0.191728 -0.093005 0.436555
v -0.193473 -0.091994 0.431787
v -0.197355 -0.090068 0.429455
v -0.196061 -0.091579 0.441431
v -0.193292 -0.091781 0.435396
v -0.192606 -0.091439 0.434182
v -0.192912 -0.091790 0.432990
v -0.193039 -0.091701 0.433015
v -0.192000 -0.090474 0.436359
v -0.191738 -0.089358 0.437256
v -0.192068 -0.088247 0.436244
v -0.192599 -0.087290 0.434159
v -0.192609 -0.087606 0.441371
v -0.194191 -0.086725 0.441412
v -0.193419 -0.086646 0.431991
v -0.192724 -0.086560 0.433440
v -0.190778 -0.085705 0.440597
v -0.191403 -0.085477 0.438227
v -0.189986 -0.089355 0.448126
v -0.189986 -0.091180 0.448126
v -0.190187 -0.093221 0.446145
v -0.190387 -0.093346 0.444296
v -0.190180 -0.093161 0.448262
v -0.193093 -0.093130 0.448503
v -0.190793 -0.093088 0.440639
v -0.190263 -0.085580 0.444283
v -0.190466 -0.085705 0.442450
v -0.201512 -0.085282 0.444219
v -0.201227 -0.085238 0.446107
v -0.201967 -0.085644 0.442025
v -0.194185 -0.086291 0.430052
v -0.192998 -0.086798 0.432666
v -0.194755 -0.086447 0.428779
v -0.195110 -0.086020 0.428015
v -0.196910 -0.087493 0.424692
v -0.196563 -0.087157 0.425317
v -0.197431 -0.088428 0.423770
v -0.197272 -0.088500 0.441388
v -0.197119 -0.087954 0.435396
v -0.195704 -0.086893 0.441474
v -0.196017 -0.087060 0.441510
v -0.193393 -0.087103 0.441523
v -0.192215 -0.090088 0.441502
v -0.191847 -0.088692 0.437023
v -0.192757 -0.091289 0.441388
v -0.196987 -0.090679 0.441510
v -0.200973 -0.086081 0.448536
v -0.192837 -0.093346 0.433549
v -0.227013 -0.130678 0.497453
v -0.226548 -0.127329 0.497805
v -0.229631 -0.127378 0.498361
v -0.218309 -0.143965 0.476648
v -0.219166 -0.145411 0.476785
v -0.218044 -0.145412 0.475999
v -0.255874 -0.145400 0.478915
v -0.255759 -0.148008 0.478497
v -0.251716 -0.148087 0.479957
v -0.215385 -0.152096 0.468739
v -0.212382 -0.151361 0.465823
v -0.211797 -0.148801 0.468319
v -0.220053 -0.136628 0.491960
v -0.224355 -0.138761 0.490131
v -0.220745 -0.138709 0.488942
v -0.199457 -0.130474 0.472634
v -0.204279 -0.134056 0.477665
v -0.202255 -0.132847 0.471082
v -0.214330 -0.123951 0.493594
v -0.211851 -0.120192 0.492217
v -0.215472 -0.120192 0.494203
v -0.196790 -0.123216 0.478295
v -0.196788 -0.120226 0.478296
v -0.197140 -0.120192 0.478780
v -0.201609 -0.131085 0.479461
v -0.207259 -0.134676 0.483753
v -0.199640 -0.127365 0.480798
v -0.203931 -0.126798 0.485983
v -0.205157 -0.131015 0.485313
v -0.216469 -0.136921 0.490008
v -0.219103 -0.141988 0.480124
v -0.219568 -0.143601 0.477838
v -0.216525 -0.142312 0.477385
v -0.205039 -0.135292 0.469479
v -0.207214 -0.136721 0.475701
v -0.210166 -0.139311 0.473733
v -0.209781 -0.150465 0.462525
v -0.239550 -0.157172 0.465557
v -0.233672 -0.157037 0.465368
v -0.237998 -0.155903 0.471007
v -0.263440 -0.145398 0.474239
v -0.263224 -0.147720 0.473974
v -0.279577 -0.146202 0.443614
v -0.278279 -0.146429 0.449551
v -0.286795 -0.120192 0.440129
v -0.286794 -0.123204 0.440129
v -0.286803 -0.123202 0.442773
v -0.278364 -0.123203 0.479592
v -0.278512 -0.120192 0.479400
v -0.246213 -0.140890 0.487456
v -0.252046 -0.142805 0.482635
v -0.245376 -0.142642 0.484235
v -0.276557 -0.143405 0.459472
v -0.275710 -0.144591 0.458712
v -0.272387 -0.144553 0.464697
v -0.285041 -0.133522 0.452559
v -0.284081 -0.136266 0.452005
v -0.284747 -0.133865 0.455812
v -0.273322 -0.127890 0.483628
v -0.272652 -0.127879 0.484310
v -0.272747 -0.126007 0.484986
v -0.280200 -0.137210 0.466489
v -0.280081 -0.139594 0.461749
v -0.276746 -0.139571 0.468596
v -0.275793 -0.131268 0.479344
v -0.278275 -0.131297 0.475959
v -0.275087 -0.134394 0.478091
v -0.281490 -0.134424 0.467626
v -0.283034 -0.134422 0.463863
v -0.265632 -0.141305 0.478277
v -0.264071 -0.143106 0.476097
v -0.258379 -0.142958 0.479973
v -0.269571 -0.134300 0.484141
v -0.268594 -0.137081 0.482444
v -0.265569 -0.137044 0.485023
v -0.277955 -0.126057 0.479101
v -0.277727 -0.127943 0.478438
v -0.276160 -0.127927 0.480444
v -0.286355 -0.126228 0.457478
v -0.285904 -0.127846 0.461272
v -0.285214 -0.131194 0.460454
v -0.285487 -0.131038 0.456428
v -0.280339 -0.141480 0.453714
v -0.281650 -0.139865 0.454248
v -0.282123 -0.139794 0.451191
v -0.278711 -0.143349 0.453018
v -0.278002 -0.144315 0.452617
v -0.272314 -0.145003 0.464407
v -0.270325 -0.144988 0.467149
v -0.257728 -0.144585 0.478321
v -0.257924 -0.145399 0.477943
v -0.251498 -0.144189 0.480970
v -0.259945 -0.125865 0.494013
v -0.259793 -0.127734 0.493571
v -0.247618 -0.127624 0.497809
v -0.245239 -0.127598 0.498253
v -0.244984 -0.125715 0.498665
v -0.231196 -0.123218 0.499039
v -0.229018 -0.123219 0.498694
v -0.239435 -0.123216 0.499488
v -0.236853 -0.123217 0.499492
v -0.259404 -0.123210 0.494798
v -0.259405 -0.120192 0.494799
v -0.263027 -0.120192 0.492938
v -0.255777 -0.127702 0.495361
v -0.243795 -0.130932 0.497777
v -0.243908 -0.134151 0.496380
v -0.239796 -0.134108 0.496860
v -0.253186 -0.141034 0.485531
v -0.259757 -0.141167 0.482505
v -0.251471 -0.136980 0.492323
v -0.255214 -0.136999 0.490950
v -0.254297 -0.139220 0.488377
v -0.266873 -0.131121 0.488167
v -0.266452 -0.134263 0.486806
v -0.263084 -0.134245 0.489181
v -0.266584 -0.123207 0.490729
v -0.266585 -0.120192 0.490730
v -0.269842 -0.120192 0.488320
v -0.282206 -0.126065 0.472493
v -0.285400 -0.126054 0.465313
v -0.285842 -0.123198 0.465867
v -0.286189 -0.123198 0.464849
v -0.286809 -0.123196 0.452512
v -0.286548 -0.126568 0.448598
v -0.286018 -0.129833 0.448550
v -0.286617 -0.126393 0.442679
v -0.285108 -0.133126 0.442437
v -0.285650 -0.129675 0.436441
v -0.284501 -0.132858 0.436349
v -0.256532 -0.157785 0.448713
v -0.257126 -0.157716 0.441016
v -0.249522 -0.158305 0.442023
v -0.259169 -0.157067 0.431570
v -0.259161 -0.157155 0.433020
v -0.264671 -0.156343 0.431810
v -0.225819 -0.157837 0.448759
v -0.233427 -0.158434 0.450041
v -0.234128 -0.158312 0.442454
v -0.257433 -0.157347 0.433319
v -0.275225 -0.150066 0.454450
v -0.272690 -0.151515 0.457042
v -0.275783 -0.148347 0.455997
v -0.263977 -0.156601 0.446954
v -0.271531 -0.154926 0.436930
v -0.277630 -0.151997 0.433577
v -0.271590 -0.154844 0.431565
v -0.283842 -0.136338 0.442335
v -0.283235 -0.135874 0.436350
v -0.282085 -0.138739 0.436494
v -0.280584 -0.145395 0.437514
v -0.279907 -0.144238 0.442845
v -0.280658 -0.142450 0.442568
v -0.277125 -0.148668 0.451258
v -0.278094 -0.147045 0.449856
v -0.278529 -0.145406 0.448834
v -0.278889 -0.144386 0.448623
v -0.273423 -0.150078 0.458920
v -0.266899 -0.153446 0.461774
v -0.263722 -0.154145 0.463906
v -0.268002 -0.151734 0.464790
v -0.258157 -0.153274 0.471877
v -0.259251 -0.150051 0.475455
v -0.262851 -0.149760 0.473013
v -0.262975 -0.154954 0.461599
v -0.261882 -0.155196 0.462008
v -0.248153 -0.158035 0.457479
v -0.247982 -0.156950 0.465066
v -0.240521 -0.158241 0.457937
v -0.226430 -0.156654 0.463667
v -0.232876 -0.158064 0.457610
v -0.225359 -0.157502 0.456070
v -0.218413 -0.155635 0.460103
v -0.213487 -0.153984 0.459263
v -0.219585 -0.155536 0.462535
v -0.211545 -0.145396 0.469266
v -0.209872 -0.145394 0.466641
v -0.209931 -0.143426 0.466723
v -0.222771 -0.154942 0.468520
v -0.218802 -0.152691 0.471206
v -0.222519 -0.153143 0.473127
v -0.241862 -0.155927 0.470868
v -0.238557 -0.153945 0.476182
v -0.259610 -0.147889 0.476540
v -0.243175 -0.150514 0.480267
v -0.239086 -0.148155 0.481781
v -0.243347 -0.148158 0.481576
v -0.226252 -0.150209 0.478535
v -0.222029 -0.147856 0.478030
v -0.226170 -0.147983 0.479756
v -0.218107 -0.147679 0.475649
v -0.231881 -0.144575 0.481791
v -0.232105 -0.145405 0.481680
v -0.230452 -0.145406 0.481368
v -0.218191 -0.140268 0.483908
v -0.224804 -0.140410 0.486600
v -0.219412 -0.133832 0.494122
v -0.223365 -0.133880 0.495367
v -0.223868 -0.136671 0.493167
v -0.222894 -0.130609 0.496493
v -0.223136 -0.123221 0.497264
v -0.222211 -0.127259 0.496675
v -0.208923 -0.125841 0.490269
v -0.214686 -0.127156 0.493651
v -0.277199 -0.145702 0.442949
v -0.277704 -0.145853 0.440087
v -0.265811 -0.134729 0.483133
v -0.271954 -0.131215 0.479799
v -0.266550 -0.131133 0.485044
v -0.216637 -0.120192 0.491990
v -0.215433 -0.123192 0.491373
v -0.219857 -0.123192 0.493442
v -0.266754 -0.125193 0.487014
v -0.266027 -0.123192 0.488063
v -0.279241 -0.136052 0.431562
v -0.280685 -0.131582 0.431561
v -0.282410 -0.132302 0.438965
v -0.283959 -0.123192 0.463564
v -0.283847 -0.120192 0.463942
v -0.280927 -0.123192 0.470891
v -0.277620 -0.123192 0.476377
v -0.277427 -0.125231 0.475805
v -0.272533 -0.125214 0.481839
v -0.271474 -0.123192 0.483560
v -0.253241 -0.127146 0.493701
v -0.260225 -0.125182 0.491173
v -0.253111 -0.125174 0.494226
v -0.235276 -0.120192 0.496926
v -0.235276 -0.123192 0.496926
v -0.237639 -0.123192 0.497005
v -0.209450 -0.123192 0.487613
v -0.212783 -0.123192 0.489857
v -0.209927 -0.120192 0.487959
v -0.199847 -0.123192 0.478220
v -0.198888 -0.120192 0.476933
v -0.196457 -0.122692 0.473201
v -0.201326 -0.128679 0.467082
v -0.203979 -0.130669 0.464278
v -0.204905 -0.131783 0.468608
v -0.260907 -0.142027 0.475164
v -0.267345 -0.139937 0.473346
v -0.262590 -0.139749 0.477859
v -0.273435 -0.145977 0.456903
v -0.271348 -0.147646 0.459983
v -0.273335 -0.147064 0.456460
v -0.214098 -0.151768 0.457623
v -0.210721 -0.149732 0.457154
v -0.211889 -0.150862 0.455920
v -0.253881 -0.154008 0.463629
v -0.254488 -0.154955 0.457035
v -0.277156 -0.148097 0.439348
v -0.277841 -0.146942 0.438034
v -0.276845 -0.146933 0.443868
v -0.241026 -0.156078 0.445055
v -0.247886 -0.155925 0.451328
v -0.240427 -0.156090 0.451772
v -0.263474 -0.153982 0.431569
v -0.270211 -0.152636 0.431566
v -0.270211 -0.152679 0.433092
v -0.241616 -0.155769 0.438332
v -0.248498 -0.155921 0.444579
v -0.273310 -0.151594 0.431564
v -0.275782 -0.150145 0.435815
v -0.276096 -0.148016 0.445275
v -0.275484 -0.146905 0.449759
v -0.262482 -0.154268 0.448613
v -0.268284 -0.152241 0.452344
v -0.261579 -0.153861 0.455224
v -0.219783 -0.153348 0.460340
v -0.223768 -0.153931 0.462110
v -0.218759 -0.153195 0.459523
v -0.225306 -0.154931 0.456472
v -0.219134 -0.143741 0.473976
v -0.218102 -0.141763 0.474562
v -0.214465 -0.142327 0.469527
v -0.219053 -0.149003 0.471941
v -0.215897 -0.148641 0.469154
v -0.219268 -0.151130 0.468519
v -0.226293 -0.147635 0.477099
v -0.226284 -0.149502 0.475713
v -0.230159 -0.149661 0.476812
v -0.264889 -0.143620 0.470065
v -0.260380 -0.143525 0.474061
v -0.263839 -0.145392 0.470494
v -0.237703 -0.143081 0.480348
v -0.237718 -0.141350 0.481936
v -0.231621 -0.141201 0.481394
v -0.269182 -0.146856 0.464044
v -0.271694 -0.145790 0.460436
v -0.249966 -0.147761 0.477800
v -0.257318 -0.147593 0.474920
v -0.255281 -0.145392 0.476440
v -0.238211 -0.147814 0.479215
v -0.238114 -0.145392 0.479733
v -0.225720 -0.141067 0.479897
v -0.220258 -0.140975 0.477305
v -0.220803 -0.142824 0.475667
v -0.210835 -0.145392 0.463121
v -0.211219 -0.145392 0.463892
v -0.211258 -0.141675 0.464230
v -0.211151 -0.149135 0.460208
v -0.222538 -0.149285 0.474107
v -0.222647 -0.151558 0.470365
v -0.226257 -0.151889 0.471733
v -0.229983 -0.152133 0.472670
v -0.233764 -0.152301 0.473227
v -0.247994 -0.153812 0.467734
v -0.247388 -0.154525 0.464642
v -0.261440 -0.152639 0.462101
v -0.266879 -0.151440 0.458732
v -0.272610 -0.149188 0.454095
v -0.267606 -0.151101 0.458742
v -0.271449 -0.140107 0.468241
v -0.274801 -0.140257 0.462637
v -0.276894 -0.137986 0.464253
v -0.255640 -0.141857 0.478266
v -0.243848 -0.141512 0.481587
v -0.238110 -0.139011 0.486070
v -0.217768 -0.136395 0.486452
v -0.215777 -0.136626 0.484591
v -0.212569 -0.138736 0.470946
v -0.200856 -0.123192 0.479483
v -0.200142 -0.125069 0.478287
v -0.200970 -0.127013 0.478073
v -0.210003 -0.126645 0.487909
v -0.212299 -0.136700 0.478996
v -0.209465 -0.134218 0.481041
v -0.206767 -0.133210 0.474999
v -0.223973 -0.134179 0.492140
v -0.216796 -0.133864 0.489729
v -0.238554 -0.136973 0.490207
v -0.246101 -0.134485 0.492616
v -0.238779 -0.134391 0.493623
v -0.272345 -0.127219 0.481160
v -0.266698 -0.127179 0.486364
v -0.269310 -0.137713 0.475732
v -0.273510 -0.137863 0.470251
v -0.275315 -0.134967 0.472198
v -0.283451 -0.127272 0.461238
v -0.283714 -0.127238 0.453584
v -0.284309 -0.123192 0.455655
v -0.283874 -0.127913 0.446648
v -0.282819 -0.132636 0.446574
v -0.278459 -0.145392 0.434223
v -0.278763 -0.140856 0.431562
v -0.277110 -0.146264 0.443229
v -0.276550 -0.145626 0.446187
v -0.278007 -0.143592 0.438944
v -0.278638 -0.141172 0.438909
v -0.278323 -0.141195 0.446403
v -0.276985 -0.143372 0.446374
v -0.276615 -0.142994 0.449311
v -0.276189 -0.143950 0.449042
v -0.275944 -0.145826 0.448827
v -0.196365 -0.124167 0.472470
v -0.194544 -0.124896 0.474262
v -0.285955 -0.123209 0.431969
v -0.283386 -0.122692 0.432230
v -0.283290 -0.123192 0.431977
v -0.286104 -0.085636 0.450602
v -0.278039 -0.085271 0.450786
v -0.280666 -0.085271 0.450786
v -0.274810 -0.085271 0.454844
v -0.274076 -0.085847 0.458293
v -0.273851 -0.092253 0.458427
v -0.273596 -0.085271 0.460288
v -0.272054 -0.085810 0.464028
v -0.273130 -0.085237 0.462093
v -0.271311 -0.085955 0.465466
v -0.270535 -0.093254 0.467128
v -0.271407 -0.093232 0.465510
v -0.267497 -0.093221 0.471919
v -0.268519 -0.093004 0.470293
v -0.268675 -0.092253 0.470063
v -0.266033 -0.093398 0.473925
v -0.264998 -0.093004 0.474677
v -0.260895 -0.093237 0.478557
v -0.262460 -0.093379 0.477511
v -0.259242 -0.092253 0.479660
v -0.262435 -0.085644 0.477488
v -0.257787 -0.085579 0.480666
v -0.252364 -0.092253 0.483444
v -0.256139 -0.092253 0.481606
v -0.261267 -0.093399 0.491601
v -0.258509 -0.093004 0.493297
v -0.258406 -0.085454 0.493070
v -0.256356 -0.093129 0.494201
v -0.254595 -0.093315 0.494777
v -0.252869 -0.093254 0.495430
v -0.247439 -0.085300 0.496620
v -0.245601 -0.085204 0.496708
v -0.241955 -0.085363 0.497480
v -0.240120 -0.085454 0.497681
v -0.236410 -0.085454 0.497686
v -0.234561 -0.093300 0.497444
v -0.236065 -0.093221 0.497613
v -0.229056 -0.085476 0.496806
v -0.230912 -0.085454 0.497166
v -0.220277 -0.085425 0.494184
v -0.205209 -0.085767 0.465815
v -0.204209 -0.085476 0.463799
v -0.205166 -0.093087 0.465702
v -0.205400 -0.092253 0.466126
v -0.208973 -0.093129 0.471880
v -0.206379 -0.085579 0.467978
v -0.207875 -0.085579 0.470365
v -0.211368 -0.085476 0.474810
v -0.212761 -0.085704 0.476066
v -0.217633 -0.085621 0.480011
v -0.220137 -0.085644 0.481831
v -0.221868 -0.092253 0.482461
v -0.227118 -0.092253 0.484578
v -0.220143 -0.093315 0.481835
v -0.221809 -0.093254 0.482710
v -0.215423 -0.085727 0.478516
v -0.215247 -0.092253 0.478242
v -0.210138 -0.093254 0.473377
v -0.211421 -0.093129 0.474761
v -0.220264 -0.093221 0.494197
v -0.218519 -0.085579 0.493557
v -0.216048 -0.093346 0.492216
v -0.213588 -0.093254 0.490963
v -0.210002 -0.085415 0.488479
v -0.211963 -0.093004 0.490034
v -0.210397 -0.093004 0.488976
v -0.207564 -0.093346 0.486614
v -0.206217 -0.093129 0.485624
v -0.204778 -0.093346 0.484123
v -0.203561 -0.093399 0.482741
v -0.206296 -0.085237 0.485239
v -0.204842 -0.085271 0.484057
v -0.201088 -0.085271 0.479987
v -0.197501 -0.089956 0.475435
v -0.200895 -0.085704 0.480145
v -0.202225 -0.093346 0.481459
v -0.200946 -0.093254 0.480103
v -0.201064 -0.093004 0.480351
v -0.199861 -0.093346 0.478579
v -0.198698 -0.093254 0.477137
v -0.196722 -0.093232 0.473991
v -0.193643 -0.092137 0.467857
v -0.194560 -0.092242 0.469831
v -0.197304 -0.090054 0.463542
v -0.197543 -0.089354 0.469549
v -0.195650 -0.086528 0.472184
v -0.196325 -0.086937 0.473456
v -0.196813 -0.087340 0.474302
v -0.197045 -0.087653 0.474660
v -0.197407 -0.088310 0.475297
v -0.196492 -0.091639 0.473731
v -0.195734 -0.092067 0.472357
v -0.197923 -0.085237 0.475428
v -0.197061 -0.085204 0.473791
v -0.193732 -0.086178 0.467933
v -0.192798 -0.086925 0.465848
v -0.192330 -0.087677 0.463841
v -0.191271 -0.085431 0.460225
v -0.190856 -0.085579 0.458699
v -0.190224 -0.093004 0.454736
v -0.190227 -0.093332 0.451959
v -0.189966 -0.089354 0.451052
v -0.190212 -0.087529 0.450606
v -0.190329 -0.085553 0.450657
v -0.198346 -0.085363 0.450694
v -0.201244 -0.086026 0.450654
v -0.201250 -0.085330 0.451963
v -0.202519 -0.085830 0.458434
v -0.201309 -0.093124 0.450740
v -0.201423 -0.092253 0.450819
v -0.200973 -0.093377 0.450725
v -0.198346 -0.093346 0.450694
v -0.201968 -0.093345 0.456607
v -0.201743 -0.093254 0.454728
v -0.190856 -0.093129 0.458699
v -0.191181 -0.093129 0.460245
v -0.191784 -0.089604 0.461997
v -0.191830 -0.088654 0.462271
v -0.193085 -0.087041 0.465776
v -0.193359 -0.086831 0.466784
v -0.193294 -0.086931 0.463542
v -0.196118 -0.086886 0.469549
v -0.194630 -0.086335 0.470072
v -0.192995 -0.087071 0.465816
v -0.194693 -0.092100 0.457536
v -0.196065 -0.091732 0.457536
v -0.193993 -0.091966 0.463542
v -0.192185 -0.090810 0.463323
v -0.192277 -0.091216 0.464201
v -0.192817 -0.091652 0.465634
v -0.193228 -0.091867 0.466650
v -0.191017 -0.093438 0.458397
v -0.190253 -0.093074 0.450636
v -0.193093 -0.093438 0.450786
v -0.190339 -0.089354 0.450571
v -0.190212 -0.091179 0.450606
v -0.189966 -0.091179 0.451052
v -0.202580 -0.093004 0.458607
v -0.202625 -0.092253 0.458782
v -0.204045 -0.093379 0.463868
v -0.204779 -0.093459 0.465621
v -0.201472 -0.092253 0.451016
v -0.201533 -0.093004 0.451939
v -0.201217 -0.089354 0.450600
v -0.203474 -0.085363 0.462060
v -0.191836 -0.085271 0.461990
v -0.193093 -0.085271 0.450786
v -0.193093 -0.085204 0.451036
v -0.190062 -0.085459 0.451662
v -0.200973 -0.085579 0.450569
v -0.194893 -0.093129 0.470749
v -0.208935 -0.085579 0.487862
v -0.213539 -0.085408 0.490774
v -0.215401 -0.085204 0.491496
v -0.225442 -0.085454 0.496001
v -0.223694 -0.085579 0.495521
v -0.230907 -0.093129 0.497199
v -0.229527 -0.093284 0.496851
v -0.243745 -0.093129 0.497432
v -0.249271 -0.093221 0.496368
v -0.247460 -0.093346 0.496726
v -0.243820 -0.085704 0.497457
v -0.245678 -0.085704 0.497202
v -0.227295 -0.085237 0.496154
v -0.213553 -0.085704 0.491021
v -0.207485 -0.085579 0.486710
v -0.218607 -0.093438 0.493359
v -0.217089 -0.093254 0.479704
v -0.216984 -0.093437 0.479854
v -0.225361 -0.093345 0.484143
v -0.227067 -0.093437 0.484824
v -0.228853 -0.093345 0.485243
v -0.230675 -0.093221 0.485637
v -0.234455 -0.093345 0.486255
v -0.236291 -0.093437 0.486487
v -0.238167 -0.093129 0.486320
v -0.240056 -0.093254 0.486306
v -0.241936 -0.092253 0.486095
v -0.237588 -0.085847 0.486464
v -0.247464 -0.093004 0.485097
v -0.249283 -0.093004 0.484573
v -0.249267 -0.092253 0.484578
v -0.252813 -0.093254 0.483326
v -0.254504 -0.093129 0.482505
v -0.257870 -0.093376 0.480798
v -0.256228 -0.093345 0.481738
v -0.258035 -0.093504 0.481061
v -0.245664 -0.093345 0.485680
v -0.243817 -0.093345 0.486013
v -0.241972 -0.093345 0.486251
v -0.245651 -0.085471 0.485619
v -0.247518 -0.085381 0.485304
v -0.236278 -0.085204 0.486737
v -0.234457 -0.085955 0.486129
v -0.232558 -0.085579 0.485885
v -0.228876 -0.085454 0.485155
v -0.230669 -0.085363 0.485669
v -0.225393 -0.085454 0.484057
v -0.227094 -0.085363 0.484737
v -0.237009 -0.092253 0.486267
v -0.229234 -0.092253 0.485178
v -0.232563 -0.093004 0.485852
v -0.212715 -0.093254 0.476114
v -0.216984 -0.085271 0.479854
v -0.232727 -0.085363 0.497316
v -0.234564 -0.085271 0.497399
v -0.254511 -0.085237 0.494544
v -0.256227 -0.085237 0.493885
v -0.261366 -0.085454 0.491781
v -0.264043 -0.093087 0.490241
v -0.265829 -0.093004 0.489087
v -0.268900 -0.093438 0.486428
v -0.267512 -0.093346 0.487657
v -0.269978 -0.085621 0.485797
v -0.268900 -0.085271 0.486428
v -0.263806 -0.085332 0.476153
v -0.273608 -0.085604 0.482253
v -0.271675 -0.085471 0.484017
v -0.271806 -0.093004 0.484151
v -0.275455 -0.093346 0.479938
v -0.274332 -0.093254 0.481404
v -0.275526 -0.085454 0.479996
v -0.278711 -0.085467 0.475432
v -0.279528 -0.087449 0.474344
v -0.279058 -0.088097 0.475148
v -0.278888 -0.088601 0.475423
v -0.278852 -0.089781 0.475488
v -0.279012 -0.090519 0.475253
v -0.279194 -0.090879 0.474921
v -0.276625 -0.093232 0.478532
v -0.281230 -0.093471 0.470507
v -0.281904 -0.092332 0.469832
v -0.282352 -0.093004 0.468977
v -0.279878 -0.091612 0.473748
v -0.281693 -0.092156 0.463676
v -0.280266 -0.091826 0.469617
v -0.282554 -0.092150 0.468221
v -0.283620 -0.091607 0.465499
v -0.283102 -0.092025 0.467057
v -0.283937 -0.091279 0.464064
v -0.283377 -0.091374 0.457611
v -0.284199 -0.090769 0.463240
v -0.284250 -0.090175 0.457694
v -0.284582 -0.089619 0.461954
v -0.281693 -0.086652 0.457668
v -0.278891 -0.089354 0.463676
v -0.279221 -0.087928 0.469617
v -0.279266 -0.087954 0.463676
v -0.280292 -0.091781 0.463676
v -0.280068 -0.091473 0.457624
v -0.282184 -0.091940 0.457660
v -0.280331 -0.086997 0.457635
v -0.281693 -0.086553 0.463676
v -0.280266 -0.086883 0.469617
v -0.281933 -0.086443 0.469598
v -0.282610 -0.086312 0.467976
v -0.283433 -0.086513 0.466132
v -0.283961 -0.087528 0.464183
v -0.283539 -0.087102 0.465510
v -0.283683 -0.086316 0.463758
v -0.285514 -0.085476 0.458400
v -0.285168 -0.085454 0.460254
v -0.284503 -0.088281 0.462628
v -0.284704 -0.093149 0.462055
v -0.282991 -0.086830 0.466847
v -0.283660 -0.093004 0.465684
v -0.284868 -0.093471 0.460186
v -0.285907 -0.093438 0.454766
v -0.286230 -0.093243 0.451982
v -0.286178 -0.093091 0.450715
v -0.286224 -0.091179 0.450700
v -0.283292 -0.093346 0.450694
v -0.280666 -0.093232 0.450642
v -0.275152 -0.085611 0.450639
v -0.274986 -0.085704 0.450775
v -0.274870 -0.085955 0.451654
v -0.275108 -0.093206 0.450740
v -0.274983 -0.093004 0.450781
v -0.274986 -0.092253 0.450775
v -0.274282 -0.093129 0.456647
v -0.274629 -0.093254 0.454818
v -0.272777 -0.093004 0.461966
v -0.273477 -0.093221 0.460251
v -0.272442 -0.093471 0.463862
v -0.274216 -0.093471 0.458515
v -0.274980 -0.093254 0.451019
v -0.286255 -0.087529 0.450666
v -0.286419 -0.087529 0.451052
v -0.283292 -0.085271 0.450786
v -0.285592 -0.093087 0.458434
v -0.286419 -0.089354 0.451052
v -0.286419 -0.091179 0.451052
v -0.285201 -0.093129 0.460261
v -0.280631 -0.086437 0.472464
v -0.281209 -0.086474 0.471281
v -0.279987 -0.086367 0.473462
v -0.265737 -0.085362 0.474085
v -0.270476 -0.085704 0.467096
v -0.280911 -0.092201 0.471911
v -0.277814 -0.093004 0.477072
v -0.272943 -0.085271 0.482648
v -0.227278 -0.149009 0.263048
v -0.234047 -0.149009 0.264893
v -0.237241 -0.149009 0.263159
v -0.227243 -0.149009 0.249262
v -0.242828 -0.149009 0.257743
v -0.247839 -0.149009 0.251864
v -0.225815 -0.145009 0.238873
v -0.225973 -0.145009 0.233149
v -0.227540 -0.145009 0.233746
v -0.236490 -0.138956 0.245702
v -0.230917 -0.138956 0.240573
v -0.224539 -0.138954 0.250229
v -0.242600 -0.138956 0.250274
v -0.248489 -0.138956 0.254849
v -0.248628 -0.142009 0.254957
v -0.252469 -0.132509 0.240452
v -0.249676 -0.132588 0.242399
v -0.250162 -0.132615 0.240692
v -0.254134 -0.132626 0.233642
v -0.251263 -0.132634 0.235477
v -0.251670 -0.132509 0.233734
v -0.241762 -0.132658 0.258233
v -0.241218 -0.132588 0.256242
v -0.237836 -0.135312 0.263817
v -0.234047 -0.135009 0.264893
v -0.227278 -0.135009 0.263049
v -0.229625 -0.149009 0.200475
v -0.224681 -0.149009 0.198065
v -0.225955 -0.149009 0.205278
v -0.244410 -0.136600 0.052881
v -0.243899 -0.135863 0.053520
v -0.229651 -0.136649 0.050211
v -0.224083 -0.128512 0.049462
v -0.220381 -0.129203 0.047442
v -0.222920 -0.133827 0.048250
v -0.234400 -0.133903 0.055443
v -0.236344 -0.131487 0.056894
v -0.234112 -0.129791 0.055500
v -0.217250 -0.150242 0.044699
v -0.213568 -0.150270 0.042485
v -0.215712 -0.152471 0.043844
v -0.213268 -0.136334 0.036337
v -0.213699 -0.136545 0.033759
v -0.225638 -0.136760 0.034226
v -0.231119 -0.147274 0.038311
v -0.225342 -0.147274 0.034688
v -0.213226 -0.147482 0.035913
v -0.244733 -0.143653 0.042308
v -0.250588 -0.144080 0.046104
v -0.250599 -0.142008 0.046312
v -0.212503 -0.147181 0.037813
v -0.235371 -0.147364 0.053666
v -0.242655 -0.147552 0.055299
v -0.242647 -0.147368 0.054894
v -0.232238 -0.154774 0.054509
v -0.233828 -0.154408 0.055739
v -0.234208 -0.150242 0.055336
v -0.227987 -0.135120 0.241899
v -0.250422 -0.135009 0.235842
v -0.248954 -0.135009 0.241949
v -0.225966 -0.135009 0.205288
v -0.229854 -0.135009 0.200825
v -0.234032 -0.135009 0.207198
v -0.223401 -0.138956 0.255804
v -0.224340 -0.145011 0.251290
v -0.242600 -0.145009 0.250274
v -0.237865 -0.149009 0.213044
v -0.227100 -0.149009 0.212525
v -0.228022 -0.149009 0.219819
v -0.234376 -0.147333 0.049477
v -0.235721 -0.147333 0.050321
v -0.219385 -0.154348 0.046430
v -0.218135 -0.154103 0.045624
v -0.237580 -0.151832 0.057386
v -0.236414 -0.152791 0.056877
v -0.239270 -0.147337 0.053340
v -0.240927 -0.147353 0.056929
v -0.256902 -0.142585 0.038656
v -0.256860 -0.140722 0.038614
v -0.256702 -0.138336 0.038560
v -0.238200 -0.123450 0.027383
v -0.236152 -0.123681 0.025926
v -0.236489 -0.160313 0.025936
v -0.217280 -0.133903 0.044705
v -0.213617 -0.133939 0.042431
v -0.214858 -0.132220 0.043651
v -0.226184 -0.128409 0.050743
v -0.228633 -0.133903 0.051826
v -0.242640 -0.136656 0.054888
v -0.239731 -0.136684 0.053256
v -0.238955 -0.143421 0.038677
v -0.227346 -0.140366 0.031401
v -0.233153 -0.140430 0.035042
v -0.233128 -0.143451 0.035021
v -0.221562 -0.143701 0.027776
v -0.215524 -0.144032 0.024164
v -0.215355 -0.142009 0.024080
v -0.232234 -0.124030 0.023388
v -0.230048 -0.124773 0.021759
v -0.219879 -0.140509 0.026711
v -0.221473 -0.140597 0.027711
v -0.216511 -0.140509 0.038493
v -0.218460 -0.140509 0.039494
v -0.220440 -0.140509 0.040736
v -0.238953 -0.140209 0.038686
v -0.244757 -0.140045 0.042329
v -0.238005 -0.140509 0.051907
v -0.239731 -0.140509 0.053256
v -0.223931 -0.136645 0.046712
v -0.224400 -0.136686 0.043220
v -0.222420 -0.136686 0.041978
v -0.228360 -0.140509 0.045704
v -0.226380 -0.140509 0.044462
v -0.228360 -0.136686 0.045704
v -0.233031 -0.136686 0.048634
v -0.231686 -0.136686 0.047790
v -0.218460 -0.136686 0.039494
v -0.220440 -0.136686 0.040736
v -0.217542 -0.140509 0.032036
v -0.213507 -0.147410 0.034172
v -0.217542 -0.147290 0.032036
v -0.217441 -0.143510 0.038889
v -0.216512 -0.143510 0.038311
v -0.217441 -0.147333 0.038889
v -0.218460 -0.147333 0.039494
v -0.218506 -0.147353 0.042866
v -0.222420 -0.143510 0.041978
v -0.224400 -0.147333 0.043220
v -0.222420 -0.147333 0.041978
v -0.226380 -0.143510 0.044462
v -0.228360 -0.143510 0.045704
v -0.228360 -0.147333 0.045704
v -0.233031 -0.143510 0.048634
v -0.234376 -0.143510 0.049477
v -0.238754 -0.143510 0.052453
v -0.221038 -0.150931 0.016107
v -0.222242 -0.154071 0.017086
v -0.224157 -0.156630 0.018361
v -0.256185 -0.135180 0.038353
v -0.255722 -0.133423 0.037986
v -0.255850 -0.149811 0.038058
v -0.256312 -0.148057 0.038388
v -0.256503 -0.146212 0.038359
v -0.223371 -0.155493 0.048778
v -0.221804 -0.155229 0.047814
v -0.222903 -0.150242 0.048245
v -0.243884 -0.147305 0.259501
v -0.244146 -0.145009 0.259645
v -0.248493 -0.145009 0.254853
v -0.238099 -0.148358 0.264107
v -0.243737 -0.148496 0.258607
v -0.225460 -0.149009 0.260022
v -0.225518 -0.149009 0.256464
v -0.224035 -0.148088 0.256046
v -0.228347 -0.149009 0.241932
v -0.227515 -0.148802 0.241847
v -0.255365 -0.149204 0.234523
v -0.253961 -0.149912 0.230043
v -0.254346 -0.149009 0.238182
v -0.249800 -0.150038 0.223191
v -0.246106 -0.149009 0.225613
v -0.228609 -0.149009 0.227162
v -0.227522 -0.148687 0.227219
v -0.225736 -0.147800 0.216110
v -0.226566 -0.148247 0.219972
v -0.226785 -0.147824 0.227257
v -0.226297 -0.147616 0.221822
v -0.225877 -0.145009 0.228406
v -0.225899 -0.138956 0.228491
v -0.225012 -0.147459 0.250423
v -0.224530 -0.145011 0.250222
v -0.238787 -0.138956 0.264755
v -0.243596 -0.135855 0.259269
v -0.248723 -0.136682 0.253966
v -0.251542 -0.133629 0.247717
v -0.247750 -0.133559 0.253664
v -0.250886 -0.132812 0.247381
v -0.250640 -0.132713 0.238066
v -0.251701 -0.132543 0.230181
v -0.251552 -0.132605 0.231949
v -0.251526 -0.132518 0.223603
v -0.251271 -0.133797 0.229858
v -0.251301 -0.133009 0.228428
v -0.251368 -0.132759 0.228426
v -0.250865 -0.134092 0.236075
v -0.251172 -0.133009 0.233691
v -0.250378 -0.133653 0.238360
v -0.248651 -0.134346 0.243974
v -0.250180 -0.134259 0.239433
v -0.248123 -0.133821 0.245308
v -0.246639 -0.134346 0.248062
v -0.245320 -0.134092 0.250266
v -0.246811 -0.132509 0.248884
v -0.245668 -0.132615 0.250276
v -0.244548 -0.132698 0.251649
v -0.243587 -0.132576 0.253137
v -0.242337 -0.132759 0.254400
v -0.243504 -0.133473 0.258605
v -0.242230 -0.134865 0.259111
v -0.241633 -0.134428 0.258711
v -0.240739 -0.133509 0.257640
v -0.240862 -0.132667 0.257505
v -0.242640 -0.133975 0.253720
v -0.241121 -0.134092 0.255683
v -0.240777 -0.134942 0.255885
v -0.240184 -0.135009 0.256545
v -0.242374 -0.135132 0.259351
v -0.234480 -0.136325 0.266658
v -0.230436 -0.135009 0.264828
v -0.230038 -0.136026 0.266238
v -0.228226 -0.135169 0.234538
v -0.226713 -0.136402 0.227413
v -0.226772 -0.136608 0.233317
v -0.227534 -0.135330 0.227224
v -0.226309 -0.136404 0.221848
v -0.225288 -0.136227 0.212796
v -0.225672 -0.136400 0.216133
v -0.224136 -0.136265 0.205596
v -0.224804 -0.136545 0.210435
v -0.223906 -0.136485 0.204761
v -0.222972 -0.136313 0.199097
v -0.223875 -0.135318 0.198225
v -0.220923 -0.142009 0.193567
v -0.221902 -0.136360 0.193455
v -0.222262 -0.136344 0.195325
v -0.220776 -0.136310 0.187563
v -0.219896 -0.142009 0.187896
v -0.222046 -0.148457 0.191118
v -0.220761 -0.147707 0.187507
v -0.223975 -0.147745 0.204723
v -0.224608 -0.148360 0.205506
v -0.223555 -0.148649 0.198271
v -0.237439 -0.150038 0.204338
v -0.233745 -0.149009 0.206760
v -0.228013 -0.152912 0.183561
v -0.225078 -0.150038 0.185485
v -0.229198 -0.150038 0.191769
v -0.222416 -0.149085 0.187230
v -0.220847 -0.149087 0.183317
v -0.220264 -0.149560 0.179378
v -0.220420 -0.150038 0.178379
v -0.219833 -0.152912 0.171085
v -0.220154 -0.153665 0.170587
v -0.223338 -0.156336 0.173195
v -0.230026 -0.157573 0.182595
v -0.234460 -0.157642 0.189238
v -0.234032 -0.156756 0.189428
v -0.237650 -0.156195 0.195214
v -0.240373 -0.152912 0.202414
v -0.244493 -0.152912 0.208699
v -0.242170 -0.155183 0.202760
v -0.245238 -0.154290 0.208210
v -0.246337 -0.154429 0.209413
v -0.250254 -0.153309 0.216180
v -0.249360 -0.152712 0.216409
v -0.251662 -0.151535 0.221971
v -0.248607 -0.154634 0.208302
v -0.247720 -0.155021 0.208836
v -0.249997 -0.153987 0.212016
v -0.244222 -0.156273 0.201796
v -0.242642 -0.156793 0.198231
v -0.242283 -0.156033 0.191510
v -0.239866 -0.157521 0.193937
v -0.236927 -0.157877 0.185387
v -0.235751 -0.158243 0.188480
v -0.238490 -0.157829 0.191873
v -0.228854 -0.158484 0.178711
v -0.229906 -0.158585 0.180040
v -0.231227 -0.158702 0.179750
v -0.223702 -0.156936 0.172657
v -0.225799 -0.157880 0.174477
v -0.224580 -0.158110 0.167963
v -0.234359 -0.153980 0.159535
v -0.229446 -0.158103 0.160346
v -0.231160 -0.158160 0.166451
v -0.231789 -0.147982 0.141941
v -0.229355 -0.153447 0.141697
v -0.230885 -0.153686 0.147648
v -0.231784 -0.136037 0.141975
v -0.230363 -0.136161 0.136136
v -0.231288 -0.142009 0.136353
v -0.223354 -0.125591 0.148367
v -0.222140 -0.125905 0.142014
v -0.225022 -0.126601 0.141847
v -0.221073 -0.126291 0.135640
v -0.220156 -0.126740 0.129247
v -0.222801 -0.127421 0.129376
v -0.221261 -0.128444 0.116835
v -0.224513 -0.132299 0.111555
v -0.225027 -0.131905 0.117629
v -0.226927 -0.147205 0.112414
v -0.227907 -0.142009 0.112848
v -0.227809 -0.142009 0.106907
v -0.227368 -0.136636 0.118405
v -0.228335 -0.142009 0.118750
v -0.229130 -0.136304 0.130258
v -0.230067 -0.142009 0.130548
v -0.229142 -0.147716 0.130226
v -0.228136 -0.147557 0.124316
v -0.226783 -0.152834 0.129689
v -0.225009 -0.157405 0.141800
v -0.226348 -0.157720 0.147999
v -0.219309 -0.157465 0.142079
v -0.214943 -0.153407 0.142119
v -0.216006 -0.153590 0.148863
v -0.212313 -0.142009 0.148695
v -0.213353 -0.148052 0.148800
v -0.212225 -0.147994 0.141894
v -0.211120 -0.142009 0.141718
v -0.210034 -0.142009 0.134764
v -0.211192 -0.136099 0.135027
v -0.210277 -0.136201 0.128102
v -0.212459 -0.131404 0.121844
v -0.216204 -0.128306 0.115936
v -0.216774 -0.127794 0.122506
v -0.218344 -0.128389 0.109988
v -0.218084 -0.129001 0.103557
v -0.220503 -0.129592 0.104261
v -0.218221 -0.130127 0.090664
v -0.221278 -0.130978 0.085381
v -0.220716 -0.130640 0.091664
v -0.222201 -0.131093 0.079102
v -0.228347 -0.133209 0.075280
v -0.226736 -0.133472 0.081291
v -0.223508 -0.130928 0.072862
v -0.225190 -0.130462 0.066725
v -0.230359 -0.132698 0.069405
v -0.219054 -0.130339 0.063532
v -0.220698 -0.129612 0.057212
v -0.224006 -0.129391 0.058975
v -0.220623 -0.128876 0.047850
v -0.219267 -0.129404 0.049195
v -0.215733 -0.131478 0.043987
v -0.213790 -0.133235 0.043158
v -0.212618 -0.135638 0.041519
v -0.211651 -0.135761 0.045176
v -0.210447 -0.138769 0.044567
v -0.212436 -0.136529 0.039870
v -0.212513 -0.136867 0.037780
v -0.241245 -0.136411 0.057316
v -0.242445 -0.136661 0.055817
v -0.242464 -0.137021 0.056361
v -0.241714 -0.137004 0.057446
v -0.240300 -0.138878 0.060658
v -0.239905 -0.135909 0.059359
v -0.240325 -0.135979 0.058241
v -0.239386 -0.134388 0.058383
v -0.238649 -0.133602 0.058168
v -0.237749 -0.133158 0.059335
v -0.236376 -0.131173 0.057274
v -0.235940 -0.130858 0.057318
v -0.231392 -0.128894 0.054238
v -0.228370 -0.128261 0.052071
v -0.226013 -0.128242 0.051051
v -0.230050 -0.128671 0.053403
v -0.213316 -0.135025 0.042069
v -0.212831 -0.134864 0.041567
v -0.217710 -0.136340 0.043849
v -0.228753 -0.135387 0.051634
v -0.234478 -0.135508 0.055186
v -0.229034 -0.136351 0.051175
v -0.234716 -0.136351 0.054739
v -0.218001 -0.130121 0.045453
v -0.233865 -0.136845 0.071157
v -0.237367 -0.139136 0.066043
v -0.235144 -0.142009 0.071729
v -0.233854 -0.147166 0.071102
v -0.234839 -0.150086 0.064719
v -0.230361 -0.151350 0.069359
v -0.237708 -0.150854 0.059261
v -0.232755 -0.152108 0.063634
v -0.227231 -0.154349 0.060672
v -0.229913 -0.155478 0.053656
v -0.224011 -0.154632 0.058930
v -0.226097 -0.155788 0.051318
v -0.220703 -0.154385 0.057167
v -0.222607 -0.155336 0.050956
v -0.217582 -0.153623 0.055521
v -0.216832 -0.153546 0.045217
v -0.217195 -0.153226 0.044962
v -0.220782 -0.154754 0.047376
v -0.224047 -0.155596 0.049388
v -0.226152 -0.155779 0.050615
v -0.228233 -0.155694 0.051974
v -0.231966 -0.155169 0.054272
v -0.238575 -0.150415 0.058139
v -0.240218 -0.148071 0.058220
v -0.217493 -0.148264 0.044177
v -0.223325 -0.148019 0.047572
v -0.223868 -0.147374 0.046673
v -0.212376 -0.147530 0.039755
v -0.212618 -0.146995 0.036282
v -0.212878 -0.147662 0.036432
v -0.213214 -0.146965 0.033543
v -0.213508 -0.146390 0.031661
v -0.214039 -0.146927 0.030137
v -0.214240 -0.147429 0.030247
v -0.214849 -0.147542 0.028251
v -0.214579 -0.146905 0.028103
v -0.215390 -0.146493 0.025400
v -0.215503 -0.140037 0.023926
v -0.215616 -0.137471 0.025350
v -0.215658 -0.138274 0.024517
v -0.213078 -0.142009 0.030954
v -0.211432 -0.142009 0.037614
v -0.211850 -0.145538 0.037803
v -0.210027 -0.142009 0.044307
v -0.211852 -0.138498 0.037857
v -0.212606 -0.148488 0.041672
v -0.210446 -0.145264 0.044515
v -0.213404 -0.151557 0.060601
v -0.212233 -0.150336 0.052751
v -0.209379 -0.147410 0.058605
v -0.207825 -0.142009 0.057856
v -0.209244 -0.139007 0.051317
v -0.209400 -0.136629 0.058668
v -0.206473 -0.142009 0.071511
v -0.208592 -0.136899 0.065467
v -0.206126 -0.142009 0.078453
v -0.207645 -0.137079 0.079179
v -0.205995 -0.142009 0.085540
v -0.207497 -0.137022 0.086222
v -0.206362 -0.142009 0.099631
v -0.207829 -0.147247 0.100195
v -0.207575 -0.147102 0.093204
v -0.208227 -0.136606 0.107221
v -0.207812 -0.136760 0.100233
v -0.211081 -0.132445 0.101388
v -0.207433 -0.142009 0.113741
v -0.208805 -0.147549 0.114159
v -0.208179 -0.142009 0.120738
v -0.208787 -0.136457 0.114198
v -0.209473 -0.136321 0.121158
v -0.213178 -0.152909 0.128593
v -0.212472 -0.152607 0.121803
v -0.210292 -0.147807 0.128061
v -0.220498 -0.154409 0.104215
v -0.220468 -0.153850 0.097916
v -0.218077 -0.155014 0.103510
v -0.225551 -0.150517 0.087282
v -0.221278 -0.153038 0.085337
v -0.220714 -0.153369 0.091619
v -0.224358 -0.150954 0.099350
v -0.226788 -0.147025 0.106439
v -0.228071 -0.142009 0.100983
v -0.224357 -0.133054 0.099392
v -0.227557 -0.137285 0.094563
v -0.226980 -0.137159 0.100493
v -0.220775 -0.129011 0.110550
v -0.224280 -0.132691 0.105475
v -0.229706 -0.142009 0.089231
v -0.228525 -0.146675 0.088659
v -0.229892 -0.146715 0.082749
v -0.231124 -0.142009 0.083332
v -0.232932 -0.142009 0.077493
v -0.226739 -0.150556 0.081247
v -0.228349 -0.150828 0.075235
v -0.223512 -0.153106 0.072818
v -0.222203 -0.152931 0.079058
v -0.210949 -0.150954 0.087646
v -0.211192 -0.150800 0.080761
v -0.207508 -0.146990 0.086181
v -0.225196 -0.153584 0.066681
v -0.219059 -0.153665 0.063486
v -0.217713 -0.153225 0.069903
v -0.225024 -0.152098 0.117586
v -0.224511 -0.151704 0.111513
v -0.221253 -0.155555 0.116788
v -0.222790 -0.156580 0.129329
v -0.220142 -0.157276 0.129199
v -0.221058 -0.157724 0.135592
v -0.217476 -0.156699 0.129015
v -0.214000 -0.153178 0.135364
v -0.211421 -0.151924 0.108177
v -0.208246 -0.147400 0.107183
v -0.210915 -0.132784 0.094552
v -0.215579 -0.130464 0.089594
v -0.215438 -0.129980 0.096196
v -0.211186 -0.133217 0.080806
v -0.216686 -0.130933 0.076432
v -0.215984 -0.130807 0.082987
v -0.211407 -0.132087 0.108217
v -0.212411 -0.151071 0.067273
v -0.208582 -0.147132 0.065412
v -0.216661 -0.130546 0.045358
v -0.216129 -0.130871 0.047513
v -0.208815 -0.142009 0.051108
v -0.213519 -0.151078 0.046081
v -0.213548 -0.150770 0.043186
v -0.219262 -0.154577 0.049142
v -0.214641 -0.152271 0.053987
v -0.212780 -0.149339 0.041895
v -0.222919 -0.148994 0.048092
v -0.228749 -0.148481 0.051502
v -0.228586 -0.149991 0.051784
v -0.213205 -0.148994 0.041999
v -0.214696 -0.151857 0.043390
v -0.212772 -0.136840 0.036333
v -0.212958 -0.137026 0.034941
v -0.213262 -0.137040 0.033573
v -0.213686 -0.137446 0.031306
v -0.213911 -0.137070 0.030847
v -0.214267 -0.136833 0.030213
v -0.214888 -0.136577 0.028257
v -0.215300 -0.136765 0.027790
v -0.214218 -0.136595 0.031571
v -0.226508 -0.136972 0.032840
v -0.231710 -0.136776 0.037383
v -0.236903 -0.136743 0.041943
v -0.237490 -0.136776 0.041008
v -0.248395 -0.136727 0.048062
v -0.246951 -0.137108 0.050381
v -0.246326 -0.136904 0.051010
v -0.247481 -0.142009 0.050669
v -0.247178 -0.138270 0.050505
v -0.250227 -0.138067 0.046308
v -0.248737 -0.137162 0.048199
v -0.249228 -0.137184 0.047533
v -0.249274 -0.136764 0.047046
v -0.243845 -0.136972 0.043714
v -0.250668 -0.140304 0.046297
v -0.250066 -0.146263 0.046335
v -0.249328 -0.146750 0.047382
v -0.248675 -0.146864 0.048155
v -0.245532 -0.146944 0.052071
v -0.244470 -0.146964 0.053474
v -0.243573 -0.145431 0.055421
v -0.245235 -0.147280 0.051839
v -0.246036 -0.147556 0.050820
v -0.248068 -0.147397 0.048174
v -0.249253 -0.147195 0.047078
v -0.232281 -0.147044 0.036459
v -0.238555 -0.146478 0.039291
v -0.232778 -0.146478 0.035667
v -0.236896 -0.147274 0.041935
v -0.243259 -0.147240 0.044624
v -0.237482 -0.147240 0.041000
v -0.214197 -0.147434 0.031540
v -0.215236 -0.147256 0.027627
v -0.215474 -0.147275 0.026418
v -0.215745 -0.145795 0.024356
v -0.221318 -0.146160 0.028270
v -0.227284 -0.145523 0.031593
v -0.238837 -0.145523 0.038840
v -0.233060 -0.145523 0.035216
v -0.244625 -0.138494 0.042470
v -0.238846 -0.138494 0.038845
v -0.221367 -0.138016 0.028196
v -0.215527 -0.136659 0.026568
v -0.220727 -0.147044 0.029212
v -0.243743 -0.147537 0.053865
v -0.243084 -0.147169 0.055185
v -0.241311 -0.147437 0.057275
v -0.240296 -0.145138 0.060607
v -0.240021 -0.148106 0.059037
v -0.239425 -0.149446 0.058361
v -0.236372 -0.152793 0.057021
v -0.243903 -0.142009 0.055621
v -0.246057 -0.136640 0.050819
v -0.243145 -0.136854 0.055225
v -0.243227 -0.137037 0.055288
v -0.213167 -0.131103 0.128635
v -0.217483 -0.127328 0.129063
v -0.213349 -0.135961 0.148846
v -0.212217 -0.136018 0.141939
v -0.214938 -0.130606 0.142165
v -0.218450 -0.130237 0.162262
v -0.217179 -0.130300 0.155610
v -0.221707 -0.126066 0.155105
v -0.226193 -0.125219 0.160994
v -0.227847 -0.126056 0.154228
v -0.229462 -0.125911 0.160393
v -0.236924 -0.135836 0.159328
v -0.235081 -0.135870 0.153542
v -0.235984 -0.142009 0.153567
v -0.237809 -0.142009 0.159261
v -0.236916 -0.148182 0.159287
v -0.240761 -0.135875 0.170576
v -0.239656 -0.142009 0.164764
v -0.241595 -0.142009 0.170318
v -0.240408 -0.153907 0.177748
v -0.238169 -0.153995 0.171192
v -0.234925 -0.158029 0.178935
v -0.245619 -0.147988 0.184200
v -0.248053 -0.147888 0.191084
v -0.246565 -0.142009 0.184133
v -0.248073 -0.136129 0.191131
v -0.245639 -0.136030 0.184250
v -0.245899 -0.128310 0.204080
v -0.247234 -0.130570 0.198109
v -0.244365 -0.128173 0.198201
v -0.241653 -0.126952 0.196677
v -0.239411 -0.126392 0.193246
v -0.238102 -0.126596 0.194018
v -0.239573 -0.127715 0.197796
v -0.241362 -0.128634 0.201381
v -0.240664 -0.131101 0.202850
v -0.245658 -0.129532 0.208449
v -0.244078 -0.128356 0.204658
v -0.244842 -0.131101 0.209223
v -0.247614 -0.130069 0.211836
v -0.248928 -0.131114 0.215474
v -0.249831 -0.130510 0.215310
v -0.246085 -0.133979 0.217520
v -0.250709 -0.133737 0.224053
v -0.242388 -0.135009 0.219944
v -0.250745 -0.135009 0.232690
v -0.250993 -0.134943 0.232705
v -0.250890 -0.134891 0.230118
v -0.250893 -0.134571 0.227573
v -0.250947 -0.133970 0.225053
v -0.251083 -0.133009 0.224911
v -0.251160 -0.133315 0.225894
v -0.250697 -0.133299 0.222578
v -0.250864 -0.132608 0.221578
v -0.250665 -0.132038 0.219726
v -0.252224 -0.132317 0.222792
v -0.251829 -0.131382 0.218818
v -0.253573 -0.132246 0.222534
v -0.253308 -0.131999 0.218111
v -0.251631 -0.130929 0.214247
v -0.249042 -0.129560 0.211264
v -0.247092 -0.128755 0.207708
v -0.252621 -0.147695 0.205054
v -0.253708 -0.142009 0.205104
v -0.251460 -0.142009 0.198077
v -0.251045 -0.153171 0.211816
v -0.249255 -0.153303 0.204909
v -0.254566 -0.147615 0.212133
v -0.251555 -0.153133 0.214076
v -0.252108 -0.152803 0.215280
v -0.256111 -0.147549 0.219311
v -0.257035 -0.147495 0.226593
v -0.257303 -0.142009 0.219510
v -0.255541 -0.150122 0.226539
v -0.255467 -0.149722 0.230608
v -0.255406 -0.148643 0.238416
v -0.254669 -0.148398 0.242326
v -0.253304 -0.148116 0.246063
v -0.252754 -0.147484 0.247837
v -0.255637 -0.147409 0.241122
v -0.251285 -0.148307 0.249513
v -0.252572 -0.148840 0.245707
v -0.257009 -0.136570 0.233951
v -0.255635 -0.136610 0.241141
v -0.255323 -0.133388 0.233662
v -0.255342 -0.133390 0.226281
v -0.254818 -0.132858 0.226533
v -0.257007 -0.147449 0.233926
v -0.258234 -0.142009 0.226856
v -0.249235 -0.142009 0.254227
v -0.248727 -0.147338 0.253958
v -0.253158 -0.151593 0.223279
v -0.254149 -0.151432 0.222954
v -0.252821 -0.152407 0.219309
v -0.238210 -0.135009 0.213571
v -0.223335 -0.135009 0.190882
v -0.232307 -0.131101 0.190104
v -0.228129 -0.131101 0.183731
v -0.232836 -0.127136 0.187552
v -0.233828 -0.127239 0.189107
v -0.233224 -0.126272 0.187366
v -0.235854 -0.126232 0.190582
v -0.234720 -0.125577 0.186461
v -0.237102 -0.125925 0.189835
v -0.232158 -0.125393 0.182968
v -0.231901 -0.125503 0.183349
v -0.234943 -0.125994 0.178980
v -0.232990 -0.125890 0.172614
v -0.238186 -0.130026 0.171237
v -0.240428 -0.130116 0.177797
v -0.242303 -0.127997 0.191553
v -0.240163 -0.127824 0.184958
v -0.242764 -0.130249 0.184597
v -0.231177 -0.125858 0.166496
v -0.234374 -0.130036 0.159580
v -0.224596 -0.125909 0.168011
v -0.224418 -0.126731 0.173426
v -0.221540 -0.128626 0.170839
v -0.226600 -0.126070 0.176399
v -0.227110 -0.125838 0.176557
v -0.230951 -0.126182 0.183950
v -0.223951 -0.131101 0.177358
v -0.226160 -0.127258 0.177419
v -0.228417 -0.127013 0.180764
v -0.219499 -0.131685 0.171349
v -0.219618 -0.131144 0.170671
v -0.220458 -0.129796 0.170246
v -0.221475 -0.128883 0.171181
v -0.221475 -0.129091 0.171395
v -0.217728 -0.142009 0.176610
v -0.218614 -0.147990 0.176361
v -0.219862 -0.148189 0.182203
v -0.220366 -0.148644 0.183346
v -0.219415 -0.150235 0.175630
v -0.216345 -0.142009 0.169671
v -0.217238 -0.148051 0.169478
v -0.214920 -0.142009 0.162507
v -0.213597 -0.142009 0.155679
v -0.214569 -0.135932 0.155706
v -0.221693 -0.157956 0.155056
v -0.220435 -0.157749 0.148585
v -0.217177 -0.153716 0.155562
v -0.220354 -0.147857 0.185204
v -0.218866 -0.142009 0.182430
v -0.221632 -0.135152 0.187031
v -0.222343 -0.134918 0.186916
v -0.222471 -0.134941 0.187440
v -0.222748 -0.135101 0.190996
v -0.220353 -0.134278 0.179273
v -0.220795 -0.134901 0.183023
v -0.219669 -0.134765 0.178999
v -0.219395 -0.135258 0.178937
v -0.219157 -0.134165 0.175645
v -0.218995 -0.134111 0.174894
v -0.223089 -0.125944 0.161539
v -0.241907 -0.133979 0.211147
v -0.236213 -0.154022 0.165330
v -0.232973 -0.158130 0.172569
v -0.233361 -0.148080 0.147724
v -0.234261 -0.142009 0.147814
v -0.232706 -0.142009 0.142142
v -0.230371 -0.147859 0.136103
v -0.241559 -0.150038 0.210623
v -0.245679 -0.150038 0.216907
v -0.225641 -0.148232 0.212736
v -0.222940 -0.147659 0.199061
v -0.222834 -0.147697 0.198403
v -0.221888 -0.142009 0.199138
v -0.222309 -0.147674 0.195612
v -0.225491 -0.140931 0.226765
v -0.225074 -0.142009 0.221717
v -0.225489 -0.143086 0.226757
v -0.225546 -0.135980 0.249731
v -0.226812 -0.135745 0.241779
v -0.224264 -0.135738 0.256112
v -0.223857 -0.136356 0.260439
v -0.226006 -0.136409 0.264381
v -0.234636 -0.138956 0.267001
v -0.229938 -0.138956 0.266941
v -0.241380 -0.135844 0.261517
v -0.223436 -0.138956 0.260543
v -0.224249 -0.138954 0.251829
v -0.224668 -0.136550 0.251977
v -0.225502 -0.136145 0.248920
v -0.226112 -0.136297 0.244832
v -0.244562 -0.136676 0.258781
v -0.244667 -0.135009 0.250382
v -0.246338 -0.135009 0.247712
v -0.244874 -0.134942 0.250523
v -0.248099 -0.132759 0.245558
v -0.249365 -0.133009 0.242290
v -0.224664 -0.147468 0.251981
v -0.223404 -0.145010 0.255769
v -0.223600 -0.147353 0.260509
v -0.229899 -0.147211 0.266744
v -0.226112 -0.148081 0.264270
v -0.234520 -0.147245 0.266822
v -0.234638 -0.145009 0.267004
v -0.226056 -0.147580 0.244806
v -0.226512 -0.147782 0.241745
v -0.226747 -0.147811 0.239105
v -0.227674 -0.148689 0.234526
v -0.239270 -0.143510 0.053340
v -0.238944 -0.147334 0.052648
v -0.229317 -0.147395 0.050534
v -0.234799 -0.147486 0.054246
v -0.217253 -0.153844 0.038235
v -0.216921 -0.153613 0.044482
v -0.222860 -0.156350 0.041370
v -0.231072 -0.159325 0.030838
v -0.234446 -0.159568 0.032874
v -0.234739 -0.160417 0.025216
v -0.238072 -0.160419 0.026890
v -0.241210 -0.160480 0.028860
v -0.239515 -0.160617 0.028068
v -0.244337 -0.160180 0.030774
v -0.242640 -0.160546 0.030052
v -0.244077 -0.160535 0.031251
v -0.237889 -0.159590 0.034965
v -0.237952 -0.157977 0.042554
v -0.241297 -0.159282 0.037036
v -0.234776 -0.158332 0.040679
v -0.240260 -0.154046 0.051298
v -0.243850 -0.155230 0.046025
v -0.241057 -0.157038 0.044386
v -0.234807 -0.156652 0.048183
v -0.230259 -0.155736 0.052840
v -0.244365 -0.147550 0.052879
v -0.246161 -0.144128 0.043214
v -0.246060 -0.145524 0.043371
v -0.244697 -0.147244 0.045529
v -0.248873 -0.147044 0.046869
v -0.249263 -0.147373 0.046988
v -0.251623 -0.149905 0.043274
v -0.255330 -0.151624 0.038088
v -0.254406 -0.153649 0.037420
v -0.247654 -0.156409 0.040894
v -0.250010 -0.153470 0.042313
v -0.250131 -0.158560 0.035062
v -0.251596 -0.157514 0.035643
v -0.250270 -0.158535 0.034811
v -0.248613 -0.159400 0.033996
v -0.247420 -0.159709 0.032759
v -0.245833 -0.160177 0.031892
v -0.253716 -0.154649 0.036660
v -0.252657 -0.155953 0.035947
v -0.256932 -0.142009 0.039303
v -0.256824 -0.144451 0.039236
v -0.256609 -0.146311 0.039103
v -0.257038 -0.142594 0.039040
v -0.256897 -0.144429 0.038700
v -0.240118 -0.123425 0.028440
v -0.241520 -0.123509 0.029344
v -0.244918 -0.123923 0.031372
v -0.246448 -0.124232 0.032397
v -0.248027 -0.124563 0.033397
v -0.241335 -0.124887 0.037062
v -0.237940 -0.124491 0.034999
v -0.228910 -0.126910 0.044808
v -0.231601 -0.125656 0.038814
v -0.234820 -0.125740 0.040713
v -0.219519 -0.129197 0.046236
v -0.222909 -0.127595 0.041413
v -0.222056 -0.128811 0.048154
v -0.223249 -0.135688 0.047922
v -0.223028 -0.134278 0.048273
v -0.237673 -0.132188 0.057375
v -0.232417 -0.129252 0.054558
v -0.233016 -0.128996 0.054493
v -0.237004 -0.131136 0.056776
v -0.240306 -0.130029 0.051340
v -0.251748 -0.134094 0.043357
v -0.256562 -0.136951 0.039075
v -0.256913 -0.140706 0.039291
v -0.256793 -0.138822 0.039217
v -0.252891 -0.142009 0.044025
v -0.252569 -0.146028 0.043834
v -0.251133 -0.143362 0.045978
v -0.251113 -0.140263 0.045976
v -0.251302 -0.142009 0.045909
v -0.252618 -0.137992 0.043870
v -0.246157 -0.139582 0.043220
v -0.243102 -0.143510 0.048139
v -0.219492 -0.138153 0.015414
v -0.216334 -0.138052 0.022045
v -0.215990 -0.142009 0.021844
v -0.218967 -0.142009 0.015426
v -0.219025 -0.140121 0.015464
v -0.219977 -0.136454 0.015589
v -0.220273 -0.134628 0.015947
v -0.221637 -0.131221 0.016695
v -0.220766 -0.132840 0.016264
v -0.227592 -0.125218 0.020442
v -0.226001 -0.125932 0.019683
v -0.224620 -0.126951 0.018869
v -0.224026 -0.127828 0.018274
v -0.222334 -0.129599 0.017424
v -0.215203 -0.134821 0.029357
v -0.219133 -0.130873 0.023686
v -0.219294 -0.129147 0.031671
v -0.217358 -0.130227 0.038314
v -0.218461 -0.136759 0.029725
v -0.219543 -0.137538 0.027367
v -0.216861 -0.136685 0.038672
v -0.237717 -0.136686 0.051612
v -0.222420 -0.140509 0.041978
v -0.224400 -0.140509 0.043220
v -0.235721 -0.140509 0.050321
v -0.217005 -0.130549 0.044794
v -0.214860 -0.132065 0.042923
v -0.225093 -0.127332 0.018650
v -0.227769 -0.125117 0.028851
v -0.233748 -0.123686 0.024453
v -0.234502 -0.124437 0.032911
v -0.219156 -0.142009 0.015236
v -0.219234 -0.143864 0.015314
v -0.219279 -0.145718 0.015472
v -0.220218 -0.149298 0.015835
v -0.216318 -0.145982 0.022030
v -0.217278 -0.149821 0.022586
v -0.215108 -0.149247 0.029289
v -0.218681 -0.147244 0.029211
v -0.219134 -0.147045 0.028216
v -0.219868 -0.144437 0.026732
v -0.216338 -0.147332 0.038131
v -0.218935 -0.153267 0.023558
v -0.221390 -0.152685 0.016579
v -0.221406 -0.156018 0.025029
v -0.227265 -0.158494 0.020164
v -0.225857 -0.157776 0.019227
v -0.228860 -0.158821 0.021016
v -0.228599 -0.159214 0.021229
v -0.230037 -0.159714 0.022326
v -0.234145 -0.160109 0.024466
v -0.224428 -0.157786 0.026840
v -0.219897 -0.147508 0.015477
v -0.219165 -0.154938 0.031582
v -0.249002 -0.136995 0.046872
v -0.248952 -0.136973 0.046918
v -0.245273 -0.136974 0.044610
v -0.245917 -0.138016 0.043595
v -0.255197 -0.131601 0.037914
v -0.253444 -0.128498 0.036668
v -0.254428 -0.129974 0.037328
v -0.250495 -0.126012 0.034653
v -0.250812 -0.126028 0.035487
v -0.251588 -0.126619 0.035975
v -0.247725 -0.127687 0.040942
v -0.253310 -0.128415 0.037054
v -0.252275 -0.127132 0.036067
v -0.246186 -0.131469 0.047392
v -0.247719 -0.134727 0.048264
v -0.243102 -0.140509 0.048139
v -0.244406 -0.136759 0.045998
v -0.237985 -0.126168 0.042582
v -0.244672 -0.125858 0.039090
v -0.241079 -0.127131 0.044407
v -0.230328 -0.128332 0.052876
v -0.234835 -0.127472 0.048213
v -0.223544 -0.128207 0.048655
v -0.243235 -0.123545 0.030550
v -0.220784 -0.155249 0.046887
v -0.220689 -0.155146 0.047076
v -0.235262 -0.153680 0.056252
v -0.237803 -0.160642 0.027304
f 1 2 3
f 6 7 8
f 9 10 11
f 12 13 14
f 15 16 17
f 18 19 9
f 20 21 22
f 23 24 25
f 28 29 30
f 31 32 33
f 34 35 36
f 39 40 41
f 42 43 44
f 45 46 47
f 50 51 52
f 54 55 56
f 64 65 66
f 67 68 69
f 70 71 72
f 73 74 75
f 76 77 78
f 79 80 81
f 82 83 84
f 85 86 87
f 88 89 90
f 91 92 93
f 94 95 96
f 97 98 99
f 103 104 105
f 106 107 12
f 111 112 113
f 114 115 116
f 118 119 120
f 123 124 125
f 126 127 128
f 129 130 131
f 132 133 134
f 134 135 136
f 137 134 138
f 139 140 141
f 142 143 141
f 144 145 146
f 147 148 149
f 150 151 152
f 153 154 155
f 156 157 158
f 161 162 163
f 164 165 166
f 167 168 169
f 170 171 172
f 173 174 175
f 176 177 178
f 179 180 181
f 182 183 184
f 185 186 187
f 188 189 190
f 197 198 199
f 202 203 204
f 209 210 211
f 212 213 214
f 215 216 217
f 218 219 220
f 221 222 37
f 225 226 227
f 230 231 232
f 235 236 237
f 238 239 240
f 243 244 245
f 246 247 243
f 248 249 250
f 253 254 255
f 256 257 258
f 259 260 44
f 261 262 263
f 264 265 262
f 40 39 267
f 270 271 272
f 274 275 276
f 277 278 279
f 281 280 282
f 283 284 285
f 286 287 273
f 236 288 289
f 292 293 294
f 295 296 297
f 298 299 300
f 301 302 303
f 307 308 301
f 309 310 311
f 316 317 318
f 321 322 151
f 156 323 324
f 325 326 52
f 327 328 329
f 332 321 333
f 150 336 337
f 341 342 343
f 343 344 345
f 348 349 350
f 351 352 353
f 354 355 356
f 361 362 353
f 363 364 365
f 366 367 368
f 369 370 371
f 378 369 379
f 382 383 384
f 359 386 311
f 387 388 389
f 390 391 392
f 393 394 395
f 404 405 406
f 407 408 409
f 410 411 412
f 413 403 414
f 415 416 417
f 418 419 420
f 421 422 423
f 424 425 426
f 427 428 429
f 434 435 436
f 437 438 439
f 443 444 437
f 446 447 448
f 458 459 460
f 341 463 464
f 342 464 465
f 468 469 470
f 471 472 473
f 474 475 476
f 477 478 479
f 480 481 482
f 483 484 485
f 488 489 490
f 493 494 495
f 496 497 498
f 499 500 501
f 502 503 504
f 505 506 507
f 508 509 510
f 511 512 513
f 516 517 518
f 519 520 521
f 522 523 524
f 527 528 529
f 530 531 532
f 533 534 535
f 540 541 542
f 543 544 545
f 546 547 548
f 549 550 551
f 552 553 554
f 555 556 557
f 558 559 560
f 561 562 563
f 564 565 566
f 567 568 569
f 570 571 572
f 573 574 575
f 578 579 580
f 581 582 583
f 584 585 586
f 587 588 589
f 590 591 592
f 595 596 597
f 598 599 600
f 603 604 605
f 606 607 608
f 609 610 611
f 612 613 614
f 615 616 617
f 618 619 620
f 621 622 623
f 624 625 626
f 627 628 629
f 630 631 632
f 633 634 635
f 636 637 638
f 639 640 641
f 642 643 644
f 645 646 647
f 648 649 650
f 653 654 655
f 656 657 658
f 659 660 661
f 662 663 664
f 667 668 669
f 670 671 672
f 675 676 677
f 678 679 680
f 681 682 683
f 684 685 686
f 687 688 689
f 692 693 694
f 695 696 697
f 698 699 700
f 701 702 703
f 704 705 706
f 707 708 709
f 710 711 712
f 715 716 717
f 724 725 726
f 727 728 729
f 571 730 731
f 732 733 734
f 737 738 739
f 740 741 742
f 743 744 745
f 748 749 750
f 751 752 753
f 532 754 755
f 756 757 758
f 759 760 761
f 762 763 764
f 765 766 767
f 768 769 770
f 771 772 773
f 774 775 776
f 777 778 779
f 780 781 782
f 783 784 785
f 786 787 788
f 789 790 791
f 792 793 794
f 795 796 797
f 798 799 800
f 801 802 803
f 804 805 806
f 807 808 809
f 810 811 812
f 813 814 815
f 816 817 818
f 819 820 821
f 822 823 824
f 825 826 827
f 828 829 830
f 831 832 833
f 834 835 836
f 837 838 839
f 840 841 842
f 847 848 849
f 850 851 852
f 853 854 855
f 126 856 857
f 858 859 860
f 861 862 863
f 864 865 866
f 867 868 869
f 870 871 872
f 873 874 875
f 876 877 878
f 879 880 881
f 882 883 884
f 885 886 887
f 888 889 890
f 891 892 893
f 894 895 896
f 897 898 895
f 899 900 901
f 902 903 904
f 905 906 907
f 908 909 910
f 923 151 150
f 924 925 926
f 927 928 929
f 930 931 932
f 933 934 935
f 940 941 942
f 943 944 945
f 946 947 948
f 949 950 951
f 952 953 954
f 955 956 957
f 958 959 960
f 961 962 963
f 964 965 966
f 967 968 969
f 970 971 972
f 973 974 975
f 978 979 980
f 981 982 983
f 984 985 986
f 987 988 989
f 990 991 992
f 993 994 995
f 996 997 998
f 999 1000 1001
f 1002 1003 1004
f 1005 1006 1007
f 1008 1009 1010
f 1013 1014 1015
f 1016 1017 1018
f 1021 1022 1023
f 1024 1025 1026
f 1029 1030 1031
f 1036 1037 1038
f 1039 1040 1041
f 1042 1043 1044
f 194 1047 1048
f 1018 1049 1050
f 1053 1054 1055
f 1056 1057 1058
f 1011 1059 1012
f 1060 1061 1062
f 1063 1064 1065
f 1066 1067 1068
f 1071 109 1072
f 1073 1074 1075
f 1076 1077 1078
f 1079 1080 1081
f 183 1082 1083
f 1084 1085 1086
f 1087 1088 1089
f 1090 1091 1092
f 1095 29 1096
f 1097 1098 1099
f 1100 1101 1102
f 1103 1104 1105
f 1106 1107 1108
f 1109 1110 1111
f 1112 1113 1114
f 1115 1116 1117
f 1118 1119 1120
f 1121 1122 1123
f 1127 1128 1129
f 1130 1131 1132
f 1135 1136 1137
f 1138 1139 1140
f 1141 1142 1143
f 1144 1145 1146
f 1147 1148 1149
f 1150 1151 1152
f 1154 1155 915
f 1159 1160 1161
f 1166 1167 1168
f 1169 1170 1171
f 1172 1173 1174
f 1175 1176 1177
f 1178 1179 1180
f 1181 1182 1183
f 1184 1185 1186
f 1187 1188 1189
f 1190 1191 1192
f 1193 1194 1195
f 1196 1197 1198
f 1199 1200 1201
f 1202 1203 1204
f 1205 1206 1207
f 1208 1209 1210
f 1211 1212 1213
f 1214 1215 1216
f 1221 1222 1223
f 1224 1225 1226
f 1231 1232 1233
f 1234 1235 1236
f 1243 1244 1245
f 1246 1247 1248
f 1249 1250 1251
f 1252 1253 1254
f 1255 1256 1257
f 1207 1258 1259
f 1260 1261 1262
f 1263 1264 1265
f 1267 1268 1269
f 1270 1271 1272
f 1273 1274 1275
f 1276 82 1277
f 1278 1279 1280
f 1281 1282 1283
f 1284 1285 1286
f 1287 1288 1289
f 1293 1294 1295
f 1296 1297 1298
f 775 1299 1300
f 1301 1302 1303
f 1304 476 1305
f 1308 1309 1310
f 1311 1312 1313
f 1314 1315 1316
f 1317 1318 1319
f 1322 1323 1324
f 1325 1326 1327
f 1328 1329 1330
f 1331 1332 1333
f 1334 1335 1336
f 1337 1338 1339
f 1340 1341 1342
f 1343 1344 1345
f 1346 1347 1348
f 1351 1352 1353
f 1354 1355 1356
f 1365 1366 1367
f 1368 1369 1370
f 1374 1375 1376
f 1377 1378 1379
f 1394 1395 1396
f 1397 1398 673
f 1411 1412 1413
f 1414 1415 1416
f 1418 1419 1420
f 1421 1422 1423
f 1424 1425 212
f 1426 1427 1428
f 1435 1436 1437
f 223 1438 1439
f 1440 1441 1442
f 214 1443 1444
f 1445 1446 1447
f 254 253 1448
f 1454 1455 1456
f 1457 1458 1459
f 1480 1481 1482
f 282 1486 1487
f 1490 1491 1492
f 1495 1496 1497
f 1503 1504 1505
f 1506 1507 1508
f 1509 1510 1511
f 1514 1515 1516
f 1520 1521 1522
f 1537 1538 1539
f 1540 1541 1542
f 1543 1544 1545
f 1561 1562 1563
f 1564 1565 1566
f 1567 1568 1569
f 1570 1571 1572
f 1573 1574 1575
f 1579 1580 1581
f 1585 1586 1587
f 1594 1595 1596
f 1611 1609 1612
f 1615 1616 1617
f 1621 1622 1623
f 1626 1627 1628
f 1639 1640 1641
f 1642 1643 1644
f 1645 1646 1647
f 1648 1649 1650
f 1651 1652 1653
f 1654 1655 1656
f 1665 1666 1667
f 1682 1683 1684
f 1691 1692 1693
f 1694 1695 1696
f 1697 1698 1699
f 1700 1701 1702
f 1709 1710 1711
f 1712 1713 1714
f 1715 1716 1717
f 1726 1720 1727
f 1729 1730 1731
f 1736 1737 1738
f 1745 1746 1747
f 1750 1751 1752
f 1753 1754 1755
f 1764 1765 1766
f 1769 1770 1771
f 1770 1774 1775
f 1778 1779 1780
f 1781 1782 1783
f 1784 1785 1786
f 1787 1788 1789
f 1790 1791 1792
f 1793 1794 1795
f 1798 1799 1800
f 1801 1802 1803
f 1806 1807 1805
f 1808 1809 1810
f 1811 1812 1813
f 1822 1823 1824
f 1825 1826 1827
f 1828 1829 1830
f 1831 1832 1833
f 1834 1835 1836
f 1841 1842 1843
f 1844 1845 1846
f 1851 1852 1853
f 1854 1855 1856
f 1857 1858 1859
f 1865 1866 1867
f 1870 1871 1872
f 1873 1874 1875
f 1876 1877 1878
f 156 1879 1880
f 1881 1882 1883
f 1886 1887 1888
f 1889 1890 1891
f 1896 1897 1898
f 318 1901 1902
f 1903 1904 1905
f 1906 1907 1908
f 1909 1910 1911
f 1914 1915 1916
f 1917 1918 1919
f 1922 1923 1924
f 1928 1929 1930
f 1931 1932 1933
f 1934 1935 1936
f 1941 1942 1943
f 1944 1945 1946
f 1947 1948 1949
f 1950 1951 1952
f 1954 1955 1956
f 1957 1958 1959
f 1960 1961 1962
f 1963 1964 1965
f 1966 1967 1968
f 1969 1970 1971
f 1978 1979 1980
f 1981 1982 1983
f 1984 1985 1986
f 1987 1988 1989
f 1994 1995 1996
f 1997 1998 1999
f 2006 2007 2008
f 2009 2010 2011
f 2012 2013 2014
f 2015 2016 2017
f 2018 2019 2020
f 2021 2022 2023
f 2024 2025 2026
f 2027 2028 2029
f 2030 2031 2032
f 2033 2034 2035
f 2040 2041 2042
f 2043 2044 2045
f 2046 2047 2048
f 2049 2050 2051
f 2052 2053 2054
f 2055 2056 2057
f 2058 2059 2060
f 2061 2062 2063
f 2066 2067 2068
f 2069 2070 2071
f 2072 2073 2074
f 2075 2076 2077
f 2078 2079 2080
f 2083 2084 2085
f 2086 2087 2088
f 2089 2090 2091
f 2092 2093 2094
f 2095 2096 2097
f 2098 309 2099
f 2102 2103 2104
f 2105 1653 2106
f 2109 2110 2111
f 2112 2113 2114
f 2115 2116 2117
f 2122 2123 2124
f 2125 2126 2127
f 2131 2132 2133
f 2137 2138 2139
f 2142 2143 2144
f 2147 2148 2149
f 2150 2151 2152
f 2153 2154 2155
f 2156 2157 2158
f 2159 2160 2161
f 2162 2163 2164
f 2174 2175 2176
f 2177 2178 2179
f 2187 2188 2189
f 2190 2191 2192
f 2193 2194 2195
f 2196 2197 2198
f 2201 2202 2203
f 2210 2211 2212
f 2213 2214 2215
f 2216 2217 2218
f 2221 2222 2223
f 2224 2225 2226
f 2229 2230 2231
f 2232 2233 2234
f 2235 2236 2237
f 2238 2239 2240
f 2241 2242 2243
f 2244 2245 2246
f 2251 2252 2253
f 2259 2260 2261
f 2262 2263 2264
f 2265 2266 2267
f 2268 2269 2270
f 2273 2274 2275
f 2276 2277 2278
f 2281 2282 2283
f 2247 2289 2290
f 2291 2292 2293
f 2298 2299 2300
f 2301 2302 2303
f 2304 2305 2306
f 2307 2308 2309
f 2312 2313 2314
f 2325 2326 2316
f 2335 2336 2337
f 2338 2339 2340
f 2341 2342 2343
f 2346 2347 2348
f 2350 2351 2352
f 2353 2354 2355
f 2362 2363 2364
f 2365 2366 2367
f 2372 2373 2374
f 2377 2378 2379
f 2380 2381 2382
f 2389 2390 2391
f 2403 2404 2405
f 2406 2407 2408
f 2409 2410 2411
f 2412 2413 2414
f 2415 2416 2417
f 2422 2423 2424
f 2425 2426 2427
f 2430 2431 2432
f 2435 2436 2437
f 2438 2439 2440
f 2441 2442 1890
f 2445 2446 1800
f 2449 2450 2451
f 2454 2455 2456
f 2457 2458 2459
f 2460 2461 2462
f 2463 2464 2465
f 2466 2467 338
f 2468 2469 2470
f 2476 2477 2474
f 2478 2479 2480
f 2481 2482 2483
f 2484 2485 2486
f 2487 2488 2489
f 2490 2491 2492
f 2496 2497 2490
f 2498 1536 2499
f 2500 2501 2502
f 2503 2504 2505
f 2506 2507 2508
f 2509 2510 2511
f 2512 2513 2514
f 2516 2517 2518
f 2519 2520 2521
f 2525 2526 2527
f 2530 2531 2532
f 2533 2534 1812
f 2535 2536 2537
f 1688 2540 1538
f 2543 2544 2545
f 2546 2547 2548
f 2551 2552 2553
f 2554 2555 2556
f 2568 2569 2570
f 2572 2573 2574
f 2575 2576 2577
f 2578 2579 2580
f 2582 2583 2584
f 347 2585 2586
f 354 2587 355
f 2588 2589 2590
f 2591 2592 2593
f 2600 2601 2602
f 2607 2608 2609
f 2610 2611 2612
f 2613 2614 2615
f 2632 391 2633
f 2646 2647 2648
f 2657 2658 2659
f 2662 2663 2639
f 2673 2674 2675
f 2692 2693 2694
f 2701 2702 2703
f 2704 349 2705
f 377 2706 2707
f 2708 2709 2710
f 2711 2712 2713
f 2714 2715 2716
f 2717 2718 2719
f 2720 2721 2722
f 2723 2724 2725
f 2726 2727 2728
f 2729 2730 2731
f 2732 2733 2734
f 2735 2736 2737
f 419 2738 2739
f 2740 2741 2742
f 2743 2744 2745
f 2746 2747 2748
f 2749 2750 2751
f 2754 2755 2756
f 2757 2758 2759
f 2760 2761 2762
f 2763 2764 2765
f 2766 2767 2768
f 2771 2772 2773
f 2774 2719 2775
f 2776 2777 2778
f 2779 2780 2781
f 395 2782 2783
f 434 2786 454
f 2790 2791 2792
f 2793 2794 2795
f 2798 2799 2800
f 2801 2802 2803
f 2806 2807 2808
f 480 1321 481
f 2809 2810 2811
f 2812 2813 2814
f 489 488 2817
f 2820 2821 2822
f 2823 831 2824
f 2825 2826 2827
f 2828 2829 2830
f 2831 2832 2833
f 2834 2835 2836
f 2837 2838 2839
f 2840 2841 806
f 2844 2845 2846
f 2847 2848 2849
f 2850 2851 2852
f 2853 2854 2855
f 530 2856 531
f 2859 2819 2860
f 2861 2862 2863
f 2866 2867 2868
f 2869 2870 2871
f 2874 2875 2876
f 2877 2878 2879
f 699 2880 2881
f 690 691 2884
f 2885 2886 2887
f 2888 733 2889
f 2890 680 2891
f 2892 2893 2894
f 2895 2896 578
f 2899 2900 2901
f 2904 2905 2906
f 2907 2908 2909
f 2910 2911 2912
f 2913 2914 2915
f 2916 1413 2917
f 597 2918 595
f 2919 2920 2921
f 2922 2923 2924
f 660 659 2925
f 2926 2927 601
f 658 2928 2929
f 2930 2931 2932
f 2935 2936 2937
f 2938 2939 2940
f 2941 2942 2943
f 2944 2945 2946
f 2947 2948 2949
f 2950 2951 2952
f 2953 2954 2955
f 2956 2957 2958
f 652 651 2959
f 2960 2961 2962
f 2963 635 2957
f 2964 627 629
f 2965 2966 2954
f 2967 2968 2969
f 626 625 2970
f 2971 2972 2973
f 2974 2975 2976
f 2979 2980 2981
f 2928 2982 2983
f 2984 2985 2986
f 2989 2919 2990
f 2991 2992 2993
f 2995 2996 2997
f 2998 2999 3000
f 3001 3002 3003
f 3004 617 675
f 3005 3006 3007
f 3008 3009 3010
f 3011 3012 3013
f 3014 689 3015
f 3019 3020 3021
f 3022 558 560
f 3023 3024 3025
f 3026 3027 581
f 3028 3029 3030
f 717 716 3035
f 3036 3037 3038
f 3039 3040 3041
f 3042 3043 3044
f 3045 3046 3047
f 3048 3049 3050
f 3051 3052 3053
f 3054 3055 3056
f 3057 545 3058
f 3061 3062 735
f 3063 3064 3065
f 3067 3068 3069
f 2862 2861 2865
f 754 3074 3075
f 3076 3077 3078
f 3079 2853 3080
f 3081 3082 3083
f 3084 3085 3086
f 768 3089 3090
f 2851 3091 3092
f 3093 3094 3095
f 783 3101 784
f 786 3102 787
f 789 3103 790
f 3104 793 3105
f 797 796 3106
f 798 3107 799
f 801 3108 802
f 3109 3110 3111
f 3112 808 3113
f 3114 3115 1311
f 3116 814 508
f 3117 3118 817
f 819 3119 820
f 822 3120 823
f 3121 825 827
f 3122 3123 2825
f 3124 3125 3126
f 3127 3128 3129
f 3130 3131 3132
f 3136 489 841
f 1272 1271 3138
f 1268 3139 3140
f 3141 3142 3143
f 1262 1261 3144
f 3145 3146 3147
f 3148 3149 857
f 858 3150 859
f 861 3151 862
f 865 3152 3153
f 869 3154 867
f 3155 3156 3157
f 3158 1174 3159
f 3160 3161 3162
f 3163 3164 3165
f 3166 3167 3168
f 3169 3170 3171
f 3172 3173 3174
f 3175 3176 3177
f 3178 3179 3180
f 3181 3182 3183
f 3184 3168 3185
f 3186 3165 3187
f 3191 3192 3193
f 3194 3195 3196
f 3198 3199 3200
f 112 111 3201
f 3202 3203 3204
f 3205 3206 3207
f 3208 3209 3210
f 3211 3212 3213
f 3214 3215 3216
f 3217 3218 3219
f 3220 3221 3222
f 3223 3224 937
f 3225 3226 3227
f 3230 3231 3232
f 3233 106 3234
f 3235 3236 3237
f 3238 3239 3240
f 3241 3242 3243
f 3246 3247 3248
f 3249 3250 3251
f 3252 3253 3254
f 3255 3256 3257
f 3258 3259 3260
f 3261 3262 3263
f 3264 3265 3266
f 3267 3268 3269
f 971 3270 3271
f 976 3273 3274
f 3275 3276 978
f 3277 3278 3279
f 3280 3281 3282
f 3283 3284 3285
f 3286 3287 3288
f 3289 3290 3291
f 968 3292 3293
f 3296 3297 3298
f 31 3299 3300
f 3301 3302 3303
f 3306 3307 3308
f 1014 3310 3311
f 3314 3315 3316
f 3317 3318 3319
f 3320 3321 3322
f 1037 3323 3324
f 3325 3326 3327
f 3335 3336 3337
f 3338 3339 1048
f 3340 3341 3342
f 3343 3344 3345
f 3346 3347 3348
f 1055 1054 1056
f 3349 3350 3351
f 3352 3353 3310
f 3354 3355 3356
f 3358 3359 3360
f 3361 1380 3362
f 3363 3364 3365
f 3366 3367 3368
f 3372 3373 3374
f 1351 3375 3376
f 1076 3301 1077
f 3381 3382 3356
f 3383 3384 3385
f 1389 3386 3387
f 3388 3389 3390
f 1384 3391 3392
f 3393 3394 3395
f 3396 3397 3398
f 3399 3400 3401
f 3402 3403 3404
f 3407 3408 3409
f 3406 3412 3413
f 948 947 3414
f 1107 3415 3416
f 3417 3418 3419
f 1109 3420 1110
f 1112 3421 3422
f 3423 3424 3425
f 3428 3429 3430
f 3431 3432 3433
f 3437 3438 3321
f 3439 3440 3441
f 3442 3443 3444
f 3445 3446 3447
f 3448 3449 3450
f 3451 3452 3453
f 3454 3455 3456
f 3457 3458 3459
f 3462 3463 1153
f 3195 3464 3465
f 3467 3468 912
f 3471 3261 3472
f 3473 3474 3407
f 3477 3161 3160
f 3479 3480 3481
f 3482 3483 3484
f 3485 907 3486
f 3487 3193 3488
f 1178 3489 3490
f 3491 3492 3493
f 3494 3495 3496
f 1185 1184 3497
f 3498 3499 3500
f 3501 3502 3503
f 3504 3505 3506
f 3507 3508 3509
f 3510 3511 3512
f 3513 3514 3515
f 3516 1239 3517
f 3518 3519 1260
f 3521 3522 3523
f 3524 3525 1231
f 3526 1222 1219
f 1222 3527 3528
f 3529 3530 3531
f 3532 3533 3534
f 3535 3536 3537
f 3538 3539 3540
f 3541 3542 3543
f 3544 3545 1239
f 1286 1285 3548
f 3551 3552 3553
f 3554 3555 1117
f 3556 3557 3558
f 930 3559 3560
f 3565 3566 3567
f 3568 3569 3570
f 3571 3572 3573
f 1276 3576 82
f 3577 3578 3579
f 3580 3581 3582
f 3583 96 3584
f 3585 3586 3587
f 3588 3589 3590
f 3591 3592 3593
f 3596 3597 5
f 1296 3598 1297
f 3599 2846 3600
f 2843 3602 3603
f 3098 3604 3605
f 3606 3607 3608
f 3610 3611 3612
f 2803 2802 3613
f 3614 3615 3616
f 1317 3619 1318
f 3624 65 3625
f 3626 3627 70
f 3628 3629 78
f 3630 3631 3632
f 3633 861 3634
f 3635 858 3636
f 3637 3638 3639
f 3640 3641 3642
f 3643 3644 3645
f 3648 3649 3650
f 3652 3653 3426
f 3654 3655 3656
f 3657 944 943
f 3658 1358 3659
f 3662 3663 3664
f 3665 3666 3667
f 3672 3673 3674
f 3676 3677 3678
f 3680 3681 3682
f 3683 3684 3685
f 3686 3687 3688
f 3689 3690 3691
f 3405 3695 3696
f 3697 3698 1378
f 3699 3700 3701
f 3702 3703 1382
f 1384 3706 3707
f 3708 3709 3710
f 3712 3713 3714
f 3717 3718 3719
f 3720 3721 3722
f 3723 674 673
f 3726 3727 3728
f 2926 601 3729
f 3739 3737 3740
f 3747 3748 3749
f 3750 3751 1410
f 3752 3753 3754
f 3755 3756 3757
f 210 3758 3759
f 3763 3764 3765
f 3767 3768 3769
f 1442 3770 1440
f 1431 1430 3773
f 3775 3776 3777
f 3778 3779 218
f 3782 3783 3784
f 3785 238 3786
f 3787 3788 3789
f 1459 3792 3793
f 3796 3797 3798
f 275 3804 3803
f 3810 3811 3812
f 3815 3816 261
f 1488 3817 1489
f 1482 3820 3813
f 3822 1499 3823
f 3824 3825 3826
f 3828 280 3829
f 3834 3835 3836
f 3835 3837 1514
f 1514 3838 1518
f 1521 3839 3840
f 3842 2386 3843
f 3844 3845 3846
f 3847 3848 3841
f 3849 3850 3851
f 3856 3857 3858
f 3859 3860 1534
f 3865 1537 1539
f 3866 1541 1540
f 1545 1544 3867
f 3868 3869 1550
f 3881 3882 3883
f 3884 1564 3885
f 3886 3887 3888
f 3889 3890 3891
f 1569 1568 3892
f 3893 3894 3895
f 1577 3896 3895
f 3897 3898 1577
f 3900 3901 3902
f 3908 1584 3909
f 3910 3911 3912
f 48 305 3916
f 3923 3924 3925
f 3929 3930 1599
f 1608 3933 3934
f 1619 1618 3938
f 1621 3941 1622
f 3942 3943 3944
f 3946 3947 3940
f 3950 306 3951
f 3956 3957 3958
f 3959 3960 3961
f 3963 3964 3965
f 3966 3967 3968
f 3969 3970 3971
f 3972 3973 3974
f 2041 3975 3976
f 1650 1649 3978
f 3979 3980 3981
f 3982 3983 3984
f 3985 2679 1655
f 308 307 3986
f 3989 303 1664
f 3990 3991 3992
f 3993 3994 1670
f 3996 3997 1554
f 4003 4004 4005
f 4006 4007 4008
f 4011 4012 4013
f 4014 4015 4016
f 4017 4018 4019
f 1698 1697 4020
f 4021 4022 4023
f 4024 4025 4026
f 4033 4034 4035
f 4037 4038 4039
f 4041 4042 4043
f 4045 4046 4047
f 4053 4054 4055
f 4058 4059 4060
f 4064 4065 1739
f 4066 4067 4068
f 1749 1748 4076
f 4077 4078 4079
f 4080 4081 4082
f 4083 4084 2537
f 4086 4087 4088
f 4093 4094 4095
f 4098 4062 4099
f 1775 4105 4106
f 1776 4107 4108
f 4109 4110 4111
f 2430 4112 4113
f 4114 4115 4116
f 4117 4118 4119
f 4122 4123 4124
f 4125 4126 4127
f 4130 4131 4132
f 4133 50 4134
f 4135 4136 4137
f 4138 4139 4140
f 4141 2522 4142
f 4143 4144 4145
f 4146 4147 4148
f 4149 4150 4151
f 4159 4160 4161
f 4162 4163 4164
f 1845 4171 4172
f 4175 4176 4177
f 4178 4179 4180
f 4181 4182 4183
f 1851 4184 4185
f 1529 4186 4187
f 4188 4189 4190
f 1818 1860 4155
f 4191 4192 4193
f 4194 4195 4196
f 2444 2443 4200
f 4201 1870 1872
f 4202 4203 1866
f 4204 4205 4206
f 156 845 1879
f 1881 4207 1882
f 4209 4210 4211
f 4212 4213 4214
f 4215 4216 4217
f 1892 4218 1894
f 1137 4220 4221
f 4222 4223 4224
f 4227 4228 4229
f 4230 317 4231
f 4232 4233 4234
f 4237 4238 4239
f 4240 4241 4242
f 1912 4246 1913
f 4247 4248 4249
f 1918 4254 4255
f 4256 4257 4258
f 4259 4260 4261
f 1924 1923 4262
f 332 4270 4271
f 4274 4275 4276
f 4277 4273 4278
f 4292 4293 4294
f 1950 4295 4296
f 4297 4298 4299
f 4303 4304 4305
f 4307 4308 4309
f 4310 4311 4312
f 4313 4314 4315
f 4308 4316 4317
f 2012 4319 4320
f 4326 4327 1982
f 4328 1987 1989
f 4330 1992 4331
f 2003 4336 4337
f 4340 4341 4342
f 4343 4344 4345
f 4346 2013 4347
f 4348 4349 4350
f 2015 4351 2016
f 2018 4352 2019
f 4353 4354 4355
f 2025 4358 4359
f 4360 2000 4361
f 4362 4363 4364
f 4366 4367 4368
f 4369 4370 4371
f 4372 4373 2038
f 4374 4375 4376
f 4382 4383 4384
f 4385 4386 4387
f 4388 4389 4390
f 4391 4392 4393
f 4394 2058 4395
f 4398 4399 4400
f 4401 2064 2065
f 4402 4403 2068
f 4405 4406 4407
f 4408 4409 4410
f 4411 2076 4412
f 4413 2078 2080
f 4414 4415 1674
f 4416 4417 4418
f 4419 4420 4421
f 4422 4423 4424
f 4425 4426 2084
f 4427 4428 4429
f 4430 4431 4432
f 4433 4434 2089
f 4023 4022 1672
f 4435 4436 4437
f 2092 4438 4439
f 4440 4441 4442
f 4443 4444 4445
f 4446 357 2108
f 4447 4448 4449
f 4450 4451 4452
f 4378 4453 2103
f 4454 4455 2105
f 4456 4457 4458
f 2093 4459 4460
f 4461 4462 4463
f 4387 4386 4464
f 4465 4466 4467
f 4468 4469 4470
f 2126 4475 4476
f 4479 4480 4481
f 4482 4483 4484
f 4485 4486 4487
f 4488 4489 4490
f 4498 4499 4500
f 4502 4503 4504
f 4505 4506 2143
f 2280 2145 4507
f 4509 4510 4511
f 4512 4513 4514
f 4515 4516 4517
f 4518 4519 4520
f 4521 4520 4522
f 4523 2162 2164
f 4524 4525 4526
f 2212 4528 4529
f 4530 2168 2169
f 4533 4534 4535
f 4536 4537 1662
f 4538 4539 4540
f 4541 4542 4543
f 4546 4547 4548
f 4552 4553 4554
f 2185 4560 4561
f 4564 4565 4566
f 4567 4568 4569
f 2196 4570 2197
f 4574 4575 4573
f 4578 4579 4580
f 4581 4582 4583
f 2211 4584 4585
f 4586 4587 4588
f 4589 2375 2376
f 2216 4590 4591
f 4593 2220 2372
f 4595 4596 4597
f 2236 4600 4601
f 4602 4603 4604
f 4605 4606 2235
f 4607 4608 4609
f 4610 4611 4606
f 4614 4615 4616
f 4623 4624 4625
f 4627 4628 4629
f 4630 2264 4631
f 4634 4635 4636
f 2227 4637 4638
f 4640 4641 4642
f 2278 2277 4643
f 2279 4644 2280
f 4645 4646 4647
f 4648 4649 4650
f 4651 4652 2284
f 2139 2138 4653
f 4654 4655 4656
f 4658 4659 4660
f 4661 4662 4663
f 4668 4669 4670
f 2301 4671 2302
f 2303 2302 2304
f 4672 4673 4674
f 4675 4676 4677
f 4678 4679 4680
f 4681 2350 2352
f 4682 4683 4669
f 4687 4688 4689
f 4690 4691 4692
f 4693 4694 2327
f 2328 2332 4696
f 4698 4699 4700
f 4701 4702 4703
f 4704 2343 4705
f 4707 4708 4709
f 4711 4712 4713
f 4715 4716 4717
f 4720 299 298
f 4732 2220 2219
f 4734 1536 1535
f 4477 4742 4743
f 4746 1999 4747
f 4751 4752 4753
f 4754 4755 4756
f 2406 2408 4757
f 4760 4761 4762
f 4763 4764 4765
f 4766 4767 4768
f 4770 4771 4772
f 4773 4774 4775
f 4776 4777 4778
f 4779 4295 2424
f 4780 4781 4782
f 4790 4791 4792
f 2440 4793 2438
f 4794 4795 4796
f 4798 324 4799
f 4803 4804 4805
f 2454 4809 2455
f 4810 4811 4812
f 4813 4814 4815
f 4816 4817 4818
f 2463 4819 4820
f 4820 4819 4821
f 4823 2468 2470
f 4828 4829 2466
f 2461 4830 4831
f 4840 2499 4841
f 4842 4843 4844
f 4851 4852 4853
f 2515 4854 4855
f 1795 1794 4856
f 4858 4859 4860
f 4861 4862 2525
f 4867 4868 4869
f 4876 4008 2543
f 4877 4878 4879
f 2551 4880 2552
f 2554 4881 2555
f 4883 4884 4885
f 2575 4886 2576
f 1645 4887 4888
f 4891 4892 4893
f 4894 4895 347
f 2587 4896 4897
f 356 4898 4899
f 4900 4901 4902
f 2592 4903 4904
f 4905 366 4906
f 2699 4907 4908
f 4914 2604 4915
f 377 2707 4916
f 4918 2609 2608
f 4919 4920 2611
f 2624 4930 4931
f 4938 2642 4939
f 4950 4951 4952
f 307 2647 4953
f 392 4955 380
f 2658 4956 2656
f 4957 4958 4959
f 4967 4968 4969
f 4972 4973 61
f 4974 4975 4976
f 4977 4978 4979
f 4941 4983 2644
f 4988 4989 2623
f 4990 4991 4992
f 4993 4990 4994
f 2601 4995 4996
f 4997 4998 4999
f 5000 365 5001
f 5002 5003 5004
f 5005 5006 5007
f 5008 5009 5010
f 5011 5012 5013
f 5014 5015 2779
f 5016 5017 5018
f 5019 5020 2773
f 5021 5022 5023
f 403 413 5026
f 5029 5030 5031
f 5034 5035 5036
f 5037 5038 5039
f 5040 5041 5042
f 5045 5046 5047
f 5048 5049 5050
f 5051 5052 5053
f 5054 5055 5056
f 5057 5058 5059
f 5062 5063 5064
f 5065 5066 5067
f 5068 5069 5070
f 5071 5072 5073
f 5074 5075 5076
f 5079 5080 5081
f 5026 5082 5083
f 63 449 5085
f 438 447 446
f 5087 5088 5089
f 5090 5091 5092
f 5094 5095 5096
f 5097 5098 5099
f 5101 5102 5103
f 5104 5105 5106
f 5109 5110 5111
f 5114 5115 5116
f 5117 5118 5119
f 5120 5121 5118
f 5123 5124 5125
f 5133 5134 5135
f 5139 5126 5127
f 5141 5142 5143
f 5152 5153 5154
f 5104 5155 5156
f 5160 5161 5162
f 5163 5164 5165
f 5166 5167 5168
f 5174 5175 5176
f 5179 5180 5181
f 5182 5183 5184
f 5185 5186 5187
f 5189 5190 5191
f 5192 5193 5194
f 5195 5196 5197
f 5198 5199 5200
f 5203 5204 5205
f 5211 5210 5212
f 5218 5219 5220
f 5221 5222 5223
f 5224 5225 5226
f 5227 5228 5229
f 5230 5231 5232
f 5233 5234 5235
f 5236 5237 5238
f 5242 5243 5244
f 5236 5238 5249
f 5250 5251 5252
f 5255 5256 5257
f 5258 5259 5260
f 5263 5264 5265
f 5266 5267 5268
f 5269 5270 5271
f 5277 5278 5279
f 5287 5288 5289
f 5292 5293 5294
f 5297 5298 5299
f 5218 5303 5304
f 5305 5306 5307
f 5308 5309 5310
f 5316 5317 5318
f 5319 5204 5320
f 5325 5183 5326
f 5334 5335 5336
f 5337 5338 5095
f 5339 5340 5341
f 5344 5345 5346
f 5344 5345 5097
f 5347 5348 5349
f 5350 5124 5351
f 5352 5353 5354
f 5355 5356 5357
f 5358 5359 5360
f 5361 5362 5363
f 5366 5367 5368
f 5369 5370 5371
f 5372 5373 5374
f 5140 5108 5375
f 5110 5114 5111
f 5383 5384 5122
f 5125 5391 5128
f 5392 5391 5129
f 5393 5394 5395
f 5402 5403 5404
f 5406 5407 5408
f 5101 5412 5413
f 5414 5108 5415
f 5416 5417 5144
f 5148 5425 5417
f 5426 5154 5427
f 5428 5429 5430
f 5431 5432 5433
f 5434 5435 5436
f 5437 5438 5439
f 5442 5343 5443
f 5444 5445 5446
f 5447 5448 5449
f 5450 5451 5452
f 5453 5454 5455
f 5159 5457 5458
f 5465 5466 5467
f 5468 5469 5470
f 5475 5476 5477
f 5478 5479 5480
f 5486 5172 5487
f 5504 5505 5506
f 5507 5508 5509
f 5510 5511 5512
f 5513 5514 5515
f 5519 5520 5521
f 5524 5164 5525
f 5525 5526 5527
f 5179 5181 5175
f 5540 5535 5541
f 5548 5549 5550
f 5551 5552 5553
f 5567 5569 5570
f 5557 5558 5559
f 5581 5582 5583
f 5584 5585 5586
f 5587 5588 5589
f 5592 5593 5594
f 5601 5602 5603
f 5609 5613 5614
f 5606 5604 5617
f 5618 5619 5620
f 5621 5202 5622
f 5628 5629 5630
f 5639 5640 5641
f 5643 5644 5645
f 5653 5654 5655
f 5656 5657 5658
f 5625 5666 5667
f 5673 5209 5202
f 5676 5677 5218
f 5682 5683 5684
f 5689 5690 5691
f 5693 5694 5695
f 5696 5697 5698
f 5699 5700 5701
f 5704 5705 5222
f 5714 5713 5715
f 5720 5721 5722
f 5710 5725 5726
f 5736 5737 5738
f 5739 5740 5741
f 5744 5745 5746
f 5749 5750 5751
f 5752 5753 5754
f 5755 5756 5757
f 5758 5759 5760
f 5763 5764 5765
f 5777 5232 5231
f 5796 5797 5798
f 5802 5803 5800
f 5814 5815 5816
f 5817 5818 5819
f 5820 5821 5822
f 5824 5825 5826
f 5833 5776 5244
f 5841 5842 5843
f 5841 5845 5846
f 5847 5848 5849
f 5824 5853 5238
f 5850 5820 5822
f 5819 5818 5856
f 5863 5864 5865
f 5866 5867 5865
f 5729 5870 5730
f 5872 5873 5874
f 5876 5877 5878
f 5879 5880 5881
f 5887 5888 5252
f 5890 5891 5892
f 5895 5896 5894
f 5899 5900 5901
f 5904 5905 5906
f 5913 5261 5914
f 5927 5928 5929
f 5931 5932 5933
f 5265 5940 5941
f 5944 5945 5946
f 5948 5945 5949
f 5952 5951 5953
f 5960 5961 5962
f 5966 5967 5965
f 5969 5272 5966
f 5970 5955 5971
f 5264 5939 5265
f 5987 5988 5989
f 5991 5992 5987
f 5993 5994 5995
f 5996 5997 5998
f 5999 6000 6001
f 6002 6003 6004
f 6005 6006 6007
f 6018 6019 6020
f 6025 6026 5226
f 5196 6036 5197
f 6042 6043 6030
f 6044 6045 6046
f 6050 6051 6052
f 5543 6058 6059
f 6060 6061 6062
f 6068 6069 5697
f 5658 6070 6071
f 6072 5662 6073
f 6078 6079 6080
f 6093 6094 6095
f 6096 6097 6098
f 6101 6102 6094
f 6090 6103 6104
f 6108 6109 5693
f 6117 6118 5302
f 6122 6111 6121
f 6123 6124 6125
f 6127 6129 6130
f 6131 6133 6134
f 6135 6136 5679
f 6137 6127 6138
f 5318 6147 6148
f 6151 6152 6153
f 6158 6159 6160
f 6163 5300 5313
f 6180 5310 6182
f 6192 6193 6194
f 6195 6196 6197
f 5699 6202 5323
f 6204 5322 6205
f 6208 6209 6210
f 6211 6212 6208
f 6214 6215 6216
f 5204 6218 6219
f 6225 6223 6224
f 6235 5545 5544
f 6242 6243 6244
f 6247 6248 6249
f 6250 6251 6252
f 6250 6253 6254
f 6255 6250 6256
f 6257 6258 6259
f 6260 6261 6262
f 6263 6264 6265
f 6258 6266 6267
f 6268 6269 6270
f 6271 6258 6272
f 6273 6274 6275
f 6276 6277 6278
f 6279 6280 6281
f 6282 6283 6284
f 6285 6286 6287
f 6288 6289 6290
f 6291 6292 6293
f 6294 6295 6296
f 6297 6298 6299
f 6300 6301 6302
f 6306 6307 6308
f 6309 6310 6311
f 6312 6313 6314
f 6315 6316 6317
f 6318 6319 6320
f 6322 6323 6324
f 6325 6326 6327
f 6328 6329 6330
f 6331 6332 6333
f 6334 6335 6336
f 6337 6338 6339
f 6342 6326 6343
f 6344 6345 6346
f 6343 6347 6348
f 6349 6350 6351
f 6352 6353 6354
f 6355 6356 6357
f 6360 6361 6362
f 6363 6364 6365
f 6366 6367 6368
f 6369 6370 6371
f 6369 6372 6373
f 6369 6374 6375
f 6376 6377 6378
f 6377 6379 6380
f 6381 6377 6376
f 6382 6383 6384
f 6387 6388 6389
f 6390 6391 6392
f 6393 6394 6395
f 6396 6397 6398
f 6399 6400 6401
f 6404 6405 6406
f 6407 6408 6409
f 6410 6411 6412
f 6413 6414 6415
f 6416 6417 6418
f 6419 6420 6421
f 6423 6424 6425
f 6426 6427 6428
f 6429 6430 6431
f 6432 6433 6434
f 6435 6436 6437
f 6313 6442 6314
f 6447 6448 6322
f 6453 6323 6454
f 6456 6453 6457
f 6468 6469 6470
f 6472 6473 6474
f 6475 6476 6477
f 6478 6479 6480
f 6481 6482 6483
f 6484 6254 6482
f 6489 6490 6491
f 6497 6498 6499
f 6514 6481 6515
f 6518 6519 6520
f 6512 6257 6259
f 6523 6522 6524
f 6532 6533 6531
f 6290 6537 6288
f 6542 6543 6544
f 6258 6548 6549
f 6555 6556 6286
f 6566 6567 6559
f 6465 6570 6464
f 6457 6460 6456
f 6276 6575 6280
f 6558 6582 6583
f 6586 6587 6279
f 6286 6556 6284
f 6608 6261 6541
f 6612 6613 6614
f 6621 6622 6623
f 6489 6492 6307
f 6305 6643 6304
f 6291 6644 6305
f 6650 6651 6640
f 6639 6637 6638
f 6611 6616 6610
f 6654 6252 6655
f 6492 6295 6493
f 6479 6656 6562
f 6309 6657 6658
f 6659 6660 6459
f 6674 6673 6670
f 6670 6316 6674
f 6677 6678 6680
f 6673 6689 6690
f 6673 6689 6672
f 6245 6692 6691
f 6321 6696 6697
f 6671 6698 6321
f 6700 6699 6669
f 6687 6703 6685
f 6668 6667 6705
f 6709 6710 6711
f 6714 6715 6716
f 6717 6718 6719
f 6720 6721 6722
f 6723 6724 6725
f 6726 6727 6728
f 6731 6725 6732
f 6733 6734 6735
f 6720 6736 6721
f 6737 6738 6739
f 6740 6741 6742
f 6743 6744 6332
f 6745 6746 6747
f 6752 6753 6754
f 6755 6756 6340
f 6757 6758 6759
f 6760 6761 6762
f 6763 6764 6765
f 6768 6769 6770
f 6771 6772 6773
f 6774 6768 6775
f 6776 6777 6778
f 6779 6780 6781
f 6782 6783 6784
f 6787 6764 6788
f 6789 6790 6791
f 6762 6792 6793
f 6761 6794 6795
f 6796 6714 6797
f 6777 6798 6796
f 6799 6800 6801
f 6802 6803 6804
f 6805 6806 6807
f 6339 6808 6809
f 6810 6811 6812
f 6799 6813 6800
f 6814 6815 6816
f 6817 6777 6818
f 6819 6820 6821
f 6822 6823 6824
f 6825 6350 6826
f 6755 6782 6827
f 6828 6829 6830
f 6327 6831 6325
f 6832 6833 6831
f 6834 6835 6836
f 6837 6838 6839
f 6840 6841 6842
f 6843 6844 6845
f 6842 6839 6846
f 6847 6848 6849
f 6837 6839 6850
f 6851 6852 6853
f 6854 6855 6856
f 6857 6858 6859
f 6860 6750 6861
f 6750 6862 6863
f 6848 6864 6865
f 6866 6867 6868
f 6869 6870 6871
f 6868 6872 6873
f 6874 6875 6876
f 6747 6877 6745
f 6878 6879 6880
f 6881 6882 6883
f 6884 6885 6886
f 6887 6888 6889
f 6890 6891 6746
f 6797 6716 6892
f 6893 6894 6895
f 6896 6897 6898
f 6900 6901 6902
f 6903 6904 6721
f 6905 6906 6907
f 6908 6907 6709
f 6911 6912 6726
f 6915 6916 6917
f 6918 6919 6920
f 6921 6922 6923
f 6924 6925 6926
f 6927 6928 6929
f 6930 6931 6932
f 6921 6933 6934
f 6935 6936 6937
f 6938 6939 6940
f 6941 6942 6943
f 6944 6945 6946
f 6947 6948 6949
f 6950 6951 6952
f 6953 6954 6955
f 6956 6957 6958
f 6959 6960 6961
f 6962 6963 6964
f 6965 6966 6967
f 6968 6969 6970
f 6971 6965 6972
f 6973 6974 6975
f 6976 6977 6963
f 6978 6979 6980
f 6984 6985 6986
f 6987 6988 6989
f 6990 6991 6992
f 6993 6994 6995
f 6996 6997 6998
f 7001 7002 7003
f 7008 6986 7007
f 7011 6958 7012
f 7013 7014 7015
f 6991 7016 7017
f 7018 6961 7019
f 7024 7025 7026
f 7027 6951 6950
f 6998 7028 7029
f 7030 7031 7032
f 7010 7033 6985
f 7034 7035 7036
f 6943 7037 6941
f 7038 7039 7040
f 7043 7044 7045
f 6916 7046 7047
f 7048 7049 7050
f 7051 7052 7053
f 6925 7054 7055
f 7056 7057 6344
f 6963 7058 6913
f 7059 7060 7061
f 7062 7063 7064
f 6357 7066 7067
f 7068 7069 7070
f 6426 6436 7072
f 7080 7081 7082
f 7086 7087 7088
f 7090 7091 7092
f 7111 7112 7106
f 7118 7119 7120
f 7121 7120 7122
f 7117 7123 7124
f 7128 7126 7105
f 7131 6397 7130
f 7161 7162 7163
f 7180 7181 7158
f 7158 7157 7156
f 7186 7187 7188
f 7196 7197 7198
f 7201 7195 7163
f 7208 7165 7209
f 7214 7215 7216
f 7240 7241 6375
f 7242 7243 7244
f 6364 7247 7248
f 7241 7259 7254
f 7260 7261 7235
f 7276 7277 7275
f 7279 7280 7281
f 7282 7284 7283
f 7289 7290 7287
f 7295 7297 7298
f 7300 7299 7301
f 7306 7307 7308
f 6419 6421 6422
f 7316 7315 7317
f 7316 7318 7315
f 7316 7302 7320
f 7315 7311 6361
f 7293 7323 7294
f 7331 7335 7330
f 7336 7074 7337
f 7344 6429 7343
f 7347 7326 7348
f 7355 7274 7353
f 7316 7303 7302
f 7282 7286 7360
f 7363 7364 7365
f 7366 7367 7368
f 7371 7372 7373
f 7374 7375 7376
f 7377 7378 7379
f 7380 7381 7382
f 7385 7386 7387
f 7388 7389 7390
f 7391 7392 7393
f 7394 7395 7396
f 7397 7398 7399
f 7400 7401 7402
f 7403 7404 7405
f 7406 7407 7408
f 7409 7410 7411
f 7413 7414 7415
f 7416 7417 7418
f 7419 7420 7421
f 7422 7423 7424
f 7427 7428 7429
f 7430 7431 7432
f 7417 7435 7436
f 7437 7438 7414
f 7439 7440 7441
f 7442 7443 7444
f 7445 7446 7447
f 7448 7395 7449
f 7393 7450 7451
f 7453 7454 7455
f 7456 7457 7458
f 7459 7460 7461
f 7455 7465 7466
f 7469 7470 7471
f 7472 7473 7474
f 7475 7476 7477
f 7478 7479 7480
f 7466 7481 7482
f 7453 7464 7483
f 7407 7484 7485
f 7487 7488 7489
f 7490 7491 7492
f 7493 7494 7495
f 7496 7433 7497
f 7499 7500 7501
f 7440 7502 7503
f 7504 7505 7506
f 7509 7510 7511
f 7515 7516 7517
f 7366 7518 7519
f 7520 7521 7522
f 7522 7523 7524
f 7525 7526 7431
f 7370 7530 7531
f 7532 7533 7534
f 7535 7374 7536
f 7376 7537 7538
f 7539 7540 7541
f 7379 7378 7542
f 7547 7548 7549
f 7551 7382 7552
f 7559 7560 7561
f 7575 7576 7387
f 7577 7578 7419
f 7530 7578 7579
f 7583 7584 7585
f 7588 7589 7590
f 7593 7594 7595
f 7596 7597 7598
f 7599 7600 7388
f 7601 7602 7603
f 7595 7604 7605
f 7612 7613 7614
f 7615 7616 7617
f 7620 7621 7622
f 7623 7624 7625
f 7616 7626 7627
f 7628 7629 7630
f 7631 7632 7633
f 7637 7638 7639
f 7641 7642 7643
f 7644 7645 7646
f 7647 7648 7649
f 7650 7651 7652
f 7653 7654 7655
f 7656 7657 7658
f 7659 7660 7661
f 7662 7663 7661
f 7649 7664 7665
f 7666 7667 7668
f 7646 7669 7670
f 7671 7672 7673
f 7674 7675 7676
f 7677 7678 7679
f 7679 7678 7680
f 7681 7682 7683
f 7684 7685 7686
f 7687 7688 7689
f 7690 7691 7692
f 7693 7694 7695
f 7696 7697 7698
f 7700 7699 7701
f 7706 7707 7708
f 7392 7711 7478
f 7714 7713 7715
f 7718 7719 7720
f 7724 7448 7725
f 7727 7709 7726
f 7728 7397 7729
f 7728 7729 7730
f 7733 7734 7735
f 7736 7737 7738
f 7738 7739 7740
f 7742 7743 7744
f 7747 7748 7749
f 7760 7761 7762
f 7764 7765 7407
f 7770 7768 7771
f 7776 7777 7778
f 7779 7780 7778
f 7783 7784 7785
f 7786 7787 7788
f 7795 7796 7797
f 7798 7799 7800
f 7803 7804 7805
f 7806 7807 7808
f 7809 7810 7811
f 7812 7813 7814
f 7815 7809 7811
f 7816 7817 7660
f 7818 7819 7820
f 7821 7822 7685
f 7825 7826 7827
f 7825 7812 7828
f 7829 7830 7831
f 7832 7833 7834
f 7835 7836 7837
f 7838 7839 7840
f 7841 7842 7843
f 7844 7845 7806
f 7846 7802 7847
f 7848 7849 7850
f 7851 7852 7853
f 7798 7854 7799
f 7855 7856 7783
f 7446 7857 7732
f 7707 7858 7788
f 7859 7860 7861
f 7748 7862 7863
f 7867 7868 7869
f 7872 7873 7874
f 7876 7878 7879
f 7880 7881 7879
f 7888 7889 7890
f 7895 7896 7897
f 7898 7899 7900
f 7901 7902 7769
f 7903 7770 7772
f 7904 7905 7772
f 7881 7468 7909
f 7455 7910 7467
f 7912 7773 7775
f 7912 7775 7913
f 7903 7906 7917
f 7415 7414 7918
f 7458 7776 7457
f 7835 7743 7742
f 7923 7924 7682
f 7925 7926 7927
f 7928 7929 7930
f 7931 7932 7933
f 7934 7935 7936
f 7939 7940 7941
f 7942 7943 7944
f 7945 7946 7947
f 7948 7946 7949
f 7952 7953 7954
f 7955 7956 7953
f 7957 7958 7959
f 7960 7961 7962
f 7963 7964 7960
f 7967 7968 7969
f 7553 7555 7551
f 7973 7969 7974
f 7978 7976 7979
f 7950 7962 7982
f 7983 7984 7985
f 7988 7989 7990
f 7991 7992 7993
f 7995 7996 7522
f 7999 7998 8000
f 8000 8001 7999
f 8002 8003 8004
f 8005 8006 8007
f 7993 8009 8010
f 8012 8013 8014
f 7976 7978 7975
f 7967 8015 7968
f 8018 8019 8020
f 8021 8022 8023
f 8026 8027 8028
f 8029 8030 8031
f 8029 8032 8030
f 8033 8034 8035
f 8036 8037 7932
f 8038 8039 8040
f 8019 8023 8027
f 8042 8043 8044
f 8042 8045 8046
f 8048 8049 8039
f 8050 8049 8048
f 8053 8054 8055
f 8058 8059 8052
f 8060 8061 8062
f 8063 8064 8065
f 7594 8066 8067
f 7591 8068 8069
f 8072 8073 8074
f 8075 8073 8046
f 8038 7931 8076
f 8077 8015 7967
f 7944 8078 8079
f 8080 8081 8082
f 7632 8084 7633
f 7617 8085 8086
f 8087 7527 8088
f 7588 8090 8091
f 8092 7580 8093
f 7574 8099 8100
f 8103 8104 7535
f 8105 8106 8107
f 8108 8109 8110
f 7565 7571 8112
f 7566 7565 7564
f 7557 7559 7556
f 8117 7516 8118
f 7512 8121 8122
f 8124 8125 7518
f 7498 8126 8127
f 7864 7413 8128
f 7400 7762 7760
f 7763 7751 7860
f 8129 7752 7751
f 8131 8132 8133
f 8139 8140 8138
f 8141 8142 8143
f 8144 8145 8146
f 8147 8148 7755
f 7508 7865 7864
f 7759 7415 7414
f 8151 8152 8153
f 7893 7886 8154
f 8154 8155 7886
f 8158 8159 8160
f 8168 8169 8170
f 8168 8171 7439
f 8174 8177 8178
f 8179 8180 8181
f 8184 7449 7395
f 8188 8189 7399
f 7712 7393 7713
f 8191 7922 7391
f 8192 8193 7503
f 8194 7440 8195
f 8194 8196 8168
f 8199 7885 7881
f 8201 8202 8203
f 8202 8204 8205
f 8212 8211 8213
f 8215 8216 8217
f 7709 8218 7403
f 7915 7774 7775
f 7915 8221 8222
f 8224 8225 8226
f 7478 7730 7728
f 8227 8228 8229
f 8234 8235 8236
f 8236 8235 7442
f 7499 8239 8240
f 8241 7770 7903
f 7905 7458 7904
f 8242 8243 8244
f 7497 7493 7495
f 8245 8246 7762
f 7486 7484 7487
f 8247 7903 7770
f 8248 8249 8250
f 8248 7500 8252
f 8254 8255 8253
f 8256 8259 8255
f 8261 8241 8248
f 7883 8263 8264
f 8274 8275 8276
f 8279 8280 8281
f 8282 8283 7724
f 7504 7506 8167
f 8287 7918 7759
f 8293 8294 8295
f 8296 8297 8298
f 8300 8301 8302
f 8303 8304 8305
f 8307 8308 8309
f 8310 8311 8312
f 8315 8316 8317
f 8320 8321 8322
f 8323 8324 8325
f 8326 8327 8324
f 8329 8330 8331
f 8338 8339 8340
f 8344 8332 8333
f 8346 8347 8348
f 8349 8350 8351
f 8358 8359 8360
f 8310 8361 8362
f 8366 8367 8368
f 8369 8370 8371
f 8372 8373 8374
f 8380 8381 8382
f 8385 8386 8387
f 8388 8389 8390
f 8391 8392 8393
f 8395 8396 8397
f 8398 8399 8400
f 8401 8402 8403
f 8404 8405 8406
f 8409 8410 8411
f 8417 8416 8418
f 8424 8425 8426
f 8427 8428 8429
f 8430 8431 8432
f 8433 8434 8435
f 8436 8437 8438
f 8439 8440 8441
f 8442 8443 8444
f 8448 8449 8450
f 8442 8444 8455
f 8456 8457 8458
f 8461 8462 8463
f 8464 8465 8466
f 8469 8470 8471
f 8472 8473 8474
f 8475 8476 8477
f 8483 8484 8485
f 8493 8494 8495
f 8498 8499 8500
f 8503 8504 8505
f 8424 8509 8510
f 8511 8512 8513
f 8514 8515 8516
f 8375 8521 8522
f 8523 8524 8525
f 8526 8410 8527
f 8532 8389 8533
f 8542 8543 8544
f 8545 8546 8301
f 8547 8548 8549
f 8556 8557 8558
f 8559 8560 8561
f 8562 8563 8564
f 8565 8566 8567
f 8568 8569 8570
f 8573 8574 8575
f 8576 8577 8578
f 8579 8580 8581
f 8316 8320 8317
f 8589 8590 8328
f 8596 8597 8331
f 8598 8597 8334
f 8599 8600 8601
f 8608 8609 8610
f 8612 8613 8614
f 8307 8617 8618
f 8619 8589 8344
f 8621 8314 8622
f 8623 8624 8349
f 8636 8360 8637
f 8638 8639 8640
f 8641 8642 8643
f 8644 8645 8646
f 8647 8648 8649
f 8652 8551 8653
f 8654 8655 8656
f 8657 8658 8659
f 8660 8661 8662
f 8663 8664 8665
f 8365 8667 8668
f 8675 8676 8677
f 8678 8679 8680
f 8685 8686 8687
f 8696 8378 8697
f 8713 8379 8714
f 8717 8718 8719
f 8720 8721 8722
f 8725 8726 8727
f 8731 8732 8733
f 8736 8370 8737
f 8737 8738 8739
f 8385 8387 8381
f 8753 8748 8754
f 8762 8763 8764
f 8765 8766 8767
f 8782 8784 8785
f 8772 8773 8774
f 8795 8796 8394
f 8797 8798 8799
f 8800 8801 8802
f 8803 8804 8805
f 8808 8809 8810
f 8811 8812 8813
f 8398 8817 8818
f 8822 8401 8823
f 8821 8832 8833
f 8834 8835 8836
f 8838 8839 8840
f 8847 8848 8849
f 8858 8859 8860
f 8862 8863 8864
f 8872 8873 8874
f 8875 8876 8877
f 8844 8885 8886
f 8892 8893 8839
f 8894 8418 8416
f 8897 8416 8415
f 8898 8899 8900
f 8911 8912 8913
f 8915 8916 8917
f 8918 8919 8920
f 8921 8922 8923
f 8926 8927 8428
f 8936 8935 8937
f 8942 8943 8944
f 8932 8947 8948
f 8959 8960 8961
f 8966 8967 8968
f 8971 8972 8973
f 8974 8975 8976
f 8977 8978 8979
f 8980 8981 8982
f 8985 8986 8987
f 8999 9000 9001
f 9021 9022 9023
f 9027 9028 9025
f 9039 9040 9041
f 9042 9043 9044
f 9045 8447 9046
f 9048 9049 9050
f 9058 9059 9060
f 9063 8998 9056
f 9072 9073 9074
f 9072 9076 9077
f 9048 9083 8455
f 9080 9045 9046
f 9093 9094 9095
f 9096 9097 9095
f 8952 9100 8953
f 9102 9103 8755
f 9105 9106 9107
f 9108 9109 9110
f 9114 9115 8458
f 9117 9118 9119
f 9122 9123 9121
f 9130 9131 9132
f 9140 8467 9141
f 9148 8433 9149
f 9150 9151 9152
f 9156 9157 9158
f 9160 9161 9162
f 8471 9167 9169
f 9172 9173 9174
f 9179 9178 9180
f 9188 9189 9190
f 9194 9195 9193
f 9197 8478 9194
f 9198 9182 9199
f 8470 9167 8471
f 8469 8489 8490
f 9215 9216 9217
f 9219 9220 9215
f 9221 9222 9223
f 9224 9225 9226
f 9227 9228 9229
f 9230 9231 9232
f 9233 9234 9235
f 8491 9244 8436
f 9245 9246 9247
f 8402 9264 8403
f 9271 9272 9257
f 9273 9274 9275
f 9278 9279 9280
f 8757 9286 9287
f 9288 9289 9290
f 9296 9297 8919
f 8877 9298 9299
f 9300 8881 8897
f 9315 9316 9317
f 9321 9322 9323
f 9324 9325 9326
f 9329 9330 9322
f 9318 9331 9332
f 9333 8500 9334
f 9337 9338 8915
f 9346 9347 8508
f 9351 9340 9350
f 9352 9353 9354
f 9357 9358 9360
f 8510 9364 8903
f 9365 9357 9366
f 9367 9368 8518
f 8525 9375 9376
f 9379 9380 9381
f 9387 9388 9389
f 9392 8506 8519
f 9421 9422 9423
f 9424 9425 9426
f 8921 9433 9434
f 9436 8529 9437
f 9440 9441 9442
f 9443 9444 9440
f 9446 9447 9448
f 8410 9451 9452
f 9458 9456 9457
f 9467 8759 8758
f 9474 9475 9476
f 9479 9480 9481
f 9482 9483 9484
f 9482 9485 9486
f 9487 9488 9482
f 9489 9490 9491
f 9492 9493 9494
f 9491 9497 9498
f 9491 9501 9502
f 9505 9506 9507
f 9508 9509 9510
f 9511 9512 9513
f 9514 9515 9487
f 9516 9517 9518
f 9521 9522 9523
f 9530 9531 9532
f 9533 9534 9516
f 9535 9536 9537
f 9538 9539 9540
f 9541 9542 9543
f 9547 9478 9548
f 9549 9550 9551
f 9552 9553 9554
f 9555 9556 9557
f 9558 9559 9560
f 9563 9564 9565
f 9568 9569 9570
f 9571 9572 9573
f 9563 9574 9564
f 9579 9580 9581
f 9582 9583 9584
f 9585 9586 9587
f 9588 9589 9590
f 9591 9592 9593
f 9591 9594 9595
f 9591 9596 9597
f 9602 9603 9604
f 9605 9606 9607
f 9608 9609 9610
f 9611 9612 9605
f 9613 9614 9615
f 9616 9617 9618
f 9619 9620 9621
f 9622 9623 9624
f 9625 9626 9627
f 9628 9629 9630
f 9631 9632 9633
f 9636 9637 9638
f 9641 9642 9640
f 9643 9644 9645
f 9646 9647 9648
f 9649 9650 9651
f 9652 9653 9654
f 9655 9649 9583
f 9537 9660 9661
f 9662 9661 9663
f 9670 9671 9672
f 9680 9681 9682
f 9683 9684 9479
f 9686 9687 9688
f 9692 9693 9694
f 9699 9700 9701
f 9702 9703 9704
f 9705 9706 9707
f 9485 9708 9709
f 9719 9720 9524
f 9724 9725 9726
f 9731 9732 9733
f 9741 9742 9743
f 9754 9492 9755
f 9758 9760 9761
f 9764 9496 9495
f 9516 9533 9768
f 9774 9775 9776
f 9491 9780 9712
f 9787 9788 9789
f 9802 9513 9504
f 9805 9689 9806
f 9679 9680 9506
f 9810 9510 9511
f 9792 9819 9820
f 9673 9824 9825
f 9788 9839 9789
f 9846 9773 9494
f 9850 9851 9852
f 9859 9860 9861
f 9715 9875 9718
f 9883 9529 9884
f 9885 9883 9886
f 9891 9880 9892
f 9879 9878 9877
f 9848 9517 9854
f 9734 9896 9483
f 9718 9717 9719
f 9798 9797 9703
f 9897 9898 9899
f 9900 9684 9901
f 9916 9911 9915
f 9911 9916 9543
f 9920 9923 9921
f 9915 9932 9931
f 9915 9914 9931
f 9477 9933 9934
f 9938 9544 9939
f 9913 9938 9940
f 9943 9910 9942
f 9930 9928 9946
f 9909 9947 9908
f 9949 9950 9951
f 9954 9955 9956
f 9957 9958 9959
f 9960 9961 9962
f 9963 9964 9965
f 9966 9967 9968
f 9971 9972 9964
f 9973 9974 9975
f 9960 9962 9976
f 9977 9978 9979
f 9980 9981 9982
f 9557 9556 9983
f 9984 9985 9986
f 9991 9992 9993
f 9994 9564 9995
f 9996 9997 9998
f 9999 10000 10001
f 10002 10003 10004
f 10007 10008 10009
f 10010 10011 10012
f 10013 10014 10007
f 10015 10016 10017
f 10018 10019 10020
f 10021 10022 10023
f 10026 10027 10004
f 10028 10029 10030
f 10000 10031 10032
f 10001 10033 10034
f 10035 10036 9954
f 10017 10035 10037
f 10038 10039 10040
f 10041 10042 10043
f 9575 10044 10045
f 9561 10046 10047
f 10048 10049 10050
f 10038 10040 10051
f 10052 10053 10054
f 10055 10056 10017
f 10057 10058 10059
f 10060 10061 10062
f 10063 10064 10065
f 9994 10066 10021
f 10067 10068 10069
f 10070 9549 10071
f 10072 10071 10073
f 10074 10075 10076
f 10077 10078 10079
f 10080 10081 10082
f 10083 10084 10085
f 10081 10086 10078
f 10087 10088 10089
f 10077 10090 10078
f 10091 10092 10093
f 10094 10095 10096
f 10097 10098 10099
f 10100 10101 9989
f 9989 10102 10103
f 10089 10104 10105
f 10106 10107 10108
f 10109 10110 10111
f 10107 10112 10113
f 10114 10115 10116
f 9985 9984 10117
f 10118 10119 10120
f 10121 10122 10123
f 10124 10125 10126
f 10127 10128 10129
f 10130 9986 10131
f 10036 10132 9955
f 10133 10134 10135
f 10136 10137 10138
f 10140 10141 10142
f 10143 9962 10144
f 10145 10146 10147
f 10148 9949 10146
f 10151 9966 10152
f 10155 10156 10157
f 10158 10159 10160
f 10161 10162 10163
f 10164 10165 10166
f 10167 10168 10169
f 10170 10171 10172
f 10161 10173 10174
f 10175 10176 10177
f 10178 10179 10180
f 10181 10182 10183
f 10184 10185 10186
f 10187 10188 10189
f 10190 10191 10192
f 10193 10194 10195
f 10196 10197 10198
f 10199 10200 10201
f 10202 10203 10204
f 10205 10206 10207
f 10208 10209 10210
f 10211 10212 10205
f 10213 9569 10214
f 10215 10204 10216
f 10217 10218 10219
f 10223 10224 10225
f 10226 10227 10228
f 10229 10230 10231
f 10232 10233 10234
f 10235 10236 10237
f 10240 10241 10242
f 10247 10246 10224
f 10250 9555 10197
f 10251 10252 10253
f 10231 10254 10255
f 10256 10257 10200
f 10262 10263 10264
f 10265 10190 10192
f 10236 10266 10267
f 10268 10269 10270
f 10249 10225 10271
f 10272 10273 10274
f 10182 10181 10275
f 10276 10277 10278
f 10281 10282 10283
f 10157 10284 10285
f 10286 10287 10288
f 10289 10290 10291
f 10166 10292 10293
f 10294 9566 10295
f 10204 10153 10296
f 10297 10298 10299
f 10300 10301 10302
f 9577 10304 10305
f 10306 10307 10308
f 10310 10311 9655
f 10321 10322 10323
f 10327 10328 9631
f 10330 10331 9628
f 10353 10347 9592
f 10358 10359 10360
f 10361 10362 10359
f 9594 10363 10364
f 10368 10346 10366
f 10371 10370 10372
f 10401 10402 10403
f 10421 10398 10422
f 10398 10396 10397
f 10427 10428 10429
f 10435 9617 9616
f 10438 10402 10434
f 10446 10447 10405
f 10452 10453 10454
f 10478 9597 10479
f 10480 10481 10482
f 9587 10485 10486
f 10479 10492 10498
f 10499 10473 10500
f 10515 10514 10516
f 10521 10522 10523
f 10524 10525 9636
f 10531 9638 10532
f 10537 10539 10540
f 10542 10543 10541
f 10547 10548 10549
f 10552 9642 10545
f 10558 10559 10557
f 10558 10557 10560
f 10558 10562 10544
f 10557 10565 10553
f 10535 10536 10566
f 10573 9648 9644
f 10578 10579 10314
f 10585 9650 9649
f 10588 10589 10569
f 10596 10594 10513
f 10558 10544 9639
f 10524 10600 10527
f 10603 10604 10605
f 10606 10607 10608
f 10611 10612 10613
f 10614 10615 10616
f 10617 10618 10619
f 10620 10621 10622
f 10625 10626 10627
f 10628 10629 10630
f 10631 10632 10633
f 10634 10635 10636
f 10637 10638 10639
f 10640 10641 10642
f 10643 10644 10645
f 10646 10647 10648
f 10649 10650 10651
f 10653 10654 10655
f 10656 10657 10658
f 10659 10660 10661
f 10662 10663 10664
f 10668 10669 10670
f 10658 10673 10674
f 10675 10655 10676
f 10677 10678 10679
f 10680 10681 10682
f 10683 10684 10685
f 10686 10687 10636
f 10632 10688 10689
f 10691 10692 10693
f 10694 10695 10696
f 10697 10698 10699
f 10692 10703 10704
f 10707 10708 10709
f 10710 10711 10712
f 10713 10714 10715
f 10716 10717 10718
f 10703 10719 10720
f 10691 10721 10702
f 10648 10722 10723
f 10725 10726 10727
f 10728 10729 10730
f 10731 10732 10733
f 10734 10735 10671
f 10737 10738 10739
f 10679 10740 10741
f 10742 10743 10744
f 10747 10748 10749
f 10753 10754 10755
f 10606 10756 10757
f 10758 10759 10760
f 10759 10761 10762
f 10763 10670 10764
f 10610 10768 10769
f 10770 10771 10666
f 10665 10772 10614
f 10615 10773 10774
f 10775 10776 10777
f 10618 10778 10619
f 10783 10784 10785
f 10787 10788 10621
f 10795 10796 10797
f 10811 10626 10812
f 10813 10659 10814
f 10769 10815 10814
f 10819 10820 10821
f 10824 10825 10826
f 10829 10830 10831
f 10832 10833 10834
f 10835 10628 10836
f 10837 10838 10839
f 10830 10840 10841
f 10848 10849 10850
f 10851 10852 10853
f 10856 10857 10858
f 10859 10860 10861
f 10853 10862 10863
f 10864 10865 10866
f 10867 10868 10869
f 10873 10874 10875
f 10877 10878 10879
f 10880 10881 10882
f 10883 10884 10885
f 10886 10887 10888
f 10889 10890 10891
f 10892 10893 10894
f 10895 10896 10897
f 10898 10896 10899
f 10884 10900 10901
f 10902 10903 10904
f 10881 10905 10906
f 10907 10908 10909
f 10910 10911 10912
f 10913 10914 10915
f 10914 10916 10915
f 10917 10918 10919
f 10920 10921 10922
f 10923 10924 10925
f 10926 10927 10928
f 10929 10930 10931
f 10932 10933 10934
f 10936 10937 10935
f 10942 10943 10944
f 10633 10716 10947
f 10950 10951 10949
f 10954 10955 10956
f 10960 10961 10686
f 10963 10962 10945
f 10964 10965 10637
f 10964 10966 10965
f 10969 10970 10971
f 10972 10973 10974
f 10973 10975 10976
f 10978 10979 10980
f 10983 10984 10985
f 10996 10997 10998
f 11000 10648 11001
f 11006 11007 11004
f 11012 11013 11014
f 11015 11013 11016
f 11019 11020 11021
f 11022 11023 11024
f 11031 11032 11033
f 11034 11035 11036
f 11039 11040 11041
f 11042 11043 11044
f 11045 11046 11047
f 11048 11049 11050
f 11051 11046 11045
f 11052 10897 11053
f 11054 11055 11056
f 11057 10922 11058
f 11061 11062 11063
f 11061 11064 11048
f 11065 11066 11067
f 11068 11069 11070
f 11071 11072 11073
f 11074 11075 11076
f 11077 11078 11079
f 11080 11042 11081
f 11082 11083 11038
f 11084 11085 11086
f 11087 11088 11089
f 11034 11036 11090
f 11091 11019 11092
f 10685 10968 11093
f 10944 11023 11094
f 11095 11096 11097
f 10985 11098 11099
f 11103 11104 11105
f 11108 11109 11110
f 11112 11114 11115
f 11116 11114 11117
f 11124 11125 11126
f 11131 11132 11133
f 11134 11135 11136
f 11137 11005 11138
f 11139 11008 11006
f 11140 11008 11141
f 11117 11145 10706
f 10692 10705 11146
f 11148 11011 11009
f 11148 11149 11011
f 11139 11153 11142
f 10654 11154 10655
f 10695 10696 11012
f 11071 10978 10980
f 11159 10919 11160
f 11161 11162 11163
f 11164 11165 11166
f 11167 11168 11169
f 11170 11171 11172
f 11175 11176 11177
f 11178 11179 11180
f 11181 11182 11183
f 11184 11185 11183
f 11188 11189 11190
f 11191 11190 11192
f 11193 11194 11195
f 11196 11197 11198
f 11199 11196 11200
f 11203 11204 11205
f 10789 10787 10791
f 11209 11210 11204
f 11214 11215 11212
f 11186 11218 11197
f 11219 11220 11221
f 11224 11225 11226
f 11227 11228 11229
f 11231 10759 11232
f 11235 11236 11234
f 11236 11235 11237
f 11238 11239 11240
f 11241 11242 11243
f 11228 11245 11246
f 11248 11249 11250
f 11212 11211 11214
f 11203 11205 11251
f 11254 11255 11256
f 11257 11258 11259
f 11262 11263 11264
f 11265 11266 11267
f 11265 11267 11268
f 11269 11270 11271
f 11272 11169 11273
f 11274 11275 11276
f 11256 11264 11258
f 11278 11279 11280
f 11278 11281 11282
f 11284 11276 11285
f 11286 11284 11285
f 11289 11290 11291
f 11294 11288 11295
f 11296 11297 11298
f 11299 11300 11301
f 10831 11302 11303
f 10827 11304 11305
f 11308 11309 11310
f 11311 11281 11310
f 11274 11312 11167
f 11313 11203 11251
f 11179 11314 11315
f 11316 11317 11318
f 10869 10868 11320
f 10852 11321 11322
f 11323 11324 10765
f 10824 11326 11327
f 11328 11329 10816
f 10810 11335 11336
f 11339 10665 11340
f 11341 11342 11343
f 11347 10801 11348
f 11349 11350 10794
f 10794 10797 10798
f 10792 10790 11351
f 11352 10619 10778
f 11247 10749 10616
f 11353 11354 10755
f 11356 11357 10755
f 10750 11360 11361
f 11363 10757 11364
f 10736 11365 11366
f 11100 11367 10653
f 10640 10996 10997
f 10999 11097 10987
f 11368 10987 10988
f 11370 11371 11372
f 11378 11377 11379
f 11380 11381 11382
f 11383 11384 11385
f 11386 10991 11387
f 10746 11100 11101
f 10995 10655 10654
f 11390 11391 11392
f 11129 11393 11122
f 11393 11122 11394
f 11397 11398 11399
f 11407 11408 11409
f 11407 10677 11410
f 11413 11416 11417
f 11418 11419 11420
f 11423 10636 10687
f 11427 10638 11428
f 10948 10949 10632
f 11430 10631 11158
f 11431 10740 11432
f 11433 11434 10679
f 11433 11407 11435
f 11438 11117 11121
f 11440 11441 11442
f 11442 11443 11444
f 11451 11452 11450
f 11454 11455 11456
f 10945 10643 11457
f 11151 11011 11010
f 11151 11460 11461
f 11463 11464 11465
f 10716 10964 10966
f 11466 11467 11468
f 11473 11474 11475
f 11474 10680 11475
f 10737 11478 11479
f 11480 11139 11006
f 11141 11140 10695
f 11481 11482 11483
f 10735 10732 10731
f 11484 10997 11485
f 10724 10725 10723
f 11486 11006 11139
f 11487 11488 11489
f 11487 11491 10739
f 11493 11492 11494
f 11495 11494 11498
f 11500 11487 11480
f 11119 11502 11503
f 11513 11514 11515
f 11518 11519 11520
f 11521 10960 11522
f 10742 11406 10743
f 11526 10995 11154
f 11532 11533 11534
f 11535 11536 11537
f 11540 11541 11542
f 11543 11544 11545
f 11548 11549 11550
f 11551 11552 11553
f 11556 11557 11558
f 11561 11562 11563
f 11564 11565 11566
f 11567 11568 11565
f 11570 11571 11572
f 11579 11580 11581
f 11585 11573 11574
f 11587 11588 11589
f 11590 11591 11592
f 11599 11600 11601
f 11551 11602 11603
f 11607 11608 11609
f 11610 11611 11612
f 11613 11614 11615
f 11621 11622 11623
f 11626 11627 11628
f 11629 11630 11631
f 11632 11633 11634
f 11636 11637 11638
f 11639 11640 11641
f 11642 11643 11644
f 11645 11646 11647
f 11650 11651 11652
f 11658 11657 11659
f 11665 11666 11667
f 11668 11669 11670
f 11671 11672 11673
f 11674 11675 11676
f 11677 11678 11679
f 11680 11681 11682
f 11683 11684 11685
f 11683 11685 11696
f 11697 11698 11699
f 11702 11703 11704
f 11705 11706 11707
f 11710 11711 11712
f 11713 11714 11715
f 11716 11717 11718
f 11723 11724 11725
f 11733 11734 11735
f 11738 11739 11740
f 11743 11744 11745
f 11665 11749 11750
f 11751 11752 11753
f 11754 11755 11756
f 11616 11761 11762
f 11763 11764 11765
f 11766 11651 11767
f 11772 11630 11773
f 11780 11781 11782
f 11783 11784 11541
f 11785 11786 11787
f 11793 11794 11795
f 11796 11797 11798
f 11799 11800 11801
f 11802 11803 11804
f 11805 11806 11807
f 11810 11811 11812
f 11813 11814 11815
f 11816 11817 11818
f 11557 11561 11558
f 11832 11831 11575
f 11833 11834 11835
f 11842 11843 11844
f 11846 11847 11848
f 11548 11851 11852
f 11853 11826 11585
f 11855 11555 11856
f 11857 11858 11590
f 11869 11601 11870
f 11871 11872 11873
f 11874 11875 11876
f 11877 11878 11879
f 11880 11881 11882
f 11885 11789 11886
f 11887 11888 11889
f 11890 11891 11892
f 11893 11894 11895
f 11896 11897 11898
f 11606 11900 11901
f 11908 11909 11910
f 11911 11912 11913
f 11918 11919 11920
f 11921 11922 11923
f 11930 11619 11931
f 11947 11620 11948
f 11951 11952 11953
f 11954 11955 11956
f 11964 11965 11966
f 11969 11611 11970
f 11970 11971 11972
f 11626 11628 11622
f 11987 11982 11988
f 11996 11997 11998
f 12015 12017 12018
f 12005 12006 12007
f 12028 12029 11635
f 12030 12031 12032
f 12033 12034 12035
f 12036 12037 12038
f 12042 12043 12044
f 12045 12046 12047
f 11639 12051 12052
f 12056 11642 12057
f 12055 12066 12067
f 12068 12069 12070
f 12072 12073 12074
f 12081 12082 12083
f 11652 12092 11650
f 12093 12094 12095
f 12097 12098 12099
f 12107 12108 12109
f 12110 12111 12112
f 12078 12120 12121
f 12123 12116 12115
f 12127 12128 12073
f 12129 11659 11657
f 12132 11657 11656
f 12133 12134 12135
f 12146 12147 12148
f 12151 12152 12153
f 12154 12155 12156
f 12157 12158 12159
f 12162 12163 11669
f 12174 12173 12175
f 12180 12181 12182
f 12168 12185 12186
f 12197 12198 12199
f 12204 12205 12206
f 12209 12210 12211
f 12212 12213 12214
f 12215 12216 12217
f 12218 12219 12220
f 12223 12224 12225
f 12237 12238 12239
f 12260 12261 12262
f 12266 12267 12264
f 12277 12278 12279
f 12280 12281 12282
f 12283 11688 12284
f 12286 12287 12288
f 12295 12296 12297
f 12300 12236 12293
f 12307 12303 12308
f 12309 12310 12311
f 12309 12313 12314
f 12286 12320 11696
f 12317 12283 12284
f 12330 12331 12332
f 12333 12334 12332
f 12190 12338 12191
f 12340 12341 11989
f 12343 12344 12345
f 12346 12347 12348
f 12353 12354 11699
f 12356 12357 12358
f 12361 12362 12360
f 12369 12370 12371
f 12379 11708 12380
f 12387 11674 12388
f 12389 12390 12391
f 12395 12396 12397
f 12399 12400 12401
f 11712 12406 12408
f 12411 12412 12413
f 12418 12417 12419
f 12427 12428 12429
f 12434 12435 12433
f 12437 11719 12434
f 12438 12421 12439
f 11711 12406 11712
f 12364 12454 12455
f 12456 12457 12458
f 12460 12461 12456
f 12462 12463 12464
f 12465 12466 12467
f 12468 12469 12470
f 12471 12472 12473
f 12474 12475 12476
f 12488 12489 12490
f 12493 12494 12495
f 11643 12507 11644
f 12514 12515 12501
f 12516 12517 12518
f 12521 12522 12523
f 11991 12529 12530
f 12531 12532 12533
f 12539 12540 12155
f 12112 12541 12542
f 12543 12116 12132
f 12557 12558 12559
f 12563 12564 12565
f 12566 12567 12568
f 12571 12572 12564
f 12560 12573 12574
f 12575 11740 12576
f 12579 12580 12151
f 12593 12582 12592
f 12594 12595 12596
f 11750 12605 12138
f 12606 12607 12608
f 12609 12610 11758
f 11765 12618 12619
f 12623 12624 12625
f 12631 12632 12633
f 12636 11746 11759
f 12665 12666 12667
f 12668 12669 12670
f 12157 12678 12679
f 12681 11769 12682
f 12685 12686 12687
f 12688 12689 12685
f 12691 12692 12693
f 12701 12699 12700
f 12711 11993 11992
f 12718 12719 12720
f 12721 12722 12723
f 12724 12725 12726
f 12727 12728 12729
f 12727 12730 12731
f 12732 12727 12733
f 12734 12735 12736
f 12735 12741 12742
f 12743 12744 12745
f 12746 12735 12747
f 12748 12749 12750
f 12751 12752 12753
f 12754 12755 12756
f 12757 12758 12759
f 12760 12761 12762
f 12763 12764 12765
f 12768 12769 12770
f 12771 12772 12773
f 12774 12775 12776
f 12780 12781 12782
f 12783 12784 12785
f 12786 12787 12788
f 12789 12790 12791
f 12792 12793 12794
f 12796 12797 12798
f 12799 12800 12801
f 12802 12803 12804
f 12805 12806 12807
f 12808 12809 12810
f 12811 12812 12813
f 12816 12800 12817
f 12818 12819 12820
f 12817 12821 12822
f 12823 12824 12825
f 12826 12827 12828
f 12829 12830 12831
f 12832 12833 12834
f 12835 12836 12837
f 12838 12839 12840
f 12841 12842 12843
f 12844 12846 12847
f 12844 12848 12849
f 12850 12851 12852
f 12851 12853 12854
f 12855 12851 12850
f 12856 12857 12858
f 12861 12862 12863
f 12864 12865 12866
f 12867 12868 12869
f 12870 12871 12872
f 12873 12874 12875
f 12876 12877 12878
f 12881 12882 12883
f 12884 12885 12886
f 12887 12888 12889
f 12890 12891 12892
f 12893 12894 12895
f 12896 12897 12898
f 12899 12900 12901
f 12902 12903 12904
f 12905 12906 12907
f 12908 12909 12910
f 12912 12913 12914
f 12926 12797 12927
f 12929 12926 12930
f 12939 12940 12941
f 12946 12947 12948
f 12949 12950 12951
f 12952 12953 12954
f 12955 12731 12953
f 12960 12961 12962
f 12771 12773 12965
f 12971 12972 12970
f 12729 12728 12978
f 12986 12952 12987
f 12976 12975 12993
f 12739 12997 12998
f 12765 13011 12763
f 13013 13015 13016
f 12735 13020 13021
f 13027 13028 12761
f 13036 13037 12988
f 12930 12931 12929
f 13032 13051 13052
f 12761 13028 12759
f 13074 13073 13014
f 12780 13079 13080
f 13081 13075 13076
f 13082 13076 13083
f 13110 13111 12777
f 12766 13112 12779
f 13113 13114 13115
f 13112 13119 13106
f 13106 13104 13105
f 12962 13124 12963
f 12950 13125 13034
f 13133 13134 13128
f 13141 13140 13138
f 13138 12790 13141
f 13144 13145 13147
f 13165 13166 13167
f 13170 13136 13137
f 13178 13179 13180
f 13181 13182 13183
f 13184 13185 13186
f 13187 13188 13189
f 13190 13191 13192
f 13193 13194 13195
f 13196 13197 13198
f 13199 13200 13201
f 13202 13195 13203
f 13204 13205 13206
f 13190 13207 13191
f 13208 13209 13210
f 13211 13212 13213
f 13214 13215 12806
f 13216 13217 13218
f 13223 13224 13225
f 13226 13227 12814
f 13228 13229 13230
f 13231 13232 13233
f 13234 13235 13236
f 13237 13238 13239
f 13240 13241 13242
f 13243 13244 13245
f 13246 13240 13247
f 13248 13249 13250
f 13251 13252 13253
f 13254 13255 13256
f 13259 13235 13260
f 13261 13262 13263
f 13233 13264 13265
f 13232 13266 13267
f 13268 13184 13269
f 13249 13270 13268
f 13273 13274 13275
f 13276 13277 13278
f 12813 13279 13280
f 13281 13282 13283
f 13271 13284 13272
f 13285 13286 13287
f 13288 13249 13289
f 13290 13291 13292
f 13293 13294 13295
f 13296 12824 13297
f 13226 13254 13298
f 13299 13300 13301
f 12801 13302 12799
f 13303 13304 13302
f 13305 13306 13307
f 13308 13309 13310
f 13311 13312 13313
f 13314 13315 13316
f 13313 13310 13317
f 13318 13319 13320
f 13308 13310 13321
f 13322 13323 13324
f 13325 13326 13327
f 13328 13329 13330
f 13331 13221 13332
f 13221 13333 13334
f 13336 13337 13338
f 13339 13340 13341
f 13338 13342 13343
f 13218 13346 13216
f 13347 13348 13349
f 13350 13351 13352
f 13353 13354 13355
f 13356 13357 13358
f 13359 13360 13217
f 13269 13186 13361
f 13362 13363 13364
f 13365 13366 13367
f 13368 13183 13182
f 13369 13370 13371
f 13372 13373 13191
f 13374 13375 13376
f 13377 13376 13178
f 13380 13381 13196
f 13384 13385 13386
f 13387 13388 13389
f 13392 13393 13394
f 13397 13398 13399
f 13390 13400 13401
f 13402 13403 13404
f 13405 13406 13407
f 13408 13409 13410
f 13411 13412 13413
f 13414 13415 13416
f 13417 13418 13419
f 13420 13421 13422
f 13423 13424 13425
f 13428 13429 13430
f 13431 13432 13433
f 13434 13435 13436
f 13437 13431 13438
f 13439 13440 13441
f 13442 13443 13429
f 13444 13445 13446
f 13447 13449 13450
f 13451 13452 13453
f 13454 13455 13456
f 13457 13458 13459
f 13460 13461 13462
f 13463 13464 13465
f 13468 13469 13470
f 13475 13453 13474
f 13476 13477 13478
f 13479 13425 12805
f 13480 13481 13482
f 13458 13483 13484
f 13485 13426 13486
f 13491 13492 13493
f 13494 13418 13417
f 13465 13495 13496
f 13477 13499 13452
f 13500 13501 13502
f 13410 13503 13408
f 13504 13505 13506
f 13509 13510 13511
f 13385 13512 13513
f 13514 13515 13516
f 13517 13518 13519
f 13393 13520 13521
f 13522 13523 12818
f 13524 13525 13382
f 13526 13527 13528
f 13529 13530 13531
f 12831 13533 13534
f 13535 13536 13537
f 12899 12909 13539
f 13548 13549 13550
f 12889 13551 13552
f 13555 13556 12884
f 13558 13559 13560
f 13580 13581 13574
f 13587 13588 13589
f 13590 13589 13591
f 13586 13592 13593
f 13598 13596 13573
f 13601 12871 13602
f 13613 13614 13615
f 12873 13635 13634
f 13636 13637 13638
f 13654 13655 13656
f 13660 13661 13662
f 13668 13650 13669
f 13671 13672 13673
f 13676 13670 13638
f 13576 12872 13678
f 13684 13640 13685
f 13701 12879 13702
f 13707 12850 12852
f 13716 13717 12849
f 13718 13719 13720
f 13723 13724 13725
f 13717 13738 13733
f 13739 13740 13711
f 13756 13757 12906
f 13759 13760 13761
f 13764 13763 13765
f 13763 13766 13765
f 13770 13771 13768
f 13772 13773 13769
f 13780 13779 13781
f 13784 13785 13786
f 13772 13787 13788
f 13791 13792 13793
f 13796 13795 13797
f 13796 12836 13795
f 13796 13782 13800
f 13795 13791 12836
f 13776 13803 13775
f 13816 13814 13817
f 13811 13818 13810
f 13820 13542 13821
f 13828 12902 13827
f 13830 13806 13831
f 13763 13767 13840
f 13842 13750 13561
f 13843 13844 13845
f 13846 13847 13848
f 13849 13850 13851
f 13852 13853 13854
f 13855 13856 13857
f 13858 13859 13860
f 13861 13862 13863
f 13866 13867 13868
f 13869 13870 13871
f 13872 13873 13874
f 13875 13876 13877
f 13878 13879 13880
f 13881 13882 13883
f 13884 13885 13886
f 13887 13888 13889
f 13890 13891 13892
f 13894 13895 13896
f 13897 13898 13899
f 13900 13901 13902
f 13903 13904 13905
f 13906 13907 13908
f 13911 13912 13913
f 13914 13894 13915
f 13916 13881 13917
f 13898 13918 13919
f 13920 13921 13895
f 13922 13923 13924
f 13925 13926 13927
f 13928 13929 13930
f 13931 13876 13932
f 13936 13937 13938
f 13939 13940 13941
f 13938 13947 13948
f 13953 13954 13955
f 13956 13957 13958
f 13873 13959 13960
f 13948 13961 13962
f 13936 13946 13963
f 13888 13964 13965
f 13966 13937 13967
f 13968 13969 13970
f 13971 13972 13973
f 13974 13975 13976
f 13977 13914 13978
f 13980 13981 13982
f 13923 13983 13984
f 13985 13986 13987
f 13988 13989 13990
f 13991 13992 13993
f 13996 13997 13998
f 13846 13999 14000
f 14001 14002 14003
f 14003 14004 14005
f 14006 14007 13912
f 13850 14012 14013
f 14014 14015 14016
f 14017 13855 14018
f 13857 14019 14020
f 14021 14022 14023
f 14028 14029 14030
f 14031 13863 14032
f 14050 14049 14051
f 14054 14055 13868
f 14012 14057 14058
f 14059 14060 14058
f 14063 14064 14065
f 14068 14069 14070
f 14075 14076 14077
f 14078 14079 13869
f 14080 14081 14082
f 14073 14083 14084
f 14091 14092 14093
f 14094 14095 14096
f 14099 14100 14101
f 14102 14103 14104
f 14109 14110 14111
f 14112 14113 14114
f 14118 14119 14120
f 14121 14122 14123
f 14124 14125 14126
f 14127 14128 14129
f 14130 14131 14132
f 14133 14134 14135
f 14136 14137 14138
f 14139 14140 14138
f 14126 14141 14142
f 14143 14144 14145
f 14123 14146 14147
f 14148 14149 14150
f 14151 14152 14153
f 14154 14155 14156
f 14156 14155 14157
f 14158 14159 14160
f 14161 14162 14163
f 14164 14165 14166
f 14167 14168 14169
f 14170 14171 14172
f 14173 14174 14175
f 14177 14176 13877
f 14180 14181 14182
f 14187 14186 14188
f 14192 14194 14190
f 14198 13931 14199
f 14200 14197 14198
f 13930 14180 14202
f 14204 13878 14205
f 14206 14205 14207
f 14209 14210 14211
f 14212 14213 14214
f 14214 14215 14216
f 14217 14218 14219
f 14221 14222 14223
f 14233 14234 14235
f 14237 13965 14238
f 14243 14241 14244
f 14249 14250 14251
f 14252 14253 14251
f 14256 14257 14258
f 14259 14260 14261
f 14268 14269 14270
f 14271 14272 14273
f 14276 14277 14278
f 14279 14280 14281
f 14282 14283 14284
f 14285 14286 14287
f 14288 14282 14284
f 14289 14290 14137
f 14291 14292 14293
f 14294 14295 14162
f 14298 14299 14300
f 14298 14285 14301
f 14302 14303 14304
f 14305 14306 14307
f 14308 14309 14310
f 14311 14312 14313
f 14314 14315 14316
f 14317 14318 14279
f 14319 14275 14320
f 14321 14322 14323
f 14324 14325 14326
f 14271 14327 14272
f 14328 14329 14256
f 14178 14330 14331
f 14181 14332 14261
f 14333 13883 14334
f 14222 14335 14336
f 14344 13886 14345
f 14346 14347 14348
f 14352 13885 14353
f 14354 14355 14353
f 14356 14357 14358
f 14359 14360 14361
f 14362 14360 14363
f 14364 14365 14356
f 14367 14369 14368
f 14370 14371 14372
f 14377 14378 14379
f 14380 14381 14382
f 14385 14384 14245
f 14378 14389 14390
f 14360 13950 14391
f 13938 14392 13949
f 14385 14387 14395
f 13941 14249 13940
f 14308 14218 14217
f 14407 14408 14159
f 14409 14410 14411
f 14412 14413 14414
f 14415 14416 14417
f 14418 14419 14420
f 14423 14424 14425
f 14426 14427 14428
f 14429 14430 14431
f 14432 14430 14433
f 14436 14437 14438
f 14440 14441 14442
f 14445 14446 14443
f 14449 14450 14451
f 14454 14028 14455
f 14033 14035 14031
f 14459 14451 14460
f 14446 14448 14467
f 14469 14470 14471
f 14103 14472 14473
f 14474 14475 14476
f 14477 14478 14479
f 14484 14485 14486
f 14486 14487 14484
f 14487 14488 14484
f 14489 14490 14491
f 14492 14464 14493
f 14479 14494 14495
f 14498 14499 14500
f 14462 14463 14461
f 14449 14501 14450
f 14503 14504 14505
f 14506 14507 14508
f 14509 14507 14510
f 14513 14514 14515
f 14513 14516 14514
f 14517 14518 14519
f 14520 14521 14416
f 14522 14523 14524
f 14504 14508 14527
f 14528 14529 14530
f 14533 14534 14523
f 14535 14534 14533
f 14538 14085 14539
f 14541 14542 14537
f 14543 14544 14545
f 14546 14547 14548
f 14074 14549 14550
f 14551 14552 14553
f 14552 14554 14502
f 14557 14558 14559
f 14560 14558 14531
f 14522 14415 14561
f 14562 14501 14449
f 14428 14563 14564
f 14565 14566 14567
f 14096 14569 14570
f 14068 14574 14575
f 14576 14060 14577
f 14579 13900 14580
f 14053 14584 14585
f 14587 14581 14017
f 14588 14589 14590
f 14591 14592 14579
f 14045 14046 13864
f 14597 14595 14036
f 13858 14598 13861
f 13994 14604 14605
f 14608 14609 13999
f 13979 14610 14611
f 14339 14612 14613
f 13881 14235 14233
f 14236 13882 13883
f 14614 14615 13882
f 14616 13988 13990
f 14617 14618 14619
f 14625 14626 14624
f 14627 14628 14629
f 14630 14631 14632
f 14633 14634 14229
f 13989 14340 14339
f 14398 13896 13895
f 14636 14637 14638
f 14376 14367 14640
f 14640 14641 14367
f 14643 14644 14645
f 14646 14647 14648
f 14654 14655 14656
f 14657 14658 13922
f 14661 14664 14665
f 14666 14667 14668
f 14669 14670 14208
f 14672 13932 14673
f 14672 14206 14204
f 14193 14191 14192
f 14674 14677 14678
f 14185 13933 14186
f 14679 14680 13984
f 14681 13923 14682
f 14681 14683 14654
f 14689 14366 14360
f 14691 14692 14693
f 14692 14694 14695
f 14705 14706 14707
f 14183 14708 13884
f 14247 14710 14394
f 13873 14207 14206
f 14713 14714 14715
f 14719 14720 13942
f 13927 14721 13925
f 14725 14726 14727
f 14728 14243 14385
f 14729 14730 14731
f 13967 14732 13968
f 13978 13974 13976
f 13888 14238 13965
f 13967 13964 14732
f 14733 14734 13982
f 14733 13981 14735
f 14738 14739 14736
f 14740 14742 14739
f 14744 14728 14733
f 14364 14745 14746
f 14753 14754 14755
f 14756 14750 14757
f 14758 13874 14759
f 14762 14763 14764
f 14765 14766 14198
f 14401 14396 14232
f 14232 13896 14398
f 13990 14769 14770
f 14773 14774 14775
f 14776 14777 14778
f 14781 14782 14783
f 14784 14785 14786
f 14789 14790 14791
f 14792 14793 14794
f 14797 14798 14799
f 14802 14803 14804
f 14805 14806 14807
f 14808 14809 14806
f 14811 14812 14813
f 14821 14822 14823
f 14827 14814 14815
f 14830 14831 14832
f 14841 14842 14843
f 14792 14844 14845
f 14849 14850 14851
f 14852 14853 14854
f 14855 14856 14857
f 14863 14864 14865
f 14868 14869 14870
f 14871 14872 14873
f 14874 14875 14876
f 14878 14879 14880
f 14881 14882 14883
f 14884 14885 14886
f 14887 14888 14889
f 14892 14893 14894
f 14900 14899 14901
f 14907 14908 14909
f 14910 14911 14912
f 14913 14914 14915
f 14916 14917 14918
f 14919 14920 14921
f 14922 14923 14924
f 14925 14926 14927
f 14931 14932 14933
f 14925 14927 14938
f 14939 14940 14941
f 14944 14945 14946
f 14947 14948 14949
f 14952 14953 14954
f 14955 14956 14957
f 14958 14959 14960
f 14965 14966 14967
f 14975 14976 14977
f 14980 14981 14982
f 14985 14986 14987
f 14907 14991 14992
f 14993 14994 14995
f 14996 14997 14998
f 15004 15005 15006
f 15007 14893 15008
f 15013 14872 15014
f 15021 15022 15023
f 15024 15025 14782
f 15026 15027 15028
f 15031 14787 15032
f 15031 14787 14784
f 15033 15034 15035
f 15036 15037 15038
f 15039 15040 15041
f 15042 15043 15044
f 15045 15046 15047
f 15048 15049 15050
f 15053 15054 15055
f 15056 15057 15021
f 15058 15059 15060
f 14828 14796 15061
f 14798 14802 14799
f 15075 15076 14816
f 15077 15076 14817
f 15078 15079 15080
f 15087 15088 15089
f 15091 15092 15093
f 14789 15096 15097
f 15098 14796 14829
f 15099 15100 14833
f 14837 15109 15100
f 15110 14843 15111
f 15112 15113 15114
f 15115 15116 15117
f 15118 15119 15120
f 15121 15122 15123
f 15126 15030 15127
f 15128 15129 15130
f 15131 15132 15133
f 15134 15135 15136
f 15137 15138 15139
f 14848 15141 15142
f 15149 15150 15151
f 15152 15153 15154
f 15159 15160 15161
f 15162 15163 15164
f 15170 14861 15171
f 15188 15189 15190
f 15191 15192 15193
f 15194 15195 15196
f 15202 15203 15204
f 15207 14853 15208
f 15208 15209 15210
f 14868 14870 14864
f 15224 15219 15225
f 15232 15233 15234
f 15250 15252 15253
f 15240 15241 15242
f 15264 15265 15266
f 15267 15268 15269
f 15270 15271 15272
f 15276 15277 15278
f 15285 15286 15287
f 15293 15297 15298
f 15290 15288 15301
f 15302 15303 15304
f 15305 14891 15306
f 15312 15313 15314
f 14894 15323 14892
f 15324 15325 15326
f 15328 15329 15330
f 15337 15338 15339
f 15340 15341 15342
f 15309 15350 15351
f 15354 15346 15345
f 15357 14898 14891
f 15360 15361 14907
f 15366 15367 15368
f 15373 15374 15375
f 15378 15379 15380
f 15381 15382 15383
f 15384 15385 15386
f 15389 15390 14911
f 15401 15400 15402
f 15407 15408 15409
f 15395 15412 15413
f 15424 15425 15426
f 15427 15428 15429
f 15432 15433 15434
f 15437 15438 15439
f 15440 15441 15442
f 15443 15444 15445
f 15446 15447 15448
f 15451 15452 15453
f 15465 14921 14920
f 15485 15486 15487
f 15491 15492 15489
f 15502 15503 15504
f 15505 15506 15507
f 15508 15509 15510
f 15512 15513 15514
f 15522 15464 14933
f 15528 15524 15529
f 15530 15531 15532
f 15530 15534 15535
f 15536 15537 15538
f 15512 15542 14927
f 15539 15508 15510
f 15507 15506 15545
f 15552 15553 15554
f 15555 15556 15554
f 15417 15560 15418
f 15562 15563 15564
f 15566 15567 15568
f 15569 15570 15571
f 15577 15576 14941
f 15579 15580 15581
f 15584 15585 15583
f 15588 15589 15590
f 15593 15594 15595
f 15602 14950 15603
f 15616 15617 15618
f 15620 15621 15622
f 14954 15629 15630
f 15633 15634 15635
f 15637 15634 15638
f 15641 15640 15642
f 15649 15650 15651
f 15656 15657 15655
f 15659 14961 15656
f 15660 15644 15661
f 14953 15628 14954
f 15587 15678 15627
f 15679 15680 15681
f 15683 15684 15679
f 15685 15686 15687
f 15688 15689 15690
f 15691 15692 15693
f 15694 15695 15696
f 15697 15698 15699
f 15711 15712 15713
f 15716 15717 15718
f 15719 15720 15721
f 14885 15730 14886
f 15736 15737 15725
f 15738 15739 15740
f 15744 15745 15746
f 15227 15752 15753
f 15754 15755 15756
f 15762 15763 15382
f 15342 15764 15765
f 15766 15346 15767
f 15772 15773 15774
f 15787 15788 15789
f 15790 15791 15792
f 15795 15796 15788
f 15784 15797 15798
f 15802 15803 15378
f 15816 15805 15815
f 15817 15818 15819
f 15825 15827 15828
f 15829 15830 15363
f 15831 15821 15832
f 15006 15842 15843
f 15847 15848 15849
f 15854 15855 15856
f 15859 14988 15001
f 15876 15878 15879
f 15889 15890 15891
f 15892 15893 15894
f 15384 15900 15011
f 15902 15010 15903
f 15906 15907 15908
f 15909 15910 15906
f 15912 15913 15914
f 15921 15919 15920
f 15931 15229 15228
f 15938 15939 15940
f 15941 15942 15943
f 15944 15945 15946
f 15947 15948 15949
f 15947 15950 15951
f 15952 15953 15947
f 15954 15955 15956
f 15956 15961 15962
f 15963 15964 15965
f 15956 15966 15967
f 15968 15969 15970
f 15971 15972 15973
f 15974 15975 15976
f 15977 15978 15979
f 15980 15981 15952
f 15982 15983 15984
f 15986 15987 15988
f 15995 15996 15997
f 15999 16000 16001
f 16002 16003 16004
f 16005 16006 16007
f 16011 15943 16012
f 16013 16014 16015
f 16016 16017 16018
f 16019 16020 16021
f 16022 16023 16024
f 16027 16028 16029
f 16032 16033 16034
f 16035 16036 16037
f 16027 16038 16028
f 16041 16042 16043
f 16044 16045 16046
f 16047 16048 16049
f 16050 16051 16052
f 16055 16056 16057
f 16055 16058 16059
f 16055 16060 16061
f 16062 16063 16064
f 16064 16065 16066
f 16067 16068 16064
f 16069 16070 16071
f 16072 16073 16074
f 16075 16076 16077
f 16078 16079 16072
f 16080 16081 16082
f 16083 16084 16085
f 16086 16087 16088
f 16089 16090 16091
f 16092 16093 16094
f 16095 16096 16097
f 16098 16099 16100
f 16101 16102 16103
f 16104 16105 16106
f 16107 16108 16109
f 16110 16111 16109
f 16112 16113 16114
f 16115 16116 16117
f 16118 16119 16120
f 16121 16122 16123
f 16124 16118 16048
f 16131 16130 16132
f 16133 16134 16135
f 16137 16136 16139
f 16140 16141 16011
f 16149 16150 16151
f 16152 15944 16151
f 16155 16135 16156
f 16159 16160 16161
f 16164 16165 16166
f 16167 16168 16169
f 16170 16171 16172
f 16173 16174 16175
f 15950 16176 16177
f 16178 16179 16180
f 16184 16185 16186
f 16188 16189 16190
f 16195 16196 16197
f 16203 16204 16205
f 16214 16215 16216
f 16221 16204 16222
f 16225 16223 15955
f 16226 16227 16228
f 16229 15957 16226
f 16232 16233 16234
f 16233 16235 16236
f 15982 15998 16243
f 16245 16247 16248
f 15956 16252 16181
f 16259 16260 16261
f 16272 16219 16220
f 16147 16148 15972
f 16265 16286 16287
f 16260 16307 16261
f 16313 16246 16312
f 16318 16319 16320
f 16321 15983 16314
f 16322 16323 15983
f 16349 15993 16350
f 16351 16352 16353
f 16354 16355 16356
f 16353 16345 16360
f 16345 16344 16343
f 16186 16187 16188
f 16269 16268 16171
f 16373 16368 16374
f 16382 16378 16381
f 16378 16382 16007
f 16386 16389 16387
f 16404 16008 16405
f 16410 16377 16376
f 16415 16416 16417
f 16418 16419 16420
f 16421 16422 16423
f 16424 16425 16426
f 16427 16428 16429
f 16430 16431 16432
f 16433 16434 16435
f 16436 16437 16438
f 16439 16440 16431
f 16441 16442 16443
f 16427 16429 16444
f 16445 16446 16447
f 16448 16449 16450
f 16021 16020 16451
f 16452 16453 16454
f 16459 16460 16461
f 16462 16028 16463
f 16464 16465 16466
f 16467 16468 16469
f 16470 16471 16472
f 16473 16474 16475
f 16476 16477 16478
f 16479 16480 16481
f 16482 16483 16476
f 16484 16485 16486
f 16487 16488 16489
f 16490 16491 16492
f 16495 16496 16472
f 16497 16498 16499
f 16468 16500 16501
f 16469 16502 16503
f 16504 16505 16421
f 16486 16504 16506
f 16509 16510 16511
f 16039 16512 16513
f 16025 16514 16515
f 16516 16517 16518
f 16507 16508 16519
f 16520 16521 16522
f 16523 16524 16486
f 16525 16526 16527
f 16528 16529 16530
f 16531 16532 16533
f 16462 16534 16490
f 16535 16536 16537
f 16538 16013 16539
f 16540 16539 16541
f 16542 16543 16544
f 16545 16546 16547
f 16548 16549 16550
f 16551 16552 16553
f 16549 16554 16546
f 16555 16556 16557
f 16545 16558 16546
f 16559 16560 16561
f 16562 16563 16564
f 16565 16566 16567
f 16568 16569 16457
f 16457 16570 16571
f 16573 16574 16575
f 16576 16577 16578
f 16574 16579 16580
f 16453 16452 16583
f 16584 16585 16586
f 16587 16588 16589
f 16590 16591 16592
f 16593 16594 16595
f 16596 16454 16597
f 16505 16598 16422
f 16599 16600 16601
f 16602 16603 16604
f 16605 16420 16419
f 16606 16607 16608
f 16609 16429 16610
f 16611 16612 16613
f 16614 16415 16612
f 16617 16433 16618
f 16621 16622 16623
f 16624 16625 16626
f 16629 16630 16631
f 16634 16635 16636
f 16627 16637 16638
f 16639 16640 16641
f 16642 16643 16644
f 16645 16646 16647
f 16648 16649 16650
f 16651 16652 16653
f 16654 16655 16656
f 16657 16658 16659
f 16660 16661 16662
f 16665 16666 16667
f 16668 16669 16670
f 16671 16672 16673
f 16674 16675 16668
f 16676 16033 16677
f 16678 16667 16679
f 16680 16681 16682
f 16683 16685 16686
f 16687 16688 16689
f 16690 16691 16692
f 16693 16694 16695
f 16696 16697 16698
f 16699 16700 16701
f 16704 16705 16706
f 16711 16710 16688
f 16712 16713 16714
f 16715 16019 16661
f 16716 16717 16718
f 16695 16719 16720
f 16721 16722 16663
f 16727 16728 16729
f 16730 16654 16656
f 16700 16731 16732
f 16714 16689 16735
f 16736 16737 16738
f 16646 16645 16739
f 16740 16741 16742
f 16745 16746 16747
f 16623 16748 16749
f 16750 16751 16752
f 16753 16754 16755
f 16631 16756 16757
f 16758 16030 16759
f 16760 16619 16761
f 16762 16763 16764
f 16765 16766 16767
f 16041 16769 16770
f 16771 16772 16773
f 16775 16776 16124
f 16786 16787 16788
f 16789 16790 16103
f 16793 16794 16098
f 16796 16797 16095
f 16819 16814 16056
f 16058 16825 16826
f 16827 16828 16825
f 16824 16829 16830
f 16834 16813 16833
f 16837 16838 16839
f 16849 16850 16851
f 16086 16871 16872
f 16873 16874 16875
f 16892 16893 16894
f 16898 16899 16900
f 16905 16085 16888
f 16907 16084 16083
f 16910 16874 16906
f 16816 16913 16914
f 16920 16921 16877
f 16935 16936 16933
f 16941 16062 16942
f 16951 16061 16952
f 16953 16954 16955
f 16958 16959 16960
f 16952 16967 16973
f 16974 16946 16975
f 16991 16990 16992
f 16996 16997 16998
f 17001 17002 17000
f 17000 17002 16104
f 17007 16106 16105
f 17008 17005 17009
f 17016 17017 17015
f 17019 17020 17021
f 17008 17022 17023
f 17026 17027 17028
f 17031 17032 17030
f 17031 17030 17033
f 17031 17036 16108
f 17030 17033 17026
f 17012 17011 17039
f 16116 17052 17050
f 17046 16117 16113
f 17055 17056 16779
f 17062 16119 16118
f 17064 17065 17042
f 17000 17073 17003
f 16051 16798 16983
f 17075 17076 17077
f 17078 17079 17080
f 17081 17082 17083
f 17084 17085 17086
f 17087 17088 17089
f 17090 17091 17092
f 17093 17094 17095
f 17098 17099 17100
f 17101 17102 17103
f 17104 17105 17106
f 17107 17108 17109
f 17110 17111 17112
f 17113 17114 17115
f 17116 17117 17118
f 17119 17120 17121
f 17122 17123 17124
f 17126 17127 17128
f 17129 17130 17131
f 17132 17133 17134
f 17135 17136 17137
f 17141 17142 17143
f 17144 17145 17126
f 17146 17147 17113
f 17131 17148 17149
f 17150 17128 17151
f 17152 17153 17154
f 17155 17156 17157
f 17158 17159 17160
f 17161 17162 17109
f 17166 17167 17168
f 17169 17170 17171
f 17167 17177 17178
f 17183 17184 17185
f 17186 17187 17188
f 17106 17189 17190
f 17177 17191 17192
f 17166 17193 17176
f 17121 17194 17195
f 17196 17197 17168
f 17198 17199 17200
f 17201 17202 17203
f 17204 17205 17206
f 17207 17208 17144
f 17210 17211 17212
f 17154 17213 17214
f 17215 17216 17217
f 17218 17219 17220
f 17221 17222 17223
f 17226 17227 17228
f 17078 17229 17230
f 17231 17232 17233
f 17232 17234 17235
f 17236 17143 17237
f 17083 17242 17243
f 17244 17245 17139
f 17138 17246 17087
f 17088 17247 17248
f 17249 17250 17251
f 17256 17257 17258
f 17259 17260 17094
f 17278 17279 17277
f 17283 17099 17284
f 17243 17286 17287
f 17288 17286 17289
f 17292 17293 17294
f 17297 17298 17299
f 17304 17305 17306
f 17307 17101 17308
f 17309 17310 17311
f 17302 17312 17313
f 17320 17321 17322
f 17323 17324 17325
f 17328 17329 17330
f 17331 17332 17333
f 17338 17339 17340
f 17341 17342 17343
f 17347 17348 17349
f 17350 17351 17352
f 17353 17354 17355
f 17356 17357 17358
f 17359 17360 17361
f 17362 17363 17364
f 17365 17366 17367
f 17368 17366 17369
f 17354 17370 17371
f 17372 17373 17374
f 17351 17375 17376
f 17377 17378 17379
f 17380 17381 17382
f 17383 17384 17385
f 17384 17386 17385
f 17387 17388 17389
f 17390 17391 17392
f 17393 17394 17395
f 17396 17397 17398
f 17399 17400 17401
f 17402 17403 17404
f 17406 17108 17405
f 17409 17410 17411
f 17416 17417 17415
f 17421 17419 17423
f 17427 17428 17161
f 17429 17427 17426
f 17159 17431 17409
f 17433 17434 17110
f 17435 17436 17434
f 17438 17439 17440
f 17441 17442 17443
f 17442 17444 17445
f 17446 17447 17448
f 17450 17451 17452
f 17462 17463 17464
f 17466 17467 17194
f 17472 17473 17470
f 17478 17479 17480
f 17481 17479 17482
f 17485 17486 17487
f 17488 17489 17490
f 17497 17498 17499
f 17500 17501 17502
f 17505 17506 17507
f 17508 17509 17510
f 17511 17512 17513
f 17514 17515 17516
f 17517 17512 17511
f 17518 17367 17519
f 17520 17521 17522
f 17523 17392 17524
f 17527 17528 17529
f 17527 17530 17514
f 17531 17532 17533
f 17534 17535 17536
f 17537 17538 17539
f 17540 17541 17542
f 17543 17544 17545
f 17546 17508 17547
f 17548 17549 17504
f 17550 17551 17552
f 17553 17554 17555
f 17500 17502 17556
f 17557 17485 17558
f 17407 17559 17560
f 17411 17489 17561
f 17562 17563 17114
f 17452 17564 17565
f 17573 17574 17117
f 17575 17576 17577
f 17581 17582 17118
f 17583 17582 17584
f 17585 17586 17587
f 17588 17589 17590
f 17591 17592 17590
f 17593 17585 17594
f 17596 17597 17598
f 17599 17600 17601
f 17606 17607 17608
f 17609 17610 17611
f 17614 17474 17613
f 17608 17618 17619
f 17590 17620 17180
f 17167 17179 17621
f 17614 17624 17616
f 17170 17171 17478
f 17537 17446 17448
f 17636 17389 17637
f 17638 17639 17640
f 17641 17642 17643
f 17644 17645 17646
f 17647 17648 17649
f 17652 17653 17654
f 17655 17656 17657
f 17658 17659 17660
f 17661 17662 17660
f 17665 17666 17667
f 17669 17670 17671
f 17674 17672 17675
f 17678 17679 17680
f 17683 17684 17256
f 17261 17259 17263
f 17688 17689 17679
f 17675 17696 17677
f 17698 17699 17700
f 17333 17701 17702
f 17703 17704 17705
f 17706 17707 17708
f 17713 17714 17715
f 17714 17713 17716
f 17716 17713 17717
f 17718 17719 17720
f 17721 17722 17693
f 17707 17723 17724
f 17727 17728 17729
f 17691 17690 17692
f 17678 17680 17730
f 17732 17733 17734
f 17735 17736 17737
f 17738 17739 17737
f 17742 17743 17744
f 17742 17744 17745
f 17746 17747 17748
f 17749 17646 17750
f 17751 17752 17753
f 17734 17756 17736
f 17757 17758 17759
f 17762 17753 17763
f 17764 17762 17763
f 17767 17768 17314
f 17770 17766 17771
f 17772 17773 17774
f 17775 17776 17777
f 17303 17778 17779
f 17780 17781 17782
f 17782 17731 17783
f 17786 17787 17788
f 17789 17760 17788
f 17751 17790 17644
f 17791 17678 17730
f 17656 17792 17793
f 17794 17795 17796
f 17324 17798 17799
f 17297 17803 17804
f 17805 17806 17289
f 17808 17809 17132
f 17282 17813 17814
f 17816 17138 17810
f 17817 17808 17818
f 17822 17823 17824
f 17097 17096 17276
f 17266 17268 17269
f 17264 17262 17825
f 17826 17092 17091
f 17726 17223 17725
f 17224 17832 17833
f 17836 17230 17837
f 17209 17838 17839
f 17568 17840 17841
f 17113 17462 17463
f 17465 17114 17115
f 17842 17115 17843
f 17844 17219 17218
f 17845 17846 17847
f 17853 17852 17854
f 17855 17856 17857
f 17858 17859 17860
f 17861 17458 17862
f 17220 17568 17569
f 17627 17128 17127
f 17864 17865 17866
f 17605 17868 17596
f 17868 17596 17869
f 17871 17872 17873
f 17874 17875 17876
f 17882 17883 17884
f 17885 17152 17886
f 17889 17892 17893
f 17894 17895 17896
f 17897 17437 17898
f 17900 17901 17162
f 17900 17433 17435
f 17422 17421 17420
f 17902 17905 17906
f 17414 17415 17163
f 17907 17213 17908
f 17909 17910 17154
f 17909 17882 17911
f 17917 17590 17595
f 17919 17920 17921
f 17921 17922 17923
f 17933 17934 17935
f 17412 17116 17936
f 17476 17623 17938
f 17106 17435 17436
f 17941 17942 17943
f 17947 17172 17948
f 17156 17155 17949
f 17953 17954 17955
f 17956 17614 17472
f 17957 17958 17959
f 17197 17198 17960
f 17208 17205 17204
f 17121 17194 17467
f 17197 17960 17195
f 17961 17211 17962
f 17961 17963 17212
f 17966 17964 17967
f 17968 17967 17970
f 17972 17961 17956
f 17593 17973 17974
f 17981 17982 17983
f 17984 17985 17978
f 17986 17987 17105
f 17990 17991 17992
f 17993 17427 17994
f 17630 17461 17625
f 17461 17627 17127
f 17219 17997 17998
