# Simplified Clearpath Husky demo mesh. See README.md for source/license.
# from wheel.dae, grid=0.01m
v 0.141582 -0.035626 0.105523
v 0.146042 -0.042410 0.098611
v 0.131307 -0.022160 0.117560
v 0.136243 -0.029668 0.112573
v 0.150704 -0.048129 0.089801
v 0.152421 -0.052889 0.082022
v 0.155244 -0.054929 0.082015
v 0.156200 -0.056213 0.077841
v 0.120001 -0.009056 0.129442
v 0.111189 0.000000 0.132887
v 0.111786 -0.000208 0.137100
v 0.125056 -0.016382 0.125449
v 0.141222 -0.034266 0.104005
v 0.141001 -0.056382 0.104132
v 0.148376 -0.056382 0.092306
v 0.152330 -0.056693 0.084402
v 0.136072 -0.054473 0.113059
v 0.142120 -0.054385 0.104905
v 0.135478 -0.055588 0.113239
v 0.133797 -0.056885 0.112463
v 0.155909 -0.057134 0.074077
v 0.148134 -0.055294 0.095125
v 0.147594 -0.054306 0.096381
v 0.109780 -0.024725 0.139663
v 0.096259 -0.012036 0.149153
v 0.120441 -0.039426 0.128491
v 0.108271 -0.026408 0.139130
v 0.131572 -0.052473 0.116422
v 0.125089 -0.041193 0.125485
v 0.085049 0.000000 0.156135
v 0.081659 0.000000 0.156522
v 0.093904 -0.013096 0.148549
v 0.099119 0.000000 0.147571
v 0.071941 0.000636 0.148567
v 0.087838 0.000000 0.139794
v 0.102938 0.000000 0.129080
v 0.128268 -0.057150 0.103949
v 0.122520 -0.050155 0.110666
v 0.116562 -0.043203 0.116916
v 0.109909 -0.035732 0.123199
v 0.103017 -0.028285 0.129014
v 0.095984 -0.020943 0.134332
v 0.088207 -0.013103 0.139548
v 0.080934 -0.005991 0.143902
v 0.139272 -0.038970 0.088556
v 0.130278 -0.027066 0.101351
v 0.149147 -0.053616 0.070751
v 0.151306 -0.057150 0.066065
v 0.125969 -0.021680 0.106723
v 0.113702 -0.007319 0.119707
v 0.116700 -0.010759 0.116700
v 0.120024 -0.014572 0.113368
v 0.175375 -0.035626 0.020594
v 0.175782 -0.042410 0.012379
v 0.172496 -0.022160 0.036156
v 0.174277 -0.029668 0.029369
v 0.175746 -0.049362 0.001612
v 0.175575 -0.054702 -0.005864
v 0.175216 -0.055330 -0.007884
v 0.173671 -0.056549 -0.011777
v 0.174424 -0.046027 0.002931
v 0.168645 -0.009056 0.052100
v 0.163354 0.000000 0.059900
v 0.165480 -0.000271 0.062940
v 0.171026 -0.016382 0.046115
v 0.165084 0.000000 0.065644
v 0.175054 -0.034830 0.019958
v 0.174154 -0.034153 0.019360
v 0.173852 -0.056693 0.019654
v 0.173991 -0.056933 0.008292
v 0.173934 -0.056823 -0.003060
v 0.175476 -0.055501 -0.003149
v 0.173959 -0.052970 0.032175
v 0.175532 -0.054385 0.019791
v 0.175314 -0.055294 0.019773
v 0.172588 -0.056543 0.030453
v 0.175605 -0.055693 0.008311
v 0.176011 -0.054306 0.009672
v 0.164904 -0.024725 0.066062
v 0.157235 -0.012388 0.081322
v 0.168744 -0.039562 0.050677
v 0.166120 -0.027503 0.062457
v 0.150652 0.000000 0.093920
v 0.171461 -0.052974 0.035320
v 0.147653 0.000000 0.095270
v 0.151986 -0.013344 0.079759
v 0.163051 -0.026299 0.066744
v 0.138235 -0.000593 0.090189
v 0.148750 0.000000 0.071634
v 0.159625 0.000000 0.078241
v 0.163058 -0.057150 0.025888
v 0.159344 -0.043002 0.043214
v 0.160917 -0.048375 0.036728
v 0.161438 -0.050155 0.034579
v 0.153763 -0.028371 0.060125
v 0.155785 -0.033299 0.054511
v 0.156783 -0.035732 0.051739
v 0.149494 -0.019422 0.069976
v 0.142041 -0.005991 0.084156
v 0.165059 -0.043036 0.001556
v 0.164672 -0.035370 0.011883
v 0.163909 -0.029460 0.019575
v 0.165004 -0.048224 -0.005614
v 0.164482 -0.054294 -0.014268
v 0.160928 -0.015742 0.036731
v 0.160628 -0.014572 0.038167
v 0.162454 -0.021680 0.029441
v 0.158323 -0.007319 0.046819
v 0.156004 -0.000334 0.054012
v 0.162177 -0.035626 -0.069853
v 0.158421 -0.042410 -0.077171
v 0.168951 -0.021662 -0.052772
v 0.165613 -0.029668 -0.061704
v 0.153612 -0.046878 -0.084606
v 0.149812 -0.054505 -0.091887
v 0.148999 -0.056058 -0.091295
v 0.146035 -0.056062 -0.096115
v 0.143603 -0.056842 -0.097587
v 0.172101 -0.009056 -0.039203
v 0.173533 0.000000 -0.029383
v 0.175381 -0.000451 -0.027253
v 0.166842 -0.021612 -0.055179
v 0.160681 -0.034266 -0.070299
v 0.160682 -0.056382 -0.070045
v 0.154444 -0.057089 -0.079600
v 0.166799 -0.052888 -0.057956
v 0.161911 -0.054385 -0.070627
v 0.165565 -0.055971 -0.060469
v 0.163916 -0.057058 -0.059430
v 0.155956 -0.056029 -0.080449
v 0.157266 -0.054306 -0.079630
v 0.175842 -0.024725 -0.025241
v 0.176831 -0.012388 -0.008190
v 0.171497 -0.039426 -0.040060
v 0.175093 -0.027503 -0.028971
v 0.171218 -0.041193 -0.045588
v 0.177741 0.000000 0.004413
v 0.165613 -0.053233 -0.054726
v 0.176520 0.000000 0.007864
v 0.174781 -0.013279 -0.006851
v 0.174523 0.000000 0.013074
v 0.159191 -0.052217 -0.053230
v 0.175538 -0.025703 -0.024372
v 0.173939 -0.026696 -0.023291
v 0.177359 0.000000 -0.012054
v 0.164653 0.000000 0.011804
v 0.162194 0.000000 -0.030828
v 0.160255 -0.040685 -0.039487
v 0.154156 -0.057150 -0.059109
v 0.161648 -0.035732 -0.033584
v 0.163225 -0.028371 -0.024811
v 0.164170 -0.022000 -0.017219
v 0.164949 -0.013474 -0.007058
v 0.165075 -0.006771 0.000930
v 0.144511 -0.041910 -0.079840
v 0.148645 -0.035195 -0.071837
v 0.130974 -0.057150 -0.100470
v 0.138395 -0.050378 -0.089931
v 0.155807 -0.020664 -0.054520
v 0.158191 -0.014572 -0.047260
v 0.155410 -0.021680 -0.055731
v 0.152190 -0.028620 -0.064001
v 0.160721 -0.006528 -0.037672
v 0.105523 -0.035626 -0.141582
v 0.098611 -0.042410 -0.146042
v 0.117560 -0.022160 -0.131307
v 0.112573 -0.029668 -0.136243
v 0.089801 -0.048129 -0.150704
v 0.082022 -0.052889 -0.152421
v 0.082015 -0.054929 -0.155244
v 0.077841 -0.056213 -0.156200
v 0.129442 -0.009056 -0.120001
v 0.132887 0.000000 -0.111189
v 0.137100 -0.000208 -0.111786
v 0.125449 -0.016382 -0.125056
v 0.104005 -0.034266 -0.141222
v 0.104132 -0.056382 -0.141001
v 0.092306 -0.056382 -0.148376
v 0.084402 -0.056693 -0.152330
v 0.113059 -0.054473 -0.136072
v 0.104905 -0.054385 -0.142120
v 0.113239 -0.055588 -0.135478
v 0.112467 -0.056882 -0.133804
v 0.074101 -0.057130 -0.155917
v 0.095125 -0.055294 -0.148134
v 0.096381 -0.054306 -0.147594
v 0.139663 -0.024725 -0.109780
v 0.149153 -0.012036 -0.096259
v 0.128491 -0.039426 -0.120441
v 0.139130 -0.026408 -0.108271
v 0.116422 -0.052473 -0.131572
v 0.125485 -0.041193 -0.125089
v 0.156135 0.000000 -0.085049
v 0.156522 0.000000 -0.081661
v 0.148549 -0.013096 -0.093904
v 0.148567 0.000636 -0.071941
v 0.147571 0.000000 -0.099119
v 0.103949 -0.057150 -0.128268
v 0.110666 -0.050155 -0.122520
v 0.116916 -0.043203 -0.116562
v 0.123199 -0.035732 -0.109909
v 0.129014 -0.028285 -0.103017
v 0.134332 -0.020943 -0.095984
v 0.139548 -0.013103 -0.088207
v 0.143902 -0.005991 -0.080934
v 0.088556 -0.038970 -0.139272
v 0.101351 -0.027066 -0.130278
v 0.070751 -0.053616 -0.149147
v 0.066065 -0.057150 -0.151306
v 0.106723 -0.021680 -0.125969
v 0.119707 -0.007319 -0.113702
v 0.116700 -0.010759 -0.116700
v 0.113368 -0.014572 -0.120024
v 0.020594 -0.035626 -0.175375
v 0.012379 -0.042410 -0.175782
v 0.036156 -0.022160 -0.172496
v 0.029369 -0.029668 -0.174277
v 0.001612 -0.049362 -0.175746
v -0.005852 -0.054699 -0.175576
v -0.007884 -0.055330 -0.175216
v -0.011775 -0.056549 -0.173674
v 0.002931 -0.046027 -0.174424
v 0.052100 -0.009056 -0.168645
v 0.059900 0.000000 -0.163354
v 0.062940 -0.000271 -0.165480
v 0.046115 -0.016382 -0.171026
v 0.065644 0.000000 -0.165084
v 0.019958 -0.034830 -0.175054
v 0.019360 -0.034153 -0.174154
v 0.019654 -0.056693 -0.173852
v 0.008292 -0.056933 -0.173991
v -0.003060 -0.056823 -0.173934
v -0.003149 -0.055501 -0.175476
v 0.032175 -0.052970 -0.173959
v 0.019791 -0.054385 -0.175532
v 0.019773 -0.055294 -0.175314
v 0.030453 -0.056538 -0.172598
v 0.008311 -0.055693 -0.175605
v 0.009672 -0.054306 -0.176011
v 0.066062 -0.024725 -0.164904
v 0.081322 -0.012388 -0.157235
v 0.050677 -0.039562 -0.168744
v 0.062457 -0.027503 -0.166120
v 0.093920 0.000000 -0.150652
v 0.035320 -0.052974 -0.171461
v 0.095269 0.000000 -0.147648
v 0.079759 -0.013344 -0.151986
v 0.066744 -0.026299 -0.163051
v 0.078241 0.000000 -0.159625
v 0.090189 -0.000593 -0.138235
v 0.025888 -0.057150 -0.163058
v 0.043214 -0.043002 -0.159344
v 0.036728 -0.048375 -0.160917
v 0.034579 -0.050155 -0.161438
v 0.060125 -0.028371 -0.153763
v 0.054511 -0.033299 -0.155785
v 0.051739 -0.035732 -0.156783
v 0.069976 -0.019422 -0.149494
v 0.084156 -0.005991 -0.142041
v 0.001556 -0.043036 -0.165059
v 0.011883 -0.035370 -0.164672
v 0.019575 -0.029460 -0.163909
v -0.005614 -0.048224 -0.165004
v -0.014268 -0.054294 -0.164482
v 0.036731 -0.015742 -0.160928
v 0.038167 -0.014572 -0.160628
v 0.029441 -0.021680 -0.162454
v 0.046819 -0.007319 -0.158323
v 0.054012 -0.000334 -0.156004
v -0.069853 -0.035626 -0.162177
v -0.077171 -0.042410 -0.158421
v -0.052772 -0.021662 -0.168951
v -0.061704 -0.029668 -0.165613
v -0.084606 -0.046878 -0.153612
v -0.091887 -0.054505 -0.149812
v -0.091295 -0.056058 -0.148999
v -0.096115 -0.056062 -0.146035
v -0.097587 -0.056842 -0.143603
v -0.039203 -0.009056 -0.172101
v -0.029379 0.000000 -0.173536
v -0.027254 -0.000451 -0.175381
v -0.055179 -0.021612 -0.166842
v -0.070299 -0.034266 -0.160681
v -0.070045 -0.056382 -0.160682
v -0.079600 -0.057089 -0.154444
v -0.057956 -0.052888 -0.166799
v -0.070627 -0.054385 -0.161911
v -0.060476 -0.055961 -0.165572
v -0.059437 -0.057055 -0.163931
v -0.080449 -0.056029 -0.155956
v -0.079630 -0.054306 -0.157266
v -0.025241 -0.024725 -0.175842
v -0.008190 -0.012388 -0.176831
v -0.040060 -0.039426 -0.171497
v -0.028971 -0.027503 -0.175093
v -0.045588 -0.041193 -0.171218
v 0.004413 0.000000 -0.177741
v -0.054726 -0.053233 -0.165613
v 0.007864 0.000000 -0.176520
v -0.006851 -0.013279 -0.174781
v 0.013077 0.000000 -0.174536
v -0.053230 -0.052217 -0.159191
v -0.024372 -0.025703 -0.175538
v -0.023291 -0.026696 -0.173939
v -0.012054 0.000000 -0.177359
v 0.011804 0.000000 -0.164653
v -0.030828 0.000000 -0.162194
v -0.039487 -0.040685 -0.160255
v -0.059109 -0.057150 -0.154156
v -0.033584 -0.035732 -0.161648
v -0.024811 -0.028371 -0.163225
v -0.017219 -0.022000 -0.164170
v -0.007058 -0.013474 -0.164949
v 0.000930 -0.006771 -0.165075
v -0.079840 -0.041910 -0.144511
v -0.071837 -0.035195 -0.148645
v -0.100470 -0.057150 -0.130974
v -0.089931 -0.050378 -0.138395
v -0.054520 -0.020664 -0.155807
v -0.047260 -0.014572 -0.158191
v -0.055731 -0.021680 -0.155410
v -0.064001 -0.028620 -0.152190
v -0.037672 -0.006528 -0.160721
v -0.141582 -0.035626 -0.105523
v -0.146042 -0.042410 -0.098611
v -0.131307 -0.022160 -0.117560
v -0.136243 -0.029668 -0.112573
v -0.150704 -0.048129 -0.089801
v -0.152417 -0.052886 -0.082030
v -0.155244 -0.054929 -0.082015
v -0.156201 -0.056213 -0.077845
v -0.120001 -0.009056 -0.129442
v -0.111189 0.000000 -0.132887
v -0.111785 -0.000208 -0.137104
v -0.125056 -0.016382 -0.125449
v -0.141222 -0.034266 -0.104005
v -0.141001 -0.056382 -0.104132
v -0.148376 -0.056382 -0.092306
v -0.152330 -0.056693 -0.084402
v -0.136070 -0.054480 -0.113060
v -0.142120 -0.054385 -0.104905
v -0.135486 -0.055576 -0.113240
v -0.133815 -0.056880 -0.112476
v -0.155909 -0.057134 -0.074077
v -0.148134 -0.055294 -0.095125
v -0.147594 -0.054306 -0.096381
v -0.109780 -0.024725 -0.139663
v -0.096259 -0.012036 -0.149153
v -0.120441 -0.039426 -0.128491
v -0.108271 -0.026408 -0.139130
v -0.131572 -0.052473 -0.116422
v -0.125089 -0.041193 -0.125485
v -0.085049 0.000000 -0.156135
v -0.081659 0.000000 -0.156520
v -0.093904 -0.013096 -0.148549
v -0.099119 0.000000 -0.147571
v -0.071941 0.000636 -0.148567
v -0.102938 0.000000 -0.129080
v -0.128268 -0.057150 -0.103949
v -0.122520 -0.050155 -0.110666
v -0.116562 -0.043203 -0.116916
v -0.109909 -0.035732 -0.123199
v -0.103017 -0.028285 -0.129014
v -0.095984 -0.020943 -0.134332
v -0.088207 -0.013103 -0.139548
v -0.080934 -0.005991 -0.143902
v -0.139272 -0.038970 -0.088556
v -0.130278 -0.027066 -0.101351
v -0.149147 -0.053616 -0.070751
v -0.151306 -0.057150 -0.066065
v -0.125969 -0.021680 -0.106723
v -0.113702 -0.007319 -0.119707
v -0.116700 -0.010759 -0.116700
v -0.120024 -0.014572 -0.113368
v -0.175375 -0.035626 -0.020594
v -0.175782 -0.042410 -0.012379
v -0.172496 -0.022160 -0.036156
v -0.174277 -0.029668 -0.029369
v -0.175746 -0.049362 -0.001614
v -0.175576 -0.054699 0.005852
v -0.175216 -0.055330 0.007884
v -0.173677 -0.056548 0.011771
v -0.174424 -0.046027 -0.002931
v -0.168645 -0.009056 -0.052100
v -0.163354 0.000000 -0.059900
v -0.165481 -0.000271 -0.062945
v -0.171026 -0.016382 -0.046115
v -0.165084 0.000000 -0.065644
v -0.175054 -0.034830 -0.019958
v -0.174154 -0.034153 -0.019360
v -0.173852 -0.056693 -0.019654
v -0.173991 -0.056933 -0.008292
v -0.173934 -0.056823 0.003060
v -0.175476 -0.055501 0.003149
v -0.173958 -0.052975 -0.032176
v -0.175532 -0.054385 -0.019791
v -0.175314 -0.055294 -0.019773
v -0.172604 -0.056539 -0.030454
v -0.175605 -0.055693 -0.008311
v -0.176011 -0.054306 -0.009672
v -0.164904 -0.024725 -0.066062
v -0.157235 -0.012388 -0.081322
v -0.168744 -0.039562 -0.050677
v -0.166120 -0.027503 -0.062457
v -0.150652 0.000000 -0.093920
v -0.171461 -0.052974 -0.035320
v -0.147654 0.000000 -0.095270
v -0.151986 -0.013344 -0.079759
v -0.163051 -0.026299 -0.066744
v -0.159625 0.000000 -0.078241
v -0.138235 -0.000593 -0.090189
v -0.163058 -0.057150 -0.025888
v -0.159344 -0.043002 -0.043214
v -0.160917 -0.048375 -0.036728
v -0.161438 -0.050155 -0.034579
v -0.153763 -0.028371 -0.060125
v -0.155785 -0.033299 -0.054511
v -0.156783 -0.035732 -0.051739
v -0.149494 -0.019422 -0.069976
v -0.142041 -0.005991 -0.084156
v -0.165059 -0.043036 -0.001556
v -0.164672 -0.035370 -0.011883
v -0.163909 -0.029460 -0.019575
v -0.165004 -0.048224 0.005614
v -0.164482 -0.054294 0.014268
v -0.164067 -0.057150 0.018438
v -0.160928 -0.015742 -0.036731
v -0.160628 -0.014572 -0.038167
v -0.162454 -0.021680 -0.029441
v -0.158323 -0.007319 -0.046819
v -0.156004 -0.000334 -0.054012
v -0.162177 -0.035626 0.069853
v -0.158421 -0.042410 0.077171
v -0.168951 -0.021662 0.052772
v -0.165613 -0.029668 0.061704
v -0.153612 -0.046878 0.084606
v -0.149816 -0.054503 0.091880
v -0.148999 -0.056058 0.091295
v -0.146039 -0.056060 0.096113
v -0.143608 -0.056841 0.097586
v -0.172101 -0.009056 0.039203
v -0.173536 0.000000 0.029379
v -0.175381 -0.000451 0.027253
v -0.166842 -0.021612 0.055179
v -0.160681 -0.034266 0.070299
v -0.160682 -0.056382 0.070045
v -0.154444 -0.057089 0.079600
v -0.166799 -0.052892 0.057955
v -0.161911 -0.054385 0.070627
v -0.165565 -0.055971 0.060469
v -0.163911 -0.057056 0.059430
v -0.155956 -0.056029 0.080449
v -0.157266 -0.054306 0.079630
v -0.175842 -0.024725 0.025241
v -0.176831 -0.012388 0.008190
v -0.171497 -0.039426 0.040060
v -0.175093 -0.027503 0.028971
v -0.171218 -0.041193 0.045588
v -0.177741 0.000000 -0.004413
v -0.165613 -0.053233 0.054726
v -0.176520 0.000000 -0.007864
v -0.174781 -0.013279 0.006851
v -0.174529 0.000000 -0.013075
v -0.159191 -0.052217 0.053230
v -0.175538 -0.025703 0.024372
v -0.173939 -0.026696 0.023291
v -0.164653 0.000000 -0.011804
v -0.177359 0.000000 0.012054
v -0.162194 0.000000 0.030828
v -0.160255 -0.040685 0.039487
v -0.154156 -0.057150 0.059109
v -0.161648 -0.035732 0.033584
v -0.163225 -0.028371 0.024811
v -0.164170 -0.022000 0.017219
v -0.164949 -0.013474 0.007058
v -0.165075 -0.006771 -0.000930
v -0.138395 -0.050378 0.089931
v -0.130974 -0.057150 0.100470
v -0.144511 -0.041910 0.079840
v -0.148645 -0.035195 0.071837
v -0.155807 -0.020664 0.054520
v -0.158191 -0.014572 0.047260
v -0.155410 -0.021680 0.055731
v -0.152190 -0.028620 0.064001
v -0.160721 -0.006528 0.037672
v -0.105523 -0.035626 0.141582
v -0.098611 -0.042410 0.146042
v -0.117560 -0.022160 0.131307
v -0.112573 -0.029668 0.136243
v -0.089801 -0.048129 0.150704
v -0.082025 -0.052888 0.152419
v -0.082015 -0.054929 0.155244
v -0.077841 -0.056213 0.156200
v -0.129442 -0.009056 0.120001
v -0.132887 0.000000 0.111189
v -0.137100 -0.000208 0.111786
v -0.125449 -0.016382 0.125056
v -0.104005 -0.034266 0.141222
v -0.104132 -0.056382 0.141001
v -0.092306 -0.056382 0.148376
v -0.084402 -0.056693 0.152330
v -0.113061 -0.054483 0.136069
v -0.104905 -0.054385 0.142120
v -0.113240 -0.055576 0.135486
v -0.112471 -0.056880 0.133810
v -0.074101 -0.057130 0.155917
v -0.095125 -0.055294 0.148134
v -0.096381 -0.054306 0.147594
v -0.139663 -0.024725 0.109780
v -0.149153 -0.012036 0.096259
v -0.128491 -0.039426 0.120441
v -0.139130 -0.026408 0.108271
v -0.116422 -0.052473 0.131572
v -0.125485 -0.041193 0.125089
v -0.156135 0.000000 0.085049
v -0.156521 0.000000 0.081659
v -0.148549 -0.013096 0.093904
v -0.147571 0.000000 0.099119
v -0.148567 0.000636 0.071941
v -0.139794 0.000000 0.087838
v -0.129080 0.000000 0.102938
v -0.103949 -0.057150 0.128268
v -0.110666 -0.050155 0.122520
v -0.116916 -0.043203 0.116562
v -0.123199 -0.035732 0.109909
v -0.129014 -0.028285 0.103017
v -0.134332 -0.020943 0.095984
v -0.139548 -0.013103 0.088207
v -0.143902 -0.005991 0.080934
v -0.088556 -0.038970 0.139272
v -0.101351 -0.027066 0.130278
v -0.070751 -0.053616 0.149147
v -0.066065 -0.057150 0.151306
v -0.106723 -0.021680 0.125969
v -0.119707 -0.007319 0.113702
v -0.116700 -0.010759 0.116700
v -0.113368 -0.014572 0.120024
v -0.020594 -0.035626 0.175375
v -0.012379 -0.042410 0.175782
v -0.036156 -0.022160 0.172496
v -0.029369 -0.029668 0.174277
v -0.001612 -0.049362 0.175746
v 0.005864 -0.054702 0.175575
v 0.007884 -0.055330 0.175216
v 0.011777 -0.056549 0.173671
v -0.002931 -0.046027 0.174424
v -0.052100 -0.009056 0.168645
v -0.059900 0.000000 0.163354
v -0.062946 -0.000271 0.165481
v -0.046115 -0.016382 0.171026
v -0.065644 0.000000 0.165084
v -0.019958 -0.034830 0.175054
v -0.019360 -0.034153 0.174154
v -0.019654 -0.056693 0.173852
v -0.008292 -0.056933 0.173991
v 0.003060 -0.056823 0.173934
v 0.003149 -0.055501 0.175476
v -0.032177 -0.052977 0.173958
v -0.019791 -0.054385 0.175532
v -0.019773 -0.055294 0.175314
v -0.030454 -0.056543 0.172594
v -0.008311 -0.055693 0.175605
v -0.009672 -0.054306 0.176011
v -0.066062 -0.024725 0.164904
v -0.081322 -0.012388 0.157235
v -0.050677 -0.039562 0.168744
v -0.062457 -0.027503 0.166120
v -0.093920 0.000000 0.150652
v -0.035320 -0.052974 0.171461
v -0.095271 0.000000 0.147651
v -0.079759 -0.013344 0.151986
v -0.066744 -0.026299 0.163051
v -0.090189 -0.000593 0.138235
v -0.078241 0.000000 0.159625
v -0.025888 -0.057150 0.163058
v -0.043214 -0.043002 0.159344
v -0.036728 -0.048375 0.160917
v -0.034579 -0.050155 0.161438
v -0.060125 -0.028371 0.153763
v -0.054511 -0.033299 0.155785
v -0.051739 -0.035732 0.156783
v -0.069976 -0.019422 0.149494
v -0.084156 -0.005991 0.142041
v -0.001556 -0.043036 0.165059
v -0.011883 -0.035370 0.164672
v -0.019575 -0.029460 0.163909
v 0.005614 -0.048224 0.165004
v 0.014268 -0.054294 0.164482
v -0.036731 -0.015742 0.160928
v -0.038167 -0.014572 0.160628
v -0.029441 -0.021680 0.162454
v -0.046819 -0.007319 0.158323
v -0.054012 -0.000334 0.156004
v 0.000000 -0.000000 0.025143
v 0.009660 -0.000317 0.022477
v 0.021658 -0.000076 0.021658
v 0.025143 -0.000000 0.000000
v 0.027562 0.000000 0.022511
v 0.038743 0.000000 0.038743
v 0.028058 -0.000144 0.028061
v 0.027500 0.000000 0.047631
v 0.018811 0.000000 0.051683
v 0.022477 -0.000317 0.009660
v 0.055000 0.000000 0.000000
v 0.051683 0.000000 0.018811
v 0.047631 0.000000 0.027500
v 0.000000 0.000000 0.055000
v 0.022508 0.000000 0.027561
v 0.009551 0.000000 0.054164
v 0.054164 0.000000 0.009551
v -0.047631 0.000000 0.027500
v -0.051683 0.000000 0.018811
v -0.028061 -0.000144 0.028061
v -0.022513 -0.000000 0.027559
v -0.055000 0.000000 0.000000
v -0.022477 -0.000317 0.009660
v -0.021660 -0.000076 0.021660
v -0.018811 0.000000 0.051683
v -0.027500 0.000000 0.047631
v -0.025143 0.000000 0.000000
v -0.009551 0.000000 0.054164
v -0.038743 0.000000 0.038743
v -0.027564 0.000000 0.022506
v -0.054164 0.000000 0.009551
v -0.010004 -0.000529 0.022173
v -0.022514 -0.000000 -0.027559
v 0.000000 0.000000 -0.055000
v -0.021661 -0.000076 -0.021661
v -0.027563 0.000000 -0.022511
v -0.038743 0.000000 -0.038743
v -0.047631 0.000000 -0.027500
v -0.027500 0.000000 -0.047631
v -0.018811 0.000000 -0.051683
v -0.028065 -0.000144 -0.028064
v -0.022173 -0.000529 -0.010004
v -0.009551 0.000000 -0.054164
v 0.000000 -0.000000 -0.025143
v -0.010004 -0.000529 -0.022173
v -0.051683 0.000000 -0.018811
v -0.054164 0.000000 -0.009551
v 0.027563 0.000000 -0.022511
v 0.028062 -0.000144 -0.028063
v 0.047631 0.000000 -0.027500
v 0.022507 0.000000 -0.027565
v 0.009551 0.000000 -0.054164
v 0.018811 0.000000 -0.051683
v 0.027500 0.000000 -0.047631
v 0.038743 0.000000 -0.038743
v 0.051683 0.000000 -0.018811
v 0.021660 -0.000076 -0.021660
v 0.022173 -0.000529 -0.010004
v 0.054164 0.000000 -0.009551
v 0.009660 -0.000317 -0.022477
v 0.160961 0.000000 0.036738
v 0.164062 0.000000 0.018485
v 0.174166 0.000000 0.034450
v 0.168666 0.000729 0.051293
v 0.176343 0.000094 0.017358
v 0.120424 0.000729 0.128752
v 0.144002 0.000066 0.101966
v 0.129080 0.000000 0.102938
v 0.116743 0.000000 0.116743
v 0.133607 0.000000 0.116917
v 0.108515 0.000000 0.124429
v 0.143149 0.000000 0.105316
v 0.054529 0.000000 0.155835
v 0.039912 0.000729 0.171715
v 0.073592 0.000063 0.160443
v 0.036732 0.002037 0.160932
v 0.030828 0.000000 0.162194
v 0.057249 0.000000 0.168057
v -0.036738 0.000000 0.160961
v -0.018485 0.000000 0.164062
v -0.034450 0.000000 0.174166
v -0.051293 0.000729 0.168666
v -0.017357 0.000094 0.176343
v -0.011804 0.000000 0.164653
v -0.013077 0.000000 0.174536
v -0.007865 0.000000 0.176519
v -0.101964 0.000066 0.144001
v -0.102938 0.000000 0.129080
v -0.116743 0.000000 0.116743
v -0.128755 0.000729 0.120426
v -0.124429 0.000000 0.108515
v -0.105316 0.000000 0.143149
v -0.160441 0.000063 0.073592
v -0.155835 0.000000 0.054529
v -0.171718 0.000729 0.039914
v -0.160932 0.002037 0.036732
v -0.160961 0.000000 -0.036738
v -0.164062 0.000000 -0.018485
v -0.168669 0.000729 -0.051292
v -0.176343 0.000094 -0.017358
v -0.144004 0.000066 -0.101968
v -0.129080 0.000000 -0.102938
v -0.116743 0.000000 -0.116743
v -0.120422 0.000729 -0.128754
v -0.108515 0.000000 -0.124429
v -0.143149 0.000000 -0.105316
v -0.073593 0.000063 -0.160445
v -0.054529 0.000000 -0.155835
v -0.039914 0.000729 -0.171718
v -0.036732 0.002037 -0.160932
v -0.057249 0.000000 -0.168057
v 0.036738 0.000000 -0.160961
v 0.018485 0.000000 -0.164062
v 0.034450 0.000000 -0.174166
v 0.051292 0.000729 -0.168669
v 0.017357 0.000094 -0.176343
v 0.116743 0.000000 -0.116743
v 0.128753 0.000729 -0.120428
v 0.124429 0.000000 -0.108515
v 0.101965 0.000066 -0.144001
v 0.102938 0.000000 -0.129080
v 0.105316 0.000000 -0.143149
v 0.095559 0.057126 0.134634
v 0.100450 0.056681 0.144088
v 0.093165 0.056776 0.136264
v 0.101911 0.054323 0.145540
v 0.086859 0.041747 0.153951
v 0.072209 0.028115 0.161344
v 0.057493 0.013997 0.167722
v 0.056055 0.015511 0.166553
v 0.101264 0.055620 0.145279
v 0.125894 0.053317 0.123253
v 0.120496 0.053319 0.112866
v 0.119661 0.056506 0.113747
v 0.125531 0.055936 0.123404
v 0.124366 0.056871 0.123374
v 0.109604 0.056415 0.138010
v 0.117274 0.056415 0.131370
v 0.125373 0.055277 0.125087
v 0.111658 0.054324 0.138080
v 0.118216 0.054410 0.132392
v 0.125471 0.054011 0.125255
v 0.100439 0.026208 0.146199
v 0.086526 0.011785 0.153739
v 0.113485 0.039738 0.136154
v 0.086069 0.012915 0.155506
v 0.122090 0.050332 0.120744
v 0.111908 0.038083 0.132548
v 0.100188 0.024725 0.144185
v 0.048983 0.014339 0.157666
v 0.040410 0.007097 0.160078
v 0.054511 0.019146 0.155783
v 0.057425 0.021680 0.154791
v 0.073802 0.036562 0.147686
v 0.068661 0.031820 0.150084
v 0.081679 0.044050 0.143480
v 0.088565 0.050804 0.139310
v 0.113693 0.044649 0.119716
v 0.101509 0.031414 0.130158
v 0.077591 0.007499 0.145732
v 0.090340 0.019955 0.138126
v 0.085353 0.014988 0.141326
v 0.149469 0.056671 0.070107
v 0.159481 0.056644 0.073970
v 0.159307 0.056075 0.075318
v 0.161236 0.054431 0.074748
v 0.152198 0.041747 0.089896
v 0.143207 0.028115 0.103624
v 0.133651 0.013997 0.116505
v 0.131822 0.015511 0.116212
v 0.160838 0.054174 0.075411
v 0.170554 0.053221 0.043655
v 0.160786 0.053331 0.037493
v 0.160553 0.056581 0.038464
v 0.169850 0.056374 0.044082
v 0.169632 0.056369 0.046899
v 0.163477 0.056823 0.064547
v 0.165108 0.055077 0.065170
v 0.167832 0.056029 0.055315
v 0.165228 0.054385 0.065215
v 0.167975 0.054306 0.057309
v 0.171287 0.053851 0.045515
v 0.160082 0.026208 0.076392
v 0.151925 0.012067 0.090318
v 0.166177 0.039467 0.060925
v 0.161681 0.037885 0.058099
v 0.159377 0.024894 0.075178
v 0.158684 0.024669 0.074640
v 0.121254 0.014339 0.112052
v 0.115872 0.008072 0.117568
v 0.127127 0.021680 0.105341
v 0.129037 0.024251 0.102904
v 0.132635 0.029096 0.098315
v 0.138751 0.038138 0.089403
v 0.142476 0.044050 0.083418
v 0.146775 0.051535 0.075599
v 0.157067 0.041329 0.050677
v 0.152343 0.029930 0.063636
v 0.148713 0.022542 0.071707
v 0.144580 0.014988 0.079715
v 0.139922 0.007289 0.087622
v 0.174558 0.057065 -0.015428
v 0.164374 0.057131 -0.015461
v 0.164492 0.056680 -0.014152
v 0.174428 0.056711 -0.014289
v 0.176983 0.054578 -0.015702
v 0.176933 0.041649 0.001689
v 0.176318 0.027772 0.017956
v 0.173998 0.013997 0.034071
v 0.172267 0.015511 0.034731
v 0.174376 0.029144 0.018681
v 0.168324 0.043923 0.001155
v 0.175763 0.056211 -0.014541
v 0.176149 0.056073 -0.015578
v 0.177095 0.052902 -0.014476
v 0.169856 0.053352 -0.047212
v 0.157990 0.053313 -0.047926
v 0.158058 0.056573 -0.047628
v 0.169409 0.056331 -0.046538
v 0.173738 0.056884 -0.025821
v 0.172406 0.056415 -0.035877
v 0.175295 0.055635 -0.026071
v 0.175695 0.054410 -0.026135
v 0.173763 0.054410 -0.036182
v 0.174840 0.054150 -0.030704
v 0.176831 0.026208 -0.013883
v 0.176909 0.012167 0.002322
v 0.175114 0.040261 -0.029574
v 0.173837 0.039047 -0.030581
v 0.168292 0.012741 -0.000576
v 0.175402 0.024821 -0.014627
v 0.174521 0.024630 -0.014718
v 0.158837 0.007097 0.045043
v 0.160993 0.014203 0.036574
v 0.162766 0.021680 0.027664
v 0.164801 0.036562 0.009928
v 0.164038 0.029239 0.018655
v 0.164910 0.051535 -0.007916
v 0.160722 0.043863 -0.037666
v 0.162373 0.037331 -0.029881
v 0.163882 0.028847 -0.019771
v 0.165002 0.007499 0.005670
v 0.164650 0.022474 -0.012176
v 0.134634 0.057126 -0.095559
v 0.143942 0.056679 -0.100363
v 0.136561 0.056728 -0.092724
v 0.145539 0.054298 -0.101922
v 0.153951 0.041747 -0.086859
v 0.161344 0.028115 -0.072209
v 0.167722 0.013997 -0.057493
v 0.166553 0.015511 -0.056055
v 0.171715 0.000729 -0.039914
v 0.145281 0.055615 -0.101270
v 0.123276 0.053320 -0.125893
v 0.112860 0.053315 -0.120501
v 0.123404 0.055935 -0.125532
v 0.113740 0.056501 -0.119668
v 0.123373 0.056871 -0.124367
v 0.138010 0.056415 -0.109604
v 0.131370 0.056415 -0.117274
v 0.125087 0.055277 -0.125373
v 0.138080 0.054324 -0.111658
v 0.132392 0.054410 -0.118216
v 0.125255 0.054011 -0.125471
v 0.146199 0.026208 -0.100439
v 0.153739 0.011785 -0.086526
v 0.136154 0.039738 -0.113485
v 0.160443 0.000063 -0.073593
v 0.155506 0.012915 -0.086069
v 0.120744 0.050332 -0.122090
v 0.132548 0.038083 -0.111908
v 0.144185 0.024725 -0.100188
v 0.157666 0.014339 -0.048983
v 0.160078 0.007097 -0.040410
v 0.160932 0.002037 -0.036732
v 0.155783 0.019146 -0.054511
v 0.154791 0.021680 -0.057425
v 0.147686 0.036562 -0.073802
v 0.150084 0.031820 -0.068661
v 0.143480 0.044050 -0.081679
v 0.139310 0.050804 -0.088565
v 0.119716 0.044649 -0.113693
v 0.130158 0.031414 -0.101509
v 0.145732 0.007499 -0.077591
v 0.138126 0.019955 -0.090340
v 0.141326 0.014988 -0.085353
v 0.074183 0.056606 -0.159477
v 0.070101 0.056675 -0.149471
v 0.075317 0.056073 -0.159309
v 0.116505 0.013997 -0.133651
v 0.103624 0.028115 -0.143207
v 0.116212 0.015511 -0.131822
v 0.089896 0.041747 -0.152198
v 0.075411 0.054174 -0.160838
v 0.074748 0.054423 -0.161235
v 0.043656 0.053222 -0.170555
v 0.037489 0.053315 -0.160787
v 0.044082 0.056373 -0.169850
v 0.038453 0.056573 -0.160556
v 0.064584 0.056750 -0.163575
v 0.046835 0.056341 -0.169717
v 0.055324 0.056020 -0.167860
v 0.065157 0.055176 -0.165076
v 0.065214 0.054410 -0.165224
v 0.057308 0.054324 -0.167972
v 0.045515 0.053854 -0.171286
v 0.076392 0.026208 -0.160082
v 0.090318 0.012067 -0.151925
v 0.060925 0.039467 -0.166177
v 0.058099 0.037885 -0.161681
v 0.075178 0.024894 -0.159377
v 0.074640 0.024669 -0.158684
v 0.116917 0.000000 -0.133607
v 0.112052 0.014339 -0.121254
v 0.117568 0.008072 -0.115872
v 0.105341 0.021680 -0.127127
v 0.102904 0.024251 -0.129037
v 0.098315 0.029096 -0.132635
v 0.089403 0.038138 -0.138751
v 0.083418 0.044050 -0.142476
v 0.075599 0.051535 -0.146775
v 0.050677 0.041329 -0.157067
v 0.063636 0.029930 -0.152343
v 0.071707 0.022542 -0.148713
v 0.079715 0.014988 -0.144580
v 0.087622 0.007289 -0.139922
v -0.015440 0.057126 -0.164376
v -0.015424 0.057065 -0.174565
v -0.014137 0.056675 -0.164493
v -0.014289 0.056711 -0.174428
v 0.034071 0.013997 -0.173998
v 0.017956 0.027772 -0.176318
v 0.034731 0.015511 -0.172267
v 0.018681 0.029144 -0.174376
v 0.001155 0.043923 -0.168324
v 0.001689 0.041649 -0.176933
v -0.014476 0.052902 -0.177095
v -0.014515 0.056212 -0.175744
v -0.015579 0.056072 -0.176149
v -0.015702 0.054578 -0.176983
v -0.047212 0.053353 -0.169858
v -0.047924 0.053323 -0.157991
v -0.046554 0.056318 -0.169424
v -0.047624 0.056576 -0.158059
v -0.025821 0.056884 -0.173738
v -0.035877 0.056415 -0.172406
v -0.026071 0.055635 -0.175295
v -0.026135 0.054410 -0.175695
v -0.036182 0.054410 -0.173763
v -0.030704 0.054150 -0.174840
v -0.013883 0.026208 -0.176831
v 0.002322 0.012167 -0.176909
v -0.029574 0.040261 -0.175114
v -0.030581 0.039047 -0.173837
v -0.000576 0.012741 -0.168292
v -0.014627 0.024821 -0.175402
v -0.014718 0.024630 -0.174521
v 0.045043 0.007097 -0.158837
v 0.036574 0.014203 -0.160993
v 0.027664 0.021680 -0.162766
v 0.009928 0.036562 -0.164801
v 0.018655 0.029239 -0.164038
v -0.007916 0.051535 -0.164910
v -0.037666 0.043863 -0.160722
v -0.029881 0.037331 -0.162373
v -0.019771 0.028847 -0.163882
v 0.005670 0.007499 -0.165002
v -0.012176 0.022474 -0.164650
v -0.095559 0.057126 -0.134634
v -0.100449 0.056674 -0.144103
v -0.093165 0.056776 -0.136264
v -0.057493 0.013997 -0.167722
v -0.072209 0.028115 -0.161344
v -0.056055 0.015511 -0.166553
v -0.086859 0.041747 -0.153951
v -0.101912 0.054310 -0.145541
v -0.101270 0.055615 -0.145281
v -0.125894 0.053320 -0.123277
v -0.120499 0.053320 -0.112862
v -0.125532 0.055935 -0.123404
v -0.119663 0.056510 -0.113745
v -0.124388 0.056862 -0.123382
v -0.109604 0.056415 -0.138010
v -0.117274 0.056415 -0.131370
v -0.125373 0.055277 -0.125087
v -0.111658 0.054324 -0.138080
v -0.118216 0.054410 -0.132392
v -0.125471 0.054011 -0.125255
v -0.100439 0.026208 -0.146199
v -0.086526 0.011785 -0.153739
v -0.113485 0.039738 -0.136154
v -0.086069 0.012915 -0.155506
v -0.122090 0.050332 -0.120744
v -0.111908 0.038083 -0.132548
v -0.100188 0.024725 -0.144185
v -0.048983 0.014339 -0.157666
v -0.040410 0.007097 -0.160078
v -0.054511 0.019146 -0.155783
v -0.057425 0.021680 -0.154791
v -0.073802 0.036562 -0.147686
v -0.068661 0.031820 -0.150084
v -0.081679 0.044050 -0.143480
v -0.088565 0.050804 -0.139310
v -0.113693 0.044649 -0.119716
v -0.101509 0.031414 -0.130158
v -0.077591 0.007499 -0.145732
v -0.090340 0.019955 -0.138126
v -0.085353 0.014988 -0.141326
v -0.149472 0.056676 -0.070099
v -0.159495 0.056596 -0.074190
v -0.159307 0.056074 -0.075318
v -0.133651 0.013997 -0.116505
v -0.143207 0.028115 -0.103624
v -0.131822 0.015511 -0.116212
v -0.152198 0.041747 -0.089896
v -0.160838 0.054174 -0.075411
v -0.161235 0.054423 -0.074748
v -0.170556 0.053221 -0.043657
v -0.160786 0.053308 -0.037493
v -0.169850 0.056373 -0.044082
v -0.160554 0.056575 -0.038459
v -0.163575 0.056750 -0.064584
v -0.169717 0.056341 -0.046835
v -0.167860 0.056020 -0.055324
v -0.165076 0.055176 -0.065157
v -0.165224 0.054410 -0.065214
v -0.167972 0.054324 -0.057308
v -0.171286 0.053854 -0.045515
v -0.160082 0.026208 -0.076392
v -0.151925 0.012067 -0.090318
v -0.166177 0.039467 -0.060925
v -0.161681 0.037885 -0.058099
v -0.159377 0.024894 -0.075178
v -0.158684 0.024669 -0.074640
v -0.133607 0.000000 -0.116917
v -0.121254 0.014339 -0.112052
v -0.115872 0.008072 -0.117568
v -0.127127 0.021680 -0.105341
v -0.129037 0.024251 -0.102904
v -0.132635 0.029096 -0.098315
v -0.138751 0.038138 -0.089403
v -0.142476 0.044050 -0.083418
v -0.146775 0.051535 -0.075599
v -0.157067 0.041329 -0.050677
v -0.152343 0.029930 -0.063636
v -0.148713 0.022542 -0.071707
v -0.144580 0.014988 -0.079715
v -0.139922 0.007289 -0.087622
v -0.164376 0.057126 0.015440
v -0.174552 0.057064 0.015416
v -0.164494 0.056672 0.014130
v -0.174428 0.056711 0.014289
v -0.176983 0.054578 0.015702
v -0.176933 0.041649 -0.001689
v -0.176318 0.027772 -0.017956
v -0.173998 0.013997 -0.034071
v -0.172267 0.015511 -0.034731
v -0.174376 0.029144 -0.018681
v -0.168324 0.043923 -0.001155
v -0.175744 0.056212 0.014515
v -0.176149 0.056073 0.015578
v -0.177095 0.052902 0.014476
v -0.169857 0.053353 0.047212
v -0.157992 0.053318 0.047919
v -0.169410 0.056330 0.046539
v -0.158064 0.056589 0.047607
v -0.173738 0.056884 0.025821
v -0.172406 0.056415 0.035877
v -0.175295 0.055635 0.026071
v -0.175695 0.054410 0.026135
v -0.173763 0.054410 0.036182
v -0.174840 0.054150 0.030704
v -0.176831 0.026208 0.013883
v -0.176909 0.012167 -0.002322
v -0.175114 0.040261 0.029574
v -0.173837 0.039047 0.030581
v -0.168292 0.012741 0.000576
v -0.175402 0.024821 0.014627
v -0.174521 0.024630 0.014718
v -0.174166 0.000000 -0.034450
v -0.158837 0.007097 -0.045043
v -0.160993 0.014203 -0.036574
v -0.162766 0.021680 -0.027664
v -0.164801 0.036562 -0.009928
v -0.164038 0.029239 -0.018655
v -0.164910 0.051535 0.007916
v -0.160722 0.043863 0.037666
v -0.162373 0.037331 0.029881
v -0.163882 0.028847 0.019771
v -0.165002 0.007499 -0.005670
v -0.164650 0.022474 0.012176
v -0.134634 0.057126 0.095559
v -0.144088 0.056681 0.100450
v -0.136271 0.056767 0.093155
v -0.145539 0.054298 0.101922
v -0.153951 0.041747 0.086859
v -0.161344 0.028115 0.072209
v -0.167722 0.013997 0.057493
v -0.166553 0.015511 0.056055
v -0.145279 0.055616 0.101268
v -0.123277 0.053321 0.125893
v -0.112866 0.053318 0.120496
v -0.123404 0.055936 0.125531
v -0.113756 0.056523 0.119652
v -0.123373 0.056871 0.124367
v -0.138010 0.056415 0.109604
v -0.131370 0.056415 0.117274
v -0.125087 0.055277 0.125373
v -0.138080 0.054324 0.111658
v -0.132392 0.054410 0.118216
v -0.125255 0.054011 0.125471
v -0.146199 0.026208 0.100439
v -0.153739 0.011785 0.086526
v -0.136154 0.039738 0.113485
v -0.155506 0.012915 0.086069
v -0.120744 0.050332 0.122090
v -0.132548 0.038083 0.111908
v -0.144185 0.024725 0.100188
v -0.168057 0.000000 0.057249
v -0.157666 0.014339 0.048983
v -0.160078 0.007097 0.040410
v -0.155783 0.019146 0.054511
v -0.154791 0.021680 0.057425
v -0.147686 0.036562 0.073802
v -0.150084 0.031820 0.068661
v -0.143480 0.044050 0.081679
v -0.139310 0.050804 0.088565
v -0.119716 0.044649 0.113693
v -0.130158 0.031414 0.101509
v -0.145732 0.007499 0.077591
v -0.138126 0.019955 0.090340
v -0.141326 0.014988 0.085353
v -0.070117 0.056667 0.149464
v -0.073970 0.056643 0.159484
v -0.075318 0.056075 0.159306
v -0.116505 0.013997 0.133651
v -0.103624 0.028115 0.143207
v -0.116212 0.015511 0.131822
v -0.089896 0.041747 0.152198
v -0.075411 0.054174 0.160838
v -0.074763 0.054454 0.161221
v -0.043656 0.053221 0.170554
v -0.037497 0.053318 0.160785
v -0.044082 0.056374 0.169850
v -0.038476 0.056586 0.160550
v -0.046899 0.056369 0.169633
v -0.064547 0.056823 0.163477
v -0.065170 0.055077 0.165108
v -0.055315 0.056029 0.167832
v -0.065215 0.054385 0.165228
v -0.057309 0.054306 0.167975
v -0.045515 0.053851 0.171287
v -0.076392 0.026208 0.160082
v -0.090318 0.012067 0.151925
v -0.060925 0.039467 0.166177
v -0.058099 0.037885 0.161681
v -0.075178 0.024894 0.159377
v -0.074640 0.024669 0.158684
v -0.116917 0.000000 0.133607
v -0.112052 0.014339 0.121254
v -0.117568 0.008072 0.115872
v -0.105341 0.021680 0.127127
v -0.102904 0.024251 0.129037
v -0.098315 0.029096 0.132635
v -0.089403 0.038138 0.138751
v -0.083418 0.044050 0.142476
v -0.075599 0.051535 0.146775
v -0.050677 0.041329 0.157067
v -0.063636 0.029930 0.152343
v -0.071707 0.022542 0.148713
v -0.079715 0.014988 0.144580
v -0.087622 0.007289 0.139922
v -0.139794 0.057150 -0.087838
v -0.129080 0.057150 -0.102938
v 0.018485 0.057150 -0.164062
v 0.000000 0.057150 -0.165100
v 0.032534 0.056440 0.081654
v 0.015409 0.057064 0.174545
v 0.025821 0.056884 0.173738
v 0.015440 0.057126 0.164376
v 0.041171 0.056440 0.077658
v 0.049326 0.056440 0.072751
v 0.056903 0.056440 0.066991
v -0.071634 0.057150 -0.148750
v 0.065739 0.057150 0.062271
v 0.069974 0.056440 0.053193
v 0.076410 0.056949 0.045974
v 0.139794 0.057150 0.087838
v 0.129080 0.057150 0.102938
v 0.046538 0.056331 0.169409
v 0.047618 0.056584 0.158061
v 0.035877 0.056415 0.172406
v -0.018485 0.057150 0.164062
v 0.000000 0.057150 0.165100
v -0.087838 0.057150 0.139794
v -0.102938 0.057150 0.129080
v -0.164062 0.057150 -0.018485
v -0.165100 0.057150 0.000000
v 0.071634 0.057150 0.148750
v 0.102938 0.057150 -0.129080
v 0.087838 0.057150 -0.139794
v 0.069974 0.056440 -0.053193
v 0.076410 0.056949 -0.045974
v 0.065739 0.057150 -0.062271
v 0.079773 0.056440 0.036907
v 0.085810 0.057150 0.028913
v 0.087090 0.056949 0.019170
v 0.164062 0.057150 0.018485
v 0.088000 0.056731 0.009571
v 0.165100 0.057150 0.000000
v 0.087896 0.056440 0.000000
v 0.088000 0.056731 -0.009571
v 0.087090 0.056949 -0.019170
v -0.148750 0.057150 0.071634
v 0.056903 0.056440 -0.066991
v 0.049326 0.056440 -0.072751
v 0.041171 0.056440 -0.077658
v -0.076410 0.056949 0.045974
v -0.079773 0.056440 0.036907
v -0.069974 0.056440 0.053193
v -0.065739 0.057150 0.062271
v 0.085810 0.057150 -0.028913
v 0.079773 0.056440 -0.036907
v -0.088000 0.056731 -0.009571
v -0.087090 0.056949 -0.019170
v -0.087896 0.056440 0.000000
v -0.024039 0.057089 0.086580
v -0.014321 0.056731 0.087353
v 0.148750 0.057150 -0.071634
v -0.032534 0.056440 -0.081654
v -0.024039 0.057089 -0.086580
v -0.041171 0.056440 -0.077658
v -0.049326 0.056440 -0.072751
v -0.056903 0.056440 -0.066991
v -0.065739 0.057150 -0.062271
v -0.056903 0.056440 0.066991
v -0.049326 0.056440 0.072751
v -0.041171 0.056440 0.077658
v -0.032534 0.056440 0.081654
v 0.000000 0.056440 0.087768
v 0.014321 0.056731 0.087353
v 0.032534 0.056440 -0.081654
v 0.024039 0.057089 -0.086580
v 0.014321 0.056731 -0.087353
v -0.088000 0.056731 0.009571
v -0.087090 0.056949 0.019170
v -0.085810 0.057150 0.028913
v 0.024039 0.057089 0.086580
v 0.000000 0.056440 -0.087768
v -0.014321 0.056731 -0.087353
v -0.069974 0.056440 -0.053193
v -0.076410 0.056949 -0.045974
v -0.079773 0.056440 -0.036907
v -0.085810 0.057150 -0.028913
v 0.155835 0.000000 -0.054529
v 0.168057 0.000000 -0.057249
v 0.071837 -0.035195 0.148645
v 0.054529 -0.057150 0.155835
v 0.059109 -0.057150 0.154156
v 0.053230 -0.052217 0.159191
v -0.155835 -0.057150 0.054529
v -0.054529 -0.057150 -0.155835
v 0.155835 -0.057150 -0.054529
v 0.160961 -0.057150 0.036738
v 0.155835 -0.057150 0.054529
v 0.164062 -0.057150 -0.018485
v 0.160961 -0.057150 -0.036738
v 0.165100 0.000000 0.000000
v 0.164062 0.000000 -0.018485
v 0.139794 0.000000 -0.087838
v 0.116743 -0.057150 -0.116743
v 0.129080 0.000000 -0.102938
v 0.054529 -0.057150 -0.155835
v 0.036738 -0.057150 -0.160961
v 0.071634 0.000000 -0.148750
v -0.018485 -0.057150 -0.164062
v -0.036738 -0.057150 -0.160961
v 0.000000 0.000000 -0.165100
v -0.018485 0.000000 -0.164062
v -0.087838 0.000000 -0.139794
v -0.116743 -0.057150 -0.116743
v -0.155835 -0.057150 -0.054529
v -0.160961 -0.057150 -0.036738
v -0.148750 0.000000 -0.071634
v -0.160961 -0.057150 0.036738
v -0.165100 0.000000 0.000000
v -0.164062 0.000000 0.018485
v -0.116743 -0.057150 0.116743
v -0.054529 -0.057150 0.155835
v -0.036738 -0.057150 0.160961
v -0.071634 0.000000 0.148750
v -0.045043 0.007097 0.158837
v -0.036574 0.014203 0.160993
v -0.000930 -0.006771 0.165075
v 0.018485 -0.057150 0.164062
v 0.017219 -0.022000 0.164170
v 0.007058 -0.013474 0.164949
v 0.036738 -0.057150 0.160961
v 0.039487 -0.040685 0.160255
v 0.024811 -0.028371 0.163225
v 0.033584 -0.035732 0.161648
v -0.005670 0.007499 0.165002
v 0.000576 0.012741 0.168292
v 0.018485 0.000000 0.164062
v 0.012176 0.022474 0.164650
v 0.037666 0.043863 0.160722
v 0.029881 0.037331 0.162373
v 0.019771 0.028847 0.163882
v 0.037672 -0.006528 0.160721
v 0.047260 -0.014572 0.158191
v 0.064001 -0.028620 0.152190
v 0.055731 -0.021680 0.155410
v 0.054520 -0.020664 0.155807
v 0.089931 -0.050378 0.138395
v 0.079840 -0.041910 0.144511
v 0.116743 -0.057150 0.116743
v 0.100470 -0.057150 0.130974
v 0.014152 0.056680 0.164492
v 0.047920 0.053321 0.157992
v -0.027664 0.021680 0.162766
v 0.007916 0.051535 0.164910
v -0.001155 0.043923 0.168324
v -0.009928 0.036562 0.164801
v -0.018655 0.029239 0.164038
v 0.017433 0.025587 0.080639
v 0.021310 0.051361 0.080316
v 0.028251 0.025587 0.077509
v 0.030557 0.051361 0.077309
v 0.040318 0.025587 0.071887
v 0.039369 0.051361 0.073200
v 0.046724 0.051803 0.068913
v 0.051823 0.025587 0.064224
v 0.053612 0.051361 0.063529
v 0.058372 0.025587 0.058372
v 0.000302 0.051562 -0.083073
v 0.001659 0.025587 -0.082457
v 0.009243 0.025587 -0.082031
v 0.013470 0.051803 -0.082163
v 0.017433 0.025587 -0.080639
v 0.021310 0.051361 -0.080316
v 0.028251 0.025587 -0.077509
v 0.030557 0.051361 -0.077309
v 0.040318 0.025587 -0.071887
v 0.039369 0.051361 -0.073200
v 0.046724 0.051803 -0.068913
v 0.051823 0.025587 -0.064224
v 0.053612 0.051361 -0.063529
v 0.058372 0.025587 -0.058372
v 0.060446 0.051803 -0.057257
v 0.063117 0.025587 -0.053062
v 0.061711 0.049150 -0.054674
v 0.066282 0.051803 -0.050386
v 0.071344 0.025587 -0.041283
v 0.071069 0.051361 -0.043117
v 0.074920 0.049150 -0.034662
v 0.076873 0.025587 -0.029787
v 0.077593 0.051324 -0.029353
v 0.080283 0.025587 -0.019053
v 0.081105 0.051361 -0.018204
v 0.082104 0.025587 -0.007940
v 0.082675 0.051361 -0.008608
v 0.082550 0.025587 0.000000
v 0.083259 0.051803 0.000000
v 0.082104 0.025587 0.007940
v 0.082675 0.051361 0.008608
v 0.080283 0.025587 0.019053
v 0.081105 0.051361 0.018204
v 0.076873 0.025587 0.029787
v 0.077593 0.051324 0.029353
v 0.071344 0.025587 0.041283
v 0.074920 0.049150 0.034662
v 0.071069 0.051361 0.043117
v 0.063117 0.025587 0.053062
v 0.066282 0.051803 0.050386
v 0.061711 0.049150 0.054674
v 0.060446 0.051803 0.057257
v -0.009593 0.025587 -0.081971
v -0.012881 0.051361 -0.082108
v -0.020650 0.025587 -0.079823
v -0.022387 0.051361 -0.080062
v -0.038372 0.025587 -0.072943
v -0.038389 0.051361 -0.073713
v -0.046749 0.051361 -0.068746
v -0.046822 0.025587 -0.067837
v -0.030817 0.051803 -0.077346
v -0.027265 0.025587 -0.077918
v -0.064540 0.025587 -0.051469
v -0.059889 0.051361 -0.057623
v -0.066231 0.051361 -0.050252
v -0.065913 0.025587 -0.049534
v -0.053901 0.051803 -0.063457
v -0.051469 0.025587 -0.064540
v -0.057752 0.025587 -0.058925
v -0.077898 0.051324 -0.028580
v -0.078082 0.025587 -0.026695
v -0.074920 0.049150 -0.034662
v -0.071616 0.051361 -0.042155
v -0.072423 0.025587 -0.039348
v 0.013470 0.051803 0.082163
v 0.009243 0.025587 0.082031
v 0.000302 0.051562 0.083073
v 0.001659 0.025587 0.082457
v -0.009593 0.025587 0.081971
v -0.012881 0.051361 0.082108
v -0.020650 0.025587 0.079823
v -0.022387 0.051361 0.080062
v -0.027265 0.025587 0.077918
v -0.030817 0.051803 0.077346
v -0.038372 0.025587 0.072943
v -0.038389 0.051361 0.073713
v -0.046749 0.051361 0.068746
v -0.046822 0.025587 0.067837
v -0.051469 0.025587 0.064540
v -0.053901 0.051803 0.063457
v -0.057752 0.025587 0.058925
v -0.059889 0.051361 0.057623
v -0.064540 0.025587 0.051469
v -0.066231 0.051361 0.050252
v -0.065913 0.025587 0.049534
v -0.072423 0.025587 0.039348
v -0.071616 0.051361 0.042155
v -0.074920 0.049150 0.034662
v -0.078082 0.025587 0.026695
v -0.077898 0.051324 0.028580
v -0.080480 0.025587 0.018369
v -0.081313 0.051803 0.017898
v -0.081693 0.025587 0.011232
v -0.082536 0.051361 0.009705
v -0.082550 0.025587 0.000000
v -0.083259 0.051803 0.000000
v -0.081693 0.025587 -0.011232
v -0.082536 0.051361 -0.009705
v -0.080480 0.025587 -0.018369
v -0.081313 0.051803 -0.017898
v 0.029574 0.040261 0.175114
v 0.030581 0.039047 0.173837
v 0.026135 0.054410 0.175695
v -0.034071 0.013997 0.173998
v -0.017956 0.027772 0.176318
v -0.002322 0.012167 0.176909
v -0.001689 0.041649 0.176933
v 0.013883 0.026208 0.176831
v 0.014476 0.052902 0.177095
v 0.015690 0.054607 0.176978
v 0.047212 0.053352 0.169856
v 0.036182 0.054410 0.173763
v 0.030704 0.054150 0.174840
v -0.034731 0.015511 0.172267
v -0.018681 0.029144 0.174376
v 0.014289 0.056711 0.174428
v 0.014718 0.024630 0.174521
v 0.070820 0.018240 -0.030505
v 0.051545 0.016684 -0.030445
v 0.058365 0.017386 -0.019379
v 0.072361 0.017628 -0.019370
v 0.058899 0.016660 -0.009747
v 0.074081 0.017587 -0.008347
v 0.060346 0.016878 0.000000
v 0.074550 0.017587 0.000000
v 0.058899 0.016660 0.009747
v 0.074081 0.017587 0.008347
v 0.058365 0.017386 0.019379
v 0.072361 0.017628 0.019370
v 0.019370 0.017628 -0.072361
v 0.009631 0.016878 -0.059573
v 0.019312 0.016994 -0.057244
v 0.025501 0.017587 -0.057608
v 0.030505 0.018240 -0.070820
v 0.031283 0.016878 -0.051605
v 0.040032 0.017648 -0.063711
v 0.037625 0.016878 -0.047181
v 0.049371 0.020063 -0.061910
v 0.048140 0.017252 -0.037938
v 0.053687 0.017789 -0.053687
v 0.061910 0.020063 -0.049371
v 0.063711 0.017648 -0.040032
v -0.049371 0.020063 -0.061910
v -0.038767 0.017527 -0.048612
v -0.040032 0.017648 -0.063711
v -0.029140 0.017587 -0.055856
v -0.030505 0.018240 -0.070820
v -0.021056 0.017169 -0.057217
v -0.019370 0.017628 -0.072361
v -0.009611 0.016878 -0.059450
v -0.008347 0.017587 -0.074081
v 0.001934 0.016878 -0.060315
v 0.000000 0.017587 -0.074550
v 0.008347 0.017587 -0.074081
v 0.070820 0.018240 0.030505
v 0.051545 0.016684 0.030445
v 0.063711 0.017648 0.040032
v 0.048140 0.017252 0.037938
v 0.061910 0.020063 0.049371
v 0.053687 0.017789 0.053687
v 0.037625 0.016878 0.047181
v 0.049371 0.020063 0.061910
v 0.031283 0.016878 0.051605
v 0.040032 0.017648 0.063711
v 0.025501 0.017587 0.057608
v 0.030505 0.018240 0.070820
v 0.019312 0.016994 0.057244
v -0.074550 0.017587 0.000000
v -0.060222 0.016878 0.000000
v -0.074081 0.017587 -0.008347
v -0.059234 0.016878 -0.011536
v -0.072361 0.017628 -0.019370
v -0.057863 0.017169 -0.019212
v -0.056135 0.017527 -0.027033
v -0.070820 0.018240 -0.030505
v -0.051557 0.016716 -0.030182
v -0.063711 0.017648 -0.040032
v -0.046924 0.017386 -0.039947
v -0.061910 0.020063 -0.049371
v -0.053687 0.017789 -0.053687
v -0.049371 0.020063 0.061910
v -0.038767 0.017527 0.048612
v -0.053687 0.017789 0.053687
v -0.046924 0.017386 0.039947
v -0.061910 0.020063 0.049371
v -0.051557 0.016716 0.030182
v -0.063711 0.017648 0.040032
v -0.056135 0.017527 0.027033
v -0.070820 0.018240 0.030505
v -0.057863 0.017169 0.019212
v -0.072361 0.017628 0.019370
v -0.059234 0.016878 0.011536
v -0.074081 0.017587 0.008347
v 0.019370 0.017628 0.072361
v 0.009631 0.016878 0.059573
v 0.008347 0.017587 0.074081
v 0.001934 0.016878 0.060315
v -0.009611 0.016878 0.059450
v -0.008347 0.017587 0.074081
v -0.019370 0.017628 0.072361
v -0.021056 0.017169 0.057217
v -0.029140 0.017587 0.055856
v -0.030505 0.018240 0.070820
v -0.040032 0.017648 0.063711
v -0.054887 0.009587 0.000000
v -0.051539 0.012000 0.020674
v -0.054165 0.010619 0.010300
v -0.046830 0.011799 0.029901
v -0.039731 0.011799 0.038680
v -0.028695 0.012000 0.047542
v -0.019168 0.011799 0.052180
v -0.009919 0.010947 0.054256
v 0.000883 0.009587 0.054943
v 0.008993 0.010619 0.054400
v 0.019162 0.012000 0.052120
v 0.034553 0.011619 0.043328
v 0.039113 0.011889 0.039451
v 0.028645 0.011799 0.047629
v 0.044413 0.011619 0.033147
v 0.047983 0.012217 0.028312
v 0.051631 0.011799 0.020552
v 0.053958 0.010947 0.011406
v 0.053958 0.010947 -0.011406
v 0.055000 0.009587 0.000000
v 0.047983 0.012217 -0.028312
v 0.051631 0.011799 -0.020552
v 0.044413 0.011619 -0.033147
v 0.039113 0.011889 -0.039451
v 0.034553 0.011619 -0.043328
v 0.028645 0.011799 -0.047629
v 0.019162 0.012000 -0.052120
v 0.000883 0.009587 -0.054943
v 0.008993 0.010619 -0.054400
v -0.009919 0.010947 -0.054256
v -0.019168 0.011799 -0.052180
v -0.028695 0.012000 -0.047542
v -0.039731 0.011799 -0.038680
v -0.046830 0.011799 -0.029901
v -0.051539 0.012000 -0.020674
v -0.054165 0.010619 -0.010300
v 0.014541 0.056211 0.175763
v 0.015578 0.056073 0.176149
v 0.026071 0.055635 0.175295
v 0.014627 0.024821 0.175402
v 0.001791 0.012904 -0.055858
v -0.055772 0.012904 0.000000
v 0.001791 0.012904 0.055858
v 0.055887 0.012904 0.000000
v 0.055514 0.013843 0.008991
v -0.007207 0.013843 0.055773
v -0.007207 0.013843 -0.055773
v 0.055514 0.013843 -0.008991
v 0.009013 0.014159 0.055748
v -0.055430 0.014159 0.010795
v -0.055430 0.014159 -0.010795
v 0.009013 0.014159 -0.055748
v 0.054159 0.016116 0.021926
v 0.042873 0.016701 0.041520
v 0.023651 0.016116 0.053428
v -0.019982 0.015716 0.054298
v -0.030251 0.016591 0.050990
v -0.041612 0.016314 0.041374
v -0.054910 0.015716 0.018231
v -0.054910 0.015716 -0.018231
v -0.041612 0.016314 -0.041374
v -0.030251 0.016591 -0.050990
v -0.019982 0.015716 -0.054298
v 0.023651 0.016116 -0.053428
v 0.042873 0.016701 -0.041520
v 0.054159 0.016116 -0.021926
v 0.057145 0.021200 0.057145
v -0.026841 0.021708 0.076708
v -0.017871 0.020753 -0.078298
v 0.078298 0.020753 -0.017871
v 0.079765 0.020372 0.000000
v 0.070029 0.021305 0.040075
v 0.076708 0.021708 0.026841
v 0.078298 0.020753 0.017871
v 0.079263 0.020372 0.008931
v 0.079263 0.020372 -0.008931
v 0.076708 0.021708 -0.026841
v 0.070029 0.021305 -0.040075
v 0.057145 0.021200 -0.057145
v 0.040075 0.021305 -0.070029
v 0.026841 0.021708 -0.076708
v 0.017871 0.020753 -0.078298
v 0.008931 0.020372 -0.079263
v 0.000000 0.020372 -0.079765
v -0.008931 0.020372 -0.079263
v -0.026841 0.021708 -0.076708
v -0.040075 0.021305 -0.070029
v -0.057145 0.021200 -0.057145
v -0.070029 0.021305 -0.040075
v -0.076708 0.021708 -0.026841
v -0.078298 0.020753 -0.017871
v -0.079263 0.020372 -0.008931
v -0.079765 0.020372 0.000000
v -0.079263 0.020372 0.008931
v -0.078298 0.020753 0.017871
v -0.076708 0.021708 0.026841
v -0.070029 0.021305 0.040075
v -0.057145 0.021200 0.057145
v -0.040075 0.021305 0.070029
v -0.017871 0.020753 0.078298
v -0.008931 0.020372 0.079263
v 0.000000 0.020372 0.079765
v 0.008931 0.020372 0.079263
v 0.017871 0.020753 0.078298
v 0.026841 0.021708 0.076708
v 0.040075 0.021305 0.070029
v 0.000000 0.017587 0.074550
v 0.076256 0.053721 0.035280
v -0.076256 0.053721 0.035280
v -0.076256 0.053721 -0.035280
v 0.076256 0.053721 -0.035280
v 0.084907 0.055278 0.009234
v 0.083969 0.055678 0.018483
v 0.082667 0.056263 0.027854
v 0.073672 0.055678 0.044327
v 0.063331 0.056263 0.059990
v 0.023165 0.056008 0.083434
v 0.013817 0.055278 0.084283
v -0.013817 0.055278 0.084283
v -0.023165 0.056008 0.083434
v -0.063331 0.056263 0.059990
v -0.073672 0.055678 0.044327
v -0.082667 0.056263 0.027854
v -0.083969 0.055678 0.018483
v -0.084907 0.055278 0.009234
v -0.084907 0.055278 -0.009234
v -0.083969 0.055678 -0.018483
v -0.082667 0.056263 -0.027854
v -0.073672 0.055678 -0.044327
v -0.063331 0.056263 -0.059990
v -0.023165 0.056008 -0.083434
v -0.013817 0.055278 -0.084283
v 0.013817 0.055278 -0.084283
v 0.023165 0.056008 -0.083434
v 0.063331 0.056263 -0.059990
v 0.073672 0.055678 -0.044327
v 0.082667 0.056263 -0.027854
v 0.083969 0.055678 -0.018483
v 0.084907 0.055278 -0.009234
v 0.097586 -0.056841 0.143609
v 0.091295 -0.056058 0.148999
v 0.079600 -0.057089 0.154444
v 0.070045 -0.056382 0.160682
v 0.059427 -0.057058 0.163907
v -0.065739 -0.057150 0.062271
v -0.069974 -0.056440 0.053193
v -0.041171 -0.056440 0.077658
v -0.032534 -0.056440 0.081654
v -0.049326 -0.056440 0.072751
v -0.056903 -0.056440 0.066991
v -0.024039 -0.057089 0.086580
v -0.014321 -0.056731 0.087353
v 0.032534 -0.056440 -0.081654
v 0.024039 -0.057089 -0.086580
v 0.065739 -0.057150 -0.062271
v 0.069974 -0.056440 -0.053193
v 0.049326 -0.056440 0.072751
v 0.056903 -0.056440 0.066991
v 0.041171 -0.056440 0.077658
v -0.088000 -0.056731 -0.009571
v -0.087896 -0.056440 0.000000
v -0.087090 -0.056949 -0.019170
v -0.085810 -0.057150 -0.028913
v 0.000000 -0.056440 -0.087768
v 0.014321 -0.056731 -0.087353
v 0.041171 -0.056440 -0.077658
v 0.049326 -0.056440 -0.072751
v 0.056903 -0.056440 -0.066991
v 0.087090 -0.056949 0.019170
v 0.088000 -0.056731 0.009571
v 0.085810 -0.057150 0.028913
v 0.079773 -0.056440 0.036907
v 0.076410 -0.056949 0.045974
v 0.069974 -0.056440 0.053193
v 0.065739 -0.057150 0.062271
v 0.032534 -0.056440 0.081654
v 0.024039 -0.057089 0.086580
v 0.014321 -0.056731 0.087353
v -0.069974 -0.056440 -0.053193
v -0.076410 -0.056949 -0.045974
v -0.079773 -0.056440 -0.036907
v -0.065739 -0.057150 -0.062271
v -0.056903 -0.056440 -0.066991
v -0.049326 -0.056440 -0.072751
v -0.041171 -0.056440 -0.077658
v -0.032534 -0.056440 -0.081654
v -0.024039 -0.057089 -0.086580
v -0.014321 -0.056731 -0.087353
v -0.076410 -0.056949 0.045974
v -0.079773 -0.056440 0.036907
v -0.085810 -0.057150 0.028913
v -0.087090 -0.056949 0.019170
v -0.088000 -0.056731 0.009571
v 0.000000 -0.056440 0.087768
v 0.076410 -0.056949 -0.045974
v 0.079773 -0.056440 -0.036907
v 0.085810 -0.057150 -0.028913
v 0.087090 -0.056949 -0.019170
v 0.088000 -0.056731 -0.009571
v 0.087896 -0.056440 0.000000
v -0.017433 -0.025587 0.080639
v -0.021310 -0.051361 0.080316
v -0.028251 -0.025587 0.077509
v -0.030557 -0.051361 0.077309
v -0.040318 -0.025587 0.071887
v -0.039369 -0.051361 0.073200
v -0.046724 -0.051803 0.068913
v -0.051823 -0.025587 0.064224
v -0.053612 -0.051361 0.063529
v -0.058372 -0.025587 0.058372
v -0.000302 -0.051562 -0.083073
v -0.001659 -0.025587 -0.082457
v -0.009243 -0.025587 -0.082031
v -0.013470 -0.051803 -0.082163
v -0.017433 -0.025587 -0.080639
v -0.021310 -0.051361 -0.080316
v -0.028251 -0.025587 -0.077509
v -0.030557 -0.051361 -0.077309
v -0.040318 -0.025587 -0.071887
v -0.039369 -0.051361 -0.073200
v -0.046724 -0.051803 -0.068913
v -0.051823 -0.025587 -0.064224
v -0.053612 -0.051361 -0.063529
v -0.058372 -0.025587 -0.058372
v -0.060446 -0.051803 -0.057257
v -0.063117 -0.025587 -0.053062
v -0.061711 -0.049150 -0.054674
v -0.066282 -0.051803 -0.050386
v -0.071344 -0.025587 -0.041283
v -0.071069 -0.051361 -0.043117
v -0.074920 -0.049150 -0.034662
v -0.076873 -0.025587 -0.029787
v -0.077593 -0.051324 -0.029353
v -0.080283 -0.025587 -0.019053
v -0.081105 -0.051361 -0.018204
v -0.082104 -0.025587 -0.007940
v -0.082675 -0.051361 -0.008608
v -0.082550 -0.025587 0.000000
v -0.083259 -0.051803 0.000000
v -0.082104 -0.025587 0.007940
v -0.082675 -0.051361 0.008608
v -0.080283 -0.025587 0.019053
v -0.081105 -0.051361 0.018204
v -0.076873 -0.025587 0.029787
v -0.077593 -0.051324 0.029353
v -0.071344 -0.025587 0.041283
v -0.074920 -0.049150 0.034662
v -0.071069 -0.051361 0.043117
v -0.063117 -0.025587 0.053062
v -0.066282 -0.051803 0.050386
v -0.061711 -0.049150 0.054674
v -0.060446 -0.051803 0.057257
v 0.009593 -0.025587 -0.081971
v 0.012881 -0.051361 -0.082108
v 0.020650 -0.025587 -0.079823
v 0.022387 -0.051361 -0.080062
v 0.038372 -0.025587 -0.072943
v 0.038389 -0.051361 -0.073713
v 0.046749 -0.051361 -0.068746
v 0.046822 -0.025587 -0.067837
v 0.030817 -0.051803 -0.077346
v 0.027265 -0.025587 -0.077918
v 0.064540 -0.025587 -0.051469
v 0.059889 -0.051361 -0.057623
v 0.066231 -0.051361 -0.050252
v 0.065913 -0.025587 -0.049534
v 0.053901 -0.051803 -0.063457
v 0.051469 -0.025587 -0.064540
v 0.057752 -0.025587 -0.058925
v 0.077898 -0.051324 -0.028580
v 0.078082 -0.025587 -0.026695
v 0.074920 -0.049150 -0.034662
v 0.071616 -0.051361 -0.042155
v 0.072423 -0.025587 -0.039348
v -0.013470 -0.051803 0.082163
v -0.009243 -0.025587 0.082031
v -0.000302 -0.051562 0.083073
v -0.001659 -0.025587 0.082457
v 0.009593 -0.025587 0.081971
v 0.012881 -0.051361 0.082108
v 0.020650 -0.025587 0.079823
v 0.022387 -0.051361 0.080062
v 0.027265 -0.025587 0.077918
v 0.030817 -0.051803 0.077346
v 0.038372 -0.025587 0.072943
v 0.038389 -0.051361 0.073713
v 0.046749 -0.051361 0.068746
v 0.046822 -0.025587 0.067837
v 0.051469 -0.025587 0.064540
v 0.053901 -0.051803 0.063457
v 0.057752 -0.025587 0.058925
v 0.059889 -0.051361 0.057623
v 0.064540 -0.025587 0.051469
v 0.066231 -0.051361 0.050252
v 0.065913 -0.025587 0.049534
v 0.072423 -0.025587 0.039348
v 0.071616 -0.051361 0.042155
v 0.074920 -0.049150 0.034662
v 0.078082 -0.025587 0.026695
v 0.077898 -0.051324 0.028580
v 0.080480 -0.025587 0.018369
v 0.081313 -0.051803 0.017898
v 0.081693 -0.025587 0.011232
v 0.082536 -0.051361 0.009705
v 0.082550 -0.025587 0.000000
v 0.081693 -0.025587 -0.011232
v 0.082536 -0.051361 -0.009705
v 0.080480 -0.025587 -0.018369
v 0.081313 -0.051803 -0.017898
v -0.070820 -0.018240 -0.030505
v -0.051545 -0.016684 -0.030445
v -0.058365 -0.017386 -0.019379
v -0.072361 -0.017628 -0.019370
v -0.058899 -0.016660 -0.009747
v -0.074081 -0.017587 -0.008347
v -0.060346 -0.016878 0.000000
v -0.074550 -0.017587 0.000000
v -0.058899 -0.016660 0.009747
v -0.074081 -0.017587 0.008347
v -0.058365 -0.017386 0.019379
v -0.072361 -0.017628 0.019370
v -0.019370 -0.017628 -0.072361
v -0.009631 -0.016878 -0.059573
v -0.019312 -0.016994 -0.057244
v -0.025501 -0.017587 -0.057608
v -0.030505 -0.018240 -0.070820
v -0.031283 -0.016878 -0.051605
v -0.040032 -0.017648 -0.063711
v -0.037625 -0.016878 -0.047181
v -0.049371 -0.020063 -0.061910
v -0.048140 -0.017252 -0.037938
v -0.053687 -0.017789 -0.053687
v -0.061910 -0.020063 -0.049371
v -0.063711 -0.017648 -0.040032
v 0.049371 -0.020063 -0.061910
v 0.038767 -0.017527 -0.048612
v 0.040032 -0.017648 -0.063711
v 0.029140 -0.017587 -0.055856
v 0.030505 -0.018240 -0.070820
v 0.021056 -0.017169 -0.057217
v 0.019370 -0.017628 -0.072361
v 0.009611 -0.016878 -0.059450
v 0.008347 -0.017587 -0.074081
v -0.001934 -0.016878 -0.060315
v 0.000000 -0.017587 -0.074550
v -0.008347 -0.017587 -0.074081
v -0.070820 -0.018240 0.030505
v -0.051545 -0.016684 0.030445
v -0.063711 -0.017648 0.040032
v -0.048140 -0.017252 0.037938
v -0.061910 -0.020063 0.049371
v -0.053687 -0.017789 0.053687
v -0.037625 -0.016878 0.047181
v -0.049371 -0.020063 0.061910
v -0.031283 -0.016878 0.051605
v -0.040032 -0.017648 0.063711
v -0.025501 -0.017587 0.057608
v -0.030505 -0.018240 0.070820
v -0.019312 -0.016994 0.057244
v 0.074550 -0.017587 0.000000
v 0.060222 -0.016878 0.000000
v 0.074081 -0.017587 -0.008347
v 0.059234 -0.016878 -0.011536
v 0.072361 -0.017628 -0.019370
v 0.057863 -0.017169 -0.019212
v 0.056135 -0.017527 -0.027033
v 0.070820 -0.018240 -0.030505
v 0.051557 -0.016716 -0.030182
v 0.063711 -0.017648 -0.040032
v 0.046924 -0.017386 -0.039947
v 0.061910 -0.020063 -0.049371
v 0.053687 -0.017789 -0.053687
v 0.049371 -0.020063 0.061910
v 0.038767 -0.017527 0.048612
v 0.053687 -0.017789 0.053687
v 0.046924 -0.017386 0.039947
v 0.061910 -0.020063 0.049371
v 0.051557 -0.016716 0.030182
v 0.063711 -0.017648 0.040032
v 0.056135 -0.017527 0.027033
v 0.070820 -0.018240 0.030505
v 0.057863 -0.017169 0.019212
v 0.072361 -0.017628 0.019370
v 0.059234 -0.016878 0.011536
v 0.074081 -0.017587 0.008347
v -0.019370 -0.017628 0.072361
v -0.009631 -0.016878 0.059573
v -0.008347 -0.017587 0.074081
v -0.001934 -0.016878 0.060315
v 0.000000 -0.017587 0.074550
v 0.009611 -0.016878 0.059450
v 0.008347 -0.017587 0.074081
v 0.019370 -0.017628 0.072361
v 0.021056 -0.017169 0.057217
v 0.029140 -0.017587 0.055856
v 0.030505 -0.018240 0.070820
v 0.040032 -0.017648 0.063711
v 0.054887 -0.009587 0.000000
v 0.051539 -0.012000 0.020674
v 0.054165 -0.010619 0.010300
v 0.046830 -0.011799 0.029901
v 0.039731 -0.011799 0.038680
v 0.028695 -0.012000 0.047542
v 0.019168 -0.011799 0.052180
v 0.009919 -0.010947 0.054256
v -0.000883 -0.009587 0.054943
v -0.008993 -0.010619 0.054400
v -0.019162 -0.012000 0.052120
v -0.032868 -0.010883 0.041855
v -0.039113 -0.011889 0.039451
v -0.028645 -0.011799 0.047629
v -0.042723 -0.010883 0.031743
v -0.047983 -0.012217 0.028312
v -0.051631 -0.011799 0.020552
v -0.053958 -0.010947 0.011406
v -0.053958 -0.010947 -0.011406
v -0.055000 -0.009587 0.000000
v -0.047983 -0.012217 -0.028312
v -0.051631 -0.011799 -0.020552
v -0.042723 -0.010883 -0.031743
v -0.039113 -0.011889 -0.039451
v -0.032868 -0.010883 -0.041855
v -0.028645 -0.011799 -0.047629
v -0.019162 -0.012000 -0.052120
v -0.000883 -0.009587 -0.054943
v -0.008993 -0.010619 -0.054400
v 0.009919 -0.010947 -0.054256
v 0.019168 -0.011799 -0.052180
v 0.028695 -0.012000 -0.047542
v 0.039731 -0.011799 -0.038680
v 0.046830 -0.011799 -0.029901
v 0.051539 -0.012000 -0.020674
v 0.054165 -0.010619 -0.010300
v -0.001791 -0.012904 -0.055858
v 0.055772 -0.012904 0.000000
v -0.001791 -0.012904 0.055858
v -0.055887 -0.012904 0.000000
v -0.055514 -0.013843 0.008991
v 0.007207 -0.013843 0.055773
v 0.007207 -0.013843 -0.055773
v -0.055514 -0.013843 -0.008991
v -0.009013 -0.014159 0.055748
v 0.055430 -0.014159 0.010795
v 0.055430 -0.014159 -0.010795
v -0.009013 -0.014159 -0.055748
v -0.054159 -0.016116 0.021926
v -0.042873 -0.016701 0.041520
v -0.023651 -0.016116 0.053428
v 0.019982 -0.015716 0.054298
v 0.030251 -0.016591 0.050990
v 0.041612 -0.016314 0.041374
v 0.054910 -0.015716 0.018231
v 0.054910 -0.015716 -0.018231
v 0.041612 -0.016314 -0.041374
v 0.030251 -0.016591 -0.050990
v 0.019982 -0.015716 -0.054298
v -0.023651 -0.016116 -0.053428
v -0.042873 -0.016701 -0.041520
v -0.054159 -0.016116 -0.021926
v -0.057145 -0.021200 0.057145
v 0.026841 -0.021708 0.076708
v 0.017871 -0.020753 -0.078298
v -0.078298 -0.020753 -0.017871
v -0.079765 -0.020372 0.000000
v -0.070029 -0.021305 0.040075
v -0.076708 -0.021708 0.026841
v -0.078298 -0.020753 0.017871
v -0.079263 -0.020372 0.008931
v -0.079263 -0.020372 -0.008931
v -0.076708 -0.021708 -0.026841
v -0.070029 -0.021305 -0.040075
v -0.057145 -0.021200 -0.057145
v -0.040075 -0.021305 -0.070029
v -0.026841 -0.021708 -0.076708
v -0.017871 -0.020753 -0.078298
v -0.008931 -0.020372 -0.079263
v 0.000000 -0.020372 -0.079765
v 0.008931 -0.020372 -0.079263
v 0.026841 -0.021708 -0.076708
v 0.040075 -0.021305 -0.070029
v 0.057145 -0.021200 -0.057145
v 0.070029 -0.021305 -0.040075
v 0.076708 -0.021708 -0.026841
v 0.078298 -0.020753 -0.017871
v 0.079263 -0.020372 -0.008931
v 0.079765 -0.020372 0.000000
v 0.079263 -0.020372 0.008931
v 0.078298 -0.020753 0.017871
v 0.076708 -0.021708 0.026841
v 0.070029 -0.021305 0.040075
v 0.057145 -0.021200 0.057145
v 0.040075 -0.021305 0.070029
v 0.017871 -0.020753 0.078298
v 0.008931 -0.020372 0.079263
v 0.000000 -0.020372 0.079765
v -0.008931 -0.020372 0.079263
v -0.017871 -0.020753 0.078298
v -0.026841 -0.021708 0.076708
v -0.040075 -0.021305 0.070029
v 0.083259 -0.051803 0.000000
v -0.076256 -0.053721 0.035280
v 0.076256 -0.053721 0.035280
v 0.076256 -0.053721 -0.035280
v -0.076256 -0.053721 -0.035280
v -0.084907 -0.055278 0.009234
v -0.083969 -0.055678 0.018483
v -0.082667 -0.056263 0.027854
v -0.073672 -0.055678 0.044327
v -0.063331 -0.056263 0.059990
v -0.023165 -0.056008 0.083434
v -0.013817 -0.055278 0.084283
v 0.013817 -0.055278 0.084283
v 0.023165 -0.056008 0.083434
v 0.063331 -0.056263 0.059990
v 0.073672 -0.055678 0.044327
v 0.082667 -0.056263 0.027854
v 0.083969 -0.055678 0.018483
v 0.084907 -0.055278 0.009234
v 0.084907 -0.055278 -0.009234
v 0.083969 -0.055678 -0.018483
v 0.082667 -0.056263 -0.027854
v 0.073672 -0.055678 -0.044327
v 0.063331 -0.056263 -0.059990
v 0.023165 -0.056008 -0.083434
v 0.013817 -0.055278 -0.084283
v -0.013817 -0.055278 -0.084283
v -0.023165 -0.056008 -0.083434
v -0.063331 -0.056263 -0.059990
v -0.073672 -0.055678 -0.044327
v -0.082667 -0.056263 -0.027854
v -0.083969 -0.055678 -0.018483
v -0.084907 -0.055278 -0.009234
v 0.091882 -0.054503 0.149815
v 0.084606 -0.046878 0.153612
v 0.079630 -0.054306 0.157266
v 0.077171 -0.042410 0.158421
v 0.070627 -0.054385 0.161911
v 0.069853 -0.035626 0.162177
v 0.057955 -0.052890 0.166799
v 0.061704 -0.029668 0.165613
v 0.052772 -0.021662 0.168951
v 0.045588 -0.041193 0.171218
v 0.040060 -0.039426 0.171497
v 0.039203 -0.009056 0.172101
v 0.028971 -0.027503 0.175093
v 0.027254 -0.000451 0.175381
v 0.025241 -0.024725 0.175842
v 0.008190 -0.012388 0.176831
v -0.004413 0.000000 0.177741
v 0.000000 0.000000 0.165100
v 0.012054 0.000000 0.177359
v 0.029379 0.000000 0.173536
v 0.023291 -0.026696 0.173939
v 0.006851 -0.013279 0.174781
v 0.070299 -0.034266 0.160681
v 0.055179 -0.021612 0.166842
v 0.096115 -0.056062 0.146035
v 0.060469 -0.055971 0.165565
v 0.080449 -0.056029 0.155956
v 0.054726 -0.053233 0.165613
v 0.024372 -0.025703 0.175538
v -0.022428 -0.007937 0.022428
v -0.020653 -0.007937 0.005525
v -0.008625 -0.007937 0.020653
v 0.020653 -0.007937 -0.008625
v 0.005813 -0.007937 -0.007920
v 0.000000 -0.007937 -0.010087
v -0.008190 -0.007937 -0.008190
v -0.007920 -0.007937 0.005813
v -0.010087 -0.007937 0.000000
v -0.000000 -0.007937 0.017729
v 0.005525 -0.007937 0.020653
v 0.006018 -0.007937 0.005957
v 0.000000 -0.007937 0.010087
v 0.020653 -0.007937 0.005525
v 0.022428 -0.007937 0.022428
v 0.017729 -0.007937 0.000000
v 0.010087 -0.007937 0.000000
v 0.009501 -0.007937 -0.043273
v 0.005525 -0.007937 -0.020653
v 0.000000 -0.007937 -0.044288
v -0.008625 -0.007937 -0.020653
v 0.020319 -0.007937 -0.039466
v 0.022428 -0.007937 -0.022428
v 0.028350 -0.007937 -0.028350
v 0.022495 -0.007937 -0.027575
v 0.038421 -0.007937 -0.021273
v 0.027575 -0.007937 -0.022495
v 0.026127 -0.007937 -0.035961
v 0.035961 -0.007937 -0.026127
v 0.041057 -0.007937 -0.009580
v 0.041668 -0.007937 0.008507
v 0.044288 -0.007937 0.000000
v 0.038421 -0.007937 0.021273
v 0.027575 -0.007937 0.022495
v 0.022495 -0.007937 0.027575
v 0.021273 -0.007937 0.038421
v 0.028350 -0.007937 0.028350
v 0.035961 -0.007937 0.026127
v 0.026127 -0.007937 0.035961
v 0.008507 -0.007937 0.041668
v 0.000000 -0.007937 0.044288
v -0.009580 -0.007937 0.041057
v -0.021273 -0.007937 0.038421
v -0.027575 -0.007937 0.022495
v -0.028350 -0.007937 0.028350
v -0.039466 -0.007937 0.020319
v -0.022495 -0.007937 0.027575
v -0.043273 -0.007937 0.009501
v -0.044288 -0.007937 0.000000
v -0.043158 -0.007937 -0.010057
v -0.020653 -0.007937 -0.008625
v -0.039466 -0.007937 -0.020319
v -0.022495 -0.007937 -0.027575
v -0.020319 -0.007937 -0.039466
v -0.027575 -0.007937 -0.022495
v -0.022428 -0.007937 -0.022428
v -0.028350 -0.007937 -0.028350
v -0.010057 -0.007937 -0.043158
v -0.017729 -0.007937 -0.000000
v -0.000000 -0.007937 -0.017729
v -0.010057 -0.001587 -0.043158
v 0.005833 -0.001587 -0.007900
v 0.000000 -0.001587 -0.010087
v -0.008190 -0.001587 -0.008190
v 0.017729 -0.001587 0.000000
v 0.005987 -0.001587 0.005987
v 0.010087 -0.001587 0.000000
v 0.000000 -0.001587 0.017729
v 0.000000 -0.001587 0.010087
v -0.007900 -0.001587 0.005833
v -0.010087 -0.001587 0.000000
v 0.000000 -0.001587 -0.044288
v -0.020319 -0.001587 -0.039466
v -0.035961 -0.001587 -0.026127
v -0.039466 -0.001587 -0.020319
v -0.026127 -0.001587 -0.035961
v -0.043158 -0.001587 -0.010057
v -0.044288 -0.001587 0.000000
v -0.043273 -0.001587 0.009501
v -0.039466 -0.001587 0.020319
v -0.021273 -0.001587 0.038421
v -0.035961 -0.001587 0.026127
v -0.026127 -0.001587 0.035961
v -0.009580 -0.001587 0.041057
v 0.008507 -0.001587 0.041668
v 0.000000 -0.001587 0.044288
v 0.021273 -0.001587 0.038421
v 0.038421 -0.001587 0.021273
v 0.035961 -0.001587 0.026127
v 0.026127 -0.001587 0.035961
v 0.041668 -0.001587 0.008507
v 0.044288 -0.001587 0.000000
v 0.041057 -0.001587 -0.009580
v 0.038421 -0.001587 -0.021273
v 0.035961 -0.001587 -0.026127
v 0.020319 -0.001587 -0.039466
v 0.026127 -0.001587 -0.035961
v 0.009501 -0.001587 -0.043273
v 0.000000 -0.001587 -0.017729
v -0.017729 -0.001587 -0.000000
f 6 7 5
f 5 7 8
f 9 10 11
f 12 3 9
f 4 1 3
f 3 1 13
f 2 5 1
f 1 5 13
f 8 15 16
f 15 8 7
f 15 7 5
f 18 17 14
f 19 14 17
f 14 19 20
f 8 16 21
f 15 16 22
f 22 15 23
f 23 15 5
f 14 15 22
f 14 22 18
f 18 22 23
f 19 28 20
f 28 19 17
f 31 25 30
f 31 32 25
f 29 26 28
f 27 24 26
f 24 25 27
f 27 25 32
f 23 5 2
f 23 2 18
f 18 2 1
f 18 1 17
f 17 1 4
f 17 4 28
f 28 4 3
f 28 3 29
f 29 3 12
f 29 12 26
f 26 12 9
f 26 9 27
f 27 9 11
f 27 11 24
f 24 11 25
f 25 11 33
f 25 33 30
f 34 31 35
f 35 33 11
f 35 11 36
f 35 31 30
f 35 30 33
f 11 10 36
f 20 28 37
f 38 37 28
f 38 28 39
f 39 28 26
f 39 26 40
f 40 26 27
f 40 27 41
f 41 27 42
f 42 27 32
f 43 42 32
f 43 32 31
f 43 31 44
f 44 31 34
f 45 46 13
f 45 13 5
f 45 5 6
f 6 5 8
f 6 8 47
f 48 47 21
f 47 8 21
f 13 46 3
f 3 46 49
f 50 10 9
f 50 9 51
f 51 9 3
f 51 3 52
f 52 3 49
f 57 58 59
f 60 57 59
f 57 60 61
f 64 62 63
f 65 55 62
f 56 53 55
f 55 53 67
f 55 67 68
f 54 57 53
f 53 57 67
f 67 57 68
f 68 57 61
f 60 72 71
f 59 72 60
f 72 59 58
f 72 58 57
f 74 73 75
f 76 75 73
f 75 76 69
f 70 71 77
f 77 71 72
f 77 72 78
f 78 72 57
f 69 70 77
f 69 77 75
f 75 77 74
f 74 77 78
f 76 73 84
f 85 80 83
f 85 86 80
f 73 81 84
f 82 79 81
f 81 79 87
f 79 80 87
f 87 80 86
f 78 57 54
f 78 54 74
f 74 54 53
f 74 53 73
f 73 53 56
f 73 56 55
f 73 55 81
f 81 55 65
f 81 65 62
f 81 62 82
f 82 62 64
f 82 64 79
f 79 64 66
f 79 66 80
f 80 66 90
f 80 90 83
f 83 89 88
f 83 90 89
f 89 90 66
f 89 66 64
f 88 85 83
f 89 64 63
f 76 84 91
f 81 92 93
f 81 93 84
f 84 93 94
f 84 94 91
f 87 95 96
f 87 96 81
f 81 96 97
f 81 97 92
f 98 95 87
f 98 87 86
f 86 85 99
f 99 85 88
f 61 100 101
f 61 101 68
f 68 101 102
f 100 61 103
f 103 61 60
f 103 60 104
f 1259 104 60
f 105 106 55
f 105 55 107
f 107 55 68
f 107 68 102
f 55 106 108
f 55 108 62
f 62 108 109
f 62 109 63
f 114 115 116
f 117 114 116
f 114 117 118
f 121 119 120
f 119 112 122
f 113 110 112
f 112 110 123
f 112 123 122
f 111 114 110
f 110 114 123
f 117 116 118
f 127 126 124
f 128 124 126
f 129 124 128
f 125 116 130
f 130 116 131
f 131 116 115
f 124 125 130
f 124 130 127
f 127 130 131
f 129 126 138
f 129 128 126
f 139 133 137
f 139 140 133
f 140 139 141
f 129 138 142
f 136 134 126
f 126 134 138
f 138 134 142
f 135 132 134
f 134 132 143
f 134 143 144
f 132 133 143
f 143 133 144
f 144 133 140
f 115 114 131
f 131 114 111
f 131 111 127
f 127 111 110
f 127 110 126
f 126 110 113
f 126 113 112
f 126 112 136
f 136 112 134
f 134 112 119
f 134 119 135
f 135 119 121
f 135 121 132
f 132 121 133
f 133 121 145
f 133 145 137
f 146 141 1261
f 121 1262 145
f 147 1262 120
f 145 1262 1261
f 141 139 1261
f 1261 139 137
f 1261 137 145
f 121 120 1262
f 134 148 142
f 129 142 149
f 148 134 150
f 150 134 144
f 150 144 151
f 152 151 144
f 152 144 140
f 153 152 140
f 153 140 154
f 154 140 141
f 154 141 146
f 114 155 156
f 114 156 123
f 157 158 118
f 158 155 114
f 158 114 118
f 159 160 122
f 159 122 161
f 161 122 123
f 161 123 162
f 162 123 156
f 122 160 163
f 122 163 119
f 119 163 120
f 120 163 147
f 169 170 168
f 168 170 171
f 172 173 174
f 175 166 172
f 167 164 166
f 166 164 176
f 165 168 164
f 164 168 176
f 171 178 179
f 178 171 170
f 178 170 168
f 181 180 177
f 182 177 180
f 177 182 183
f 171 179 184
f 178 179 185
f 185 178 186
f 186 178 168
f 177 178 185
f 177 185 181
f 181 185 186
f 182 191 183
f 191 182 180
f 194 188 193
f 194 195 188
f 192 189 191
f 190 187 189
f 187 188 190
f 190 188 195
f 186 168 165
f 186 165 181
f 181 165 164
f 181 164 180
f 180 164 167
f 180 167 191
f 191 167 166
f 191 166 192
f 192 166 175
f 192 175 189
f 189 175 172
f 189 172 190
f 190 172 174
f 190 174 187
f 187 174 188
f 188 174 197
f 188 197 193
f 196 194 1263
f 1263 197 174
f 1263 174 1265
f 1263 194 193
f 1263 193 197
f 174 173 1265
f 183 191 198
f 199 198 191
f 199 191 200
f 200 191 189
f 200 189 201
f 201 189 190
f 201 190 202
f 202 190 203
f 203 190 195
f 204 203 195
f 204 195 194
f 204 194 205
f 205 194 196
f 206 207 176
f 206 176 168
f 206 168 169
f 169 168 171
f 169 171 208
f 209 208 184
f 208 171 184
f 176 207 166
f 166 207 210
f 211 173 172
f 211 172 212
f 212 172 166
f 212 166 213
f 213 166 210
f 218 219 220
f 221 218 220
f 218 221 222
f 225 223 224
f 226 216 223
f 217 214 216
f 216 214 228
f 216 228 229
f 215 218 214
f 214 218 228
f 228 218 229
f 229 218 222
f 221 233 232
f 220 233 221
f 233 220 219
f 233 219 218
f 235 234 236
f 237 236 234
f 236 237 230
f 231 232 238
f 238 232 233
f 238 233 239
f 239 233 218
f 230 231 238
f 230 238 236
f 236 238 235
f 235 238 239
f 237 234 245
f 246 241 244
f 246 247 241
f 234 242 245
f 243 240 242
f 242 240 248
f 240 241 248
f 248 241 247
f 239 218 215
f 239 215 235
f 235 215 214
f 235 214 234
f 234 214 217
f 234 217 216
f 234 216 242
f 242 216 226
f 242 226 223
f 242 223 243
f 243 223 225
f 243 225 240
f 240 225 227
f 240 227 241
f 241 227 249
f 241 249 244
f 249 227 1268
f 250 244 1268
f 1268 244 249
f 225 224 1268
f 227 225 1268
f 250 246 244
f 237 245 251
f 242 252 253
f 242 253 245
f 245 253 254
f 245 254 251
f 248 255 256
f 248 256 242
f 242 256 257
f 242 257 252
f 258 255 248
f 258 248 247
f 247 246 259
f 259 246 250
f 222 260 261
f 222 261 229
f 229 261 262
f 260 222 263
f 263 222 221
f 263 221 264
f 1269 264 221
f 265 266 216
f 265 216 267
f 267 216 229
f 267 229 262
f 216 266 268
f 216 268 223
f 223 268 269
f 223 269 224
f 274 275 276
f 277 274 276
f 274 277 278
f 281 279 280
f 279 272 282
f 273 270 272
f 272 270 283
f 272 283 282
f 271 274 270
f 270 274 283
f 277 276 278
f 287 286 284
f 288 284 286
f 289 284 288
f 285 276 290
f 290 276 291
f 291 276 275
f 284 285 290
f 284 290 287
f 287 290 291
f 289 286 298
f 289 288 286
f 299 293 297
f 299 300 293
f 300 299 301
f 289 298 302
f 296 294 286
f 286 294 298
f 298 294 302
f 295 292 294
f 294 292 303
f 294 303 304
f 292 293 303
f 303 293 304
f 304 293 300
f 275 274 291
f 291 274 271
f 291 271 287
f 287 271 270
f 287 270 286
f 286 270 273
f 286 273 272
f 286 272 296
f 296 272 294
f 294 272 279
f 294 279 295
f 295 279 281
f 295 281 292
f 292 281 293
f 293 281 305
f 293 305 297
f 306 301 1271
f 1272 1271 305
f 1272 305 281
f 301 299 1271
f 307 1272 280
f 1272 281 280
f 1271 299 297
f 1271 297 305
f 294 308 302
f 289 302 309
f 308 294 310
f 310 294 304
f 310 304 311
f 312 311 304
f 312 304 300
f 313 312 300
f 313 300 314
f 314 300 301
f 314 301 306
f 274 315 316
f 274 316 283
f 317 318 278
f 318 315 274
f 318 274 278
f 319 320 282
f 319 282 321
f 321 282 283
f 321 283 322
f 322 283 316
f 282 320 323
f 282 323 279
f 279 323 280
f 280 323 307
f 329 330 328
f 328 330 331
f 332 333 334
f 335 326 332
f 327 324 326
f 326 324 336
f 325 328 324
f 324 328 336
f 331 338 339
f 338 331 330
f 338 330 328
f 341 340 337
f 342 337 340
f 337 342 343
f 331 339 344
f 338 339 345
f 345 338 346
f 346 338 328
f 337 338 345
f 337 345 341
f 341 345 346
f 342 351 343
f 351 342 340
f 354 348 353
f 354 355 348
f 352 349 351
f 350 347 349
f 347 348 350
f 350 348 355
f 346 328 325
f 346 325 341
f 341 325 324
f 341 324 340
f 340 324 327
f 340 327 351
f 351 327 326
f 351 326 352
f 352 326 335
f 352 335 349
f 349 335 332
f 349 332 350
f 350 332 334
f 350 334 347
f 347 334 348
f 348 334 356
f 348 356 353
f 357 354 1273
f 1273 356 334
f 1273 334 358
f 1273 354 353
f 1273 353 356
f 334 333 358
f 343 351 359
f 360 359 351
f 360 351 361
f 361 351 349
f 361 349 362
f 362 349 350
f 362 350 363
f 363 350 364
f 364 350 355
f 365 364 355
f 365 355 354
f 365 354 366
f 366 354 357
f 367 368 336
f 367 336 328
f 367 328 329
f 329 328 331
f 329 331 369
f 370 369 344
f 369 331 344
f 336 368 326
f 326 368 371
f 372 333 332
f 372 332 373
f 373 332 326
f 373 326 374
f 374 326 371
f 379 380 381
f 382 379 381
f 379 382 383
f 386 384 385
f 387 377 384
f 378 375 377
f 377 375 389
f 377 389 390
f 376 379 375
f 375 379 389
f 389 379 390
f 390 379 383
f 382 394 393
f 381 394 382
f 394 381 380
f 394 380 379
f 396 395 397
f 398 397 395
f 397 398 391
f 392 393 399
f 399 393 394
f 399 394 400
f 400 394 379
f 391 392 399
f 391 399 397
f 397 399 396
f 396 399 400
f 398 395 406
f 407 402 405
f 407 408 402
f 395 403 406
f 404 401 403
f 403 401 409
f 401 402 409
f 409 402 408
f 400 379 376
f 400 376 396
f 396 376 375
f 396 375 395
f 395 375 378
f 395 378 377
f 395 377 403
f 403 377 387
f 403 387 384
f 403 384 404
f 404 384 386
f 404 386 401
f 401 386 388
f 401 388 402
f 402 388 410
f 402 410 405
f 410 388 1277
f 405 410 1277
f 405 1277 411
f 411 407 405
f 1277 386 385
f 388 386 1277
f 398 406 412
f 403 413 414
f 403 414 406
f 406 414 415
f 406 415 412
f 409 416 417
f 409 417 403
f 403 417 418
f 403 418 413
f 419 416 409
f 419 409 408
f 408 407 420
f 420 407 411
f 383 421 422
f 383 422 390
f 390 422 423
f 421 383 424
f 424 383 382
f 424 382 425
f 426 425 382
f 427 428 377
f 427 377 429
f 429 377 390
f 429 390 423
f 377 428 430
f 377 430 384
f 384 430 431
f 384 431 385
f 436 437 438
f 439 436 438
f 436 439 440
f 443 441 442
f 441 434 444
f 435 432 434
f 434 432 445
f 434 445 444
f 433 436 432
f 432 436 445
f 439 438 440
f 449 448 446
f 450 446 448
f 451 446 450
f 447 438 452
f 452 438 453
f 453 438 437
f 446 447 452
f 446 452 449
f 449 452 453
f 451 448 460
f 451 450 448
f 461 455 459
f 461 462 455
f 462 461 463
f 451 460 464
f 458 456 448
f 448 456 460
f 460 456 464
f 457 454 456
f 456 454 465
f 456 465 466
f 454 455 465
f 465 455 466
f 466 455 462
f 437 436 453
f 453 436 433
f 453 433 449
f 449 433 432
f 449 432 448
f 448 432 435
f 448 435 434
f 448 434 458
f 458 434 456
f 456 434 441
f 456 441 457
f 457 441 443
f 457 443 454
f 454 443 455
f 455 443 468
f 455 468 459
f 467 463 1279
f 443 1280 468
f 468 1280 1279
f 469 1280 442
f 463 461 1279
f 442 1280 443
f 1279 461 459
f 1279 459 468
f 456 470 464
f 451 464 471
f 470 456 472
f 472 456 466
f 472 466 473
f 474 473 466
f 474 466 462
f 475 474 462
f 475 462 476
f 476 462 463
f 476 463 467
f 477 440 478
f 436 479 480
f 436 480 445
f 477 479 436
f 477 436 440
f 481 482 444
f 481 444 483
f 483 444 445
f 483 445 484
f 484 445 480
f 444 482 485
f 444 485 441
f 441 485 442
f 442 485 469
f 491 492 490
f 490 492 493
f 494 495 496
f 497 488 494
f 489 486 488
f 488 486 498
f 487 490 486
f 486 490 498
f 493 500 501
f 500 493 492
f 500 492 490
f 503 502 499
f 504 499 502
f 499 504 505
f 493 501 506
f 500 501 507
f 507 500 508
f 508 500 490
f 499 500 507
f 499 507 503
f 503 507 508
f 504 513 505
f 513 504 502
f 516 510 515
f 516 517 510
f 514 511 513
f 512 509 511
f 509 510 512
f 512 510 517
f 508 490 487
f 508 487 503
f 503 487 486
f 503 486 502
f 502 486 489
f 502 489 513
f 513 489 488
f 513 488 514
f 514 488 497
f 514 497 511
f 511 497 494
f 511 494 512
f 512 494 496
f 512 496 509
f 509 496 510
f 510 496 518
f 510 518 515
f 519 516 520
f 520 518 496
f 520 496 521
f 520 516 515
f 520 515 518
f 496 495 521
f 505 513 522
f 523 522 513
f 523 513 524
f 524 513 511
f 524 511 525
f 525 511 512
f 525 512 526
f 526 512 527
f 527 512 517
f 528 527 517
f 528 517 516
f 528 516 529
f 529 516 519
f 530 531 498
f 530 498 490
f 530 490 491
f 491 490 493
f 491 493 532
f 533 532 506
f 532 493 506
f 498 531 488
f 488 531 534
f 535 495 494
f 535 494 536
f 536 494 488
f 536 488 537
f 537 488 534
f 542 543 544
f 545 542 544
f 542 545 546
f 549 547 548
f 550 540 547
f 541 538 540
f 540 538 552
f 540 552 553
f 539 542 538
f 538 542 552
f 552 542 553
f 553 542 546
f 545 557 556
f 544 557 545
f 557 544 543
f 557 543 542
f 559 558 560
f 561 560 558
f 560 561 554
f 555 556 562
f 562 556 557
f 562 557 563
f 563 557 542
f 554 555 562
f 554 562 560
f 560 562 559
f 559 562 563
f 561 558 569
f 570 565 568
f 570 571 565
f 558 566 569
f 567 564 566
f 566 564 572
f 564 565 572
f 572 565 571
f 563 542 539
f 563 539 559
f 559 539 538
f 559 538 558
f 558 538 541
f 558 541 540
f 558 540 566
f 566 540 550
f 566 550 547
f 566 547 567
f 567 547 549
f 567 549 564
f 564 549 551
f 564 551 565
f 565 551 574
f 565 574 568
f 573 568 1284
f 568 574 1284
f 1284 574 551
f 1284 551 549
f 573 570 568
f 1284 549 548
f 561 569 575
f 566 576 577
f 566 577 569
f 569 577 578
f 569 578 575
f 572 579 580
f 572 580 566
f 566 580 581
f 566 581 576
f 582 579 572
f 582 572 571
f 571 570 583
f 583 570 573
f 546 584 585
f 546 585 553
f 553 585 586
f 584 546 587
f 587 546 545
f 587 545 588
f 1288 588 545
f 589 590 540
f 589 540 591
f 591 540 553
f 591 553 586
f 540 590 592
f 540 592 547
f 547 592 593
f 547 593 548
f 594 595 608
f 601 602 600
f 603 597 598
f 603 598 596
f 598 597 604
f 605 606 598
f 600 599 601
f 608 595 596
f 607 608 609
f 609 608 602
f 602 608 600
f 598 604 610
f 598 610 605
f 600 598 606
f 600 606 599
f 608 607 594
f 611 612 613
f 620 623 615
f 618 619 614
f 623 620 616
f 614 607 621
f 614 621 618
f 622 613 619
f 619 613 614
f 623 613 612
f 623 612 624
f 623 624 615
f 623 616 617
f 625 594 614
f 625 614 617
f 614 594 607
f 613 622 611
f 630 634 631
f 632 633 634
f 635 620 629
f 635 629 628
f 634 630 632
f 626 634 633
f 626 633 636
f 626 636 627
f 629 620 615
f 638 626 637
f 629 639 631
f 629 631 634
f 628 626 638
f 629 615 640
f 629 640 639
f 644 627 645
f 644 645 646
f 644 646 647
f 648 642 647
f 647 642 644
f 642 643 649
f 641 604 597
f 637 626 627
f 637 627 644
f 643 642 648
f 651 641 597
f 641 642 649
f 641 649 652
f 641 652 604
f 650 641 651
f 653 637 644
f 653 644 650
f 654 655 656
f 654 656 657
f 654 657 109
f 655 146 141
f 655 141 139
f 655 139 658
f 655 658 656
f 659 662 663
f 663 662 661
f 664 662 659
f 661 88 660
f 661 660 665
f 661 665 663
f 670 669 667
f 666 34 668
f 667 669 666
f 667 666 671
f 671 666 668
f 672 673 674
f 672 674 675
f 672 675 593
f 673 677 678
f 673 678 679
f 673 679 676
f 673 676 674
f 681 1152 682
f 683 682 1152
f 681 573 680
f 682 683 684
f 681 680 685
f 681 685 1152
f 687 519 686
f 469 689 688
f 687 1112 688
f 687 688 689
f 687 686 1112
f 690 691 1073
f 431 690 692
f 691 467 463
f 691 463 461
f 691 461 693
f 1073 692 690
f 691 693 1073
f 695 1028 696
f 697 696 1028
f 696 697 698
f 695 411 694
f 695 694 699
f 695 699 1028
f 701 357 700
f 701 704 702
f 701 702 703
f 701 700 704
f 703 702 307
f 705 706 707
f 705 707 708
f 705 708 269
f 706 306 301
f 706 301 299
f 706 299 709
f 706 709 707
f 710 711 712
f 711 710 906
f 906 710 714
f 714 250 713
f 714 713 715
f 714 715 906
f 718 717 716
f 721 723 722
f 722 723 667
f 717 720 724
f 724 720 719
f 725 726 728
f 728 726 727
f 728 727 729
f 728 729 731
f 724 730 717
f 728 731 732
f 719 733 724
f 724 733 730
f 731 730 734
f 734 730 733
f 732 731 735
f 735 731 734
f 735 725 732
f 728 732 725
f 668 737 739
f 735 738 725
f 725 738 741
f 725 741 740
f 738 736 742
f 738 742 741
f 737 739 736
f 736 737 742
f 667 671 722
f 722 671 668
f 722 668 721
f 721 668 739
f 721 739 737
f 721 737 720
f 720 737 736
f 720 736 719
f 719 736 738
f 719 738 733
f 735 734 738
f 738 734 733
f 723 743 744
f 723 744 667
f 667 744 669
f 745 743 723
f 745 723 746
f 746 723 721
f 720 747 748
f 720 748 721
f 721 748 746
f 749 747 720
f 749 720 750
f 750 720 717
f 750 717 718
f 726 725 740
f 751 740 741
f 742 752 741
f 668 34 737
f 737 34 753
f 754 752 742
f 754 742 737
f 754 737 755
f 755 737 753
f 756 758 757
f 761 763 762
f 762 763 659
f 758 760 764
f 764 760 759
f 764 759 757
f 764 757 758
f 765 766 768
f 768 766 767
f 759 773 757
f 757 773 771
f 769 770 772
f 772 770 757
f 772 757 771
f 772 771 774
f 774 771 773
f 769 772 775
f 775 772 774
f 768 769 765
f 769 775 765
f 775 778 765
f 765 778 779
f 778 776 780
f 778 780 781
f 778 781 779
f 776 777 780
f 780 777 781
f 659 663 762
f 762 663 665
f 762 665 660
f 762 660 761
f 761 660 777
f 761 777 760
f 760 777 776
f 760 776 764
f 764 776 778
f 764 778 759
f 759 778 773
f 775 774 778
f 778 774 773
f 763 782 783
f 763 783 659
f 659 783 664
f 784 782 763
f 784 763 785
f 785 763 761
f 785 761 786
f 786 761 760
f 786 760 787
f 787 760 788
f 788 760 758
f 788 758 789
f 789 758 756
f 790 766 765
f 790 765 779
f 779 781 791
f 792 791 781
f 792 781 777
f 792 777 793
f 660 88 794
f 660 794 777
f 777 794 793
f 797 798 795
f 797 795 796
f 657 802 803
f 802 801 803
f 803 801 804
f 801 800 804
f 798 805 800
f 800 805 804
f 798 800 806
f 806 800 807
f 807 800 799
f 800 808 799
f 795 806 807
f 806 795 798
f 809 810 812
f 812 810 811
f 807 813 795
f 807 815 813
f 799 816 807
f 807 816 815
f 814 813 815
f 814 815 817
f 817 815 816
f 812 814 809
f 809 814 817
f 816 818 817
f 141 820 139
f 139 820 658
f 820 141 823
f 822 821 809
f 821 819 822
f 822 819 824
f 822 824 825
f 819 820 824
f 824 820 825
f 825 820 823
f 821 822 816
f 657 656 802
f 802 656 658
f 802 658 801
f 801 658 820
f 801 820 800
f 800 820 819
f 800 819 808
f 808 819 821
f 808 821 799
f 799 821 816
f 809 817 822
f 822 817 818
f 822 818 816
f 826 109 657
f 826 657 827
f 827 657 803
f 827 803 828
f 828 803 804
f 805 829 830
f 805 830 804
f 804 830 828
f 805 798 831
f 831 798 797
f 832 810 809
f 832 809 822
f 832 822 833
f 833 822 825
f 833 825 834
f 141 146 835
f 141 835 823
f 834 825 836
f 836 825 823
f 844 845 843
f 842 844 843
f 838 841 846
f 846 841 840
f 847 848 849
f 849 848 850
f 849 850 851
f 849 851 853
f 846 852 838
f 849 853 854
f 840 855 846
f 846 855 852
f 853 852 856
f 856 852 855
f 854 853 857
f 857 853 856
f 857 847 854
f 849 854 847
f 861 859 862
f 857 860 847
f 847 860 864
f 847 864 863
f 860 858 865
f 860 865 864
f 859 862 858
f 858 859 865
f 845 1249 843
f 843 1249 861
f 843 861 842
f 842 861 862
f 842 862 859
f 842 859 841
f 841 859 858
f 841 858 840
f 840 858 860
f 840 860 855
f 857 856 860
f 860 856 855
f 844 866 867
f 844 867 845
f 845 867 868
f 845 868 147
f 869 866 844
f 869 844 870
f 870 844 842
f 841 871 872
f 841 872 842
f 842 872 870
f 873 871 841
f 873 841 874
f 874 841 838
f 874 838 839
f 848 847 863
f 875 863 864
f 865 876 864
f 861 196 859
f 859 196 877
f 878 876 865
f 878 865 859
f 878 859 879
f 879 859 877
f 881 882 880
f 885 711 883
f 885 883 884
f 882 886 887
f 887 888 886
f 887 888 880
f 887 880 882
f 889 890 891
f 891 890 892
f 888 897 880
f 880 897 896
f 894 893 895
f 895 893 880
f 895 880 896
f 895 896 898
f 898 896 897
f 894 895 899
f 899 895 898
f 891 894 889
f 894 899 889
f 899 902 889
f 889 902 903
f 902 900 904
f 902 904 905
f 902 905 903
f 900 901 904
f 904 901 905
f 711 906 883
f 883 906 715
f 883 715 713
f 883 713 884
f 884 713 901
f 884 901 886
f 886 901 900
f 886 900 887
f 887 900 902
f 887 902 888
f 888 902 897
f 899 898 902
f 902 898 897
f 885 907 908
f 885 908 711
f 711 908 712
f 909 907 885
f 909 885 910
f 910 885 884
f 910 884 911
f 911 884 886
f 911 886 912
f 912 886 913
f 913 886 882
f 913 882 914
f 914 882 881
f 915 890 889
f 915 889 903
f 903 905 916
f 917 916 905
f 917 905 901
f 917 901 918
f 713 250 919
f 713 919 901
f 901 919 918
f 922 923 921
f 922 921 920
f 928 927 929
f 927 926 925
f 927 925 929
f 923 928 929
f 931 923 929
f 926 708 924
f 926 924 925
f 931 929 932
f 932 929 933
f 930 933 929
f 921 931 932
f 931 921 923
f 934 935 936
f 936 935 937
f 932 938 921
f 932 940 938
f 933 941 932
f 932 941 940
f 939 938 940
f 939 940 942
f 942 940 941
f 936 939 934
f 934 939 942
f 941 943 942
f 301 945 299
f 299 945 709
f 945 301 948
f 947 946 934
f 946 944 947
f 947 944 949
f 947 949 950
f 944 945 949
f 949 945 950
f 950 945 948
f 946 947 941
f 708 707 924
f 924 707 709
f 924 709 925
f 925 709 945
f 925 945 929
f 929 945 944
f 929 944 930
f 930 944 946
f 930 946 933
f 933 946 941
f 934 942 947
f 947 942 943
f 947 943 941
f 951 269 708
f 951 708 952
f 952 708 926
f 952 926 953
f 953 926 927
f 928 954 955
f 928 955 927
f 927 955 953
f 928 923 956
f 956 923 922
f 957 935 934
f 957 934 947
f 957 947 958
f 958 947 950
f 958 950 959
f 301 306 960
f 301 960 948
f 959 950 961
f 961 950 948
f 964 963 962
f 963 968 970
f 967 702 965
f 967 965 966
f 970 968 969
f 971 972 973
f 973 972 974
f 973 974 975
f 973 975 977
f 970 976 963
f 973 977 978
f 969 979 970
f 970 979 976
f 977 976 980
f 980 976 979
f 978 977 981
f 981 977 980
f 981 971 978
f 973 978 971
f 700 983 985
f 981 984 971
f 971 984 987
f 971 987 986
f 984 982 988
f 984 988 987
f 983 985 982
f 982 983 988
f 702 704 965
f 965 704 700
f 965 700 966
f 966 700 985
f 966 985 983
f 966 983 968
f 968 983 982
f 968 982 969
f 969 982 984
f 969 984 979
f 981 980 984
f 984 980 979
f 967 989 990
f 967 990 702
f 702 990 703
f 991 989 967
f 991 967 992
f 992 967 966
f 968 993 994
f 968 994 966
f 966 994 992
f 995 993 968
f 995 968 996
f 996 968 963
f 996 963 964
f 972 971 986
f 997 986 987
f 988 998 987
f 700 357 983
f 983 357 999
f 1000 998 988
f 1000 988 983
f 1000 983 1001
f 1001 983 999
f 1002 1004 1003
f 1007 697 1005
f 1007 1005 1006
f 1004 1008 1009
f 1009 1010 1008
f 1009 1010 1003
f 1009 1003 1004
f 1011 1012 1013
f 1013 1012 1014
f 1010 1019 1003
f 1003 1019 1018
f 1016 1015 1017
f 1017 1015 1003
f 1017 1003 1018
f 1017 1018 1020
f 1020 1018 1019
f 1016 1017 1021
f 1021 1017 1020
f 1013 1016 1011
f 1016 1021 1011
f 1021 1024 1011
f 1011 1024 1025
f 1024 1022 1026
f 1024 1026 1027
f 1024 1027 1025
f 1022 1023 1026
f 1026 1023 1027
f 697 1028 1005
f 1005 1028 699
f 1005 699 694
f 1005 694 1006
f 1006 694 1023
f 1006 1023 1008
f 1008 1023 1022
f 1008 1022 1009
f 1009 1022 1024
f 1009 1024 1010
f 1010 1024 1019
f 1021 1020 1024
f 1024 1020 1019
f 1007 1029 1030
f 1007 1030 697
f 697 1030 698
f 1031 1029 1007
f 1031 1007 1032
f 1032 1007 1006
f 1032 1006 1033
f 1033 1006 1008
f 1033 1008 1034
f 1034 1008 1035
f 1035 1008 1004
f 1035 1004 1036
f 1036 1004 1002
f 1037 1012 1011
f 1037 1011 1025
f 1025 1027 1038
f 1039 1038 1027
f 1039 1027 1023
f 1039 1023 1040
f 694 411 1041
f 694 1041 1023
f 1023 1041 1040
f 1044 1045 1043
f 1044 1043 1042
f 1047 1051 1048
f 1048 1051 1050
f 1045 1052 1047
f 1047 1052 1051
f 1048 1050 1049
f 1049 1050 692
f 1045 1047 1053
f 1054 1053 1047
f 1054 1047 1046
f 1047 1055 1046
f 1043 1053 1054
f 1053 1043 1045
f 1056 1057 1058
f 1058 1057 1059
f 1054 1060 1043
f 1054 1062 1060
f 1046 1063 1054
f 1054 1063 1062
f 1061 1060 1062
f 1061 1062 1064
f 1064 1062 1063
f 1058 1061 1056
f 1056 1061 1064
f 1063 1065 1064
f 463 1067 461
f 461 1067 693
f 1067 463 1070
f 1069 1068 1056
f 1068 1066 1069
f 1069 1066 1071
f 1069 1071 1072
f 1066 1067 1071
f 1071 1067 1072
f 1072 1067 1070
f 1068 1069 1063
f 692 1073 1049
f 1049 1073 693
f 1049 693 1048
f 1048 693 1067
f 1048 1067 1047
f 1047 1067 1066
f 1047 1066 1055
f 1055 1066 1068
f 1055 1068 1046
f 1046 1068 1063
f 1056 1064 1069
f 1069 1064 1065
f 1069 1065 1063
f 1074 431 692
f 1074 692 1075
f 1075 692 1050
f 1075 1050 1076
f 1076 1050 1051
f 1052 1077 1078
f 1052 1078 1051
f 1051 1078 1076
f 1052 1045 1079
f 1079 1045 1044
f 1080 1057 1056
f 1080 1056 1069
f 1080 1069 1081
f 1081 1069 1072
f 1081 1072 1082
f 463 467 1083
f 463 1083 1070
f 1082 1072 1084
f 1084 1072 1070
f 1087 1086 1085
f 1090 1092 1091
f 1091 1092 688
f 1086 1089 1093
f 1093 1089 1088
f 1094 1095 1096
f 1096 1095 1097
f 1096 1097 1098
f 1096 1098 1100
f 1093 1099 1086
f 1096 1100 1101
f 1088 1102 1093
f 1093 1102 1099
f 1100 1099 1103
f 1103 1099 1102
f 1101 1100 1104
f 1104 1100 1103
f 1104 1094 1101
f 1096 1101 1094
f 686 1106 1108
f 1104 1107 1094
f 1094 1107 1110
f 1094 1110 1109
f 1107 1105 1111
f 1107 1111 1110
f 1106 1108 1105
f 1105 1106 1111
f 688 1112 1091
f 1091 1112 686
f 1091 686 1090
f 1090 686 1108
f 1090 1108 1106
f 1090 1106 1089
f 1089 1106 1105
f 1089 1105 1088
f 1088 1105 1107
f 1088 1107 1102
f 1104 1103 1107
f 1107 1103 1102
f 1092 1113 1114
f 1092 1114 688
f 688 1114 689
f 1115 1113 1092
f 1115 1092 1116
f 1116 1092 1090
f 1089 1117 1118
f 1089 1118 1090
f 1090 1118 1116
f 1119 1117 1089
f 1119 1089 1120
f 1120 1089 1086
f 1120 1086 1087
f 1095 1094 1109
f 1121 1109 1110
f 1111 1122 1110
f 686 519 1106
f 1106 519 1123
f 1124 1122 1111
f 1124 1111 1106
f 1124 1106 1125
f 1125 1106 1123
f 1126 1128 1127
f 1131 683 1129
f 1131 1129 1130
f 1128 1132 1133
f 1133 1134 1132
f 1133 1134 1127
f 1133 1127 1128
f 1135 1136 1137
f 1137 1136 1138
f 1134 1143 1127
f 1127 1143 1141
f 1139 1140 1142
f 1142 1140 1127
f 1142 1127 1141
f 1142 1141 1144
f 1144 1141 1143
f 1139 1142 1145
f 1145 1142 1144
f 1137 1139 1135
f 1139 1145 1135
f 1145 1148 1135
f 1135 1148 1149
f 1148 1146 1150
f 1148 1150 1151
f 1148 1151 1149
f 1146 1147 1150
f 1150 1147 1151
f 683 1152 1129
f 1129 1152 685
f 1129 685 680
f 1129 680 1130
f 1130 680 1147
f 1130 1147 1132
f 1132 1147 1146
f 1132 1146 1133
f 1133 1146 1148
f 1133 1148 1134
f 1134 1148 1143
f 1145 1144 1148
f 1148 1144 1143
f 1131 1153 1154
f 1131 1154 683
f 683 1154 684
f 1155 1153 1131
f 1155 1131 1156
f 1156 1131 1130
f 1156 1130 1157
f 1157 1130 1132
f 1157 1132 1158
f 1158 1132 1159
f 1159 1132 1128
f 1159 1128 1160
f 1160 1128 1126
f 1161 1136 1135
f 1161 1135 1149
f 1149 1151 1162
f 1163 1162 1151
f 1163 1151 1147
f 1163 1147 1164
f 680 573 1165
f 680 1165 1147
f 1147 1165 1164
f 921 938 920
f 1003 1015 1002
f 962 963 976
f 962 976 974
f 974 976 977
f 974 977 975
f 1166 964 962
f 1166 962 1167
f 1167 962 974
f 936 937 939
f 1168 1169 892
f 767 1170 756
f 1171 1172 1173
f 838 852 837
f 920 1166 1169
f 881 880 893
f 881 893 892
f 892 893 894
f 892 894 891
f 1174 1170 767
f 1174 767 1175
f 1175 767 1176
f 756 757 770
f 756 770 767
f 767 770 769
f 767 769 768
f 1043 1060 1042
f 795 813 796
f 938 939 937
f 938 937 920
f 920 937 1166
f 1166 937 1177
f 1166 1177 964
f 1178 1176 767
f 1178 767 1179
f 1179 767 1180
f 716 717 730
f 716 730 727
f 727 730 731
f 727 731 729
f 1181 718 716
f 1181 716 1182
f 1182 716 727
f 1183 1184 1185
f 1186 1187 1138
f 892 1169 1166
f 892 1166 881
f 851 850 853
f 1173 1181 1187
f 1126 1127 1140
f 1126 1140 1138
f 1138 1140 1139
f 1138 1139 1137
f 1085 1086 1099
f 1085 1099 1097
f 1097 1099 1100
f 1097 1100 1098
f 1188 1087 1085
f 1188 1085 1189
f 1189 1085 1097
f 1058 1059 1061
f 1190 1191 1014
f 1013 1014 1016
f 1172 1185 1184
f 1172 1184 1173
f 1173 1184 1181
f 1181 1184 1192
f 1181 1192 718
f 852 853 850
f 852 850 837
f 837 850 1193
f 837 1193 1166
f 1166 1193 1194
f 1166 1194 881
f 811 813 814
f 811 814 812
f 1195 1196 796
f 1195 796 1197
f 1198 1180 767
f 1198 767 1199
f 1199 767 1200
f 1200 767 1201
f 1200 1201 1202
f 1202 1201 1203
f 1202 1203 1204
f 1204 1203 796
f 1204 796 1205
f 1205 796 1206
f 1060 1061 1059
f 1060 1059 1042
f 1042 1059 1188
f 1188 1059 1207
f 1188 1207 1087
f 1191 1042 1188
f 1191 1188 1014
f 1014 1188 1002
f 1014 1002 1015
f 1014 1015 1016
f 1208 1197 796
f 1208 796 1209
f 1209 796 1210
f 1211 1212 1188
f 1211 1188 1213
f 1213 1188 1214
f 1215 1206 796
f 1215 796 1216
f 1216 796 1196
f 1217 1218 1002
f 1217 1002 1219
f 1220 1126 1221
f 839 837 1210
f 796 813 811
f 796 811 1210
f 1210 811 839
f 839 811 1222
f 1223 1224 1166
f 1223 1166 1225
f 1226 1225 1166
f 1226 1166 1227
f 1227 1166 1228
f 1229 1214 1188
f 1229 1188 1230
f 1230 1188 1126
f 1230 1126 1231
f 1231 1126 1232
f 1232 1126 1220
f 1233 1221 1126
f 1233 1126 1234
f 1235 1210 837
f 1235 837 1236
f 1236 837 1237
f 1238 1219 1002
f 1238 1002 1239
f 1239 1002 1188
f 1239 1188 1240
f 1240 1188 1212
f 1138 1187 1181
f 1138 1181 1126
f 1126 1181 756
f 1126 756 1234
f 1234 756 1241
f 1241 756 1170
f 1242 1237 837
f 1242 837 1166
f 1242 1166 1243
f 1243 1166 1224
f 1244 1228 1166
f 1244 1166 1245
f 1245 1166 1002
f 1245 1002 1246
f 1246 1002 1247
f 1247 1002 1218
f 1248 196 861
f 1248 1249 845
f 1248 845 868
f 1248 861 1249
f 1251 1252 1253
f 1254 471 464
f 1255 309 302
f 1256 149 142
f 91 94 1257
f 97 96 1258
f 97 1258 92
f 92 1258 1257
f 92 1257 93
f 93 1257 94
f 98 47 95
f 95 47 96
f 96 47 48
f 96 48 1258
f 6 47 98
f 6 98 45
f 45 98 86
f 45 86 99
f 661 46 88
f 88 45 99
f 89 793 794
f 89 794 88
f 45 88 46
f 792 793 89
f 792 89 63
f 792 63 791
f 790 109 826
f 790 826 827
f 790 827 766
f 779 791 63
f 779 63 790
f 790 63 109
f 109 108 654
f 654 108 106
f 102 655 107
f 107 655 654
f 107 654 105
f 105 654 106
f 154 146 101
f 154 101 100
f 153 154 100
f 153 100 152
f 152 100 103
f 152 103 104
f 152 104 1259
f 1256 142 1260
f 1260 142 148
f 151 152 1259
f 151 1259 150
f 150 1259 1260
f 150 1260 148
f 655 102 101
f 655 101 146
f 835 146 1261
f 835 1261 823
f 823 1261 1262
f 823 1262 836
f 147 868 832
f 147 832 833
f 834 836 1262
f 834 1262 147
f 833 834 147
f 147 163 868
f 868 163 1248
f 1248 163 160
f 162 156 196
f 162 196 161
f 161 196 1248
f 161 1248 159
f 159 1248 160
f 1263 877 196
f 196 156 205
f 205 156 204
f 204 156 155
f 204 155 158
f 204 158 203
f 203 158 202
f 198 199 1264
f 157 202 158
f 201 202 157
f 201 157 200
f 200 157 1264
f 200 1264 199
f 879 877 1263
f 879 1263 878
f 878 1263 1265
f 876 878 1265
f 876 1265 173
f 876 173 864
f 712 211 212
f 712 212 710
f 710 212 213
f 710 213 714
f 714 213 210
f 207 250 714
f 207 714 210
f 259 250 206
f 259 206 247
f 247 206 258
f 258 206 169
f 258 169 208
f 258 208 255
f 255 208 256
f 256 208 209
f 256 209 1266
f 251 254 1267
f 257 256 1266
f 257 1266 252
f 252 1266 1267
f 252 1267 253
f 253 1267 254
f 1268 918 919
f 1268 919 250
f 206 250 207
f 917 918 1268
f 917 1268 224
f 917 224 916
f 915 269 951
f 915 951 952
f 915 952 890
f 903 916 224
f 903 224 915
f 915 224 269
f 269 268 705
f 705 268 266
f 262 706 267
f 267 706 705
f 267 705 265
f 265 705 266
f 314 306 261
f 314 261 260
f 313 314 260
f 313 260 312
f 312 260 263
f 312 263 264
f 312 264 1269
f 1255 302 1270
f 1270 302 308
f 311 312 1269
f 311 1269 310
f 310 1269 1270
f 310 1270 308
f 706 262 261
f 706 261 306
f 960 306 1271
f 960 1271 948
f 948 1271 1272
f 948 1272 961
f 307 703 957
f 307 957 958
f 959 961 1272
f 959 1272 307
f 958 959 307
f 307 323 703
f 703 323 701
f 701 323 320
f 322 316 357
f 322 357 321
f 321 357 701
f 321 701 319
f 319 701 320
f 1273 999 357
f 357 316 366
f 366 316 365
f 365 316 315
f 365 315 318
f 365 318 364
f 364 318 363
f 359 360 1274
f 317 363 318
f 362 363 317
f 362 317 361
f 361 317 1274
f 361 1274 360
f 1001 999 1273
f 1001 1273 1000
f 1000 1273 358
f 998 1000 358
f 998 358 333
f 998 333 987
f 698 372 373
f 698 373 696
f 696 373 374
f 696 374 695
f 695 374 371
f 368 411 695
f 368 695 371
f 420 411 367
f 420 367 408
f 408 367 419
f 419 367 329
f 419 329 369
f 419 369 416
f 416 369 417
f 417 369 370
f 417 370 1275
f 412 415 1276
f 418 417 1275
f 418 1275 413
f 413 1275 1276
f 413 1276 414
f 414 1276 415
f 1277 1040 1041
f 1277 1041 411
f 367 411 368
f 1039 1040 1277
f 1039 1277 385
f 1039 385 1038
f 1037 431 1074
f 1037 1074 1075
f 1037 1075 1012
f 1025 1038 385
f 1025 385 1037
f 1037 385 431
f 431 430 690
f 690 430 428
f 423 691 429
f 429 691 690
f 429 690 427
f 427 690 428
f 476 467 422
f 476 422 421
f 475 476 421
f 475 421 474
f 474 421 424
f 474 424 425
f 474 425 426
f 1254 464 1278
f 1278 464 470
f 473 474 426
f 473 426 472
f 472 426 1278
f 472 1278 470
f 691 423 422
f 691 422 467
f 1083 467 1279
f 1083 1279 1070
f 1070 1279 1280
f 1070 1280 1084
f 469 689 1080
f 469 1080 1081
f 1082 1084 1280
f 1082 1280 469
f 1081 1082 469
f 469 485 689
f 689 485 687
f 687 485 482
f 484 480 519
f 484 519 483
f 483 519 687
f 483 687 481
f 481 687 482
f 520 1123 519
f 519 480 529
f 529 480 528
f 528 480 479
f 528 479 477
f 528 477 527
f 527 477 526
f 522 523 1281
f 478 526 477
f 525 526 478
f 525 478 524
f 524 478 1281
f 524 1281 523
f 1125 1123 520
f 1125 520 1124
f 1124 520 521
f 1122 1124 521
f 1122 521 495
f 1122 495 1110
f 684 535 536
f 684 536 682
f 682 536 537
f 682 537 681
f 681 537 534
f 531 573 681
f 531 681 534
f 583 573 530
f 583 530 571
f 571 530 582
f 582 530 491
f 582 491 532
f 582 532 579
f 579 532 580
f 580 532 533
f 580 533 1282
f 575 578 1283
f 581 580 1282
f 581 1282 576
f 576 1282 1283
f 576 1283 577
f 577 1283 578
f 1284 1164 1165
f 1284 1165 573
f 530 573 531
f 1163 1164 1284
f 1163 1284 548
f 1163 548 1162
f 1161 593 1285
f 1161 1285 1286
f 1161 1286 1136
f 1149 1162 548
f 1149 548 1161
f 1161 548 593
f 593 592 672
f 672 592 590
f 586 673 591
f 591 673 672
f 591 672 589
f 589 672 590
f 1287 677 585
f 1287 585 584
f 1290 1287 584
f 1290 584 1289
f 1289 584 587
f 1289 587 588
f 1289 588 1288
f 1251 1253 1291
f 1291 1253 1292
f 1293 1289 1288
f 1293 1288 1294
f 1294 1288 1291
f 1294 1291 1292
f 673 586 585
f 673 585 677
f 1295 677 2081
f 1295 2081 1296
f 1296 2081 1297
f 1296 1297 1298
f 670 669 1299
f 670 1299 1300
f 1301 1298 1297
f 1301 1297 670
f 1300 1301 670
f 670 1302 669
f 669 1302 666
f 666 1302 1303
f 1304 1250 34
f 1304 34 1305
f 1305 34 666
f 1305 666 1306
f 1306 666 1303
f 35 753 34
f 34 1250 44
f 44 1250 43
f 43 1250 1308
f 43 1308 1307
f 43 1307 42
f 42 1307 41
f 37 38 1309
f 1310 41 1307
f 40 41 1310
f 40 1310 39
f 39 1310 1309
f 39 1309 38
f 755 753 35
f 755 35 754
f 754 35 36
f 752 754 36
f 752 36 10
f 752 10 741
f 664 50 51
f 664 51 662
f 662 51 52
f 662 52 661
f 661 52 49
f 661 49 46
f 1173 1187 1311
f 1109 1155 1156
f 1109 1156 1095
f 495 535 684
f 495 684 1110
f 1110 684 1154
f 1110 1154 1121
f 1121 1154 1109
f 1109 1154 1153
f 1109 1153 1155
f 1097 1095 1189
f 1189 1158 1188
f 1188 1158 1159
f 1095 1156 1189
f 1189 1156 1157
f 1189 1157 1158
f 1126 1188 1160
f 1160 1188 1159
f 1115 1057 1080
f 1115 1080 1113
f 1113 1080 1114
f 1114 1080 689
f 1057 1115 1059
f 1059 1115 1116
f 1059 1116 1118
f 1059 1118 1207
f 1207 1118 1117
f 1120 1087 1207
f 1120 1207 1119
f 1119 1207 1117
f 1078 1014 1076
f 1012 1075 1014
f 1014 1075 1076
f 1014 1078 1190
f 1190 1078 1077
f 1042 1191 1044
f 1079 1044 1191
f 1079 1191 1052
f 1052 1191 1190
f 1052 1190 1077
f 986 1031 1032
f 986 1032 972
f 333 372 698
f 333 698 987
f 987 698 1030
f 987 1030 997
f 997 1030 986
f 986 1030 1029
f 986 1029 1031
f 974 972 1167
f 1167 1034 1166
f 1166 1034 1035
f 972 1032 1167
f 1167 1032 1033
f 1167 1033 1034
f 1002 1166 1036
f 1036 1166 1035
f 991 935 957
f 991 957 989
f 989 957 990
f 990 957 703
f 935 991 937
f 937 991 992
f 937 992 994
f 937 994 1177
f 1177 994 993
f 996 964 1177
f 996 1177 995
f 995 1177 993
f 955 892 953
f 890 952 892
f 892 952 953
f 892 955 1168
f 1168 955 954
f 920 1169 922
f 956 922 1169
f 956 1169 928
f 928 1169 1168
f 928 1168 954
f 863 909 910
f 863 910 848
f 173 211 712
f 173 712 864
f 864 712 908
f 864 908 875
f 875 908 863
f 863 908 907
f 863 907 909
f 850 848 1193
f 1193 912 1194
f 1194 912 913
f 848 910 1193
f 1193 910 911
f 1193 911 912
f 881 1194 914
f 914 1194 913
f 869 810 832
f 869 832 866
f 866 832 867
f 867 832 868
f 810 869 811
f 811 869 870
f 811 870 872
f 811 872 1222
f 1222 872 871
f 837 839 838
f 874 839 1222
f 874 1222 873
f 873 1222 871
f 830 767 828
f 766 827 767
f 767 827 828
f 767 830 1201
f 1201 830 829
f 796 1203 797
f 831 797 1203
f 831 1203 805
f 805 1203 1201
f 805 1201 829
f 740 784 785
f 740 785 726
f 10 50 664
f 10 664 741
f 741 664 783
f 741 783 751
f 751 783 740
f 740 783 782
f 740 782 784
f 727 726 1182
f 1182 787 1181
f 1181 787 788
f 726 785 1182
f 1182 785 786
f 1182 786 787
f 756 1181 789
f 789 1181 788
f 745 1312 1299
f 745 1299 743
f 743 1299 744
f 744 1299 669
f 1312 745 1184
f 1184 745 746
f 1184 746 748
f 1184 748 1192
f 1192 748 747
f 750 718 1192
f 750 1192 749
f 749 1192 747
f 1136 1286 1138
f 1138 1286 1313
f 1314 1311 1187
f 1314 1187 1315
f 1315 1187 1186
f 1316 1315 1186
f 1316 1186 1317
f 1317 1186 1138
f 1317 1138 1313
f 1318 1319 1320
f 1320 1319 1321
f 1320 1321 1322
f 1322 1321 1323
f 1322 1323 1324
f 1322 1324 1325
f 1325 1324 1326
f 1325 1326 1327
f 1328 1329 1330
f 1328 1330 1331
f 1331 1330 1332
f 1331 1332 1333
f 1333 1332 1334
f 1333 1334 1335
f 1335 1334 1336
f 1335 1336 1337
f 1337 1336 1338
f 1338 1336 1339
f 1338 1339 1340
f 1340 1339 1341
f 1340 1341 1342
f 1342 1341 1343
f 1342 1343 1344
f 1344 1343 1345
f 1345 1343 1346
f 1345 1346 1347
f 1347 1346 1348
f 1348 1346 1349
f 1348 1349 1350
f 1350 1349 1351
f 1350 1351 1352
f 1352 1351 1353
f 1352 1353 1354
f 1354 1353 1355
f 1354 1355 1356
f 1356 1355 1357
f 1356 1357 1358
f 1358 1357 1359
f 1358 1359 1360
f 1360 1359 1361
f 1360 1361 1362
f 1362 1361 1363
f 1362 1363 1364
f 1364 1363 1365
f 1365 1363 1366
f 1365 1366 1367
f 1367 1366 1368
f 1368 1366 1327
f 1368 1327 1369
f 1369 1327 1326
f 1329 1328 1370
f 1370 1328 1371
f 1370 1371 1372
f 1372 1371 1373
f 1374 1375 1376
f 1374 1376 1377
f 1372 1373 1378
f 1372 1378 1379
f 1379 1378 1375
f 1379 1375 1374
f 1380 1381 1382
f 1380 1382 1383
f 1377 1376 1384
f 1377 1384 1385
f 1385 1384 1381
f 1385 1381 1386
f 1386 1381 1380
f 1387 1388 1389
f 1383 1382 1390
f 1383 1390 1391
f 1391 1390 1389
f 1391 1389 1388
f 1319 1318 1392
f 1392 1318 1393
f 1392 1393 1394
f 1394 1393 1395
f 1394 1395 1396
f 1394 1396 1397
f 1397 1396 1398
f 1397 1398 1399
f 1399 1398 1400
f 1399 1400 1401
f 1401 1400 1402
f 1401 1402 1403
f 1403 1402 1404
f 1404 1402 1405
f 1404 1405 1406
f 1404 1406 1407
f 1407 1406 1408
f 1407 1408 1409
f 1409 1408 1410
f 1409 1410 1411
f 1411 1410 1412
f 1411 1412 1413
f 1411 1413 1414
f 1414 1413 1415
f 1415 1413 1416
f 1415 1416 1417
f 1417 1416 1418
f 1417 1418 1419
f 1419 1418 1420
f 1419 1420 1421
f 1421 1420 1422
f 1421 1422 1423
f 1423 1422 1424
f 1423 1424 1425
f 1425 1424 1426
f 1425 1426 1427
f 1427 1426 1388
f 1427 1388 1387
f 606 605 600
f 598 600 605
f 608 602 601
f 600 608 601
f 612 611 623
f 619 618 613
f 614 613 618
f 613 623 611
f 633 632 626
f 632 634 626
f 634 631 639
f 629 634 639
f 647 646 642
f 641 649 643
f 641 643 642
f 646 644 642
f 1428 1429 1430
f 675 674 1431
f 1431 674 676
f 1431 676 1432
f 1432 676 1433
f 1432 1433 1434
f 1434 1433 1435
f 1434 1435 1436
f 1436 1435 1428
f 1436 1428 1437
f 1437 1428 1430
f 1438 1439 1429
f 1429 1439 1440
f 1429 1440 1430
f 1285 593 675
f 1285 675 1286
f 1286 675 1441
f 1286 1441 1313
f 1313 1441 1442
f 1315 1316 1317
f 1315 1317 1442
f 1442 1317 1313
f 1315 1443 1314
f 1314 1443 1311
f 1299 1312 1438
f 1299 1438 1429
f 1299 1429 1300
f 1300 1429 1444
f 1300 1444 1301
f 678 677 1295
f 678 1295 1296
f 1301 1444 1298
f 1298 1444 1296
f 1445 1446 1447
f 1445 1447 1448
f 1448 1447 1449
f 1448 1449 1450
f 1450 1449 1451
f 1450 1451 1452
f 1452 1451 1453
f 1452 1453 1454
f 1454 1453 1455
f 1454 1455 1456
f 1457 1458 1459
f 1457 1459 1460
f 1457 1460 1461
f 1461 1460 1462
f 1461 1462 1463
f 1463 1462 1464
f 1463 1464 1465
f 1465 1464 1466
f 1465 1466 1467
f 1467 1466 1468
f 1468 1466 1446
f 1468 1446 1469
f 1469 1446 1445
f 1470 1471 1472
f 1472 1471 1473
f 1472 1473 1474
f 1474 1473 1475
f 1474 1475 1476
f 1476 1475 1477
f 1476 1477 1478
f 1478 1477 1479
f 1478 1479 1480
f 1480 1479 1458
f 1480 1458 1481
f 1481 1458 1457
f 1456 1455 1482
f 1482 1455 1483
f 1482 1483 1484
f 1484 1483 1485
f 1484 1485 1486
f 1486 1485 1487
f 1487 1485 1488
f 1487 1488 1489
f 1489 1488 1490
f 1489 1490 1491
f 1491 1490 1492
f 1491 1492 1493
f 1493 1492 1494
f 1495 1496 1497
f 1497 1496 1498
f 1497 1498 1499
f 1499 1498 1500
f 1499 1500 1501
f 1499 1501 1502
f 1502 1501 1503
f 1502 1503 1504
f 1504 1503 1505
f 1504 1505 1506
f 1506 1505 1471
f 1506 1471 1507
f 1507 1471 1470
f 1508 1509 1510
f 1510 1509 1511
f 1510 1511 1512
f 1512 1511 1513
f 1512 1513 1514
f 1514 1513 1515
f 1514 1515 1516
f 1516 1515 1517
f 1516 1517 1518
f 1518 1517 1519
f 1518 1519 1496
f 1518 1496 1520
f 1520 1496 1495
f 1521 1493 1494
f 1521 1494 1522
f 1521 1522 1523
f 1523 1522 1524
f 1523 1524 1638
f 1638 1524 1525
f 1638 1525 1526
f 1526 1525 1527
f 1527 1525 1528
f 1527 1528 1529
f 1527 1529 1530
f 1530 1529 1509
f 1530 1509 1531
f 1531 1509 1508
f 615 1532 624
f 1533 612 1534
f 1534 612 624
f 1534 624 1532
f 612 1533 611
f 611 1533 1535
f 611 1535 622
f 622 1535 1536
f 1537 619 622
f 1537 622 1536
f 1538 618 1537
f 1537 618 619
f 618 1538 1539
f 618 1539 621
f 621 1539 607
f 607 1539 1540
f 607 1540 609
f 609 1540 1541
f 1542 602 609
f 1542 609 1541
f 1542 601 602
f 1543 1544 599
f 1543 599 1545
f 1545 599 601
f 1545 601 1542
f 599 1544 1546
f 599 1546 606
f 606 1546 1547
f 606 1547 605
f 605 1547 1548
f 1549 610 605
f 1549 605 1548
f 1549 604 610
f 1550 652 604
f 1550 604 1551
f 1551 604 1549
f 1550 649 652
f 1552 643 1553
f 1553 643 649
f 1553 649 1550
f 643 1552 1554
f 643 1554 648
f 648 1554 1555
f 648 1555 1556
f 648 1556 647
f 647 1556 1557
f 1558 646 647
f 1558 647 1557
f 1558 645 646
f 1559 627 1560
f 1560 627 645
f 1560 645 1558
f 627 1559 1561
f 627 1561 636
f 636 1561 633
f 633 1561 1562
f 633 1562 632
f 632 1562 1563
f 1563 630 632
f 1564 630 1563
f 630 1564 1565
f 630 1565 631
f 631 1565 1566
f 631 1566 639
f 639 1566 640
f 640 1566 1567
f 1532 615 640
f 1532 640 1567
f 1311 1443 1171
f 1311 1171 1173
f 1315 1442 1434
f 1442 1441 1432
f 1442 1432 1434
f 1443 1315 1434
f 1568 1443 1434
f 1441 675 1431
f 1441 1431 1432
f 1568 1434 1569
f 1569 1434 1437
f 1436 1437 1434
f 1171 1568 1569
f 1568 1171 1443
f 1438 1312 1183
f 1183 1312 1184
f 1569 1172 1171
f 1569 1570 1172
f 1437 1430 1569
f 1569 1430 1570
f 1185 1172 1570
f 1185 1570 1439
f 1439 1570 1430
f 1183 1185 1438
f 1438 1185 1439
f 1430 1440 1439
f 678 1433 679
f 679 1433 676
f 1433 678 1296
f 1429 1428 1438
f 1428 1435 1429
f 1429 1435 1571
f 1429 1571 1444
f 1435 1433 1571
f 1571 1433 1444
f 1444 1433 1296
f 1559 1560 1572
f 1559 1572 1561
f 1532 1567 1573
f 1532 1573 1534
f 1540 1539 1574
f 1540 1574 1541
f 1549 1575 1551
f 1551 1575 1550
f 1574 1539 1577
f 1578 1561 1572
f 1579 1550 1575
f 1575 1549 1576
f 1542 1541 1580
f 1580 1541 1574
f 1533 1534 1581
f 1581 1534 1573
f 1573 1567 1582
f 1582 1567 1566
f 1572 1560 1583
f 1583 1560 1558
f 1576 1549 1548
f 1547 1546 1544
f 1544 1543 1545
f 1577 1539 1538
f 1562 1561 1578
f 1557 1556 1555
f 1555 1554 1552
f 1553 1550 1579
f 1453 1576 1548
f 1453 1548 1584
f 1584 1548 1547
f 1584 1547 1483
f 1483 1547 1544
f 1483 1544 1585
f 1585 1544 1488
f 1488 1544 1545
f 1488 1545 1490
f 1490 1545 1542
f 1490 1542 1586
f 1586 1542 1494
f 1494 1542 1580
f 1494 1580 1522
f 1522 1580 1574
f 1522 1574 1524
f 1524 1574 1577
f 1524 1577 1525
f 1525 1577 1538
f 1525 1538 1587
f 1587 1538 1537
f 1587 1537 1588
f 1588 1537 1536
f 1588 1536 1589
f 1589 1536 1535
f 1589 1535 1513
f 1513 1535 1533
f 1513 1533 1590
f 1590 1533 1581
f 1590 1581 1519
f 1519 1581 1573
f 1519 1573 1496
f 1496 1573 1582
f 1496 1582 1498
f 1498 1582 1566
f 1498 1566 1591
f 1591 1566 1503
f 1503 1566 1565
f 1503 1565 1564
f 1503 1564 1592
f 1592 1564 1563
f 1592 1563 1593
f 1593 1563 1562
f 1593 1562 1594
f 1594 1562 1578
f 1594 1578 1477
f 1477 1578 1572
f 1477 1572 1479
f 1479 1572 1583
f 1479 1583 1458
f 1458 1583 1558
f 1458 1558 1459
f 1459 1558 1595
f 1595 1558 1557
f 1595 1557 1462
f 1462 1557 1555
f 1462 1555 1464
f 1464 1555 1596
f 1596 1555 1552
f 1596 1552 1446
f 1446 1552 1553
f 1446 1553 1597
f 1597 1553 1579
f 1597 1579 1449
f 1449 1579 1575
f 1449 1575 1451
f 1451 1575 1576
f 1451 1576 1453
f 1485 1483 1585
f 1525 1587 1528
f 1528 1587 1588
f 1513 1590 1517
f 1517 1590 1519
f 1498 1591 1500
f 1500 1591 1503
f 1593 1594 1475
f 1475 1594 1477
f 1596 1446 1466
f 1455 1453 1584
f 1455 1584 1483
f 1490 1586 1494
f 1511 1589 1513
f 1503 1592 1505
f 1459 1595 1462
f 1446 1597 1447
f 1447 1597 1449
f 1509 1588 1589
f 1509 1589 1511
f 1515 1513 1517
f 1500 1503 1501
f 1505 1592 1471
f 1471 1592 1593
f 1485 1585 1488
f 1490 1494 1492
f 1528 1588 1529
f 1529 1588 1509
f 1471 1593 1473
f 1473 1593 1475
f 1460 1459 1462
f 1464 1596 1466
f 1327 1366 1598
f 1400 1398 1599
f 1355 1353 1602
f 1484 1486 1603
f 1484 1603 1482
f 1482 1604 1605
f 1456 1482 1605
f 1456 1605 1606
f 1452 1454 1602
f 1452 1602 1607
f 1445 1601 1608
f 1445 1608 1609
f 1450 1452 1607
f 1450 1607 1448
f 1448 1607 1601
f 1448 1601 1445
f 1611 1465 1336
f 1469 1445 1609
f 1469 1609 1468
f 1613 1612 1332
f 1461 1611 1612
f 1616 1615 1370
f 1457 1461 1613
f 1457 1613 1614
f 1618 1374 1377
f 1481 1457 1614
f 1481 1614 1615
f 1480 1481 1615
f 1480 1615 1616
f 1474 1600 1617
f 1474 1617 1618
f 1506 1619 1380
f 1506 1380 1383
f 1621 1620 1388
f 1507 1470 1619
f 1507 1619 1506
f 1625 1624 1420
f 1628 1627 1413
f 1497 1499 1623
f 1497 1623 1624
f 1629 1512 1408
f 1520 1495 1625
f 1520 1625 1518
f 1518 1625 1626
f 1518 1626 1516
f 1510 1512 1629
f 1510 1629 1508
f 1530 1630 1599
f 1633 1632 1395
f 1531 1508 1630
f 1531 1630 1530
f 1530 1599 1631
f 1636 1635 1320
f 1527 1530 1631
f 1527 1631 1632
f 1489 1637 1325
f 1523 1638 1634
f 1523 1634 1521
f 1521 1634 1635
f 1521 1635 1493
f 1603 1363 1361
f 1491 1493 1637
f 1491 1637 1489
f 1487 1489 1598
f 1487 1598 1486
f 1606 1605 1357
f 1607 1602 1353
f 1351 1601 1607
f 1351 1607 1353
f 1608 1601 1351
f 1346 1609 1349
f 1349 1609 1608
f 1349 1608 1351
f 1346 1343 1468
f 1346 1468 1609
f 1454 1456 1606
f 1454 1606 1602
f 1610 1468 1343
f 1339 1336 1465
f 1339 1465 1610
f 1339 1610 1341
f 1341 1610 1343
f 1334 1332 1612
f 1334 1612 1611
f 1334 1611 1336
f 1467 1468 1610
f 1467 1610 1465
f 1614 1613 1332
f 1329 1370 1615
f 1329 1615 1614
f 1329 1614 1330
f 1330 1614 1332
f 1370 1372 1600
f 1370 1600 1616
f 1612 1613 1461
f 1611 1461 1463
f 1611 1463 1465
f 1617 1600 1372
f 1374 1618 1617
f 1374 1617 1379
f 1379 1617 1372
f 1470 1618 1377
f 1386 1380 1619
f 1386 1619 1470
f 1386 1470 1385
f 1385 1470 1377
f 1478 1480 1616
f 1478 1616 1476
f 1476 1616 1600
f 1476 1600 1474
f 1620 1506 1383
f 1391 1388 1620
f 1391 1620 1383
f 1472 1474 1618
f 1472 1618 1470
f 1622 1621 1388
f 1424 1422 1623
f 1424 1623 1622
f 1424 1622 1426
f 1426 1622 1388
f 1502 1620 1621
f 1624 1623 1422
f 1624 1422 1420
f 1504 1506 1620
f 1504 1620 1502
f 1502 1621 1622
f 1626 1625 1420
f 1416 1413 1627
f 1416 1627 1626
f 1416 1626 1418
f 1418 1626 1420
f 1499 1502 1622
f 1499 1622 1623
f 1410 1408 1512
f 1410 1512 1412
f 1412 1512 1628
f 1412 1628 1413
f 1495 1497 1624
f 1495 1624 1625
f 1516 1626 1627
f 1516 1627 1628
f 1508 1629 1408
f 1402 1630 1405
f 1405 1630 1508
f 1405 1508 1406
f 1406 1508 1408
f 1402 1400 1599
f 1402 1599 1630
f 1514 1516 1628
f 1514 1628 1512
f 1631 1599 1398
f 1396 1395 1632
f 1396 1632 1631
f 1396 1631 1398
f 1634 1633 1395
f 1318 1320 1635
f 1318 1635 1634
f 1318 1634 1393
f 1393 1634 1395
f 1637 1636 1320
f 1322 1325 1637
f 1322 1637 1320
f 1325 1327 1598
f 1325 1598 1489
f 1632 1633 1526
f 1632 1526 1527
f 1638 1526 1633
f 1638 1633 1634
f 1493 1635 1636
f 1493 1636 1637
f 1486 1598 1366
f 1363 1603 1486
f 1363 1486 1366
f 1604 1603 1361
f 1359 1357 1605
f 1359 1605 1604
f 1359 1604 1361
f 1357 1355 1602
f 1357 1602 1606
f 1603 1604 1482
f 1348 1350 1347
f 1344 1345 1342
f 1390 1387 1389
f 1415 1417 1414
f 1368 1369 1367
f 1364 1365 1362
f 1639 1362 1365
f 1414 1417 1640
f 1641 1387 1390
f 1347 1350 1642
f 1643 1358 1360
f 1643 1360 1644
f 1644 1360 1362
f 1644 1362 1645
f 1645 1362 1639
f 1645 1639 1198
f 1198 1639 1365
f 1198 1365 1646
f 1646 1365 1367
f 1646 1367 1179
f 1179 1367 1369
f 1179 1369 1647
f 1647 1369 1326
f 1647 1326 1176
f 1176 1326 1324
f 1176 1324 1175
f 1175 1324 1323
f 1175 1323 1174
f 1174 1323 1321
f 1174 1321 1170
f 1170 1321 1319
f 1170 1319 1648
f 1648 1319 1392
f 1648 1392 1649
f 1649 1392 1394
f 1649 1394 1233
f 1233 1394 1397
f 1233 1397 1650
f 1650 1397 1399
f 1650 1399 1651
f 1651 1399 1401
f 1651 1401 1232
f 1232 1401 1403
f 1232 1403 1231
f 1231 1403 1404
f 1231 1404 1230
f 1230 1404 1407
f 1230 1407 1229
f 1229 1407 1409
f 1229 1409 1652
f 1652 1409 1411
f 1652 1411 1213
f 1213 1411 1414
f 1213 1414 1653
f 1653 1414 1640
f 1653 1640 1212
f 1212 1640 1417
f 1212 1417 1654
f 1654 1417 1419
f 1654 1419 1655
f 1655 1419 1421
f 1655 1421 1656
f 1656 1421 1423
f 1656 1423 1219
f 1219 1423 1425
f 1219 1425 1657
f 1657 1425 1427
f 1657 1427 1658
f 1658 1427 1387
f 1658 1387 1659
f 1659 1387 1641
f 1659 1641 1246
f 1246 1641 1390
f 1246 1390 1660
f 1660 1390 1382
f 1660 1382 1244
f 1244 1382 1381
f 1244 1381 1661
f 1661 1381 1384
f 1661 1384 1227
f 1227 1384 1376
f 1227 1376 1226
f 1226 1376 1375
f 1226 1375 1225
f 1225 1375 1378
f 1225 1378 1223
f 1223 1378 1373
f 1223 1373 1662
f 1662 1373 1371
f 1662 1371 1663
f 1663 1371 1328
f 1663 1328 1242
f 1242 1328 1331
f 1242 1331 1664
f 1664 1331 1333
f 1664 1333 1665
f 1665 1333 1335
f 1665 1335 1235
f 1235 1335 1337
f 1235 1337 1210
f 1210 1337 1338
f 1210 1338 1209
f 1209 1338 1340
f 1209 1340 1208
f 1208 1340 1342
f 1208 1342 1666
f 1666 1342 1345
f 1666 1345 1195
f 1195 1345 1347
f 1195 1347 1667
f 1667 1347 1642
f 1667 1642 1216
f 1216 1642 1350
f 1216 1350 1668
f 1668 1350 1352
f 1668 1352 1669
f 1669 1352 1354
f 1669 1354 1670
f 1670 1354 1356
f 1670 1356 1204
f 1204 1356 1358
f 1204 1358 1643
f 1202 1643 1644
f 1648 1649 1234
f 1234 1649 1233
f 1233 1650 1221
f 1221 1650 1651
f 1655 1656 1238
f 1238 1656 1219
f 1219 1657 1217
f 1217 1657 1658
f 1662 1663 1243
f 1243 1663 1242
f 1242 1664 1237
f 1237 1664 1665
f 1669 1670 1205
f 1205 1670 1204
f 1204 1643 1202
f 1202 1644 1200
f 1200 1644 1645
f 1198 1646 1180
f 1180 1646 1179
f 1213 1653 1211
f 1211 1653 1212
f 1654 1655 1239
f 1239 1655 1238
f 1217 1658 1218
f 1218 1658 1659
f 1246 1660 1245
f 1245 1660 1244
f 1195 1667 1196
f 1196 1667 1216
f 1668 1669 1206
f 1206 1669 1205
f 1170 1648 1241
f 1241 1648 1234
f 1221 1651 1220
f 1220 1651 1232
f 1223 1662 1224
f 1224 1662 1243
f 1237 1665 1236
f 1236 1665 1235
f 1200 1645 1199
f 1199 1645 1198
f 1179 1647 1178
f 1178 1647 1176
f 1229 1652 1214
f 1214 1652 1213
f 1212 1654 1240
f 1240 1654 1239
f 1218 1659 1247
f 1247 1659 1246
f 1244 1661 1228
f 1228 1661 1227
f 1208 1666 1197
f 1197 1666 1195
f 1216 1668 1215
f 1215 1668 1206
f 231 230 237
f 231 237 251
f 555 554 561
f 555 561 575
f 118 116 157
f 70 69 76
f 70 76 91
f 440 438 478
f 125 124 129
f 125 129 149
f 198 1264 157
f 198 157 232
f 232 157 149
f 149 157 116
f 149 116 125
f 209 184 179
f 209 179 198
f 198 179 178
f 198 178 183
f 183 178 177
f 232 231 251
f 232 251 198
f 198 251 1267
f 198 1267 209
f 209 1267 1266
f 392 391 398
f 392 398 412
f 1671 1672 1310
f 447 446 451
f 447 451 471
f 522 1281 478
f 522 478 556
f 556 478 471
f 471 478 438
f 471 438 447
f 533 506 501
f 533 501 522
f 522 501 500
f 522 500 505
f 505 500 499
f 556 555 575
f 556 575 522
f 522 575 1283
f 522 1283 533
f 533 1283 1282
f 1288 1259 1291
f 278 276 317
f 1673 1674 1675
f 1673 1675 1252
f 37 1309 1310
f 37 1310 71
f 71 1310 1252
f 1252 1310 1672
f 1252 1672 1673
f 48 21 16
f 48 16 37
f 37 16 15
f 37 15 20
f 20 15 14
f 71 70 91
f 71 91 37
f 37 91 1257
f 37 1257 48
f 48 1257 1258
f 1676 471 1677
f 285 284 289
f 285 289 309
f 359 1274 317
f 359 317 393
f 393 317 309
f 309 317 276
f 309 276 285
f 370 344 339
f 370 339 359
f 359 339 338
f 359 338 343
f 343 338 337
f 393 392 412
f 393 412 359
f 359 412 1276
f 359 1276 370
f 370 1276 1275
f 1678 1679 556
f 1678 556 1680
f 1680 556 471
f 1680 471 1681
f 1681 471 1676
f 60 71 1252
f 60 1252 1259
f 1259 1252 1251
f 1259 1251 1291
f 545 556 1679
f 545 1679 1288
f 1288 1679 1682
f 1288 1682 1683
f 221 232 1684
f 221 1684 1269
f 1269 1684 1685
f 1686 149 1687
f 1688 1689 1288
f 1688 1288 1690
f 1691 1692 393
f 1691 393 1693
f 1693 393 1694
f 1695 1269 1696
f 1696 1269 1685
f 1697 1684 232
f 1697 232 1698
f 1698 232 149
f 1698 149 1699
f 1699 149 1686
f 1700 1701 1259
f 1700 1259 1702
f 1702 1259 1703
f 1704 1703 1259
f 1704 1259 1705
f 1705 1259 1288
f 1705 1288 1706
f 1706 1288 1689
f 1707 1690 1288
f 1707 1288 1708
f 1708 1288 1709
f 309 1710 1711
f 309 1711 393
f 393 1711 1712
f 393 1712 1694
f 1713 1710 309
f 1713 309 1714
f 1714 309 1715
f 1716 1715 309
f 1716 309 1717
f 1717 309 1255
f 1717 1255 1718
f 1269 1695 1719
f 1269 1719 1718
f 1269 1718 1270
f 1270 1718 1255
f 1720 1677 471
f 1720 471 1721
f 1721 471 1254
f 1721 1254 1722
f 1722 1254 1278
f 1722 1278 1723
f 1723 1278 426
f 1723 426 1724
f 1724 426 1692
f 1692 426 382
f 1692 382 393
f 1725 1709 1288
f 1725 1288 1683
f 1726 1687 149
f 1726 149 1727
f 1727 149 1256
f 1727 1256 1728
f 1728 1256 1260
f 1728 1260 1729
f 1729 1260 1259
f 1729 1259 1730
f 1730 1259 1731
f 1731 1259 1701
f 1732 1733 1734
f 1734 1733 1735
f 1734 1735 1736
f 1736 1735 1737
f 1736 1737 1738
f 1736 1738 1739
f 1739 1738 1740
f 1739 1740 1741
f 1742 1743 1744
f 1742 1744 1745
f 1745 1744 1746
f 1745 1746 1747
f 1747 1746 1748
f 1747 1748 1749
f 1749 1748 1750
f 1749 1750 1751
f 1751 1750 1752
f 1752 1750 1753
f 1752 1753 1754
f 1754 1753 1755
f 1754 1755 1756
f 1756 1755 1757
f 1756 1757 1758
f 1758 1757 1759
f 1759 1757 1760
f 1759 1760 1761
f 1761 1760 1762
f 1762 1760 1763
f 1762 1763 1764
f 1764 1763 1765
f 1764 1765 1766
f 1766 1765 1767
f 1766 1767 1768
f 1768 1767 1769
f 1768 1769 1770
f 1770 1769 1771
f 1770 1771 1772
f 1772 1771 1773
f 1772 1773 1774
f 1774 1773 1775
f 1774 1775 1776
f 1776 1775 1777
f 1776 1777 1778
f 1778 1777 1779
f 1779 1777 1780
f 1779 1780 1781
f 1781 1780 1782
f 1782 1780 1741
f 1782 1741 1783
f 1783 1741 1740
f 1743 1742 1784
f 1784 1742 1785
f 1784 1785 1786
f 1786 1785 1787
f 1788 1789 1790
f 1788 1790 1791
f 1786 1787 1792
f 1786 1792 1793
f 1793 1792 1789
f 1793 1789 1788
f 1794 1795 1796
f 1794 1796 1797
f 1791 1790 1798
f 1791 1798 1799
f 1799 1798 1795
f 1799 1795 1800
f 1800 1795 1794
f 1801 1802 1803
f 1797 1796 1804
f 1797 1804 1805
f 1805 1804 1803
f 1805 1803 1802
f 1733 1732 1806
f 1806 1732 1807
f 1806 1807 1808
f 1808 1807 1809
f 1808 1809 1810
f 1808 1810 1811
f 1811 1810 1812
f 1811 1812 1813
f 1813 1812 1814
f 1813 1814 1815
f 1815 1814 1816
f 1815 1816 1817
f 1817 1816 1818
f 1818 1816 1819
f 1818 1819 1820
f 1818 1820 1821
f 1821 1820 1822
f 1821 1822 1823
f 1823 1822 1824
f 1823 1824 1825
f 1825 1824 1826
f 1825 1826 1827
f 1825 1827 1828
f 1828 1827 1829
f 1829 1827 1830
f 1829 1830 1831
f 1831 1830 1832
f 1831 1832 1833
f 1833 1832 1834
f 1833 1834 1835
f 1835 1834 1836
f 1835 1836 2031
f 2031 1836 1837
f 2031 1837 1838
f 1838 1837 1839
f 1838 1839 1840
f 1840 1839 1802
f 1840 1802 1801
f 1841 1842 1843
f 1841 1843 1844
f 1844 1843 1845
f 1844 1845 1846
f 1846 1845 1847
f 1846 1847 1848
f 1848 1847 1849
f 1848 1849 1850
f 1850 1849 1851
f 1850 1851 1852
f 1853 1854 1855
f 1853 1855 1856
f 1853 1856 1857
f 1857 1856 1858
f 1857 1858 1859
f 1859 1858 1860
f 1859 1860 1861
f 1861 1860 1862
f 1861 1862 1863
f 1863 1862 1864
f 1864 1862 1842
f 1864 1842 1865
f 1865 1842 1841
f 1866 1867 1868
f 1868 1867 1869
f 1868 1869 1870
f 1870 1869 1871
f 1870 1871 1872
f 1872 1871 1873
f 1872 1873 1874
f 1874 1873 1875
f 1874 1875 1876
f 1876 1875 1854
f 1876 1854 1877
f 1877 1854 1853
f 1852 1851 1878
f 1878 1851 1879
f 1878 1879 1880
f 1880 1879 1881
f 1880 1881 1882
f 1882 1881 1883
f 1883 1881 1884
f 1883 1884 1885
f 1885 1884 1886
f 1885 1886 1887
f 1887 1886 1888
f 1887 1888 1889
f 1889 1888 1890
f 1891 1892 1893
f 1893 1892 1894
f 1893 1894 1895
f 1895 1894 1896
f 1895 1896 1897
f 1895 1897 1898
f 1898 1897 1899
f 1898 1899 1900
f 1900 1899 1901
f 1900 1901 1902
f 1902 1901 1867
f 1902 1867 1903
f 1903 1867 1866
f 1904 1905 1906
f 1906 1905 1907
f 1906 1907 1908
f 1908 1907 1909
f 1908 1909 1910
f 1910 1909 1911
f 1910 1911 1912
f 1912 1911 1913
f 1912 1913 1914
f 1914 1913 1915
f 1914 1915 1892
f 1914 1892 1916
f 1916 1892 1891
f 1917 1889 1890
f 1917 1890 1918
f 1917 1918 1919
f 1919 1918 1920
f 1919 1920 1921
f 1921 1920 1922
f 1921 1922 1923
f 1923 1922 1924
f 1924 1922 1925
f 1924 1925 1926
f 1924 1926 1927
f 1927 1926 1905
f 1927 1905 1928
f 1928 1905 1904
f 604 1929 610
f 1930 605 1931
f 1931 605 610
f 1931 610 1929
f 605 1930 606
f 606 1930 1932
f 606 1932 599
f 599 1932 1933
f 1934 601 599
f 1934 599 1933
f 1935 602 1934
f 1934 602 601
f 602 1935 1936
f 602 1936 609
f 609 1936 607
f 607 1936 1937
f 607 1937 621
f 621 1937 1938
f 1939 618 621
f 1939 621 1938
f 1939 619 618
f 1940 1941 622
f 1940 622 1942
f 1942 622 619
f 1942 619 1939
f 622 1941 1943
f 622 1943 611
f 611 1943 1944
f 611 1944 612
f 612 1944 1945
f 1946 624 612
f 1946 612 1945
f 1946 615 624
f 1947 640 615
f 1947 615 1948
f 1948 615 1946
f 1947 639 640
f 1949 631 1950
f 1950 631 639
f 1950 639 1947
f 631 1949 1951
f 631 1951 630
f 630 1951 1952
f 630 1952 1953
f 630 1953 632
f 632 1953 1954
f 1955 633 632
f 1955 632 1954
f 1955 636 633
f 1956 627 1957
f 1957 627 636
f 1957 636 1955
f 627 1956 1958
f 627 1958 645
f 645 1958 646
f 646 1958 1959
f 646 1959 647
f 647 1959 1960
f 1960 648 647
f 1961 648 1960
f 648 1961 1962
f 648 1962 643
f 643 1962 1963
f 643 1963 649
f 649 1963 652
f 652 1963 1964
f 1929 604 652
f 1929 652 1964
f 1956 1957 1965
f 1956 1965 1958
f 1929 1964 1966
f 1929 1966 1931
f 1937 1936 1967
f 1937 1967 1938
f 1946 1968 1948
f 1948 1968 1947
f 1967 1936 1970
f 1971 1958 1965
f 1972 1947 1968
f 1968 1946 1969
f 1939 1938 1973
f 1973 1938 1967
f 1930 1931 1974
f 1974 1931 1966
f 1966 1964 1975
f 1975 1964 1963
f 1965 1957 1976
f 1976 1957 1955
f 1969 1946 1945
f 1944 1943 1941
f 1941 1940 1942
f 1970 1936 1935
f 1959 1958 1971
f 1954 1953 1952
f 1952 1951 1949
f 1950 1947 1972
f 1849 1969 1945
f 1849 1945 1977
f 1977 1945 1944
f 1977 1944 1879
f 1879 1944 1941
f 1879 1941 1978
f 1978 1941 1884
f 1884 1941 1942
f 1884 1942 1886
f 1886 1942 1939
f 1886 1939 1979
f 1979 1939 1890
f 1890 1939 1973
f 1890 1973 1918
f 1918 1973 1967
f 1918 1967 1920
f 1920 1967 1970
f 1920 1970 1922
f 1922 1970 1935
f 1922 1935 1980
f 1980 1935 1934
f 1980 1934 1981
f 1981 1934 1933
f 1981 1933 1982
f 1982 1933 1932
f 1982 1932 1909
f 1909 1932 1930
f 1909 1930 1983
f 1983 1930 1974
f 1983 1974 1915
f 1915 1974 1966
f 1915 1966 1892
f 1892 1966 1975
f 1892 1975 1894
f 1894 1975 1963
f 1894 1963 1984
f 1984 1963 1899
f 1899 1963 1962
f 1899 1962 1961
f 1899 1961 1985
f 1985 1961 1960
f 1985 1960 1986
f 1986 1960 1959
f 1986 1959 1987
f 1987 1959 1971
f 1987 1971 1873
f 1873 1971 1965
f 1873 1965 1875
f 1875 1965 1976
f 1875 1976 1854
f 1854 1976 1955
f 1854 1955 1855
f 1855 1955 1988
f 1988 1955 1954
f 1988 1954 1858
f 1858 1954 1952
f 1858 1952 1860
f 1860 1952 1989
f 1989 1952 1949
f 1989 1949 1842
f 1842 1949 1950
f 1842 1950 1990
f 1990 1950 1972
f 1990 1972 1845
f 1845 1972 1968
f 1845 1968 1847
f 1847 1968 1969
f 1847 1969 1849
f 1881 1879 1978
f 1922 1980 1925
f 1925 1980 1981
f 1909 1983 1913
f 1913 1983 1915
f 1894 1984 1896
f 1896 1984 1899
f 1986 1987 1871
f 1871 1987 1873
f 1989 1842 1862
f 1851 1849 1977
f 1851 1977 1879
f 1886 1979 1890
f 1907 1982 1909
f 1899 1985 1901
f 1855 1988 1858
f 1842 1990 1843
f 1843 1990 1845
f 1905 1981 1982
f 1905 1982 1907
f 1911 1909 1913
f 1896 1899 1897
f 1901 1985 1867
f 1867 1985 1986
f 1881 1978 1884
f 1886 1890 1888
f 1925 1981 1926
f 1926 1981 1905
f 1867 1986 1869
f 1869 1986 1871
f 1856 1855 1858
f 1860 1989 1862
f 1741 1780 1991
f 1814 1812 1992
f 1769 1767 1995
f 1880 1882 1996
f 1880 1996 1878
f 1878 1997 1998
f 1852 1878 1998
f 1852 1998 1999
f 1848 1850 1995
f 1848 1995 2000
f 1841 1994 2001
f 1841 2001 2002
f 1846 1848 2000
f 1846 2000 1844
f 1844 2000 1994
f 1844 1994 1841
f 2004 1861 1750
f 1865 1841 2002
f 1865 2002 1864
f 2006 2005 1746
f 1857 2004 2005
f 2009 2008 1784
f 1853 1857 2006
f 1853 2006 2007
f 2011 1788 1791
f 1877 1853 2007
f 1877 2007 2008
f 1876 1877 2008
f 1876 2008 2009
f 1870 1993 2010
f 1870 2010 2011
f 1902 2012 1794
f 1902 1794 1797
f 2014 2013 1802
f 1903 1866 2012
f 1903 2012 1902
f 2018 2017 1834
f 2021 2020 1827
f 1893 1895 2016
f 1893 2016 2017
f 2022 1908 1822
f 1916 1891 2018
f 1916 2018 1914
f 1914 2018 2019
f 1914 2019 1912
f 1906 1908 2022
f 1906 2022 1904
f 1927 2023 1992
f 2026 2025 1809
f 1928 1904 2023
f 1928 2023 1927
f 1927 1992 2024
f 2029 2028 1734
f 1924 1927 2024
f 1924 2024 2025
f 1885 2030 1739
f 1919 1921 2027
f 1919 2027 1917
f 1917 2027 2028
f 1917 2028 1889
f 1996 1777 1775
f 1887 1889 2030
f 1887 2030 1885
f 1883 1885 1991
f 1883 1991 1882
f 1999 1998 1771
f 2000 1995 1767
f 1765 1994 2000
f 1765 2000 1767
f 2001 1994 1765
f 1760 2002 1763
f 1763 2002 2001
f 1763 2001 1765
f 1760 1757 1864
f 1760 1864 2002
f 1850 1852 1999
f 1850 1999 1995
f 2003 1864 1757
f 1753 1750 1861
f 1753 1861 2003
f 1753 2003 1755
f 1755 2003 1757
f 1748 1746 2005
f 1748 2005 2004
f 1748 2004 1750
f 1863 1864 2003
f 1863 2003 1861
f 2007 2006 1746
f 1743 1784 2008
f 1743 2008 2007
f 1743 2007 1744
f 1744 2007 1746
f 1784 1786 1993
f 1784 1993 2009
f 2005 2006 1857
f 2004 1857 1859
f 2004 1859 1861
f 2010 1993 1786
f 1788 2011 2010
f 1788 2010 1793
f 1793 2010 1786
f 1866 2011 1791
f 1800 1794 2012
f 1800 2012 1866
f 1800 1866 1799
f 1799 1866 1791
f 1874 1876 2009
f 1874 2009 1872
f 1872 2009 1993
f 1872 1993 1870
f 2013 1902 1797
f 1805 1802 2013
f 1805 2013 1797
f 1868 1870 2011
f 1868 2011 1866
f 2015 2014 1802
f 1837 1836 2016
f 1837 2016 2015
f 1837 2015 1839
f 1839 2015 1802
f 1898 2013 2014
f 2017 2016 1836
f 2017 1836 1834
f 1900 1902 2013
f 1900 2013 1898
f 1898 2014 2015
f 2019 2018 1834
f 1830 1827 2020
f 1830 2020 2019
f 1830 2019 1832
f 1832 2019 1834
f 1895 1898 2015
f 1895 2015 2016
f 1824 1822 1908
f 1824 1908 1826
f 1826 1908 2021
f 1826 2021 1827
f 1891 1893 2017
f 1891 2017 2018
f 1912 2019 2020
f 1912 2020 2021
f 1904 2022 1822
f 1816 2023 1819
f 1819 2023 1904
f 1819 1904 1820
f 1820 1904 1822
f 1816 1814 1992
f 1816 1992 2023
f 1910 1912 2021
f 1910 2021 1908
f 2024 1992 1812
f 1810 1809 2025
f 1810 2025 2024
f 1810 2024 1812
f 2027 2026 1809
f 1732 1734 2028
f 1732 2028 2027
f 1732 2027 1807
f 1807 2027 1809
f 2030 2029 1734
f 1736 1739 2030
f 1736 2030 1734
f 1739 1741 1991
f 1739 1991 1885
f 2025 2026 1923
f 2025 1923 1924
f 1921 1923 2026
f 1921 2026 2027
f 1889 2028 2029
f 1889 2029 2030
f 1882 1991 1780
f 1777 1996 1882
f 1777 1882 1780
f 1997 1996 1775
f 1773 1771 1998
f 1773 1998 1997
f 1773 1997 1775
f 1771 1769 1995
f 1771 1995 1999
f 1996 1997 1878
f 1762 1764 1761
f 1758 1759 1756
f 1804 1801 1803
f 1829 1831 1828
f 1782 1783 1781
f 1778 1779 1776
f 2032 1776 1779
f 1828 1831 2033
f 2034 1801 1804
f 1761 1764 2035
f 2036 1772 1774
f 2036 1774 2037
f 2037 1774 1776
f 2037 1776 2038
f 2038 1776 2032
f 2038 2032 1721
f 1721 2032 1779
f 1721 1779 2039
f 2039 1779 1781
f 2039 1781 1677
f 1677 1781 1783
f 1677 1783 2040
f 2040 1783 1740
f 2040 1740 1681
f 1681 1740 1738
f 1681 1738 1680
f 1680 1738 1737
f 1680 1737 1678
f 1678 1737 1735
f 1678 1735 1679
f 1679 1735 1733
f 1679 1733 2041
f 2041 1733 1806
f 2041 1806 2042
f 2042 1806 1808
f 2042 1808 1725
f 1725 1808 1811
f 1725 1811 2043
f 2043 1811 1813
f 2043 1813 2044
f 2044 1813 1815
f 2044 1815 1707
f 1707 1815 1817
f 1707 1817 1690
f 1690 1817 1818
f 1690 1818 1688
f 1688 1818 1821
f 1688 1821 1689
f 1689 1821 1823
f 1689 1823 2045
f 2045 1823 1825
f 2045 1825 1705
f 1705 1825 1828
f 1705 1828 2046
f 2046 1828 2033
f 2046 2033 1703
f 1703 2033 1831
f 1703 1831 2047
f 2047 1831 1833
f 2047 1833 2048
f 2048 1833 1835
f 2048 1835 2049
f 2049 1835 2031
f 2049 2031 1731
f 1731 2031 1838
f 1731 1838 2050
f 2050 1838 1840
f 2050 1840 2051
f 2051 1840 1801
f 2051 1801 2052
f 2052 1801 2034
f 2052 2034 1727
f 1727 2034 1804
f 1727 1804 2053
f 2053 1804 1796
f 2053 1796 1687
f 1687 1796 1795
f 1687 1795 2054
f 2054 1795 1798
f 2054 1798 1699
f 1699 1798 1790
f 1699 1790 1698
f 1698 1790 1789
f 1698 1789 1697
f 1697 1789 1792
f 1697 1792 1684
f 1684 1792 1787
f 1684 1787 2055
f 2055 1787 1785
f 2055 1785 2056
f 2056 1785 1742
f 2056 1742 1695
f 1695 1742 1745
f 1695 1745 2057
f 2057 1745 1747
f 2057 1747 2058
f 2058 1747 1749
f 2058 1749 1717
f 1717 1749 1751
f 1717 1751 1716
f 1716 1751 1752
f 1716 1752 1715
f 1715 1752 1754
f 1715 1754 1714
f 1714 1754 1756
f 1714 1756 2059
f 2059 1756 1759
f 2059 1759 1710
f 1710 1759 1761
f 1710 1761 2060
f 2060 1761 2035
f 2060 2035 1712
f 1712 2035 1764
f 1712 1764 2061
f 2061 1764 1766
f 2061 1766 2062
f 2062 1766 1768
f 2062 1768 2063
f 2063 1768 1770
f 2063 1770 1692
f 1692 1770 1772
f 1692 1772 2036
f 1724 2036 2037
f 2041 2042 1683
f 1683 2042 1725
f 1725 2043 1709
f 1709 2043 2044
f 2048 2049 1701
f 1701 2049 1731
f 1731 2050 1730
f 1730 2050 2051
f 2055 2056 1696
f 1696 2056 1695
f 1695 2057 1719
f 1719 2057 2058
f 2062 2063 1691
f 1691 2063 1692
f 1692 2036 1724
f 1724 2037 1723
f 1723 2037 2038
f 1721 2039 1720
f 1720 2039 1677
f 1705 2046 1704
f 1704 2046 1703
f 2047 2048 1700
f 1700 2048 1701
f 1730 2051 1729
f 1729 2051 2052
f 1727 2053 1726
f 1726 2053 1687
f 1710 2060 1711
f 1711 2060 1712
f 2061 2062 1693
f 1693 2062 1691
f 1679 2041 1682
f 1682 2041 1683
f 1709 2044 1708
f 1708 2044 1707
f 1684 2055 1685
f 1685 2055 1696
f 1719 2058 1718
f 1718 2058 1717
f 1723 2038 1722
f 1722 2038 1721
f 1677 2040 1676
f 1676 2040 1681
f 1689 2045 1706
f 1706 2045 1705
f 1703 2047 1702
f 1702 2047 1700
f 1729 2052 1728
f 1728 2052 1727
f 1687 2054 1686
f 1686 2054 1699
f 1714 2059 1713
f 1713 2059 1710
f 1712 2061 1694
f 1694 2061 1693
f 2064 2065 2066
f 2066 2065 2067
f 2066 2067 2068
f 2068 2067 2069
f 2068 2069 2070
f 2070 2069 2071
f 2070 2071 2072
f 2070 2072 2073
f 2073 2072 2074
f 2074 2072 2075
f 2074 2075 2076
f 2076 2075 2077
f 2076 2077 2078
f 2078 2077 2079
f 2079 2077 2082
f 2079 2082 2080
f 677 678 2081
f 1297 2081 2082
f 1297 2082 2077
f 678 679 2081
f 670 1297 2083
f 1297 2077 2083
f 2081 679 2080
f 2081 2080 2082
f 2074 1292 1253
f 1675 1253 1252
f 1292 2074 1294
f 1294 2074 2084
f 1294 2084 1293
f 1289 1293 2084
f 1289 2084 2085
f 1290 1289 2085
f 1290 2085 1287
f 1287 2085 678
f 1287 678 677
f 2065 1308 1250
f 2065 1250 2086
f 1310 1307 1671
f 1307 1308 2065
f 1307 2065 1671
f 1306 1303 2087
f 1306 2087 1305
f 1305 2087 2086
f 1305 2086 1304
f 1304 2086 1250
f 2087 1303 1302
f 2087 1302 2075
f 2075 1302 2083
f 2083 1302 670
f 2065 2064 1672
f 2088 2065 1672
f 2065 2088 1671
f 2077 2075 2083
f 2075 2072 2087
f 2071 2069 2072
f 2072 2069 2086
f 2072 2086 2087
f 2067 2065 2069
f 2069 2065 2086
f 2088 1672 1671
f 2068 2070 1674
f 2089 1674 2070
f 1675 1674 2089
f 1673 1672 2090
f 2090 1672 2066
f 2066 1672 2064
f 1674 1673 2090
f 1674 2090 2068
f 2068 2090 2066
f 1675 2070 2091
f 1675 2089 2070
f 679 2079 2080
f 679 2085 2079
f 2085 679 678
f 1675 2091 1253
f 2073 2074 2070
f 2070 2074 2091
f 2091 2074 1253
f 2076 2078 2074
f 2074 2078 2092
f 2074 2092 2084
f 2078 2079 2092
f 2092 2079 2084
f 2084 2079 2085
f 2093 2094 2095
f 2098 2099 2097
f 2101 2100 2099
f 2095 2102 2103
f 2104 2102 2105
f 2102 2100 2105
f 2103 2102 2104
f 2103 2104 2107
f 2107 2104 2106
f 2108 2096 2106
f 2108 2109 2097
f 2108 2097 2096
f 2108 2106 2104
f 2108 2104 2109
f 2110 2111 2112
f 2112 2111 2113
f 2110 2114 2115
f 2117 2115 2114
f 2116 2121 2118
f 2116 2118 2119
f 2117 2114 2120
f 2117 2120 2116
f 2124 2123 2122
f 2130 2129 2125
f 2125 2129 2126
f 2129 2131 2128
f 2129 2128 2127
f 2132 2133 2134
f 2137 1943 2138
f 2137 2138 2136
f 2139 2135 2137
f 2137 2135 1940
f 2140 2141 2094
f 2136 2138 2093
f 2093 2138 2094
f 2094 2138 2140
f 2141 2142 2143
f 2142 2144 2143
f 2147 2144 1951
f 2149 2147 1951
f 2149 1953 2146
f 2149 2146 2145
f 2144 2147 2148
f 2145 2146 2148
f 2148 2146 2113
f 2113 2146 2150
f 2150 2112 2113
f 2151 2094 2143
f 2143 2094 2141
f 2151 2143 2099
f 2151 2101 2100
f 2151 2099 2101
f 2094 2151 2100
f 2094 2100 2095
f 2095 2100 2102
f 2152 2113 2111
f 2152 2111 2097
f 2098 2152 2097
f 2098 2099 2152
f 2143 2144 2148
f 2143 2148 2099
f 2099 2148 2113
f 2099 2113 2152
f 2096 2097 2111
f 2096 2111 2115
f 2115 2111 2110
f 2107 2127 2128
f 2107 2128 2103
f 2103 2128 2132
f 2103 2132 2095
f 2095 2132 2134
f 2095 2134 2093
f 2093 2134 2135
f 2093 2135 2139
f 2126 2107 2125
f 2125 2107 2106
f 2125 2106 2123
f 2123 2106 2096
f 2123 2096 2122
f 2122 2096 2115
f 2122 2115 2118
f 2118 2115 2119
f 2155 2154 2156
f 2157 603 651
f 2159 2158 2157
f 2157 2154 2159
f 2157 651 2154
f 2157 2158 603
f 603 2158 596
f 596 2158 595
f 2160 625 595
f 2161 2160 2158
f 2162 2160 2161
f 2160 595 2158
f 2163 2156 2162
f 2153 2165 638
f 634 2166 2167
f 634 2167 629
f 626 2165 2168
f 626 2168 634
f 629 2167 628
f 628 2167 635
f 635 2167 2169
f 635 2169 2170
f 635 2170 616
f 616 2170 2171
f 623 2172 2174
f 623 2174 613
f 613 2175 2173
f 613 2173 614
f 623 617 2172
f 2178 2177 2176
f 600 2181 2180
f 600 2180 598
f 608 2179 600
f 600 2179 2182
f 2183 2184 2185
f 641 650 2186
f 2187 642 2186
f 641 2186 642
f 642 2189 2188
f 642 2188 644
f 2164 2153 638
f 2164 638 653
f 2164 653 2190
f 644 2188 650
f 650 2188 653
f 653 2188 2190
f 598 2180 596
f 596 2180 2183
f 596 2183 603
f 603 2183 2185
f 603 2185 651
f 638 2191 653
f 2155 2191 2156
f 2155 2154 2191
f 2191 638 2156
f 2185 2186 651
f 651 2186 650
f 651 650 2154
f 2154 650 653
f 2154 653 2191
f 2192 635 616
f 2162 2192 616
f 2163 2192 2162
f 2163 2156 2192
f 2192 2156 635
f 635 2156 638
f 635 638 628
f 628 638 2165
f 628 2165 626
f 2160 2162 625
f 625 2162 617
f 617 2162 616
f 617 616 2172
f 2172 616 2171
f 617 614 2173
f 617 2173 625
f 625 2173 2176
f 625 2176 595
f 595 2176 2177
f 595 2177 596
f 596 2177 2179
f 596 2179 608
f 2134 2176 2135
f 2142 2169 2144
f 2146 2165 2150
f 2118 2186 2122
f 2178 2133 2132
f 2178 2132 2177
f 2177 2132 2179
f 2179 2132 2128
f 2179 2128 2131
f 2182 2179 2131
f 2182 2131 600
f 600 2131 2129
f 600 2129 2181
f 2181 2129 2130
f 2181 2130 2125
f 2181 2125 2180
f 2180 2125 2183
f 2183 2125 2123
f 2183 2123 2124
f 2184 2183 2124
f 2184 2124 2122
f 2184 2122 2185
f 2185 2122 2186
f 2186 2118 2121
f 2187 2186 2121
f 2187 2121 642
f 642 2121 2116
f 642 2116 2189
f 2189 2116 2120
f 2189 2120 2188
f 2188 2120 2114
f 2188 2114 2190
f 2190 2114 2110
f 2190 2110 2112
f 2164 2190 2112
f 2164 2112 2150
f 2164 2150 2153
f 2153 2150 2165
f 2165 2146 2168
f 2168 2146 1953
f 2168 1953 634
f 634 1953 2149
f 634 2149 2166
f 2166 2149 1951
f 2166 1951 2167
f 2167 1951 2144
f 2167 2144 2169
f 2169 2142 2141
f 2170 2169 2141
f 2170 2141 2140
f 2170 2140 2171
f 2171 2140 2172
f 2172 2140 2138
f 2172 2138 2174
f 2174 2138 1943
f 2174 1943 613
f 613 1943 2137
f 613 2137 2175
f 2175 2137 1940
f 2175 1940 2135
f 2175 2135 2173
f 2173 2135 2176
f 2176 2134 2133
f 2176 2133 2178
f 2162 2100 2163
f 2163 2100 2101
f 2163 2101 2156
f 2156 2101 2099
f 2156 2099 2155
f 2155 2099 2098
f 2155 2098 2154
f 2154 2098 2097
f 2154 2097 2159
f 2159 2097 2109
f 2159 2109 2158
f 2158 2109 2104
f 2158 2104 2161
f 2161 2104 2105
f 2161 2105 2162
f 2162 2105 2100
f 2105 2161 2102
f 2102 2161 2160
f 2102 2160 2105
f 2105 2160 2161
f 2108 2157 2109
f 2109 2157 2159
f 2109 2159 2108
f 2108 2159 2157
f 2152 2191 2098
f 2098 2191 2155
f 2098 2155 2152
f 2152 2155 2191
f 2151 2192 2101
f 2101 2192 2163
f 2101 2163 2151
f 2151 2163 2192
f 2126 598 2107
f 2107 598 596
f 2107 596 2127
f 2127 596 608
f 2127 608 2129
f 2129 608 600
f 2129 600 2126
f 2126 600 598
f 2136 617 623
f 2136 623 2137
f 2137 623 613
f 2137 613 2139
f 2139 613 614
f 2139 614 2093
f 2093 614 617
f 2093 617 2136
f 2149 626 634
f 2149 634 2147
f 2147 634 629
f 2147 629 2148
f 2148 629 628
f 2148 628 2145
f 2145 628 626
f 2145 626 2149
f 2116 642 2117
f 2117 642 644
f 2117 644 2115
f 2115 644 650
f 2115 650 2119
f 2119 650 641
f 2119 641 2116
f 2116 641 642
